Assay.Type,AvgSpotLen,Bases,BioProject,BioSample,BioSampleModel,Bytes,Center.Name,Consent,DATASTORE.filetype,DATASTORE.provider,DATASTORE.region,Experiment,Instrument,Library.Name,LibraryLayout,LibrarySource,Organism,Platform,ReleaseDate,create_date,DPI,Influenza,SRA.Study,HostSpecies,Host.1,SampleID,HostGroup,HostType,SampleContext,Infection,Tissue,geo_loc_name_country,geo_loc_name_country_continent,geo_loc_name,isolation_source,lat_lon,DOI,Collection_Date,HOST,Sample.Name,sample_type,genotype,isolate,strain,.tar_Folder,Body_System,broad.scale_environmental_context,Cultivar,dna_extracted_by,dna_extraction_date,dna_extraction_kit,environmental_medium,experimental_group,True_or_Neg,Expt_.,geographical_location,isolation_and_growth_condition,latitude_and_longitude,local_scale_environmental_context,organism..run.,Sampling.time.point.Days.Post.Infection.,Age_at_infection,Bird_ID,Bird_weight.g.,Bursa.BodyWeight.Ratio1000,Bursa_Weight_g,Date_of_Hatch,Date_of_Infection,Infecting_Agent,Isolator_.,sex,Log10_Virus_titer_.EID50_.mL_or_.g_tissue.,Log2_Fold_Change_in_Expression_of_IFN.a,Log2_Fold_Change_in_Expression_of_IFN.b,Log2_Fold_Change_in_Expression_of_IFN.L,Log2_Fold_Change_in_Expression_of_IFN.y,Log2_Fold_Change_in_Expression_of_IL.6,Log2_Fold_Change_in_Expression_of_LITAF,Log2_Fold_Change_in_Expression_of_Mx,Log2_Fold_Change_in_Expression_of_OAS,Infection_Status,samp_size,source_material_id,Path,collection_date,host,misc_param,Nickname,HASubType,Season,Age,NASubType,HASubType_NASubType,Genus,Species,Location,Season_SeasonYear,Feeding,Sex,Description,CoreGroup
CTS,249,7809200,PRJNA379944,SAMN06624100,"Microbe\, viral or environmental",3570341,SOUTH CHINA AGRICULTURAL UNIVERSITY,public,"fastq,run.zq,sra","gs,ncbi,s3","gs.us-east1,ncbi.public,s3.us-east-1",SRX2659478,Illumina HiSeq 2000,GD1123-11,PAIRED,METAGENOMIC,chicken gut metagenome,ILLUMINA,2017-03-21T00:00:00Z,2017-03-21T12:54:00Z,5,Pos,SRP102237,Chicken,NA,SRR5364033,Poultry,Chicken,Experimental,Pos,NA,China,Asia,China:Guangdong,Intestine 11,NA,NA,10/10/2016,Gallus gallus,SH01 5.6_1.fq,metagenomic assembly,not collected,ileum,not collected,NA,NA,NA,NA,NA,NA,NA,NA,NA,NA,NA,NA,NA,NA,NA,NA,NA,NA,NA,NA,NA,NA,NA,NA,NA,NA,NA,NA,NA,NA,NA,NA,NA,NA,NA,NA,NA,NA,NA,NA,NA,NA,NA,NA,NA,NA,NA,NA,NA,NA,NA,NA,NA,NA,NA,NA,Poultry_Pos
CTS,249,7724910,PRJNA379944,SAMN06624098,"Microbe\, viral or environmental",3626776,SOUTH CHINA AGRICULTURAL UNIVERSITY,public,"fastq,run.zq,sra","gs,ncbi,s3","gs.us-east1,ncbi.public,s3.us-east-1",SRX2659480,Illumina HiSeq 2000,GD1123-9,PAIRED,METAGENOMIC,chicken gut metagenome,ILLUMINA,2017-03-21T00:00:00Z,2017-03-21T12:54:00Z,5,Pos,SRP102237,Chicken,NA,SRR5364035,Poultry,Chicken,Experimental,Pos,NA,China,Asia,China:Guangdong,Intestine 9,NA,NA,10/10/2016,Gallus gallus,SH01 5.5_1.fq,metagenomic assembly,not collected,ileum,not collected,NA,NA,NA,NA,NA,NA,NA,NA,NA,NA,NA,NA,NA,NA,NA,NA,NA,NA,NA,NA,NA,NA,NA,NA,NA,NA,NA,NA,NA,NA,NA,NA,NA,NA,NA,NA,NA,NA,NA,NA,NA,NA,NA,NA,NA,NA,NA,NA,NA,NA,NA,NA,NA,NA,NA,NA,Poultry_Pos
CTS,249,7876070,PRJNA379944,SAMN06624096,"Microbe\, viral or environmental",3693968,SOUTH CHINA AGRICULTURAL UNIVERSITY,public,"fastq,run.zq,sra","gs,ncbi,s3","gs.us-east1,ncbi.public,s3.us-east-1",SRX2659482,Illumina HiSeq 2000,GD1123-7,PAIRED,METAGENOMIC,chicken gut metagenome,ILLUMINA,2017-03-21T00:00:00Z,2017-03-21T12:54:00Z,5,Pos,SRP102237,Chicken,NA,SRR5364037,Poultry,Chicken,Experimental,Pos,NA,China,Asia,China:Guangdong,Intestine 7,NA,NA,10/10/2016,Gallus gallus,SH01 5.4_1.fq,metagenomic assembly,not collected,ileum,not collected,NA,NA,NA,NA,NA,NA,NA,NA,NA,NA,NA,NA,NA,NA,NA,NA,NA,NA,NA,NA,NA,NA,NA,NA,NA,NA,NA,NA,NA,NA,NA,NA,NA,NA,NA,NA,NA,NA,NA,NA,NA,NA,NA,NA,NA,NA,NA,NA,NA,NA,NA,NA,NA,NA,NA,NA,Poultry_Pos
CTS,249,7859740,PRJNA379944,SAMN06624094,"Microbe\, viral or environmental",3268036,SOUTH CHINA AGRICULTURAL UNIVERSITY,public,"fastq,run.zq,sra","gs,ncbi,s3","gs.us-east1,ncbi.public,s3.us-east-1",SRX2659484,Illumina HiSeq 2000,GD1123-5,PAIRED,METAGENOMIC,chicken gut metagenome,ILLUMINA,2017-03-21T00:00:00Z,2017-03-21T12:54:00Z,5,Neg,SRP102237,Chicken,NA,SRR5364039,Poultry,Chicken,Experimental,Neg,NA,China,Asia,China:Guangdong,Intestine 5,NA,NA,10/10/2016,Gallus gallus,mock 5.3_1.fq,metagenomic assembly,not collected,ileum,not collected,NA,NA,NA,NA,NA,NA,NA,NA,NA,NA,NA,NA,NA,NA,NA,NA,NA,NA,NA,NA,NA,NA,NA,NA,NA,NA,NA,NA,NA,NA,NA,NA,NA,NA,NA,NA,NA,NA,NA,NA,NA,NA,NA,NA,NA,NA,NA,NA,NA,NA,NA,NA,NA,NA,NA,NA,Poultry_Neg
CTS,249,7822460,PRJNA379944,SAMN06624092,"Microbe\, viral or environmental",3853852,SOUTH CHINA AGRICULTURAL UNIVERSITY,public,"fastq,run.zq,sra","gs,ncbi,s3","gs.us-east1,ncbi.public,s3.us-east-1",SRX2659486,Illumina HiSeq 2000,GD1123-3,PAIRED,METAGENOMIC,chicken gut metagenome,ILLUMINA,2017-03-21T00:00:00Z,2017-03-21T12:54:00Z,5,Neg,SRP102237,Chicken,NA,SRR5364041,Poultry,Chicken,Experimental,Neg,NA,China,Asia,China:Guangdong,Intestine 3,NA,NA,10/10/2016,Gallus gallus,mock 5.2_1.fq,metagenomic assembly,not collected,ileum,not collected,NA,NA,NA,NA,NA,NA,NA,NA,NA,NA,NA,NA,NA,NA,NA,NA,NA,NA,NA,NA,NA,NA,NA,NA,NA,NA,NA,NA,NA,NA,NA,NA,NA,NA,NA,NA,NA,NA,NA,NA,NA,NA,NA,NA,NA,NA,NA,NA,NA,NA,NA,NA,NA,NA,NA,NA,Poultry_Neg
CTS,249,7842250,PRJNA379944,SAMN06624090,"Microbe\, viral or environmental",3845600,SOUTH CHINA AGRICULTURAL UNIVERSITY,public,"fastq,run.zq,sra","gs,ncbi,s3","gs.us-east1,ncbi.public,s3.us-east-1",SRX2659488,Illumina HiSeq 2000,GD1123-1,PAIRED,METAGENOMIC,chicken gut metagenome,ILLUMINA,2017-03-21T00:00:00Z,2017-03-21T12:54:00Z,5,Neg,SRP102237,Chicken,NA,SRR5364043,Poultry,Chicken,Experimental,Neg,NA,China,Asia,China:Guangdong,Intestine 1,NA,NA,10/10/2016,Gallus gallus,mock 5.1_1.fq,metagenomic assembly,not collected,ileum,not collected,NA,NA,NA,NA,NA,NA,NA,NA,NA,NA,NA,NA,NA,NA,NA,NA,NA,NA,NA,NA,NA,NA,NA,NA,NA,NA,NA,NA,NA,NA,NA,NA,NA,NA,NA,NA,NA,NA,NA,NA,NA,NA,NA,NA,NA,NA,NA,NA,NA,NA,NA,NA,NA,NA,NA,NA,Poultry_Neg
OTHER,602,16800616,PRJNA644054,SAMN15446689,Metagenome or environmental,11590754,THE OHIO STATE UNIVERSITY,public,"fastq,run.zq,sra","gs,ncbi,s3","gs.us-east1,ncbi.public,s3.us-east-1",SRX8668439,Illumina MiSeq,TOSIL101,PAIRED,OTHER,gut metagenome,ILLUMINA,2020-07-06T00:00:00Z,2020-07-06T01:54:00Z,5,Neg,SRP270067,Turkey,NA,SRR12148748_merged,Poultry,Turkey,Experimental,Neg,Ileum,NA,NA,NA,NA,NA,NA,3/10/2018,FAHRP-OSU Specific-pathogen-free turkey,TOSIL101,Ileum,NA,NA,NA,Ileum,Gut,not applicable',not applicable',H. Ji,18-10-30,DNeasy PowerSoil Kit (Qiagen),not applicable',Mock,True Sample,CWL-18-AIV-MET-105,USA: Ohio,not applicable',missing,not applicable',FAHRP-OSU Specific-pathogen-free turkey,5,18,210,3.083448276,3.0834482,0.4471,2018-02-15T00:00:00,18-03-05,Phosphate Buffered Saline,2,female,NA,NA,NA,NA,NA,NA,NA,NA,NA,NA,NA,NA,NA,NA,NA,NA,NA,NA,NA,NA,NA,NA,NA,NA,NA,NA,NA,NA,NA,Poultry_Neg
OTHER,602,31456908,PRJNA644054,SAMN15446727,Metagenome or environmental,20821313,THE OHIO STATE UNIVERSITY,public,"fastq,run.zq,sra","gs,ncbi,s3","gs.us-east1,ncbi.public,s3.us-east-1",SRX8668892,Illumina MiSeq,TOSIL139,PAIRED,OTHER,gut metagenome,ILLUMINA,2020-07-06T00:00:00Z,2020-07-06T01:55:00Z,5,Pos,SRP270067,Turkey,NA,SRR12148807_merged,Poultry,Turkey,Experimental,Pos,Ileum,NA,NA,NA,NA,NA,NA,3/10/2018,FAHRP-OSU Specific-pathogen-free turkey,TOSIL139,Ileum,NA,NA,NA,Ileum,Gut,not applicable',not applicable',H. Ji,18-11-06,DNeasy PowerSoil Kit (Qiagen),not applicable',TKMN,True Sample,CWL-18-AIV-MET-105,USA: Ohio,not applicable',missing,not applicable',FAHRP-OSU Specific-pathogen-free turkey,5,18,280,1.60969697,1.609697,0.2656,2018-02-15T00:00:00,18-03-05,Influenza virus A/TK/MN/10734-2/95 (H5N2),6,male,1.823636111,NA,NA,NA,NA,NA,NA,NA,NA,NA,NA,NA,NA,NA,NA,NA,NA,NA,NA,NA,NA,NA,NA,NA,NA,NA,NA,NA,NA,Poultry_Pos
OTHER,602,23877126,PRJNA644054,SAMN15446726,Metagenome or environmental,15975601,THE OHIO STATE UNIVERSITY,public,"fastq,run.zq,sra","gs,ncbi,s3","gs.us-east1,ncbi.public,s3.us-east-1",SRX8668891,Illumina MiSeq,TOSIL138,PAIRED,OTHER,gut metagenome,ILLUMINA,2020-07-06T00:00:00Z,2020-07-06T01:55:00Z,5,Pos,SRP270067,Turkey,NA,SRR12148808_merged,Poultry,Turkey,Experimental,Pos,Ileum,NA,NA,NA,NA,NA,NA,3/10/2018,FAHRP-OSU Specific-pathogen-free turkey,TOSIL138,Ileum,NA,NA,NA,Ileum,Gut,not applicable',not applicable',H. Ji,18-11-06,DNeasy PowerSoil Kit (Qiagen),not applicable',TKMN,True Sample,CWL-18-AIV-MET-105,USA: Ohio,not applicable',missing,not applicable',FAHRP-OSU Specific-pathogen-free turkey,5,18,279,3.618421053,3.618421,0.55,2018-02-15T00:00:00,18-03-05,Influenza virus A/TK/MN/10734-2/95 (H5N2),6,male,0.970810556,NA,NA,NA,NA,NA,NA,NA,NA,NA,NA,NA,NA,NA,NA,NA,NA,NA,NA,NA,NA,NA,NA,NA,NA,NA,NA,NA,NA,Poultry_Pos
OTHER,602,15285382,PRJNA644054,SAMN15446725,Metagenome or environmental,10621438,THE OHIO STATE UNIVERSITY,public,"fastq,run.zq,sra","gs,ncbi,s3","gs.us-east1,ncbi.public,s3.us-east-1",SRX8668890,Illumina MiSeq,TOSIL137,PAIRED,OTHER,gut metagenome,ILLUMINA,2020-07-06T00:00:00Z,2020-07-06T01:55:00Z,5,Pos,SRP270067,Turkey,NA,SRR12148809_merged,Poultry,Turkey,Experimental,Pos,Ileum,NA,NA,NA,NA,NA,NA,3/10/2018,FAHRP-OSU Specific-pathogen-free turkey,TOSIL137,Ileum,NA,NA,NA,Ileum,Gut,not applicable',not applicable',H. Ji,18-11-06,DNeasy PowerSoil Kit (Qiagen),not applicable',TKMN,True Sample,CWL-18-AIV-MET-105,USA: Ohio,not applicable',missing,not applicable',FAHRP-OSU Specific-pathogen-free turkey,5,18,278,1.933125,1.933125,0.3093,2018-02-15T00:00:00,18-03-05,Influenza virus A/TK/MN/10734-2/95 (H5N2),6,female,0,NA,NA,NA,NA,NA,NA,NA,NA,NA,NA,NA,NA,NA,NA,NA,NA,NA,NA,NA,NA,NA,NA,NA,NA,NA,NA,NA,NA,Poultry_Pos
OTHER,602,33863102,PRJNA644054,SAMN15446724,Metagenome or environmental,21452166,THE OHIO STATE UNIVERSITY,public,"fastq,run.zq,sra","gs,ncbi,s3","gs.us-east1,ncbi.public,s3.us-east-1",SRX8668889,Illumina MiSeq,TOSIL136,PAIRED,OTHER,gut metagenome,ILLUMINA,2020-07-06T00:00:00Z,2020-07-06T01:55:00Z,5,Pos,SRP270067,Turkey,NA,SRR12148810_merged,Poultry,Turkey,Experimental,Pos,Ileum,NA,NA,NA,NA,NA,NA,3/10/2018,FAHRP-OSU Specific-pathogen-free turkey,TOSIL136,Ileum,NA,NA,NA,Ileum,Gut,not applicable',not applicable',H. Ji,18-11-06,DNeasy PowerSoil Kit (Qiagen),not applicable',TKMN,True Sample,CWL-18-AIV-MET-105,USA: Ohio,not applicable',missing,not applicable',FAHRP-OSU Specific-pathogen-free turkey,5,18,277,2.061797753,2.0617979,0.367,2018-02-15T00:00:00,18-03-05,Influenza virus A/TK/MN/10734-2/95 (H5N2),6,male,3.032162778,NA,NA,NA,NA,NA,NA,NA,NA,NA,NA,NA,NA,NA,NA,NA,NA,NA,NA,NA,NA,NA,NA,NA,NA,NA,NA,NA,NA,Poultry_Pos
OTHER,602,46695936,PRJNA644054,SAMN15446723,Metagenome or environmental,30470305,THE OHIO STATE UNIVERSITY,public,"fastq,run.zq,sra","gs,ncbi,s3","gs.us-east1,ncbi.public,s3.us-east-1",SRX8668888,Illumina MiSeq,TOSIL135,PAIRED,OTHER,gut metagenome,ILLUMINA,2020-07-06T00:00:00Z,2020-07-06T01:55:00Z,5,Pos,SRP270067,Turkey,NA,SRR12148811_merged,Poultry,Turkey,Experimental,Pos,Ileum,NA,NA,NA,NA,NA,NA,3/10/2018,FAHRP-OSU Specific-pathogen-free turkey,TOSIL135,Ileum,NA,NA,NA,Ileum,Gut,not applicable',not applicable',H. Ji,18-11-06,DNeasy PowerSoil Kit (Qiagen),not applicable',TKMN,True Sample,CWL-18-AIV-MET-105,USA: Ohio,not applicable',missing,not applicable',FAHRP-OSU Specific-pathogen-free turkey,5,18,276,2.03006993,2.0300698,0.2903,2018-02-15T00:00:00,18-03-05,Influenza virus A/TK/MN/10734-2/95 (H5N2),6,male,1.311512222,NA,NA,NA,NA,NA,NA,NA,NA,NA,NA,NA,NA,NA,NA,NA,NA,NA,NA,NA,NA,NA,NA,NA,NA,NA,NA,NA,NA,Poultry_Pos
OTHER,602,28065842,PRJNA644054,SAMN15446722,Metagenome or environmental,19563399,THE OHIO STATE UNIVERSITY,public,"fastq,run.zq,sra","gs,ncbi,s3","gs.us-east1,ncbi.public,s3.us-east-1",SRX8668887,Illumina MiSeq,TOSIL134,PAIRED,OTHER,gut metagenome,ILLUMINA,2020-07-06T00:00:00Z,2020-07-06T01:55:00Z,5,Pos,SRP270067,Turkey,NA,SRR12148812_merged,Poultry,Turkey,Experimental,Pos,Ileum,NA,NA,NA,NA,NA,NA,3/10/2018,FAHRP-OSU Specific-pathogen-free turkey,TOSIL134,Ileum,NA,NA,NA,Ileum,Gut,not applicable',not applicable',H. Ji,18-11-06,DNeasy PowerSoil Kit (Qiagen),not applicable',TKMN,True Sample,CWL-18-AIV-MET-105,USA: Ohio,not applicable',missing,not applicable',FAHRP-OSU Specific-pathogen-free turkey,5,18,275,2.700714286,2.7007143,0.3781,2018-02-15T00:00:00,18-03-05,Influenza virus A/TK/MN/10734-2/95 (H5N2),6,female,1.877205556,NA,NA,NA,NA,NA,NA,NA,NA,NA,NA,NA,NA,NA,NA,NA,NA,NA,NA,NA,NA,NA,NA,NA,NA,NA,NA,NA,NA,Poultry_Pos
OTHER,602,43356642,PRJNA644054,SAMN15446721,Metagenome or environmental,28335984,THE OHIO STATE UNIVERSITY,public,"fastq,run.zq,sra","gs,ncbi,s3","gs.us-east1,ncbi.public,s3.us-east-1",SRX8668886,Illumina MiSeq,TOSIL133,PAIRED,OTHER,gut metagenome,ILLUMINA,2020-07-06T00:00:00Z,2020-07-06T01:55:00Z,5,Pos,SRP270067,Turkey,NA,SRR12148813_merged,Poultry,Turkey,Experimental,Pos,Ileum,NA,NA,NA,NA,NA,NA,3/10/2018,FAHRP-OSU Specific-pathogen-free turkey,TOSIL133,Ileum,NA,NA,NA,Ileum,Gut,not applicable',not applicable',H. Ji,18-11-06,DNeasy PowerSoil Kit (Qiagen),not applicable',TKMN,True Sample,CWL-18-AIV-MET-105,USA: Ohio,not applicable',missing,not applicable',FAHRP-OSU Specific-pathogen-free turkey,5,18,274,1.987903226,1.9879032,0.2465,2018-02-15T00:00:00,18-03-05,Influenza virus A/TK/MN/10734-2/95 (H5N2),6,female,2.119339444,NA,NA,NA,NA,NA,NA,NA,NA,NA,NA,NA,NA,NA,NA,NA,NA,NA,NA,NA,NA,NA,NA,NA,NA,NA,NA,NA,NA,Poultry_Pos
OTHER,602,25013702,PRJNA644054,SAMN15446720,Metagenome or environmental,17206143,THE OHIO STATE UNIVERSITY,public,"fastq,run.zq,sra","gs,ncbi,s3","gs.us-east1,ncbi.public,s3.us-east-1",SRX8668885,Illumina MiSeq,TOSIL132,PAIRED,OTHER,gut metagenome,ILLUMINA,2020-07-06T00:00:00Z,2020-07-06T01:55:00Z,5,Pos,SRP270067,Turkey,NA,SRR12148814_merged,Poultry,Turkey,Experimental,Pos,Ileum,NA,NA,NA,NA,NA,NA,3/10/2018,FAHRP-OSU Specific-pathogen-free turkey,TOSIL132,Ileum,NA,NA,NA,Ileum,Gut,not applicable',not applicable',H. Ji,18-11-06,DNeasy PowerSoil Kit (Qiagen),not applicable',TKMN,True Sample,CWL-18-AIV-MET-105,USA: Ohio,not applicable',missing,not applicable',FAHRP-OSU Specific-pathogen-free turkey,5,18,273,3.430909091,3.4309092,0.5661,2018-02-15T00:00:00,18-03-05,Influenza virus A/TK/MN/10734-2/95 (H5N2),6,male,1.067235556,NA,NA,NA,NA,NA,NA,NA,NA,NA,NA,NA,NA,NA,NA,NA,NA,NA,NA,NA,NA,NA,NA,NA,NA,NA,NA,NA,NA,Poultry_Pos
OTHER,602,33249664,PRJNA644054,SAMN15446719,Metagenome or environmental,21943934,THE OHIO STATE UNIVERSITY,public,"fastq,run.zq,sra","gs,ncbi,s3","gs.us-east1,ncbi.public,s3.us-east-1",SRX8668884,Illumina MiSeq,TOSIL131,PAIRED,OTHER,gut metagenome,ILLUMINA,2020-07-06T00:00:00Z,2020-07-06T01:55:00Z,5,Pos,SRP270067,Turkey,NA,SRR12148815_merged,Poultry,Turkey,Experimental,Pos,Ileum,NA,NA,NA,NA,NA,NA,3/10/2018,FAHRP-OSU Specific-pathogen-free turkey,TOSIL131,Ileum,NA,NA,NA,Ileum,Gut,not applicable',not applicable',H. Ji,18-11-06,DNeasy PowerSoil Kit (Qiagen),not applicable',TKMN,True Sample,CWL-18-AIV-MET-105,USA: Ohio,not applicable',missing,not applicable',FAHRP-OSU Specific-pathogen-free turkey,5,18,272,3.79375,3.79375,0.4856,2018-02-15T00:00:00,18-03-05,Influenza virus A/TK/MN/10734-2/95 (H5N2),5,female,2.895025,NA,NA,NA,NA,NA,NA,NA,NA,NA,NA,NA,NA,NA,NA,NA,NA,NA,NA,NA,NA,NA,NA,NA,NA,NA,NA,NA,NA,Poultry_Pos
OTHER,602,24041472,PRJNA644054,SAMN15446718,Metagenome or environmental,16079862,THE OHIO STATE UNIVERSITY,public,"fastq,run.zq,sra","gs,ncbi,s3","gs.us-east1,ncbi.public,s3.us-east-1",SRX8668882,Illumina MiSeq,TOSIL130,PAIRED,OTHER,gut metagenome,ILLUMINA,2020-07-06T00:00:00Z,2020-07-06T01:55:00Z,5,Pos,SRP270067,Turkey,NA,SRR12148817_merged,Poultry,Turkey,Experimental,Pos,Ileum,NA,NA,NA,NA,NA,NA,3/10/2018,FAHRP-OSU Specific-pathogen-free turkey,TOSIL130,Ileum,NA,NA,NA,Ileum,Gut,not applicable',not applicable',H. Ji,18-11-06,DNeasy PowerSoil Kit (Qiagen),not applicable',TKMN,True Sample,CWL-18-AIV-MET-105,USA: Ohio,not applicable',missing,not applicable',FAHRP-OSU Specific-pathogen-free turkey,5,18,271,3.058695652,3.0586956,0.2814,2018-02-15T00:00:00,18-03-05,Influenza virus A/TK/MN/10734-2/95 (H5N2),5,female,1.512933333,NA,NA,NA,NA,NA,NA,NA,NA,NA,NA,NA,NA,NA,NA,NA,NA,NA,NA,NA,NA,NA,NA,NA,NA,NA,NA,NA,NA,Poultry_Pos
OTHER,602,39286520,PRJNA644054,SAMN15446717,Metagenome or environmental,25239903,THE OHIO STATE UNIVERSITY,public,"fastq,run.zq,sra","gs,ncbi,s3","gs.us-east1,ncbi.public,s3.us-east-1",SRX8668881,Illumina MiSeq,TOSIL129,PAIRED,OTHER,gut metagenome,ILLUMINA,2020-07-06T00:00:00Z,2020-07-06T01:55:00Z,5,Pos,SRP270067,Turkey,NA,SRR12148818_merged,Poultry,Turkey,Experimental,Pos,Ileum,NA,NA,NA,NA,NA,NA,3/10/2018,FAHRP-OSU Specific-pathogen-free turkey,TOSIL129,Ileum,NA,NA,NA,Ileum,Gut,not applicable',not applicable',H. Ji,18-11-06,DNeasy PowerSoil Kit (Qiagen),not applicable',TKMN,True Sample,CWL-18-AIV-MET-105,USA: Ohio,not applicable',missing,not applicable',FAHRP-OSU Specific-pathogen-free turkey,5,18,270,1.955882353,1.9558823,0.266,2018-02-15T00:00:00,18-03-05,Influenza virus A/TK/MN/10734-2/95 (H5N2),5,male,2.693603889,NA,NA,NA,NA,NA,NA,NA,NA,NA,NA,NA,NA,NA,NA,NA,NA,NA,NA,NA,NA,NA,NA,NA,NA,NA,NA,NA,NA,Poultry_Pos
OTHER,602,18686080,PRJNA644054,SAMN15446716,Metagenome or environmental,11964303,THE OHIO STATE UNIVERSITY,public,"fastq,run.zq,sra","gs,ncbi,s3","gs.us-east1,ncbi.public,s3.us-east-1",SRX8668880,Illumina MiSeq,TOSIL128,PAIRED,OTHER,gut metagenome,ILLUMINA,2020-07-06T00:00:00Z,2020-07-06T01:55:00Z,5,Pos,SRP270067,Turkey,NA,SRR12148819_merged,Poultry,Turkey,Experimental,Pos,Ileum,NA,NA,NA,NA,NA,NA,3/10/2018,FAHRP-OSU Specific-pathogen-free turkey,TOSIL128,Ileum,NA,NA,NA,Ileum,Gut,not applicable',not applicable',H. Ji,18-11-06,DNeasy PowerSoil Kit (Qiagen),not applicable',TKMN,True Sample,CWL-18-AIV-MET-105,USA: Ohio,not applicable',missing,not applicable',FAHRP-OSU Specific-pathogen-free turkey,5,18,269,2.529661017,2.529661,0.2985,2018-02-15T00:00:00,18-03-05,Influenza virus A/TK/MN/10734-2/95 (H5N2),5,male,1.375795556,NA,NA,NA,NA,NA,NA,NA,NA,NA,NA,NA,NA,NA,NA,NA,NA,NA,NA,NA,NA,NA,NA,NA,NA,NA,NA,NA,NA,Poultry_Pos
OTHER,602,22817004,PRJNA644054,SAMN15446715,Metagenome or environmental,15766395,THE OHIO STATE UNIVERSITY,public,"fastq,run.zq,sra","gs,ncbi,s3","gs.us-east1,ncbi.public,s3.us-east-1",SRX8668879,Illumina MiSeq,TOSIL127,PAIRED,OTHER,gut metagenome,ILLUMINA,2020-07-06T00:00:00Z,2020-07-06T01:55:00Z,5,Pos,SRP270067,Turkey,NA,SRR12148820_merged,Poultry,Turkey,Experimental,Pos,Ileum,NA,NA,NA,NA,NA,NA,3/10/2018,FAHRP-OSU Specific-pathogen-free turkey,TOSIL127,Ileum,NA,NA,NA,Ileum,Gut,not applicable',not applicable',H. Ji,18-11-06,DNeasy PowerSoil Kit (Qiagen),not applicable',TKMN,True Sample,CWL-18-AIV-MET-105,USA: Ohio,not applicable',missing,not applicable',FAHRP-OSU Specific-pathogen-free turkey,5,18,268,3.439325843,3.4393258,0.3061,2018-02-15T00:00:00,18-03-05,Influenza virus A/TK/MN/10734-2/95 (H5N2),5,female,1.281513333,NA,NA,NA,NA,NA,NA,NA,NA,NA,NA,NA,NA,NA,NA,NA,NA,NA,NA,NA,NA,NA,NA,NA,NA,NA,NA,NA,NA,Poultry_Pos
OTHER,602,26847996,PRJNA644054,SAMN15446714,Metagenome or environmental,17894091,THE OHIO STATE UNIVERSITY,public,"fastq,run.zq,sra","gs,ncbi,s3","gs.us-east1,ncbi.public,s3.us-east-1",SRX8668878,Illumina MiSeq,TOSIL126,PAIRED,OTHER,gut metagenome,ILLUMINA,2020-07-06T00:00:00Z,2020-07-06T01:55:00Z,5,Pos,SRP270067,Turkey,NA,SRR12148821_merged,Poultry,Turkey,Experimental,Pos,Ileum,NA,NA,NA,NA,NA,NA,3/10/2018,FAHRP-OSU Specific-pathogen-free turkey,TOSIL126,Ileum,NA,NA,NA,Ileum,Gut,not applicable',not applicable',H. Ji,18-11-06,DNeasy PowerSoil Kit (Qiagen),not applicable',TKMN,True Sample,CWL-18-AIV-MET-105,USA: Ohio,not applicable',missing,not applicable',FAHRP-OSU Specific-pathogen-free turkey,5,18,267,2.909230769,2.9092307,0.5673,2018-02-15T00:00:00,18-03-05,Influenza virus A/TK/MN/10734-2/95 (H5N2),5,female,0.932240556,NA,NA,NA,NA,NA,NA,NA,NA,NA,NA,NA,NA,NA,NA,NA,NA,NA,NA,NA,NA,NA,NA,NA,NA,NA,NA,NA,NA,Poultry_Pos
OTHER,602,29560608,PRJNA644054,SAMN15446713,Metagenome or environmental,19945247,THE OHIO STATE UNIVERSITY,public,"fastq,run.zq,sra","gs,ncbi,s3","gs.us-east1,ncbi.public,s3.us-east-1",SRX8668877,Illumina MiSeq,TOSIL125,PAIRED,OTHER,gut metagenome,ILLUMINA,2020-07-06T00:00:00Z,2020-07-06T01:55:00Z,5,Pos,SRP270067,Turkey,NA,SRR12148822_merged,Poultry,Turkey,Experimental,Pos,Ileum,NA,NA,NA,NA,NA,NA,3/10/2018,FAHRP-OSU Specific-pathogen-free turkey,TOSIL125,Ileum,NA,NA,NA,Ileum,Gut,not applicable',not applicable',H. Ji,18-11-06,DNeasy PowerSoil Kit (Qiagen),not applicable',TKMN,True Sample,CWL-18-AIV-MET-105,USA: Ohio,not applicable',missing,not applicable',FAHRP-OSU Specific-pathogen-free turkey,5,18,266,3.504464286,3.5044644,0.3925,2018-02-15T00:00:00,18-03-05,Influenza virus A/TK/MN/10734-2/95 (H5N2),5,male,0.951525556,NA,NA,NA,NA,NA,NA,NA,NA,NA,NA,NA,NA,NA,NA,NA,NA,NA,NA,NA,NA,NA,NA,NA,NA,NA,NA,NA,NA,Poultry_Pos
OTHER,602,31193232,PRJNA644054,SAMN15446712,Metagenome or environmental,20328444,THE OHIO STATE UNIVERSITY,public,"fastq,run.zq,sra","gs,ncbi,s3","gs.us-east1,ncbi.public,s3.us-east-1",SRX8668876,Illumina MiSeq,TOSIL124,PAIRED,OTHER,gut metagenome,ILLUMINA,2020-07-06T00:00:00Z,2020-07-06T01:55:00Z,5,Pos,SRP270067,Turkey,NA,SRR12148823_merged,Poultry,Turkey,Experimental,Pos,Ileum,NA,NA,NA,NA,NA,NA,3/10/2018,FAHRP-OSU Specific-pathogen-free turkey,TOSIL124,Ileum,NA,NA,NA,Ileum,Gut,not applicable',not applicable',H. Ji,18-11-06,DNeasy PowerSoil Kit (Qiagen),not applicable',TKMN,True Sample,CWL-18-AIV-MET-105,USA: Ohio,not applicable',missing,not applicable',FAHRP-OSU Specific-pathogen-free turkey,5,18,265,3.160946746,3.1609468,0.5342,2018-02-15T00:00:00,18-03-05,Influenza virus A/TK/MN/10734-2/95 (H5N2),5,male,1.041522222,NA,NA,NA,NA,NA,NA,NA,NA,NA,NA,NA,NA,NA,NA,NA,NA,NA,NA,NA,NA,NA,NA,NA,NA,NA,NA,NA,NA,Poultry_Pos
OTHER,602,25123266,PRJNA644054,SAMN15446711,Metagenome or environmental,17009818,THE OHIO STATE UNIVERSITY,public,"fastq,run.zq,sra","gs,ncbi,s3","gs.us-east1,ncbi.public,s3.us-east-1",SRX8668875,Illumina MiSeq,TOSIL123,PAIRED,OTHER,gut metagenome,ILLUMINA,2020-07-06T00:00:00Z,2020-07-06T01:55:00Z,5,Pos,SRP270067,Turkey,NA,SRR12148824_merged,Poultry,Turkey,Experimental,Pos,Ileum,NA,NA,NA,NA,NA,NA,3/10/2018,FAHRP-OSU Specific-pathogen-free turkey,TOSIL123,Ileum,NA,NA,NA,Ileum,Gut,not applicable',not applicable',H. Ji,18-10-30,DNeasy PowerSoil Kit (Qiagen),not applicable',CKPA,True Sample,CWL-18-AIV-MET-105,USA: Ohio,not applicable',missing,not applicable',FAHRP-OSU Specific-pathogen-free turkey,5,18,259,3.311851852,3.3118517,0.4471,2018-02-15T00:00:00,18-03-05,Influenza virus A/CK/PA/13609/93 (H5N2),4,female,2.270296,NA,NA,NA,NA,NA,NA,NA,NA,NA,NA,NA,NA,NA,NA,NA,NA,NA,NA,NA,NA,NA,NA,NA,NA,NA,NA,NA,NA,Poultry_Pos
OTHER,602,28314468,PRJNA644054,SAMN15446710,Metagenome or environmental,18725993,THE OHIO STATE UNIVERSITY,public,"fastq,run.zq,sra","gs,ncbi,s3","gs.us-east1,ncbi.public,s3.us-east-1",SRX8668874,Illumina MiSeq,TOSIL122,PAIRED,OTHER,gut metagenome,ILLUMINA,2020-07-06T00:00:00Z,2020-07-06T01:55:00Z,5,Pos,SRP270067,Turkey,NA,SRR12148825_merged,Poultry,Turkey,Experimental,Pos,Ileum,NA,NA,NA,NA,NA,NA,3/10/2018,FAHRP-OSU Specific-pathogen-free turkey,TOSIL122,Ileum,NA,NA,NA,Ileum,Gut,not applicable',not applicable',H. Ji,18-10-30,DNeasy PowerSoil Kit (Qiagen),not applicable',CKPA,True Sample,CWL-18-AIV-MET-105,USA: Ohio,not applicable',missing,not applicable',FAHRP-OSU Specific-pathogen-free turkey,5,18,248,3.319230769,3.3192308,0.4315,2018-02-15T00:00:00,18-03-05,Influenza virus A/CK/PA/13609/93 (H5N2),4,female,0,NA,NA,NA,NA,NA,NA,NA,NA,NA,NA,NA,NA,NA,NA,NA,NA,NA,NA,NA,NA,NA,NA,NA,NA,NA,NA,NA,NA,Poultry_Pos
OTHER,602,31242596,PRJNA644054,SAMN15446709,Metagenome or environmental,20304597,THE OHIO STATE UNIVERSITY,public,"fastq,run.zq,sra","gs,ncbi,s3","gs.us-east1,ncbi.public,s3.us-east-1",SRX8668873,Illumina MiSeq,TOSIL121,PAIRED,OTHER,gut metagenome,ILLUMINA,2020-07-06T00:00:00Z,2020-07-06T01:55:00Z,5,Pos,SRP270067,Turkey,NA,SRR12148826_merged,Poultry,Turkey,Experimental,Pos,Ileum,NA,NA,NA,NA,NA,NA,3/10/2018,FAHRP-OSU Specific-pathogen-free turkey,TOSIL121,Ileum,NA,NA,NA,Ileum,Gut,not applicable',not applicable',H. Ji,18-10-30,DNeasy PowerSoil Kit (Qiagen),not applicable',CKPA,True Sample,CWL-18-AIV-MET-105,USA: Ohio,not applicable',missing,not applicable',FAHRP-OSU Specific-pathogen-free turkey,5,18,247,3.072560976,3.072561,0.5039,2018-02-15T00:00:00,18-03-05,Influenza virus A/CK/PA/13609/93 (H5N2),4,female,0.419484333,NA,NA,NA,NA,NA,NA,NA,NA,NA,NA,NA,NA,NA,NA,NA,NA,NA,NA,NA,NA,NA,NA,NA,NA,NA,NA,NA,NA,Poultry_Pos
OTHER,602,15927716,PRJNA644054,SAMN15446708,Metagenome or environmental,11137367,THE OHIO STATE UNIVERSITY,public,"fastq,run.zq,sra","gs,ncbi,s3","gs.us-east1,ncbi.public,s3.us-east-1",SRX8668871,Illumina MiSeq,TOSIL120,PAIRED,OTHER,gut metagenome,ILLUMINA,2020-07-06T00:00:00Z,2020-07-06T01:55:00Z,5,Pos,SRP270067,Turkey,NA,SRR12148828_merged,Poultry,Turkey,Experimental,Pos,Ileum,NA,NA,NA,NA,NA,NA,3/10/2018,FAHRP-OSU Specific-pathogen-free turkey,TOSIL120,Ileum,NA,NA,NA,Ileum,Gut,not applicable',not applicable',H. Ji,18-10-30,DNeasy PowerSoil Kit (Qiagen),not applicable',CKPA,True Sample,CWL-18-AIV-MET-105,USA: Ohio,not applicable',missing,not applicable',FAHRP-OSU Specific-pathogen-free turkey,5,18,245,2.626811594,2.6268115,0.3625,2018-02-15T00:00:00,18-03-05,Influenza virus A/CK/PA/13609/93 (H5N2),4,male,1.596301,NA,NA,NA,NA,NA,NA,NA,NA,NA,NA,NA,NA,NA,NA,NA,NA,NA,NA,NA,NA,NA,NA,NA,NA,NA,NA,NA,NA,Poultry_Pos
OTHER,602,31730216,PRJNA644054,SAMN15446707,Metagenome or environmental,20805467,THE OHIO STATE UNIVERSITY,public,"fastq,run.zq,sra","gs,ncbi,s3","gs.us-east1,ncbi.public,s3.us-east-1",SRX8668870,Illumina MiSeq,TOSIL119,PAIRED,OTHER,gut metagenome,ILLUMINA,2020-07-06T00:00:00Z,2020-07-06T01:55:00Z,5,Pos,SRP270067,Turkey,NA,SRR12148829_merged,Poultry,Turkey,Experimental,Pos,Ileum,NA,NA,NA,NA,NA,NA,3/10/2018,FAHRP-OSU Specific-pathogen-free turkey,TOSIL119,Ileum,NA,NA,NA,Ileum,Gut,not applicable',not applicable',H. Ji,18-10-30,DNeasy PowerSoil Kit (Qiagen),not applicable',CKPA,True Sample,CWL-18-AIV-MET-105,USA: Ohio,not applicable',missing,not applicable',FAHRP-OSU Specific-pathogen-free turkey,5,18,244,3.323463687,3.3234637,0.5949,2018-02-15T00:00:00,18-03-05,Influenza virus A/CK/PA/13609/93 (H5N2),4,male,1.647653,NA,NA,NA,NA,NA,NA,NA,NA,NA,NA,NA,NA,NA,NA,NA,NA,NA,NA,NA,NA,NA,NA,NA,NA,NA,NA,NA,NA,Poultry_Pos
OTHER,602,24017994,PRJNA644054,SAMN15446706,Metagenome or environmental,16347060,THE OHIO STATE UNIVERSITY,public,"fastq,run.zq,sra","gs,ncbi,s3","gs.us-east1,ncbi.public,s3.us-east-1",SRX8668869,Illumina MiSeq,TOSIL118,PAIRED,OTHER,gut metagenome,ILLUMINA,2020-07-06T00:00:00Z,2020-07-06T01:55:00Z,5,Pos,SRP270067,Turkey,NA,SRR12148830_merged,Poultry,Turkey,Experimental,Pos,Ileum,NA,NA,NA,NA,NA,NA,3/10/2018,FAHRP-OSU Specific-pathogen-free turkey,TOSIL118,Ileum,NA,NA,NA,Ileum,Gut,not applicable',not applicable',H. Ji,18-10-30,DNeasy PowerSoil Kit (Qiagen),not applicable',CKPA,True Sample,CWL-18-AIV-MET-105,USA: Ohio,not applicable',missing,not applicable',FAHRP-OSU Specific-pathogen-free turkey,5,18,243,3.804964539,3.8049645,0.5365,2018-02-15T00:00:00,18-03-05,Influenza virus A/CK/PA/13609/93 (H5N2),4,male,1.072082667,NA,NA,NA,NA,NA,NA,NA,NA,NA,NA,NA,NA,NA,NA,NA,NA,NA,NA,NA,NA,NA,NA,NA,NA,NA,NA,NA,NA,Poultry_Pos
OTHER,602,26730606,PRJNA644054,SAMN15446705,Metagenome or environmental,17224162,THE OHIO STATE UNIVERSITY,public,"fastq,run.zq,sra","gs,ncbi,s3","gs.us-east1,ncbi.public,s3.us-east-1",SRX8668868,Illumina MiSeq,TOSIL117,PAIRED,OTHER,gut metagenome,ILLUMINA,2020-07-06T00:00:00Z,2020-07-06T01:55:00Z,5,Pos,SRP270067,Turkey,NA,SRR12148831_merged,Poultry,Turkey,Experimental,Pos,Ileum,NA,NA,NA,NA,NA,NA,3/10/2018,FAHRP-OSU Specific-pathogen-free turkey,TOSIL117,Ileum,NA,NA,NA,Ileum,Gut,not applicable',not applicable',H. Ji,18-10-30,DNeasy PowerSoil Kit (Qiagen),not applicable',CKPA,True Sample,CWL-18-AIV-MET-105,USA: Ohio,not applicable',missing,not applicable',FAHRP-OSU Specific-pathogen-free turkey,5,18,242,4.285211268,4.285211,0.6085,2018-02-15T00:00:00,18-03-05,Influenza virus A/CK/PA/13609/93 (H5N2),4,male,2.334486,NA,NA,NA,NA,NA,NA,NA,NA,NA,NA,NA,NA,NA,NA,NA,NA,NA,NA,NA,NA,NA,NA,NA,NA,NA,NA,NA,NA,Poultry_Pos
OTHER,602,27566784,PRJNA644054,SAMN15446704,Metagenome or environmental,18373540,THE OHIO STATE UNIVERSITY,public,"fastq,run.zq,sra","gs,ncbi,s3","gs.us-east1,ncbi.public,s3.us-east-1",SRX8668867,Illumina MiSeq,TOSIL116,PAIRED,OTHER,gut metagenome,ILLUMINA,2020-07-06T00:00:00Z,2020-07-06T01:55:00Z,5,Pos,SRP270067,Turkey,NA,SRR12148832_merged,Poultry,Turkey,Experimental,Pos,Ileum,NA,NA,NA,NA,NA,NA,3/10/2018,FAHRP-OSU Specific-pathogen-free turkey,TOSIL116,Ileum,NA,NA,NA,Ileum,Gut,not applicable',not applicable',H. Ji,18-10-30,DNeasy PowerSoil Kit (Qiagen),not applicable',CKPA,True Sample,CWL-18-AIV-MET-105,USA: Ohio,not applicable',missing,not applicable',FAHRP-OSU Specific-pathogen-free turkey,5,18,241,1.547222222,1.5472223,0.1671,2018-02-15T00:00:00,18-03-05,Influenza virus A/CK/PA/13609/93 (H5N2),4,male,1.219719667,NA,NA,NA,NA,NA,NA,NA,NA,NA,NA,NA,NA,NA,NA,NA,NA,NA,NA,NA,NA,NA,NA,NA,NA,NA,NA,NA,NA,Poultry_Pos
OTHER,602,15453942,PRJNA644054,SAMN15446703,Metagenome or environmental,10519820,THE OHIO STATE UNIVERSITY,public,"fastq,run.zq,sra","gs,ncbi,s3","gs.us-east1,ncbi.public,s3.us-east-1",SRX8668866,Illumina MiSeq,TOSIL115,PAIRED,OTHER,gut metagenome,ILLUMINA,2020-07-06T00:00:00Z,2020-07-06T01:55:00Z,5,Pos,SRP270067,Turkey,NA,SRR12148833_merged,Poultry,Turkey,Experimental,Pos,Ileum,NA,NA,NA,NA,NA,NA,3/10/2018,FAHRP-OSU Specific-pathogen-free turkey,TOSIL115,Ileum,NA,NA,NA,Ileum,Gut,not applicable',not applicable',H. Ji,18-10-30,DNeasy PowerSoil Kit (Qiagen),not applicable',CKPA,True Sample,CWL-18-AIV-MET-105,USA: Ohio,not applicable',missing,not applicable',FAHRP-OSU Specific-pathogen-free turkey,5,18,301,4.153333333,4.153333,0.4984,2018-02-15T00:00:00,18-03-05,Influenza virus A/CK/PA/13609/93 (H5N2),3,female,1.874457667,NA,NA,NA,NA,NA,NA,NA,NA,NA,NA,NA,NA,NA,NA,NA,NA,NA,NA,NA,NA,NA,NA,NA,NA,NA,NA,NA,NA,Poultry_Pos
OTHER,602,40535068,PRJNA644054,SAMN15446702,Metagenome or environmental,26080537,THE OHIO STATE UNIVERSITY,public,"fastq,run.zq,sra","gs,ncbi,s3","gs.us-east1,ncbi.public,s3.us-east-1",SRX8668865,Illumina MiSeq,TOSIL114,PAIRED,OTHER,gut metagenome,ILLUMINA,2020-07-06T00:00:00Z,2020-07-06T01:55:00Z,5,Pos,SRP270067,Turkey,NA,SRR12148834_merged,Poultry,Turkey,Experimental,Pos,Ileum,NA,NA,NA,NA,NA,NA,3/10/2018,FAHRP-OSU Specific-pathogen-free turkey,TOSIL114,Ileum,NA,NA,NA,Ileum,Gut,not applicable',not applicable',H. Ji,18-10-30,DNeasy PowerSoil Kit (Qiagen),not applicable',CKPA,True Sample,CWL-18-AIV-MET-105,USA: Ohio,not applicable',missing,not applicable',FAHRP-OSU Specific-pathogen-free turkey,5,18,302,1.495238095,1.4952381,0.2826,2018-02-15T00:00:00,18-03-05,Influenza virus A/CK/PA/13609/93 (H5N2),3,female,2.210385333,NA,NA,NA,NA,NA,NA,NA,NA,NA,NA,NA,NA,NA,NA,NA,NA,NA,NA,NA,NA,NA,NA,NA,NA,NA,NA,NA,NA,Poultry_Pos
OTHER,602,28289786,PRJNA644054,SAMN15446701,Metagenome or environmental,19559947,THE OHIO STATE UNIVERSITY,public,"fastq,run.zq,sra","gs,ncbi,s3","gs.us-east1,ncbi.public,s3.us-east-1",SRX8668864,Illumina MiSeq,TOSIL113,PAIRED,OTHER,gut metagenome,ILLUMINA,2020-07-06T00:00:00Z,2020-07-06T01:55:00Z,5,Pos,SRP270067,Turkey,NA,SRR12148835_merged,Poultry,Turkey,Experimental,Pos,Ileum,NA,NA,NA,NA,NA,NA,3/10/2018,FAHRP-OSU Specific-pathogen-free turkey,TOSIL113,Ileum,NA,NA,NA,Ileum,Gut,not applicable',not applicable',H. Ji,18-10-30,DNeasy PowerSoil Kit (Qiagen),not applicable',CKPA,True Sample,CWL-18-AIV-MET-105,USA: Ohio,not applicable',missing,not applicable',FAHRP-OSU Specific-pathogen-free turkey,5,18,252,3.080208333,3.0802083,0.2957,2018-02-15T00:00:00,18-03-05,Influenza virus A/CK/PA/13609/93 (H5N2),3,male,1.718262,NA,NA,NA,NA,NA,NA,NA,NA,NA,NA,NA,NA,NA,NA,NA,NA,NA,NA,NA,NA,NA,NA,NA,NA,NA,NA,NA,NA,Poultry_Pos
OTHER,602,40800550,PRJNA644054,SAMN15446700,Metagenome or environmental,26500931,THE OHIO STATE UNIVERSITY,public,"fastq,run.zq,sra","gs,ncbi,s3","gs.us-east1,ncbi.public,s3.us-east-1",SRX8668863,Illumina MiSeq,TOSIL112,PAIRED,OTHER,gut metagenome,ILLUMINA,2020-07-06T00:00:00Z,2020-07-06T01:55:00Z,5,Pos,SRP270067,Turkey,NA,SRR12148836_merged,Poultry,Turkey,Experimental,Pos,Ileum,NA,NA,NA,NA,NA,NA,3/10/2018,FAHRP-OSU Specific-pathogen-free turkey,TOSIL112,Ileum,NA,NA,NA,Ileum,Gut,not applicable',not applicable',H. Ji,18-10-30,DNeasy PowerSoil Kit (Qiagen),not applicable',CKPA,True Sample,CWL-18-AIV-MET-105,USA: Ohio,not applicable',missing,not applicable',FAHRP-OSU Specific-pathogen-free turkey,5,18,250,2.831677019,2.831677,0.4559,2018-02-15T00:00:00,18-03-05,Influenza virus A/CK/PA/13609/93 (H5N2),3,male,2.574128667,NA,NA,NA,NA,NA,NA,NA,NA,NA,NA,NA,NA,NA,NA,NA,NA,NA,NA,NA,NA,NA,NA,NA,NA,NA,NA,NA,NA,Poultry_Pos
OTHER,602,40222630,PRJNA644054,SAMN15446699,Metagenome or environmental,26391198,THE OHIO STATE UNIVERSITY,public,"fastq,run.zq,sra","gs,ncbi,s3","gs.us-east1,ncbi.public,s3.us-east-1",SRX8668862,Illumina MiSeq,TOSIL111,PAIRED,OTHER,gut metagenome,ILLUMINA,2020-07-06T00:00:00Z,2020-07-06T01:55:00Z,5,Pos,SRP270067,Turkey,NA,SRR12148837_merged,Poultry,Turkey,Experimental,Pos,Ileum,NA,NA,NA,NA,NA,NA,3/10/2018,FAHRP-OSU Specific-pathogen-free turkey,TOSIL111,Ileum,NA,NA,NA,Ileum,Gut,not applicable',not applicable',H. Ji,18-10-30,DNeasy PowerSoil Kit (Qiagen),not applicable',CKPA,True Sample,CWL-18-AIV-MET-105,USA: Ohio,not applicable',missing,not applicable',FAHRP-OSU Specific-pathogen-free turkey,5,18,236,3.703773585,3.7037735,0.5889,2018-02-15T00:00:00,18-03-05,Influenza virus A/CK/PA/13609/93 (H5N2),3,female,0,NA,NA,NA,NA,NA,NA,NA,NA,NA,NA,NA,NA,NA,NA,NA,NA,NA,NA,NA,NA,NA,NA,NA,NA,NA,NA,NA,NA,Poultry_Pos
OTHER,602,49049756,PRJNA644054,SAMN15446698,Metagenome or environmental,31477231,THE OHIO STATE UNIVERSITY,public,"fastq,run.zq,sra","gs,ncbi,s3","gs.us-east1,ncbi.public,s3.us-east-1",SRX8668860,Illumina MiSeq,TOSIL110,PAIRED,OTHER,gut metagenome,ILLUMINA,2020-07-06T00:00:00Z,2020-07-06T01:55:00Z,5,Pos,SRP270067,Turkey,NA,SRR12148839_merged,Poultry,Turkey,Experimental,Pos,Ileum,NA,NA,NA,NA,NA,NA,3/10/2018,FAHRP-OSU Specific-pathogen-free turkey,TOSIL110,Ileum,NA,NA,NA,Ileum,Gut,not applicable',not applicable',H. Ji,18-10-30,DNeasy PowerSoil Kit (Qiagen),not applicable',CKPA,True Sample,CWL-18-AIV-MET-105,USA: Ohio,not applicable',missing,not applicable',FAHRP-OSU Specific-pathogen-free turkey,5,18,235,2.526851852,2.526852,0.2729,2018-02-15T00:00:00,18-03-05,Influenza virus A/CK/PA/13609/93 (H5N2),3,male,1.016451333,NA,NA,NA,NA,NA,NA,NA,NA,NA,NA,NA,NA,NA,NA,NA,NA,NA,NA,NA,NA,NA,NA,NA,NA,NA,NA,NA,NA,Poultry_Pos
OTHER,602,16284702,PRJNA644054,SAMN15446697,Metagenome or environmental,11848463,THE OHIO STATE UNIVERSITY,public,"fastq,run.zq,sra","gs,ncbi,s3","gs.us-east1,ncbi.public,s3.us-east-1",SRX8668859,Illumina MiSeq,TOSIL109,PAIRED,OTHER,gut metagenome,ILLUMINA,2020-07-06T00:00:00Z,2020-07-06T01:55:00Z,5,Pos,SRP270067,Turkey,NA,SRR12148840_merged,Poultry,Turkey,Experimental,Pos,Ileum,NA,NA,NA,NA,NA,NA,3/10/2018,FAHRP-OSU Specific-pathogen-free turkey,TOSIL109,Ileum,NA,NA,NA,Ileum,Gut,not applicable',not applicable',H. Ji,18-10-30,DNeasy PowerSoil Kit (Qiagen),not applicable',CKPA,True Sample,CWL-18-AIV-MET-105,USA: Ohio,not applicable',missing,not applicable',FAHRP-OSU Specific-pathogen-free turkey,5,18,234,3.717692308,3.7176924,0.4833,2018-02-15T00:00:00,18-03-05,Influenza virus A/CK/PA/13609/93 (H5N2),3,male,0.421624,NA,NA,NA,NA,NA,NA,NA,NA,NA,NA,NA,NA,NA,NA,NA,NA,NA,NA,NA,NA,NA,NA,NA,NA,NA,NA,NA,NA,Poultry_Pos
OTHER,602,21912198,PRJNA644054,SAMN15446696,Metagenome or environmental,15095847,THE OHIO STATE UNIVERSITY,public,"fastq,run.zq,sra","gs,ncbi,s3","gs.us-east1,ncbi.public,s3.us-east-1",SRX8668858,Illumina MiSeq,TOSIL108,PAIRED,OTHER,gut metagenome,ILLUMINA,2020-07-06T00:00:00Z,2020-07-06T01:55:00Z,5,Pos,SRP270067,Turkey,NA,SRR12148841_merged,Poultry,Turkey,Experimental,Pos,Ileum,NA,NA,NA,NA,NA,NA,3/10/2018,FAHRP-OSU Specific-pathogen-free turkey,TOSIL108,Ileum,NA,NA,NA,Ileum,Gut,not applicable',not applicable',H. Ji,18-10-30,DNeasy PowerSoil Kit (Qiagen),not applicable',CKPA,True Sample,CWL-18-AIV-MET-105,USA: Ohio,not applicable',missing,not applicable',FAHRP-OSU Specific-pathogen-free turkey,5,18,233,3.130921053,3.1309211,0.4759,2018-02-15T00:00:00,18-03-05,Influenza virus A/CK/PA/13609/93 (H5N2),3,male,1.067803333,NA,NA,NA,NA,NA,NA,NA,NA,NA,NA,NA,NA,NA,NA,NA,NA,NA,NA,NA,NA,NA,NA,NA,NA,NA,NA,NA,NA,Poultry_Pos
OTHER,602,32350276,PRJNA644054,SAMN15446692,Metagenome or environmental,21175436,THE OHIO STATE UNIVERSITY,public,"fastq,run.zq,sra","gs,ncbi,s3","gs.us-east1,ncbi.public,s3.us-east-1",SRX8668854,Illumina MiSeq,TOSIL104,PAIRED,OTHER,gut metagenome,ILLUMINA,2020-07-06T00:00:00Z,2020-07-06T01:55:00Z,5,Neg,SRP270067,Turkey,NA,SRR12148845_merged,Poultry,Turkey,Experimental,Neg,Ileum,NA,NA,NA,NA,NA,NA,3/10/2018,FAHRP-OSU Specific-pathogen-free turkey,TOSIL104,Ileum,NA,NA,NA,Ileum,Gut,not applicable',not applicable',H. Ji,18-10-30,DNeasy PowerSoil Kit (Qiagen),not applicable',Mock,True Sample,CWL-18-AIV-MET-105,USA: Ohio,not applicable',missing,not applicable',FAHRP-OSU Specific-pathogen-free turkey,5,18,215,3.856521739,3.8565218,0.6209,2018-02-15T00:00:00,18-03-05,Phosphate Buffered Saline,2,male,NA,NA,NA,NA,NA,NA,NA,NA,NA,NA,NA,NA,NA,NA,NA,NA,NA,NA,NA,NA,NA,NA,NA,NA,NA,NA,NA,NA,NA,Poultry_Neg
OTHER,602,18705344,PRJNA644054,SAMN15446691,Metagenome or environmental,12906592,THE OHIO STATE UNIVERSITY,public,"fastq,run.zq,sra","gs,ncbi,s3","gs.us-east1,ncbi.public,s3.us-east-1",SRX8668853,Illumina MiSeq,TOSIL103,PAIRED,OTHER,gut metagenome,ILLUMINA,2020-07-06T00:00:00Z,2020-07-06T01:55:00Z,5,Neg,SRP270067,Turkey,NA,SRR12148846_merged,Poultry,Turkey,Experimental,Neg,Ileum,NA,NA,NA,NA,NA,NA,3/10/2018,FAHRP-OSU Specific-pathogen-free turkey,TOSIL103,Ileum,NA,NA,NA,Ileum,Gut,not applicable',not applicable',H. Ji,18-10-30,DNeasy PowerSoil Kit (Qiagen),not applicable',Mock,True Sample,CWL-18-AIV-MET-105,USA: Ohio,not applicable',missing,not applicable',FAHRP-OSU Specific-pathogen-free turkey,5,18,213,2.914285714,2.9142857,0.5508,2018-02-15T00:00:00,18-03-05,Phosphate Buffered Saline,2,male,NA,NA,NA,NA,NA,NA,NA,NA,NA,NA,NA,NA,NA,NA,NA,NA,NA,NA,NA,NA,NA,NA,NA,NA,NA,NA,NA,NA,NA,Poultry_Neg
OTHER,602,21042308,PRJNA644054,SAMN15446690,Metagenome or environmental,14175687,THE OHIO STATE UNIVERSITY,public,"fastq,run.zq,sra","gs,ncbi,s3","gs.us-east1,ncbi.public,s3.us-east-1",SRX8668852,Illumina MiSeq,TOSIL102,PAIRED,OTHER,gut metagenome,ILLUMINA,2020-07-06T00:00:00Z,2020-07-06T01:55:00Z,5,Neg,SRP270067,Turkey,NA,SRR12148847_merged,Poultry,Turkey,Experimental,Neg,Ileum,NA,NA,NA,NA,NA,NA,3/10/2018,FAHRP-OSU Specific-pathogen-free turkey,TOSIL102,Ileum,NA,NA,NA,Ileum,Gut,not applicable',not applicable',H. Ji,18-10-30,DNeasy PowerSoil Kit (Qiagen),not applicable',Mock,True Sample,CWL-18-AIV-MET-105,USA: Ohio,not applicable',missing,not applicable',FAHRP-OSU Specific-pathogen-free turkey,5,18,211,3.869411765,3.8694117,0.6578,2018-02-15T00:00:00,18-03-05,Phosphate Buffered Saline,2,male,NA,NA,NA,NA,NA,NA,NA,NA,NA,NA,NA,NA,NA,NA,NA,NA,NA,NA,NA,NA,NA,NA,NA,NA,NA,NA,NA,NA,NA,Poultry_Neg
OTHER,602,12645010,PRJNA644054,SAMN15446688,Metagenome or environmental,8790004,THE OHIO STATE UNIVERSITY,public,"fastq,run.zq,sra","gs,ncbi,s3","gs.us-east1,ncbi.public,s3.us-east-1",SRX8668851,Illumina MiSeq,TOSIL100,PAIRED,OTHER,gut metagenome,ILLUMINA,2020-07-06T00:00:00Z,2020-07-06T01:55:00Z,5,Neg,SRP270067,Turkey,NA,SRR12148848_merged,Poultry,Turkey,Experimental,Neg,Ileum,NA,NA,NA,NA,NA,NA,3/10/2018,FAHRP-OSU Specific-pathogen-free turkey,TOSIL100,Ileum,NA,NA,NA,Ileum,Gut,not applicable',not applicable',H. Ji,18-10-30,DNeasy PowerSoil Kit (Qiagen),not applicable',Mock,True Sample,CWL-18-AIV-MET-105,USA: Ohio,not applicable',missing,not applicable',FAHRP-OSU Specific-pathogen-free turkey,5,18,209,4.25234375,4.2523437,0.5443,2018-02-15T00:00:00,18-03-05,Phosphate Buffered Saline,2,female,NA,NA,NA,NA,NA,NA,NA,NA,NA,NA,NA,NA,NA,NA,NA,NA,NA,NA,NA,NA,NA,NA,NA,NA,NA,NA,NA,NA,NA,Poultry_Neg
OTHER,602,25464600,PRJNA644054,SAMN15446687,Metagenome or environmental,16698884,THE OHIO STATE UNIVERSITY,public,"fastq,run.zq,sra","gs,ncbi,s3","gs.us-east1,ncbi.public,s3.us-east-1",SRX8668850,Illumina MiSeq,TOSIL099,PAIRED,OTHER,gut metagenome,ILLUMINA,2020-07-06T00:00:00Z,2020-07-06T01:55:00Z,5,Neg,SRP270067,Turkey,NA,SRR12148849_merged,Poultry,Turkey,Experimental,Neg,Ileum,NA,NA,NA,NA,NA,NA,3/10/2018,FAHRP-OSU Specific-pathogen-free turkey,TOSIL099,Ileum,NA,NA,NA,Ileum,Gut,not applicable',not applicable',H. Ji,18-10-30,DNeasy PowerSoil Kit (Qiagen),not applicable',Mock,True Sample,CWL-18-AIV-MET-105,USA: Ohio,not applicable',missing,not applicable',FAHRP-OSU Specific-pathogen-free turkey,5,18,208,3.858928571,3.8589287,0.6483,2018-02-15T00:00:00,18-03-05,Phosphate Buffered Saline,1,male,NA,NA,NA,NA,NA,NA,NA,NA,NA,NA,NA,NA,NA,NA,NA,NA,NA,NA,NA,NA,NA,NA,NA,NA,NA,NA,NA,NA,NA,Poultry_Neg
OTHER,602,19932220,PRJNA644054,SAMN15446686,Metagenome or environmental,13444218,THE OHIO STATE UNIVERSITY,public,"fastq,run.zq,sra","gs,ncbi,s3","gs.us-east1,ncbi.public,s3.us-east-1",SRX8668849,Illumina MiSeq,TOSIL098,PAIRED,OTHER,gut metagenome,ILLUMINA,2020-07-06T00:00:00Z,2020-07-06T01:55:00Z,5,Neg,SRP270067,Turkey,NA,SRR12148850_merged,Poultry,Turkey,Experimental,Neg,Ileum,NA,NA,NA,NA,NA,NA,3/10/2018,FAHRP-OSU Specific-pathogen-free turkey,TOSIL098,Ileum,NA,NA,NA,Ileum,Gut,not applicable',not applicable',H. Ji,18-10-30,DNeasy PowerSoil Kit (Qiagen),not applicable',Mock,True Sample,CWL-18-AIV-MET-105,USA: Ohio,not applicable',missing,not applicable',FAHRP-OSU Specific-pathogen-free turkey,5,18,207,4.603351955,4.603352,0.824,2018-02-15T00:00:00,18-03-05,Phosphate Buffered Saline,1,female,NA,NA,NA,NA,NA,NA,NA,NA,NA,NA,NA,NA,NA,NA,NA,NA,NA,NA,NA,NA,NA,NA,NA,NA,NA,NA,NA,NA,NA,Poultry_Neg
OTHER,602,18059398,PRJNA644054,SAMN15446685,Metagenome or environmental,12578511,THE OHIO STATE UNIVERSITY,public,"fastq,run.zq,sra","gs,ncbi,s3","gs.us-east1,ncbi.public,s3.us-east-1",SRX8668848,Illumina MiSeq,TOSIL097,PAIRED,OTHER,gut metagenome,ILLUMINA,2020-07-06T00:00:00Z,2020-07-06T01:56:00Z,5,Neg,SRP270067,Turkey,NA,SRR12148851_merged,Poultry,Turkey,Experimental,Neg,Ileum,NA,NA,NA,NA,NA,NA,3/10/2018,FAHRP-OSU Specific-pathogen-free turkey,TOSIL097,Ileum,NA,NA,NA,Ileum,Gut,not applicable',not applicable',H. Ji,18-10-30,DNeasy PowerSoil Kit (Qiagen),not applicable',Mock,True Sample,CWL-18-AIV-MET-105,USA: Ohio,not applicable',missing,not applicable',FAHRP-OSU Specific-pathogen-free turkey,5,18,206,2.733566434,2.7335665,0.3909,2018-02-15T00:00:00,18-03-05,Phosphate Buffered Saline,1,female,NA,NA,NA,NA,NA,NA,NA,NA,NA,NA,NA,NA,NA,NA,NA,NA,NA,NA,NA,NA,NA,NA,NA,NA,NA,NA,NA,NA,NA,Poultry_Neg
OTHER,602,31001194,PRJNA644054,SAMN15446684,Metagenome or environmental,20515925,THE OHIO STATE UNIVERSITY,public,"fastq,run.zq,sra","gs,ncbi,s3","gs.us-east1,ncbi.public,s3.us-east-1",SRX8668847,Illumina MiSeq,TOSIL096,PAIRED,OTHER,gut metagenome,ILLUMINA,2020-07-06T00:00:00Z,2020-07-06T01:55:00Z,5,Neg,SRP270067,Turkey,NA,SRR12148852_merged,Poultry,Turkey,Experimental,Neg,Ileum,NA,NA,NA,NA,NA,NA,3/10/2018,FAHRP-OSU Specific-pathogen-free turkey,TOSIL096,Ileum,NA,NA,NA,Ileum,Gut,not applicable',not applicable',H. Ji,18-10-30,DNeasy PowerSoil Kit (Qiagen),not applicable',Mock,True Sample,CWL-18-AIV-MET-105,USA: Ohio,not applicable',missing,not applicable',FAHRP-OSU Specific-pathogen-free turkey,5,18,205,3.030582524,3.0305824,0.6243,2018-02-15T00:00:00,18-03-05,Phosphate Buffered Saline,1,female,NA,NA,NA,NA,NA,NA,NA,NA,NA,NA,NA,NA,NA,NA,NA,NA,NA,NA,NA,NA,NA,NA,NA,NA,NA,NA,NA,NA,NA,Poultry_Neg
OTHER,602,18549426,PRJNA644054,SAMN15446683,Metagenome or environmental,13021194,THE OHIO STATE UNIVERSITY,public,"fastq,run.zq,sra","gs,ncbi,s3","gs.us-east1,ncbi.public,s3.us-east-1",SRX8668846,Illumina MiSeq,TOSIL095,PAIRED,OTHER,gut metagenome,ILLUMINA,2020-07-06T00:00:00Z,2020-07-06T02:01:00Z,5,Neg,SRP270067,Turkey,NA,SRR12148853_merged,Poultry,Turkey,Experimental,Neg,Ileum,NA,NA,NA,NA,NA,NA,3/10/2018,FAHRP-OSU Specific-pathogen-free turkey,TOSIL095,Ileum,NA,NA,NA,Ileum,Gut,not applicable',not applicable',H. Ji,18-10-30,DNeasy PowerSoil Kit (Qiagen),not applicable',Mock,True Sample,CWL-18-AIV-MET-105,USA: Ohio,not applicable',missing,not applicable',FAHRP-OSU Specific-pathogen-free turkey,5,18,204,3.559659091,3.559659,0.6265,2018-02-15T00:00:00,18-03-05,Phosphate Buffered Saline,1,male,NA,NA,NA,NA,NA,NA,NA,NA,NA,NA,NA,NA,NA,NA,NA,NA,NA,NA,NA,NA,NA,NA,NA,NA,NA,NA,NA,NA,NA,Poultry_Neg
OTHER,602,20590808,PRJNA644054,SAMN15446682,Metagenome or environmental,13629218,THE OHIO STATE UNIVERSITY,public,"fastq,run.zq,sra","gs,ncbi,s3","gs.us-east1,ncbi.public,s3.us-east-1",SRX8668845,Illumina MiSeq,TOSIL094,PAIRED,OTHER,gut metagenome,ILLUMINA,2020-07-06T00:00:00Z,2020-07-06T01:55:00Z,5,Neg,SRP270067,Turkey,NA,SRR12148854_merged,Poultry,Turkey,Experimental,Neg,Ileum,NA,NA,NA,NA,NA,NA,3/10/2018,FAHRP-OSU Specific-pathogen-free turkey,TOSIL094,Ileum,NA,NA,NA,Ileum,Gut,not applicable',not applicable',H. Ji,18-10-30,DNeasy PowerSoil Kit (Qiagen),not applicable',Mock,True Sample,CWL-18-AIV-MET-105,USA: Ohio,not applicable',missing,not applicable',FAHRP-OSU Specific-pathogen-free turkey,5,18,203,2.423671498,2.4236715,0.5017,2018-02-15T00:00:00,18-03-05,Phosphate Buffered Saline,1,female,NA,NA,NA,NA,NA,NA,NA,NA,NA,NA,NA,NA,NA,NA,NA,NA,NA,NA,NA,NA,NA,NA,NA,NA,NA,NA,NA,NA,NA,Poultry_Neg
OTHER,602,23277534,PRJNA644054,SAMN15446681,Metagenome or environmental,15978460,THE OHIO STATE UNIVERSITY,public,"fastq,run.zq,sra","gs,ncbi,s3","gs.us-east1,ncbi.public,s3.us-east-1",SRX8668844,Illumina MiSeq,TOSIL093,PAIRED,OTHER,gut metagenome,ILLUMINA,2020-07-06T00:00:00Z,2020-07-06T01:56:00Z,5,Neg,SRP270067,Turkey,NA,SRR12148855_merged,Poultry,Turkey,Experimental,Neg,Ileum,NA,NA,NA,NA,NA,NA,3/10/2018,FAHRP-OSU Specific-pathogen-free turkey,TOSIL093,Ileum,NA,NA,NA,Ileum,Gut,not applicable',not applicable',H. Ji,18-10-30,DNeasy PowerSoil Kit (Qiagen),not applicable',Mock,True Sample,CWL-18-AIV-MET-105,USA: Ohio,not applicable',missing,not applicable',FAHRP-OSU Specific-pathogen-free turkey,5,18,202,3.34,3.34,0.501,2018-02-15T00:00:00,18-03-05,Phosphate Buffered Saline,1,male,NA,NA,NA,NA,NA,NA,NA,NA,NA,NA,NA,NA,NA,NA,NA,NA,NA,NA,NA,NA,NA,NA,NA,NA,NA,NA,NA,NA,NA,Poultry_Neg
OTHER,602,7968072,PRJNA644054,SAMN15446680,Metagenome or environmental,5508198,THE OHIO STATE UNIVERSITY,public,"fastq,run.zq,sra","gs,ncbi,s3","gs.us-east1,ncbi.public,s3.us-east-1",SRX8668843,Illumina MiSeq,TOSIL092,PAIRED,OTHER,gut metagenome,ILLUMINA,2020-07-06T00:00:00Z,2020-07-06T01:55:00Z,5,Neg,SRP270067,Turkey,NA,SRR12148856_merged,Poultry,Turkey,Experimental,Neg,Ileum,NA,NA,NA,NA,NA,NA,3/10/2018,FAHRP-OSU Specific-pathogen-free turkey,TOSIL092,Ileum,NA,NA,NA,Ileum,Gut,not applicable',not applicable',H. Ji,18-10-30,DNeasy PowerSoil Kit (Qiagen),not applicable',Mock,True Sample,CWL-18-AIV-MET-105,USA: Ohio,not applicable',missing,not applicable',FAHRP-OSU Specific-pathogen-free turkey,5,18,201,3.17173913,3.171739,0.5836,2018-02-15T00:00:00,18-03-05,Phosphate Buffered Saline,1,female,NA,NA,NA,NA,NA,NA,NA,NA,NA,NA,NA,NA,NA,NA,NA,NA,NA,NA,NA,NA,NA,NA,NA,NA,NA,NA,NA,NA,NA,Poultry_Neg
AMPLICON,428,16238639,PRJNA347583,SAMN05893086,Metagenome or environmental,7936570,CHINESE ACADEMY OF SCIENCES,public,"fastq,run.zq,sra","gs,ncbi,s3","gs.us-east1,ncbi.public,s3.us-east-1",SRX2235587,Illumina MiSeq,Positive1,SINGLE,METAGENOMIC,gut metagenome,ILLUMINA,2017-11-11T00:00:00Z,2016-10-10T22:49:00Z,NA,Pos,SRP091349,WhooperSwan,Whooper swan,SRR4409218,Swan,WhooperSwan,Wild,Pos,NA,China,Asia,China: Sanmenxia,NA,34.80103333 N 111.18266389 E,10.3389/fcimb.2018.00046,2015-01,Cygnus cygnus,WhooperSwan_H5N1_1,NA,NA,NA,NA,NA,NA,NA,NA,NA,NA,NA,NA,NA,NA,NA,NA,NA,NA,NA,NA,NA,NA,NA,NA,NA,NA,NA,NA,NA,NA,NA,NA,NA,NA,NA,NA,NA,NA,NA,NA,Infected,NA,NA,/scratch/cn68176/Microbiome_AIV/WhooperSwan/SRR4409218.fastq.gz,NA,NA,NA,NA,NA,NA,NA,NA,NA,NA,NA,NA,NA,NA,NA,NA,Swan_Pos
AMPLICON,407,15887874,PRJNA347583,SAMN05893087,Metagenome or environmental,6951076,CHINESE ACADEMY OF SCIENCES,public,"fastq,run.zq,sra","gs,ncbi,s3","gs.us-east1,ncbi.public,s3.us-east-1",SRX2235588,Illumina MiSeq,Positive2,SINGLE,METAGENOMIC,gut metagenome,ILLUMINA,2017-11-11T00:00:00Z,2016-10-10T22:49:00Z,NA,Pos,SRP091349,WhooperSwan,Whooper swan,SRR4409219,Swan,WhooperSwan,Wild,Pos,NA,China,Asia,China: Sanmenxia,NA,34.80103333 N 111.18266389 E,10.3389/fcimb.2018.00046,2015-01,Cygnus cygnus,WhooperSwan_H5N1_2,NA,NA,NA,NA,NA,NA,NA,NA,NA,NA,NA,NA,NA,NA,NA,NA,NA,NA,NA,NA,NA,NA,NA,NA,NA,NA,NA,NA,NA,NA,NA,NA,NA,NA,NA,NA,NA,NA,NA,NA,Infected,NA,NA,/scratch/cn68176/Microbiome_AIV/WhooperSwan/SRR4409219.fastq.gz,NA,NA,NA,NA,NA,NA,NA,NA,NA,NA,NA,NA,NA,NA,NA,NA,Swan_Pos
AMPLICON,418,11322168,PRJNA347583,SAMN05893107,Metagenome or environmental,5914073,CHINESE ACADEMY OF SCIENCES,public,"fastq,run.zq,sra","gs,ncbi,s3","gs.us-east1,ncbi.public,s3.us-east-1",SRX2235589,Illumina MiSeq,Negtive1,SINGLE,METAGENOMIC,gut metagenome,ILLUMINA,2017-11-11T00:00:00Z,2016-10-10T22:49:00Z,NA,Neg,SRP091349,WhooperSwan,Whooper swan,SRR4409220,Swan,WhooperSwan,Wild,Neg,NA,China,Asia,China: Sanmenxia,NA,34.80103333 N 111.1826639 E,10.3389/fcimb.2018.00046,2015-01,Cygnus cygnus,WhooperSwan_Control_1,NA,NA,NA,NA,NA,NA,NA,NA,NA,NA,NA,NA,NA,NA,NA,NA,NA,NA,NA,NA,NA,NA,NA,NA,NA,NA,NA,NA,NA,NA,NA,NA,NA,NA,NA,NA,NA,NA,NA,NA,Control,500,11,/scratch/cn68176/Microbiome_AIV/WhooperSwan/SRR4409220.fastq.gz,NA,NA,NA,NA,NA,NA,NA,NA,NA,NA,NA,NA,NA,NA,NA,NA,Swan_Neg
AMPLICON,416,13754335,PRJNA347583,SAMN05893108,Metagenome or environmental,7166481,CHINESE ACADEMY OF SCIENCES,public,"fastq,run.zq,sra","gs,ncbi,s3","gs.us-east1,ncbi.public,s3.us-east-1",SRX2235590,Illumina MiSeq,Negtive2,SINGLE,METAGENOMIC,gut metagenome,ILLUMINA,2017-11-11T00:00:00Z,2016-10-10T22:49:00Z,NA,Neg,SRP091349,WhooperSwan,Whooper swan,SRR4409221,Swan,WhooperSwan,Wild,Neg,NA,China,Asia,China: Sanmenxia,NA,34.80103333 N 111.1826639 E,10.3389/fcimb.2018.00046,2015-01,Cygnus cygnus,WhooperSwan_Control_2,NA,NA,NA,NA,NA,NA,NA,NA,NA,NA,NA,NA,NA,NA,NA,NA,NA,NA,NA,NA,NA,NA,NA,NA,NA,NA,NA,NA,NA,NA,NA,NA,NA,NA,NA,NA,NA,NA,NA,NA,Control,500,12,/scratch/cn68176/Microbiome_AIV/WhooperSwan/SRR4409221.fastq.gz,NA,NA,NA,NA,NA,NA,NA,NA,NA,NA,NA,NA,NA,NA,NA,NA,Swan_Neg
AMPLICON,418,8541598,PRJNA347583,SAMN05893109,Metagenome or environmental,4525640,CHINESE ACADEMY OF SCIENCES,public,"fastq,run.zq,sra","gs,ncbi,s3","gs.us-east1,ncbi.public,s3.us-east-1",SRX2235591,Illumina MiSeq,Negtive3,SINGLE,METAGENOMIC,gut metagenome,ILLUMINA,2017-11-11T00:00:00Z,2016-10-10T22:49:00Z,NA,Neg,SRP091349,WhooperSwan,Whooper swan,SRR4409222,Swan,WhooperSwan,Wild,Neg,NA,China,Asia,China: Sanmenxia,NA,34.80103333 N 111.1826639 E,10.3389/fcimb.2018.00046,2015-01,Cygnus cygnus,WhooperSwan_Control_3,NA,NA,NA,NA,NA,NA,NA,NA,NA,NA,NA,NA,NA,NA,NA,NA,NA,NA,NA,NA,NA,NA,NA,NA,NA,NA,NA,NA,NA,NA,NA,NA,NA,NA,NA,NA,NA,NA,NA,NA,Control,500,13,/scratch/cn68176/Microbiome_AIV/WhooperSwan/SRR4409222.fastq.gz,NA,NA,NA,NA,NA,NA,NA,NA,NA,NA,NA,NA,NA,NA,NA,NA,Swan_Neg
AMPLICON,419,6330404,PRJNA347583,SAMN05893110,Metagenome or environmental,3357490,CHINESE ACADEMY OF SCIENCES,public,"fastq,run.zq,sra","gs,ncbi,s3","gs.us-east1,ncbi.public,s3.us-east-1",SRX2235592,Illumina MiSeq,Negtive4,SINGLE,METAGENOMIC,gut metagenome,ILLUMINA,2017-11-11T00:00:00Z,2016-10-10T22:49:00Z,NA,Neg,SRP091349,WhooperSwan,Whooper swan,SRR4409223,Swan,WhooperSwan,Wild,Neg,NA,China,Asia,China: Sanmenxia,NA,34.80103333 N 111.1826639 E,10.3389/fcimb.2018.00046,2015-01,Cygnus cygnus,WhooperSwan_Control_4,NA,NA,NA,NA,NA,NA,NA,NA,NA,NA,NA,NA,NA,NA,NA,NA,NA,NA,NA,NA,NA,NA,NA,NA,NA,NA,NA,NA,NA,NA,NA,NA,NA,NA,NA,NA,NA,NA,NA,NA,Control,500,14,/scratch/cn68176/Microbiome_AIV/WhooperSwan/SRR4409223.fastq.gz,NA,NA,NA,NA,NA,NA,NA,NA,NA,NA,NA,NA,NA,NA,NA,NA,Swan_Neg
AMPLICON,413,15762646,PRJNA347583,SAMN05893111,Metagenome or environmental,7938266,CHINESE ACADEMY OF SCIENCES,public,"fastq,run.zq,sra","gs,ncbi,s3","gs.us-east1,ncbi.public,s3.us-east-1",SRX2235593,Illumina MiSeq,Negtive5,SINGLE,METAGENOMIC,gut metagenome,ILLUMINA,2017-11-11T00:00:00Z,2016-10-10T22:49:00Z,NA,Neg,SRP091349,WhooperSwan,Whooper swan,SRR4409224,Swan,WhooperSwan,Wild,Neg,NA,China,Asia,China: Sanmenxia,NA,34.80103333 N 111.1826639 E,10.3389/fcimb.2018.00046,2015-01,Cygnus cygnus,WhooperSwan_Control_5,NA,NA,NA,NA,NA,NA,NA,NA,NA,NA,NA,NA,NA,NA,NA,NA,NA,NA,NA,NA,NA,NA,NA,NA,NA,NA,NA,NA,NA,NA,NA,NA,NA,NA,NA,NA,NA,NA,NA,NA,Control,500,15,/scratch/cn68176/Microbiome_AIV/WhooperSwan/SRR4409224.fastq.gz,NA,NA,NA,NA,NA,NA,NA,NA,NA,NA,NA,NA,NA,NA,NA,NA,Swan_Neg
AMPLICON,410,4603963,PRJNA347583,SAMN05893099,Metagenome or environmental,2386119,CHINESE ACADEMY OF SCIENCES,public,"fastq,run.zq,sra","gs,ncbi,s3","gs.us-east1,ncbi.public,s3.us-east-1",SRX2235594,Illumina MiSeq,Positive3,SINGLE,METAGENOMIC,gut metagenome,ILLUMINA,2017-11-11T00:00:00Z,2016-10-10T22:49:00Z,NA,Pos,SRP091349,WhooperSwan,Whooper swan,SRR4409225,Swan,WhooperSwan,Wild,Pos,NA,China,Asia,China: Sanmenxia,NA,34.80103333 N 111.1826639 E,10.3389/fcimb.2018.00046,2015-01,Cygnus cygnus,WhooperSwan_H5N1_3,NA,NA,NA,NA,NA,NA,NA,NA,NA,NA,NA,NA,NA,NA,NA,NA,NA,NA,NA,NA,NA,NA,NA,NA,NA,NA,NA,NA,NA,NA,NA,NA,NA,NA,NA,NA,NA,NA,NA,NA,Infected,500,3,/scratch/cn68176/Microbiome_AIV/WhooperSwan/SRR4409225.fastq.gz,NA,NA,NA,NA,NA,NA,NA,NA,NA,NA,NA,NA,NA,NA,NA,NA,Swan_Pos
AMPLICON,425,16857620,PRJNA347583,SAMN05893100,Metagenome or environmental,8606885,CHINESE ACADEMY OF SCIENCES,public,"fastq,run.zq,sra","gs,ncbi,s3","gs.us-east1,ncbi.public,s3.us-east-1",SRX2235595,Illumina MiSeq,Positive4,SINGLE,METAGENOMIC,gut metagenome,ILLUMINA,2017-11-11T00:00:00Z,2016-10-10T22:49:00Z,NA,Pos,SRP091349,WhooperSwan,Whooper swan,SRR4409226,Swan,WhooperSwan,Wild,Pos,NA,China,Asia,China: Sanmenxia,NA,34.80103333 N 111.1826639 E,10.3389/fcimb.2018.00046,2015-01,Cygnus cygnus,WhooperSwan_H5N1_4,NA,NA,NA,NA,NA,NA,NA,NA,NA,NA,NA,NA,NA,NA,NA,NA,NA,NA,NA,NA,NA,NA,NA,NA,NA,NA,NA,NA,NA,NA,NA,NA,NA,NA,NA,NA,NA,NA,NA,NA,Infected,500,4,/scratch/cn68176/Microbiome_AIV/WhooperSwan/SRR4409226.fastq.gz,NA,NA,NA,NA,NA,NA,NA,NA,NA,NA,NA,NA,NA,NA,NA,NA,Swan_Pos
AMPLICON,426,15964489,PRJNA347583,SAMN05893101,Metagenome or environmental,8327949,CHINESE ACADEMY OF SCIENCES,public,"fastq,run.zq,sra","gs,ncbi,s3","gs.us-east1,ncbi.public,s3.us-east-1",SRX2235596,Illumina MiSeq,Positive5,SINGLE,METAGENOMIC,gut metagenome,ILLUMINA,2017-11-11T00:00:00Z,2016-10-10T22:49:00Z,NA,Pos,SRP091349,WhooperSwan,Whooper swan,SRR4409227,Swan,WhooperSwan,Wild,Pos,NA,China,Asia,China: Sanmenxia,NA,34.80103333 N 111.1826639 E,10.3389/fcimb.2018.00046,2015-01,Cygnus cygnus,WhooperSwan_H5N1_5,NA,NA,NA,NA,NA,NA,NA,NA,NA,NA,NA,NA,NA,NA,NA,NA,NA,NA,NA,NA,NA,NA,NA,NA,NA,NA,NA,NA,NA,NA,NA,NA,NA,NA,NA,NA,NA,NA,NA,NA,Infected,500,5,/scratch/cn68176/Microbiome_AIV/WhooperSwan/SRR4409227.fastq.gz,NA,NA,NA,NA,NA,NA,NA,NA,NA,NA,NA,NA,NA,NA,NA,NA,Swan_Pos
AMPLICON,427,15627113,PRJNA347583,SAMN05893102,Metagenome or environmental,8069999,CHINESE ACADEMY OF SCIENCES,public,"fastq,run.zq,sra","gs,ncbi,s3","gs.us-east1,ncbi.public,s3.us-east-1",SRX2235597,Illumina MiSeq,Positive6,SINGLE,METAGENOMIC,gut metagenome,ILLUMINA,2017-11-11T00:00:00Z,2016-10-10T22:49:00Z,NA,Pos,SRP091349,WhooperSwan,Whooper swan,SRR4409228,Swan,WhooperSwan,Wild,Pos,NA,China,Asia,China: Sanmenxia,NA,34.80103333 N 111.1826639 E,10.3389/fcimb.2018.00046,2015-01,Cygnus cygnus,WhooperSwan_H5N1_6,NA,NA,NA,NA,NA,NA,NA,NA,NA,NA,NA,NA,NA,NA,NA,NA,NA,NA,NA,NA,NA,NA,NA,NA,NA,NA,NA,NA,NA,NA,NA,NA,NA,NA,NA,NA,NA,NA,NA,NA,Infected,500,6,/scratch/cn68176/Microbiome_AIV/WhooperSwan/SRR4409228.fastq.gz,NA,NA,NA,NA,NA,NA,NA,NA,NA,NA,NA,NA,NA,NA,NA,NA,Swan_Pos
AMPLICON,427,16554173,PRJNA347583,SAMN05893103,Metagenome or environmental,8196317,CHINESE ACADEMY OF SCIENCES,public,"fastq,run.zq,sra","gs,ncbi,s3","gs.us-east1,ncbi.public,s3.us-east-1",SRX2235598,Illumina MiSeq,Positive7,SINGLE,METAGENOMIC,gut metagenome,ILLUMINA,2017-11-11T00:00:00Z,2016-10-10T22:49:00Z,NA,Pos,SRP091349,WhooperSwan,Whooper swan,SRR4409229,Swan,WhooperSwan,Wild,Pos,NA,China,Asia,China: Sanmenxia,NA,34.80103333 N 111.1826639 E,10.3389/fcimb.2018.00046,2015-01,Cygnus cygnus,WhooperSwan_H5N1_7,NA,NA,NA,NA,NA,NA,NA,NA,NA,NA,NA,NA,NA,NA,NA,NA,NA,NA,NA,NA,NA,NA,NA,NA,NA,NA,NA,NA,NA,NA,NA,NA,NA,NA,NA,NA,NA,NA,NA,NA,Infected,500,7,/scratch/cn68176/Microbiome_AIV/WhooperSwan/SRR4409229.fastq.gz,NA,NA,NA,NA,NA,NA,NA,NA,NA,NA,NA,NA,NA,NA,NA,NA,Swan_Pos
AMPLICON,424,16124688,PRJNA347583,SAMN05893104,Metagenome or environmental,8173589,CHINESE ACADEMY OF SCIENCES,public,"fastq,run.zq,sra","gs,ncbi,s3","gs.us-east1,ncbi.public,s3.us-east-1",SRX2235599,Illumina MiSeq,Positive8,SINGLE,METAGENOMIC,gut metagenome,ILLUMINA,2017-11-11T00:00:00Z,2016-10-10T22:49:00Z,NA,Pos,SRP091349,WhooperSwan,Whooper swan,SRR4409230,Swan,WhooperSwan,Wild,Pos,NA,China,Asia,China: Sanmenxia,NA,34.80103333 N 111.1826639 E,10.3389/fcimb.2018.00046,2015-01,Cygnus cygnus,WhooperSwan_H5N1_8,NA,NA,NA,NA,NA,NA,NA,NA,NA,NA,NA,NA,NA,NA,NA,NA,NA,NA,NA,NA,NA,NA,NA,NA,NA,NA,NA,NA,NA,NA,NA,NA,NA,NA,NA,NA,NA,NA,NA,NA,Infected,500,8,/scratch/cn68176/Microbiome_AIV/WhooperSwan/SRR4409230.fastq.gz,NA,NA,NA,NA,NA,NA,NA,NA,NA,NA,NA,NA,NA,NA,NA,NA,Swan_Pos
AMPLICON,428,15097951,PRJNA347583,SAMN05893105,Metagenome or environmental,7828507,CHINESE ACADEMY OF SCIENCES,public,"fastq,run.zq,sra","gs,ncbi,s3","gs.us-east1,ncbi.public,s3.us-east-1",SRX2235600,Illumina MiSeq,Positive9,SINGLE,METAGENOMIC,gut metagenome,ILLUMINA,2017-11-11T00:00:00Z,2016-10-10T22:49:00Z,NA,Pos,SRP091349,WhooperSwan,Whooper swan,SRR4409231,Swan,WhooperSwan,Wild,Pos,NA,China,Asia,China: Sanmenxia,NA,34.80103333 N 111.1826639 E,10.3389/fcimb.2018.00046,2015-01,Cygnus cygnus,WhooperSwan_H5N1_9,NA,NA,NA,NA,NA,NA,NA,NA,NA,NA,NA,NA,NA,NA,NA,NA,NA,NA,NA,NA,NA,NA,NA,NA,NA,NA,NA,NA,NA,NA,NA,NA,NA,NA,NA,NA,NA,NA,NA,NA,Infected,500,9,/scratch/cn68176/Microbiome_AIV/WhooperSwan/SRR4409231.fastq.gz,NA,NA,NA,NA,NA,NA,NA,NA,NA,NA,NA,NA,NA,NA,NA,NA,Swan_Pos
AMPLICON,427,15270200,PRJNA347583,SAMN05893106,Metagenome or environmental,7729249,CHINESE ACADEMY OF SCIENCES,public,"fastq,run.zq,sra","gs,ncbi,s3","gs.us-east1,ncbi.public,s3.us-east-1",SRX2235601,Illumina MiSeq,Positive10,SINGLE,METAGENOMIC,gut metagenome,ILLUMINA,2017-11-11T00:00:00Z,2016-10-10T22:51:00Z,NA,Pos,SRP091349,WhooperSwan,Whooper swan,SRR4409232,Swan,WhooperSwan,Wild,Pos,NA,China,Asia,China: Sanmenxia,NA,34.80103333 N 111.1826639 E,10.3389/fcimb.2018.00046,2015-01,Cygnus cygnus,WhooperSwan_H5N1_10,NA,NA,NA,NA,NA,NA,NA,NA,NA,NA,NA,NA,NA,NA,NA,NA,NA,NA,NA,NA,NA,NA,NA,NA,NA,NA,NA,NA,NA,NA,NA,NA,NA,NA,NA,NA,NA,NA,NA,NA,Infected,500,10,/scratch/cn68176/Microbiome_AIV/WhooperSwan/SRR4409232.fastq.gz,NA,NA,NA,NA,NA,NA,NA,NA,NA,NA,NA,NA,NA,NA,NA,NA,Swan_Pos
AMPLICON,250,21961000,PRJNA464410,SAMN09104113,Metagenome or environmental,14563686,UC DAVIS,public,"fastq,run.zq,sra","gs,ncbi,s3","gs.us-east1,ncbi.public,s3.us-east-1",SRX4066377,Illumina MiSeq,UCD.10.01438.CV,PAIRED,METAGENOMIC,gut metagenome,ILLUMINA,5/9/2018 20:00,5/10/2018 12:48,NA,Pos,SRP145364,Duck,Mallard,SRR7146574,Duck,Duck,Wild,Pos,NA,USA,North America,"USA:California\,SanJoaquinCounty\,MandevilleIsland",cloacal swab,missing,10.1128/mSphere.00382-18,NA,NA,NA,NA,NA,NA,NA,NA,NA,NA,NA,NA,NA,NA,NA,NA,NA,NA,NA,NA,NA,NA,NA,NA,NA,NA,NA,NA,NA,NA,NA,NA,NA,NA,NA,NA,NA,NA,NA,NA,NA,NA,NA,NA,NA,NA,NA,8/9/2010,Anas,"CommonName:Mallard,TestforInfluenzaVirus:VI,IDforMatching:UCD10.01438.CV",Apla_H2N3_MI_Aug2010_1,2,S,A,3,2_3,Anas,Anasplatyrhynchos,"MandevilleIsland,SanJoaquinCounty",S_10,dabbling,M,Pos_S_10_Anasplatyrhynchos,Duck_Pos
AMPLICON,250,9056500,PRJNA464410,SAMN09104112,Metagenome or environmental,6082068,UC DAVIS,public,"fastq,run.zq,sra","gs,ncbi,s3","gs.us-east1,ncbi.public,s3.us-east-1",SRX4066376,Illumina MiSeq,UCD.10.01156.CP,PAIRED,METAGENOMIC,gut metagenome,ILLUMINA,5/9/2018 20:00,5/10/2018 12:47,NA,Pos,SRP145364,Duck,Mallard,SRR7146575,Duck,Duck,Wild,Pos,NA,USA,North America,"USA:California\,SolanoCounty\,GrizzlyIslandWildlifeArea(GIWA)",cloacal swab,missing,10.1128/mSphere.00382-18,NA,NA,NA,NA,NA,NA,NA,NA,NA,NA,NA,NA,NA,NA,NA,NA,NA,NA,NA,NA,NA,NA,NA,NA,NA,NA,NA,NA,NA,NA,NA,NA,NA,NA,NA,NA,NA,NA,NA,NA,NA,NA,NA,NA,NA,NA,NA,7/27/2010,Anas,"CommonName:Mallard,TestforInfluenzaVirus:M.RTPCR.VI,IDforMatching:UCD10.01156.CP",Apla_H4N6_GIWA_Jul2010_1,4,S,H,6,4_6,Anas,Anasplatyrhynchos,"GrizzlyIslandWildlifeArea(GIWA),SolanoCounty",S_10,dabbling,M,Pos_S_10_Anasplatyrhynchos,Duck_Pos
AMPLICON,250,35124000,PRJNA464410,SAMN09104292,Metagenome or environmental,22078705,UC DAVIS,public,"fastq,run.zq,sra","gs,ncbi,s3","gs.us-east1,ncbi.public,s3.us-east-1",SRX4066375,Illumina MiSeq,WHC.JN.US07.1659,PAIRED,METAGENOMIC,gut metagenome,ILLUMINA,5/9/2018 20:00,5/10/2018 12:48,NA,Neg,SRP145364,Duck,NorthernShoveler,SRR7146576,Duck,Duck,Wild,Neg,NA,USA,North America,"USA:California\,Sacramento\,GlennCounty\,NationalWildlifeRefuge",cloacal swab,missing,10.1128/mSphere.00382-18,NA,NA,NA,NA,NA,NA,NA,NA,NA,NA,NA,NA,NA,NA,NA,NA,NA,NA,NA,NA,NA,NA,NA,NA,NA,NA,NA,NA,NA,NA,NA,NA,NA,NA,NA,NA,NA,NA,NA,NA,NA,NA,NA,NA,NA,NA,NA,1/9/2008,Anas,"CommonName:NorthernShoveler,TestforInfluenzaVirus:VI,IDforMatching:WHC.JN.US07.1659",Acly_neg_SNWR_Jan2008_3,neg,FW,A,neg,neg_neg,Anas,Anasclypeata,"SacramentoNationalWildlifeRefuge,GlennCounty",FW_0708,filter,M,Neg_FW_0708_Anasclypeata,Duck_Neg
AMPLICON,250,36206500,PRJNA464410,SAMN09104293,Metagenome or environmental,21821364,UC DAVIS,public,"fastq,run.zq,sra","gs,ncbi,s3","gs.us-east1,ncbi.public,s3.us-east-1",SRX4066374,Illumina MiSeq,WHC.JN.US07.1668,PAIRED,METAGENOMIC,gut metagenome,ILLUMINA,5/9/2018 20:00,5/10/2018 12:48,NA,Neg,SRP145364,Duck,NorthernShoveler,SRR7146577,Duck,Duck,Wild,Neg,NA,USA,North America,"USA:California\,Sacramento\,GlennCounty\,NationalWildlifeRefuge",cloacal swab,missing,10.1128/mSphere.00382-18,NA,NA,NA,NA,NA,NA,NA,NA,NA,NA,NA,NA,NA,NA,NA,NA,NA,NA,NA,NA,NA,NA,NA,NA,NA,NA,NA,NA,NA,NA,NA,NA,NA,NA,NA,NA,NA,NA,NA,NA,NA,NA,NA,NA,NA,NA,NA,1/9/2008,Anas,"CommonName:NorthernShoveler,TestforInfluenzaVirus:VI,IDforMatching:WHC.JN.US07.1668",Acly_neg_SNWR_Jan2008_4,neg,FW,H,neg,neg_neg,Anas,Anasclypeata,"SacramentoNationalWildlifeRefuge,GlennCounty",FW_0708,filter,F,Neg_FW_0708_Anasclypeata,Duck_Neg
AMPLICON,250,10139500,PRJNA464410,SAMN09104087,Metagenome or environmental,6521626,UC DAVIS,public,"fastq,run.zq,sra","gs,ncbi,s3","gs.us-east1,ncbi.public,s3.us-east-1",SRX4066373,Illumina MiSeq,UCD.09.05296,PAIRED,METAGENOMIC,gut metagenome,ILLUMINA,5/9/2018 20:00,5/10/2018 12:48,NA,Pos,SRP145364,Duck,Mallard,SRR7146578,Duck,Duck,Wild,Pos,NA,USA,North America,"USA:California\,SolanoCounty\,SuisunMarsh/Sunrise",cloacal swab,missing,10.1128/mSphere.00382-18,NA,NA,NA,NA,NA,NA,NA,NA,NA,NA,NA,NA,NA,NA,NA,NA,NA,NA,NA,NA,NA,NA,NA,NA,NA,NA,NA,NA,NA,NA,NA,NA,NA,NA,NA,NA,NA,NA,NA,NA,NA,NA,NA,NA,NA,NA,NA,7/29/2009,Anas,"CommonName:Mallard,TestforInfluenzaVirus:VI,IDforMatching:UCD09.05296.V",Apla_H5N2_SMS_Jul2009_6,5,S,H,2,5_2,Anas,Anasplatyrhynchos,"SuisunMarsh/Sunrise,SolanoCounty",S_09,dabbling,M,Pos_S_09_Anasplatyrhynchos,Duck_Pos
AMPLICON,250,15565000,PRJNA464410,SAMN09104105,Metagenome or environmental,10141739,UC DAVIS,public,"fastq,run.zq,sra","gs,ncbi,s3","gs.us-east1,ncbi.public,s3.us-east-1",SRX4066371,Illumina MiSeq,UCD.10.01142.CP,PAIRED,METAGENOMIC,gut metagenome,ILLUMINA,5/9/2018 20:00,5/10/2018 12:48,NA,Neg,SRP145364,Duck,Mallard,SRR7146580,Duck,Duck,Wild,Neg,NA,USA,North America,"USA:California\,SolanoCounty\,GrizzlyIslandWildlifeArea(GIWA)",cloacal swab,missing,10.1128/mSphere.00382-18,NA,NA,NA,NA,NA,NA,NA,NA,NA,NA,NA,NA,NA,NA,NA,NA,NA,NA,NA,NA,NA,NA,NA,NA,NA,NA,NA,NA,NA,NA,NA,NA,NA,NA,NA,NA,NA,NA,NA,NA,NA,NA,NA,NA,NA,NA,NA,7/27/2010,Anas,"CommonName:Mallard,TestforInfluenzaVirus:M.RTPCR,IDforMatching:UCD10.01142.CP",Apla_neg_GIWA_Jul2010_4,neg,S,H,neg,neg_neg,Anas,Anasplatyrhynchos,"GrizzlyIslandWildlifeArea(GIWA),SolanoCounty",S_10,dabbling,F,Neg_S_10_Anasplatyrhynchos,Duck_Neg
AMPLICON,250,23833500,PRJNA464410,SAMN09104104,Metagenome or environmental,15266943,UC DAVIS,public,"fastq,run.zq,sra","gs,ncbi,s3","gs.us-east1,ncbi.public,s3.us-east-1",SRX4066370,Illumina MiSeq,UCD.10.01141.CP,PAIRED,METAGENOMIC,gut metagenome,ILLUMINA,5/9/2018 20:00,5/10/2018 12:48,NA,Neg,SRP145364,Duck,Mallard,SRR7146581,Duck,Duck,Wild,Neg,NA,USA,North America,"USA:California\,SolanoCounty\,GrizzlyIslandWildlifeArea(GIWA)",cloacal swab,missing,10.1128/mSphere.00382-18,NA,NA,NA,NA,NA,NA,NA,NA,NA,NA,NA,NA,NA,NA,NA,NA,NA,NA,NA,NA,NA,NA,NA,NA,NA,NA,NA,NA,NA,NA,NA,NA,NA,NA,NA,NA,NA,NA,NA,NA,NA,NA,NA,NA,NA,NA,NA,7/27/2010,Anas,"CommonName:Mallard,TestforInfluenzaVirus:M.RTPCR,IDforMatching:UCD10.01141.CP",Apla_neg_GIWA_Jul2010_3,neg,S,H,neg,neg_neg,Anas,Anasplatyrhynchos,"GrizzlyIslandWildlifeArea(GIWA),SolanoCounty",S_10,dabbling,F,Neg_S_10_Anasplatyrhynchos,Duck_Neg
AMPLICON,250,36977500,PRJNA464410,SAMN09104107,Metagenome or environmental,23480002,UC DAVIS,public,"fastq,run.zq,sra","gs,ncbi,s3","gs.us-east1,ncbi.public,s3.us-east-1",SRX4066369,Illumina MiSeq,UCD.10.01144.CP,PAIRED,METAGENOMIC,gut metagenome,ILLUMINA,5/9/2018 20:00,5/10/2018 12:48,NA,Neg,SRP145364,Duck,Mallard,SRR7146582,Duck,Duck,Wild,Neg,NA,USA,North America,"USA:California\,SolanoCounty\,GrizzlyIslandWildlifeArea(GIWA)",cloacal swab,missing,10.1128/mSphere.00382-18,NA,NA,NA,NA,NA,NA,NA,NA,NA,NA,NA,NA,NA,NA,NA,NA,NA,NA,NA,NA,NA,NA,NA,NA,NA,NA,NA,NA,NA,NA,NA,NA,NA,NA,NA,NA,NA,NA,NA,NA,NA,NA,NA,NA,NA,NA,NA,7/27/2010,Anas,"CommonName:Mallard,TestforInfluenzaVirus:M.RTPCR,IDforMatching:UCD10.01144.CP",Apla_neg_GIWA_Jul2010_6,neg,S,H,neg,neg_neg,Anas,Anasplatyrhynchos,"GrizzlyIslandWildlifeArea(GIWA),SolanoCounty",S_10,dabbling,F,Neg_S_10_Anasplatyrhynchos,Duck_Neg
AMPLICON,250,20996500,PRJNA464410,SAMN09104106,Metagenome or environmental,13969069,UC DAVIS,public,"fastq,run.zq,sra","gs,ncbi,s3","gs.us-east1,ncbi.public,s3.us-east-1",SRX4066368,Illumina MiSeq,UCD.10.01143.CP,PAIRED,METAGENOMIC,gut metagenome,ILLUMINA,5/9/2018 20:00,5/10/2018 12:48,NA,Neg,SRP145364,Duck,Mallard,SRR7146583,Duck,Duck,Wild,Neg,NA,USA,North America,"USA:California\,SolanoCounty\,GrizzlyIslandWildlifeArea(GIWA)",cloacal swab,missing,10.1128/mSphere.00382-18,NA,NA,NA,NA,NA,NA,NA,NA,NA,NA,NA,NA,NA,NA,NA,NA,NA,NA,NA,NA,NA,NA,NA,NA,NA,NA,NA,NA,NA,NA,NA,NA,NA,NA,NA,NA,NA,NA,NA,NA,NA,NA,NA,NA,NA,NA,NA,7/27/2010,Anas,"CommonName:Mallard,TestforInfluenzaVirus:M.RTPCR,IDforMatching:UCD10.01143.CP",Apla_neg_GIWA_Jul2010_5,neg,S,H,neg,neg_neg,Anas,Anasplatyrhynchos,"GrizzlyIslandWildlifeArea(GIWA),SolanoCounty",S_10,dabbling,F,Neg_S_10_Anasplatyrhynchos,Duck_Neg
AMPLICON,250,32141500,PRJNA464410,SAMN09104109,Metagenome or environmental,20890662,UC DAVIS,public,"fastq,run.zq,sra","gs,ncbi,s3","gs.us-east1,ncbi.public,s3.us-east-1",SRX4066367,Illumina MiSeq,UCD.10.01146.CP,PAIRED,METAGENOMIC,gut metagenome,ILLUMINA,5/9/2018 20:00,5/10/2018 12:48,NA,Neg,SRP145364,Duck,Mallard,SRR7146584,Duck,Duck,Wild,Neg,NA,USA,North America,"USA:California\,SolanoCounty\,GrizzlyIslandWildlifeArea(GIWA)",cloacal swab,missing,10.1128/mSphere.00382-18,NA,NA,NA,NA,NA,NA,NA,NA,NA,NA,NA,NA,NA,NA,NA,NA,NA,NA,NA,NA,NA,NA,NA,NA,NA,NA,NA,NA,NA,NA,NA,NA,NA,NA,NA,NA,NA,NA,NA,NA,NA,NA,NA,NA,NA,NA,NA,7/27/2010,Anas,"CommonName:Mallard,TestforInfluenzaVirus:M.RTPCR,IDforMatching:UCD10.01146.CP",Apla_neg_GIWA_Jul2010_8,neg,S,H,neg,neg_neg,Anas,Anasplatyrhynchos,"GrizzlyIslandWildlifeArea(GIWA),SolanoCounty",S_10,dabbling,M,Neg_S_10_Anasplatyrhynchos,Duck_Neg
AMPLICON,250,22946500,PRJNA464410,SAMN09104108,Metagenome or environmental,15205865,UC DAVIS,public,"fastq,run.zq,sra","gs,ncbi,s3","gs.us-east1,ncbi.public,s3.us-east-1",SRX4066366,Illumina MiSeq,UCD.10.01145.CP,PAIRED,METAGENOMIC,gut metagenome,ILLUMINA,5/9/2018 20:00,5/10/2018 12:48,NA,Neg,SRP145364,Duck,Mallard,SRR7146585,Duck,Duck,Wild,Neg,NA,USA,North America,"USA:California\,SolanoCounty\,GrizzlyIslandWildlifeArea(GIWA)",cloacal swab,missing,10.1128/mSphere.00382-18,NA,NA,NA,NA,NA,NA,NA,NA,NA,NA,NA,NA,NA,NA,NA,NA,NA,NA,NA,NA,NA,NA,NA,NA,NA,NA,NA,NA,NA,NA,NA,NA,NA,NA,NA,NA,NA,NA,NA,NA,NA,NA,NA,NA,NA,NA,NA,7/27/2010,Anas,"CommonName:Mallard,TestforInfluenzaVirus:M.RTPCR,IDforMatching:UCD10.01145.CP",Apla_neg_GIWA_Jul2010_7,neg,S,H,neg,neg_neg,Anas,Anasplatyrhynchos,"GrizzlyIslandWildlifeArea(GIWA),SolanoCounty",S_10,dabbling,F,Neg_S_10_Anasplatyrhynchos,Duck_Neg
AMPLICON,250,19197000,PRJNA464410,SAMN09104110,Metagenome or environmental,12508790,UC DAVIS,public,"fastq,run.zq,sra","gs,ncbi,s3","gs.us-east1,ncbi.public,s3.us-east-1",SRX4066364,Illumina MiSeq,UCD.10.01147.CP,PAIRED,METAGENOMIC,gut metagenome,ILLUMINA,5/9/2018 20:00,5/10/2018 12:48,NA,Neg,SRP145364,Duck,Mallard,SRR7146587,Duck,Duck,Wild,Neg,NA,USA,North America,"USA:California\,SolanoCounty\,GrizzlyIslandWildlifeArea(GIWA)",cloacal swab,missing,10.1128/mSphere.00382-18,NA,NA,NA,NA,NA,NA,NA,NA,NA,NA,NA,NA,NA,NA,NA,NA,NA,NA,NA,NA,NA,NA,NA,NA,NA,NA,NA,NA,NA,NA,NA,NA,NA,NA,NA,NA,NA,NA,NA,NA,NA,NA,NA,NA,NA,NA,NA,7/27/2010,Anas,"CommonName:Mallard,TestforInfluenzaVirus:M.RTPCR,IDforMatching:UCD10.01147.CP",Apla_neg_GIWA_Jul2010_9,neg,S,H,neg,neg_neg,Anas,Anasplatyrhynchos,"GrizzlyIslandWildlifeArea(GIWA),SolanoCounty",S_10,dabbling,M,Neg_S_10_Anasplatyrhynchos,Duck_Neg
AMPLICON,250,8109000,PRJNA464410,SAMN09104003,Metagenome or environmental,5304334,UC DAVIS,public,"fastq,run.zq,sra","gs,ncbi,s3","gs.us-east1,ncbi.public,s3.us-east-1",SRX4066363,Illumina MiSeq,UCD.08.11119,PAIRED,METAGENOMIC,gut metagenome,ILLUMINA,5/9/2018 20:00,5/10/2018 12:48,NA,Pos,SRP145364,Duck,Mallard,SRR7146588,Duck,Duck,Wild,Pos,NA,USA,North America,"USA:California\,YoloCounty\,ConawayRanch",cloacal swab,missing,10.1128/mSphere.00382-18,NA,NA,NA,NA,NA,NA,NA,NA,NA,NA,NA,NA,NA,NA,NA,NA,NA,NA,NA,NA,NA,NA,NA,NA,NA,NA,NA,NA,NA,NA,NA,NA,NA,NA,NA,NA,NA,NA,NA,NA,NA,NA,NA,NA,NA,NA,NA,12/6/2008,Anas,"CommonName:Mallard,TestforInfluenzaVirus:M.RTPCR.VI,IDforMatching:UCD08.11119.V",Apla_H11N9_CR_Dec2008_2,11,FW,U,9,11_9,Anas,Anasplatyrhynchos,"ConawayRanch,YoloCounty",FW_0809,dabbling,F,Pos_FW_0809_Anasplatyrhynchos,Duck_Pos
AMPLICON,250,7182500,PRJNA464410,SAMN09104002,Metagenome or environmental,4381961,UC DAVIS,public,"fastq,run.zq,sra","gs,ncbi,s3","gs.us-east1,ncbi.public,s3.us-east-1",SRX4066362,Illumina MiSeq,UCD.08.11100,PAIRED,METAGENOMIC,gut metagenome,ILLUMINA,5/9/2018 20:00,5/10/2018 12:48,NA,Pos,SRP145364,Duck,Mallard,SRR7146589,Duck,Duck,Wild,Pos,NA,USA,North America,"USA:California\,YoloCounty\,ConawayRanch",cloacal swab,missing,10.1128/mSphere.00382-18,NA,NA,NA,NA,NA,NA,NA,NA,NA,NA,NA,NA,NA,NA,NA,NA,NA,NA,NA,NA,NA,NA,NA,NA,NA,NA,NA,NA,NA,NA,NA,NA,NA,NA,NA,NA,NA,NA,NA,NA,NA,NA,NA,NA,NA,NA,NA,12/6/2008,Anas,"CommonName:Mallard,TestforInfluenzaVirus:M.RTPCR.VI,IDforMatching:UCD08.11100.V",Apla_H11N2_CR_Dec2008_1,11,FW,U,2,11_2,Anas,Anasplatyrhynchos,"ConawayRanch,YoloCounty",FW_0809,dabbling,M,Pos_FW_0809_Anasplatyrhynchos,Duck_Pos
AMPLICON,250,6474500,PRJNA464410,SAMN09103999,Metagenome or environmental,4162816,UC DAVIS,public,"fastq,run.zq,sra","gs,ncbi,s3","gs.us-east1,ncbi.public,s3.us-east-1",SRX4066361,Illumina MiSeq,UCD.08.10985,PAIRED,METAGENOMIC,gut metagenome,ILLUMINA,5/9/2018 20:00,5/10/2018 12:48,NA,Pos,SRP145364,Duck,Mallard,SRR7146590,Duck,Duck,Wild,Pos,NA,USA,North America,"USA:California\,YoloCounty\,ConawayRanch",cloacal swab,missing,10.1128/mSphere.00382-18,NA,NA,NA,NA,NA,NA,NA,NA,NA,NA,NA,NA,NA,NA,NA,NA,NA,NA,NA,NA,NA,NA,NA,NA,NA,NA,NA,NA,NA,NA,NA,NA,NA,NA,NA,NA,NA,NA,NA,NA,NA,NA,NA,NA,NA,NA,NA,12/3/2008,Anas,"CommonName:Mallard,TestforInfluenzaVirus:M.RTPCR.VI,IDforMatching:UCD08.10985.V",Apla_H3N8_CR_Dec2008_1,3,FW,U,8,3_8,Anas,Anasplatyrhynchos,"ConawayRanch,YoloCounty",FW_0809,dabbling,M,Pos_FW_0809_Anasplatyrhynchos,Duck_Pos
AMPLICON,250,25931000,PRJNA464410,SAMN09104043,Metagenome or environmental,17009138,UC DAVIS,public,"fastq,run.zq,sra","gs,ncbi,s3","gs.us-east1,ncbi.public,s3.us-east-1",SRX4066360,Illumina MiSeq,UCD.08.8670,PAIRED,METAGENOMIC,gut metagenome,ILLUMINA,5/9/2018 20:00,5/10/2018 12:49,NA,Pos,SRP145364,Duck,AmericanWigeon,SRR7146591,Duck,Duck,Wild,Pos,NA,USA,North America,"USA:California\,Sacramento\,GlennCounty\,NationalWildlifeRefuge",cloacal swab,missing,10.1128/mSphere.00382-18,NA,NA,NA,NA,NA,NA,NA,NA,NA,NA,NA,NA,NA,NA,NA,NA,NA,NA,NA,NA,NA,NA,NA,NA,NA,NA,NA,NA,NA,NA,NA,NA,NA,NA,NA,NA,NA,NA,NA,NA,NA,NA,NA,NA,NA,NA,NA,10/29/2008,Anas,"CommonName:AmericanWigeon,TestforInfluenzaVirus:M.RTPCR.VI,IDforMatching:UCD08.8670.V",Aame_H6N1_SNWR_Oct2008_5,6,FW,H,1,6_1,Anas,Anasamericana,"SacramentoNationalWildlifeRefuge,GlennCounty",FW_0809,dabbling,U,Pos_FW_0809_Anasamericana,Duck_Pos
AMPLICON,250,29917000,PRJNA464410,SAMN09104016,Metagenome or environmental,18450775,UC DAVIS,public,"fastq,run.zq,sra","gs,ncbi,s3","gs.us-east1,ncbi.public,s3.us-east-1",SRX4066359,Illumina MiSeq,UCD.08.6763,PAIRED,METAGENOMIC,gut metagenome,ILLUMINA,5/9/2018 20:00,5/10/2018 12:48,NA,Pos,SRP145364,Duck,NorthernPintail,SRR7146592,Duck,Duck,Wild,Pos,NA,USA,North America,"USA:California\,YoloCounty\,ConawayRanch",cloacal swab,missing,10.1128/mSphere.00382-18,NA,NA,NA,NA,NA,NA,NA,NA,NA,NA,NA,NA,NA,NA,NA,NA,NA,NA,NA,NA,NA,NA,NA,NA,NA,NA,NA,NA,NA,NA,NA,NA,NA,NA,NA,NA,NA,NA,NA,NA,NA,NA,NA,NA,NA,NA,NA,11/15/2008,Anas,"CommonName:NorthernPintailTestforInfluenzaVirus:M.RTPCR.VI,IDforMatching:UCD08.6763.V",Aacu_H6N1_CR_Nov2008_2,6,FW,U,1,6_1,Anas,Anasacuta,"ConawayRanch,YoloCounty",FW_0809,dabbling,M,Pos_FW_0809_Anasacuta,Duck_Pos
AMPLICON,250,34616000,PRJNA464410,SAMN09104017,Metagenome or environmental,20599359,UC DAVIS,public,"fastq,run.zq,sra","gs,ncbi,s3","gs.us-east1,ncbi.public,s3.us-east-1",SRX4066358,Illumina MiSeq,UCD.08.6772,PAIRED,METAGENOMIC,gut metagenome,ILLUMINA,5/9/2018 20:00,5/10/2018 12:49,NA,Pos,SRP145364,Duck,Mallard,SRR7146593,Duck,Duck,Wild,Pos,NA,USA,North America,"USA:California\,YoloCounty\,ConawayRanch",cloacal swab,missing,10.1128/mSphere.00382-18,NA,NA,NA,NA,NA,NA,NA,NA,NA,NA,NA,NA,NA,NA,NA,NA,NA,NA,NA,NA,NA,NA,NA,NA,NA,NA,NA,NA,NA,NA,NA,NA,NA,NA,NA,NA,NA,NA,NA,NA,NA,NA,NA,NA,NA,NA,NA,11/15/2008,Anas,"CommonName:Mallard,TestforInfluenzaVirus:M.RTPCR.VI,IDforMatching:UCD08.6772.V",Apla_H4N6_CR_Nov2008_1,4,FW,U,6,4_6,Anas,Anasplatyrhynchos,"ConawayRanch,YoloCounty",FW_0809,dabbling,F,Pos_FW_0809_Anasplatyrhynchos,Duck_Pos
AMPLICON,250,35958500,PRJNA464410,SAMN09104015,Metagenome or environmental,22360860,UC DAVIS,public,"fastq,run.zq,sra","gs,ncbi,s3","gs.us-east1,ncbi.public,s3.us-east-1",SRX4066356,Illumina MiSeq,UCD.08.6634,PAIRED,METAGENOMIC,gut metagenome,ILLUMINA,5/9/2018 20:00,5/10/2018 12:48,NA,Pos,SRP145364,Duck,Mallard,SRR7146595,Duck,Duck,Wild,Pos,NA,USA,North America,"USA:California\,YoloCounty\,ConawayRanch",cloacal swab,missing,10.1128/mSphere.00382-18,NA,NA,NA,NA,NA,NA,NA,NA,NA,NA,NA,NA,NA,NA,NA,NA,NA,NA,NA,NA,NA,NA,NA,NA,NA,NA,NA,NA,NA,NA,NA,NA,NA,NA,NA,NA,NA,NA,NA,NA,NA,NA,NA,NA,NA,NA,NA,11/9/2008,Anas,"CommonName:Mallard,TestforInfluenzaVirus:M.RTPCR.VI,IDforMatching:UCD08.6634.V",Apla_H11N9_CR_Nov2008_2,11,FW,U,9,11_9,Anas,Anasplatyrhynchos,"ConawayRanch,YoloCounty",FW_0809,dabbling,F,Pos_FW_0809_Anasplatyrhynchos,Duck_Pos
AMPLICON,250,22602500,PRJNA464410,SAMN09104020,Metagenome or environmental,14306463,UC DAVIS,public,"fastq,run.zq,sra","gs,ncbi,s3","gs.us-east1,ncbi.public,s3.us-east-1",SRX4066355,Illumina MiSeq,UCD.08.6990,PAIRED,METAGENOMIC,gut metagenome,ILLUMINA,5/9/2018 20:00,5/10/2018 12:48,NA,Pos,SRP145364,Duck,GreenWingedTeal,SRR7146596,Duck,Duck,Wild,Pos,NA,USA,North America,"USA:California\,YoloCounty\,ConawayRanch",cloacal swab,missing,10.1128/mSphere.00382-18,NA,NA,NA,NA,NA,NA,NA,NA,NA,NA,NA,NA,NA,NA,NA,NA,NA,NA,NA,NA,NA,NA,NA,NA,NA,NA,NA,NA,NA,NA,NA,NA,NA,NA,NA,NA,NA,NA,NA,NA,NA,NA,NA,NA,NA,NA,NA,11/23/2008,Anas,"CommonName:GreenWingedTeal,TestforInfluenzaVirus:M.RTPCR.VI,IDforMatching:UCD08.6990.V",Acar_H6N1_CR_Nov2008_1,6,FW,U,1,6_1,Anas,Anascarolinensis,"ConawayRanch,YoloCounty",FW_0809,dabbling,M,Pos_FW_0809_Anascarolinensis,Duck_Pos
AMPLICON,250,24747000,PRJNA464410,SAMN09104018,Metagenome or environmental,15853931,UC DAVIS,public,"fastq,run.zq,sra","gs,ncbi,s3","gs.us-east1,ncbi.public,s3.us-east-1",SRX4066353,Illumina MiSeq,UCD.08.6791,PAIRED,METAGENOMIC,gut metagenome,ILLUMINA,5/9/2018 20:00,5/10/2018 12:49,NA,Pos,SRP145364,Duck,NorthernPintail,SRR7146598,Duck,Duck,Wild,Pos,NA,USA,North America,"USA:California\,YoloCounty\,ConawayRanch",cloacal swab,missing,10.1128/mSphere.00382-18,NA,NA,NA,NA,NA,NA,NA,NA,NA,NA,NA,NA,NA,NA,NA,NA,NA,NA,NA,NA,NA,NA,NA,NA,NA,NA,NA,NA,NA,NA,NA,NA,NA,NA,NA,NA,NA,NA,NA,NA,NA,NA,NA,NA,NA,NA,NA,11/16/2008,Anas,"CommonName:NorthernPintailTestforInfluenzaVirus:M.RTPCR.VI,IDforMatching:UCD08.6791.V",Aacu_H11N2_CR_Nov2008_1,11,FW,H,2,11_2,Anas,Anasacuta,"ConawayRanch,YoloCounty",FW_0809,dabbling,M,Pos_FW_0809_Anasacuta,Duck_Pos
AMPLICON,250,24600000,PRJNA464410,SAMN09104019,Metagenome or environmental,15328856,UC DAVIS,public,"fastq,run.zq,sra","gs,ncbi,s3","gs.us-east1,ncbi.public,s3.us-east-1",SRX4066352,Illumina MiSeq,UCD.08.6957,PAIRED,METAGENOMIC,gut metagenome,ILLUMINA,5/9/2018 20:00,5/10/2018 12:49,NA,Pos,SRP145364,Duck,Mallard,SRR7146599,Duck,Duck,Wild,Pos,NA,USA,North America,"USA:California\,YoloCounty\,ConawayRanch",cloacal swab,missing,10.1128/mSphere.00382-18,NA,NA,NA,NA,NA,NA,NA,NA,NA,NA,NA,NA,NA,NA,NA,NA,NA,NA,NA,NA,NA,NA,NA,NA,NA,NA,NA,NA,NA,NA,NA,NA,NA,NA,NA,NA,NA,NA,NA,NA,NA,NA,NA,NA,NA,NA,NA,11/22/2008,Anas,"CommonName:Mallard,TestforInfluenzaVirus:M.RTPCR.VI,IDforMatching:UCD08.6957.V",Apla_H10N7_CR_Nov2008_1,10,FW,U,7,10_7,Anas,Anasplatyrhynchos,"ConawayRanch,YoloCounty",FW_0809,dabbling,M,Pos_FW_0809_Anasplatyrhynchos,Duck_Pos
AMPLICON,250,25480000,PRJNA464410,SAMN09104023,Metagenome or environmental,15600832,UC DAVIS,public,"fastq,run.zq,sra","gs,ncbi,s3","gs.us-east1,ncbi.public,s3.us-east-1",SRX4066350,Illumina MiSeq,UCD.08.7972,PAIRED,METAGENOMIC,gut metagenome,ILLUMINA,5/9/2018 20:00,5/10/2018 12:49,NA,Pos,SRP145364,Duck,GreenWingedTeal,SRR7146601,Duck,Duck,Wild,Pos,NA,USA,North America,"USA:California\,YoloCounty\,ConawayRanch",cloacal swab,missing,10.1128/mSphere.00382-18,NA,NA,NA,NA,NA,NA,NA,NA,NA,NA,NA,NA,NA,NA,NA,NA,NA,NA,NA,NA,NA,NA,NA,NA,NA,NA,NA,NA,NA,NA,NA,NA,NA,NA,NA,NA,NA,NA,NA,NA,NA,NA,NA,NA,NA,NA,NA,10/25/2008,Anas,"CommonName:GreenWingedTeal,TestforInfluenzaVirus:M.RTPCR.VI,IDforMatching:UCD08.7972.V",Acar_H6N2_CR_Oct2008_1,6,FW,H,2,6_2,Anas,Anascarolinensis,"ConawayRanch,YoloCounty",FW_0809,dabbling,F,Pos_FW_0809_Anascarolinensis,Duck_Pos
AMPLICON,250,26214000,PRJNA464410,SAMN09104042,Metagenome or environmental,16975668,UC DAVIS,public,"fastq,run.zq,sra","gs,ncbi,s3","gs.us-east1,ncbi.public,s3.us-east-1",SRX4066349,Illumina MiSeq,UCD.08.8658,PAIRED,METAGENOMIC,gut metagenome,ILLUMINA,5/9/2018 20:00,5/10/2018 12:49,NA,Pos,SRP145364,Duck,AmericanWigeon,SRR7146602,Duck,Duck,Wild,Pos,NA,USA,North America,"USA:California\,Sacramento\,GlennCounty\,NationalWildlifeRefuge",cloacal swab,missing,10.1128/mSphere.00382-18,NA,NA,NA,NA,NA,NA,NA,NA,NA,NA,NA,NA,NA,NA,NA,NA,NA,NA,NA,NA,NA,NA,NA,NA,NA,NA,NA,NA,NA,NA,NA,NA,NA,NA,NA,NA,NA,NA,NA,NA,NA,NA,NA,NA,NA,NA,NA,10/29/2008,Anas,"CommonName:AmericanWigeon,TestforInfluenzaVirus:M.RTPCR.VI,IDforMatching:UCD08.8658.V",Aame_H6N1_SNWR_Oct2008_4,6,FW,H,1,6_1,Anas,Anasamericana,"SacramentoNationalWildlifeRefuge,GlennCounty",FW_0809,dabbling,M,Pos_FW_0809_Anasamericana,Duck_Pos
AMPLICON,250,25273000,PRJNA464410,SAMN09104176,Metagenome or environmental,16268215,UC DAVIS,public,"fastq,run.zq,sra","gs,ncbi,s3","gs.us-east1,ncbi.public,s3.us-east-1",SRX4066348,Illumina MiSeq,UCD.11.00046,PAIRED,METAGENOMIC,gut metagenome,ILLUMINA,5/9/2018 20:00,5/10/2018 12:49,NA,Neg,SRP145364,Duck,NorthernShoveler,SRR7146603,Duck,Duck,Wild,Neg,NA,USA,North America,"USA:California\,Sacramento\,GlennCounty\,NationalWildlifeRefuge",cloacal swab,missing,10.1128/mSphere.00382-18,NA,NA,NA,NA,NA,NA,NA,NA,NA,NA,NA,NA,NA,NA,NA,NA,NA,NA,NA,NA,NA,NA,NA,NA,NA,NA,NA,NA,NA,NA,NA,NA,NA,NA,NA,NA,NA,NA,NA,NA,NA,NA,NA,NA,NA,NA,NA,1/29/2011,Anas,"CommonName:NorthernShoveler,TestforInfluenzaVirus:M.RTPCR,IDforMatching:UCD11.00046.P",Acly_neg_SNWR_Jan2011_7,neg,FW,U,neg,neg_neg,Anas,Anasclypeata,"SacramentoNationalWildlifeRefuge,GlennCounty",FW_1011,filter,M,Neg_FW_1011_Anasclypeata,Duck_Neg
AMPLICON,250,31286000,PRJNA464410,SAMN09104177,Metagenome or environmental,20356541,UC DAVIS,public,"fastq,run.zq,sra","gs,ncbi,s3","gs.us-east1,ncbi.public,s3.us-east-1",SRX4066347,Illumina MiSeq,UCD.11.00047,PAIRED,METAGENOMIC,gut metagenome,ILLUMINA,5/9/2018 20:00,5/10/2018 12:49,NA,Neg,SRP145364,Duck,NorthernShoveler,SRR7146604,Duck,Duck,Wild,Neg,NA,USA,North America,"USA:California\,Sacramento\,GlennCounty\,NationalWildlifeRefuge",cloacal swab,missing,10.1128/mSphere.00382-18,NA,NA,NA,NA,NA,NA,NA,NA,NA,NA,NA,NA,NA,NA,NA,NA,NA,NA,NA,NA,NA,NA,NA,NA,NA,NA,NA,NA,NA,NA,NA,NA,NA,NA,NA,NA,NA,NA,NA,NA,NA,NA,NA,NA,NA,NA,NA,1/29/2011,Anas,"CommonName:NorthernShoveler,TestforInfluenzaVirus:M.RTPCR,IDforMatching:UCD11.00047.P",Acly_neg_SNWR_Jan2011_8,neg,FW,U,neg,neg_neg,Anas,Anasclypeata,"SacramentoNationalWildlifeRefuge,GlennCounty",FW_1011,filter,M,Neg_FW_1011_Anasclypeata,Duck_Neg
AMPLICON,250,14873000,PRJNA464410,SAMN09104174,Metagenome or environmental,9431326,UC DAVIS,public,"fastq,run.zq,sra","gs,ncbi,s3","gs.us-east1,ncbi.public,s3.us-east-1",SRX4066346,Illumina MiSeq,UCD.11.00023,PAIRED,METAGENOMIC,gut metagenome,ILLUMINA,5/9/2018 20:00,5/10/2018 12:49,NA,Neg,SRP145364,Duck,NorthernPintail,SRR7146605,Duck,Duck,Wild,Neg,NA,USA,North America,"USA:California\,Sacramento\,GlennCounty\,NationalWildlifeRefuge",cloacal swab,missing,10.1128/mSphere.00382-18,NA,NA,NA,NA,NA,NA,NA,NA,NA,NA,NA,NA,NA,NA,NA,NA,NA,NA,NA,NA,NA,NA,NA,NA,NA,NA,NA,NA,NA,NA,NA,NA,NA,NA,NA,NA,NA,NA,NA,NA,NA,NA,NA,NA,NA,NA,NA,1/29/2011,Anas,"CommonName:NorthernPintailTestforInfluenzaVirus:M.RTPCR,IDforMatching:UCD11.00023.P",Aacu_neg_SNWR_Jan2011_6,neg,FW,U,neg,neg_neg,Anas,Anasacuta,"SacramentoNationalWildlifeRefuge,GlennCounty",FW_1011,dabbling,M,Neg_FW_1011_Anasacuta,Duck_Neg
AMPLICON,250,11670000,PRJNA464410,SAMN09104175,Metagenome or environmental,7687345,UC DAVIS,public,"fastq,run.zq,sra","gs,ncbi,s3","gs.us-east1,ncbi.public,s3.us-east-1",SRX4066345,Illumina MiSeq,UCD.11.00027,PAIRED,METAGENOMIC,gut metagenome,ILLUMINA,5/9/2018 20:00,5/10/2018 12:49,NA,Neg,SRP145364,Duck,NorthernPintail,SRR7146606,Duck,Duck,Wild,Neg,NA,USA,North America,"USA:California\,Sacramento\,GlennCounty\,NationalWildlifeRefuge",cloacal swab,missing,10.1128/mSphere.00382-18,NA,NA,NA,NA,NA,NA,NA,NA,NA,NA,NA,NA,NA,NA,NA,NA,NA,NA,NA,NA,NA,NA,NA,NA,NA,NA,NA,NA,NA,NA,NA,NA,NA,NA,NA,NA,NA,NA,NA,NA,NA,NA,NA,NA,NA,NA,NA,1/29/2011,Anas,"CommonName:NorthernPintailTestforInfluenzaVirus:M.RTPCR,IDforMatching:UCD11.00027.P",Aacu_neg_SNWR_Jan2011_7,neg,FW,U,neg,neg_neg,Anas,Anasacuta,"SacramentoNationalWildlifeRefuge,GlennCounty",FW_1011,dabbling,M,Neg_FW_1011_Anasacuta,Duck_Neg
AMPLICON,250,14451500,PRJNA464410,SAMN09104180,Metagenome or environmental,9579992,UC DAVIS,public,"fastq,run.zq,sra","gs,ncbi,s3","gs.us-east1,ncbi.public,s3.us-east-1",SRX4066344,Illumina MiSeq,UCD.11.00050,PAIRED,METAGENOMIC,gut metagenome,ILLUMINA,5/9/2018 20:00,5/10/2018 12:49,NA,Neg,SRP145364,Duck,NorthernShoveler,SRR7146607,Duck,Duck,Wild,Neg,NA,USA,North America,"USA:California\,Sacramento\,GlennCounty\,NationalWildlifeRefuge",cloacal swab,missing,10.1128/mSphere.00382-18,NA,NA,NA,NA,NA,NA,NA,NA,NA,NA,NA,NA,NA,NA,NA,NA,NA,NA,NA,NA,NA,NA,NA,NA,NA,NA,NA,NA,NA,NA,NA,NA,NA,NA,NA,NA,NA,NA,NA,NA,NA,NA,NA,NA,NA,NA,NA,1/29/2011,Anas,"CommonName:NorthernShoveler,TestforInfluenzaVirus:M.RTPCR,IDforMatching:UCD11.00050.P",Acly_neg_SNWR_Jan2011_9,neg,FW,U,neg,neg_neg,Anas,Anasclypeata,"SacramentoNationalWildlifeRefuge,GlennCounty",FW_1011,filter,M,Neg_FW_1011_Anasclypeata,Duck_Neg
AMPLICON,250,37234000,PRJNA464410,SAMN09104181,Metagenome or environmental,22370887,UC DAVIS,public,"fastq,run.zq,sra","gs,ncbi,s3","gs.us-east1,ncbi.public,s3.us-east-1",SRX4066343,Illumina MiSeq,UCD.11.00057,PAIRED,METAGENOMIC,gut metagenome,ILLUMINA,5/9/2018 20:00,5/10/2018 12:49,NA,Neg,SRP145364,Duck,NorthernShoveler,SRR7146608,Duck,Duck,Wild,Neg,NA,USA,North America,"USA:California\,Sacramento\,GlennCounty\,NationalWildlifeRefuge",cloacal swab,missing,10.1128/mSphere.00382-18,NA,NA,NA,NA,NA,NA,NA,NA,NA,NA,NA,NA,NA,NA,NA,NA,NA,NA,NA,NA,NA,NA,NA,NA,NA,NA,NA,NA,NA,NA,NA,NA,NA,NA,NA,NA,NA,NA,NA,NA,NA,NA,NA,NA,NA,NA,NA,1/29/2011,Anas,"CommonName:NorthernShoveler,TestforInfluenzaVirus:M.RTPCR,IDforMatching:UCD11.00057.P",Acly_neg_SNWR_Jan2011_0,neg,FW,U,neg,neg_neg,Anas,Anasclypeata,"SacramentoNationalWildlifeRefuge,GlennCounty",FW_1011,filter,M,Neg_FW_1011_Anasclypeata,Duck_Neg
AMPLICON,250,19363000,PRJNA464410,SAMN09104179,Metagenome or environmental,12688817,UC DAVIS,public,"fastq,run.zq,sra","gs,ncbi,s3","gs.us-east1,ncbi.public,s3.us-east-1",SRX4066341,Illumina MiSeq,UCD.11.00049,PAIRED,METAGENOMIC,gut metagenome,ILLUMINA,5/9/2018 20:00,5/10/2018 12:49,NA,Neg,SRP145364,Duck,NorthernPintail,SRR7146610,Duck,Duck,Wild,Neg,NA,USA,North America,"USA:California\,Sacramento\,GlennCounty\,NationalWildlifeRefuge",cloacal swab,missing,10.1128/mSphere.00382-18,NA,NA,NA,NA,NA,NA,NA,NA,NA,NA,NA,NA,NA,NA,NA,NA,NA,NA,NA,NA,NA,NA,NA,NA,NA,NA,NA,NA,NA,NA,NA,NA,NA,NA,NA,NA,NA,NA,NA,NA,NA,NA,NA,NA,NA,NA,NA,1/29/2011,Anas,"CommonName:NorthernPintailTestforInfluenzaVirus:M.RTPCR,IDforMatching:UCD11.00049.P",Aacu_neg_SNWR_Jan2011_9,neg,FW,U,neg,neg_neg,Anas,Anasacuta,"SacramentoNationalWildlifeRefuge,GlennCounty",FW_1011,dabbling,M,Neg_FW_1011_Anasacuta,Duck_Neg
AMPLICON,250,35363000,PRJNA464410,SAMN09104182,Metagenome or environmental,22581070,UC DAVIS,public,"fastq,run.zq,sra","gs,ncbi,s3","gs.us-east1,ncbi.public,s3.us-east-1",SRX4066340,Illumina MiSeq,UCD.11.00093,PAIRED,METAGENOMIC,gut metagenome,ILLUMINA,5/9/2018 20:00,5/10/2018 12:49,NA,Neg,SRP145364,Duck,NorthernPintail,SRR7146611,Duck,Duck,Wild,Neg,NA,USA,North America,"USA:California\,Sacramento\,GlennCounty\,NationalWildlifeRefuge",cloacal swab,missing,10.1128/mSphere.00382-18,NA,NA,NA,NA,NA,NA,NA,NA,NA,NA,NA,NA,NA,NA,NA,NA,NA,NA,NA,NA,NA,NA,NA,NA,NA,NA,NA,NA,NA,NA,NA,NA,NA,NA,NA,NA,NA,NA,NA,NA,NA,NA,NA,NA,NA,NA,NA,1/19/2011,Anas,"CommonName:NorthernPintailTestforInfluenzaVirus:M.RTPCR,IDforMatching:UCD11.00093.P",Aacu_neg_SNWR_Jan2011_0,neg,FW,U,neg,neg_neg,Anas,Anasacuta,"SacramentoNationalWildlifeRefuge,GlennCounty",FW_1011,dabbling,M,Neg_FW_1011_Anasacuta,Duck_Neg
AMPLICON,250,23205000,PRJNA464410,SAMN09104183,Metagenome or environmental,14446282,UC DAVIS,public,"fastq,run.zq,sra","gs,ncbi,s3","gs.us-east1,ncbi.public,s3.us-east-1",SRX4066339,Illumina MiSeq,UCD.11.02521,PAIRED,METAGENOMIC,gut metagenome,ILLUMINA,5/9/2018 20:00,5/10/2018 12:49,NA,Pos,SRP145364,Duck,Mallard,SRR7146612,Duck,Duck,Wild,Pos,NA,USA,North America,"USA:California\,SolanoCounty\,GrizzlyIslandWildlifeArea(GIWA)",cloacal swab,missing,10.1128/mSphere.00382-18,NA,NA,NA,NA,NA,NA,NA,NA,NA,NA,NA,NA,NA,NA,NA,NA,NA,NA,NA,NA,NA,NA,NA,NA,NA,NA,NA,NA,NA,NA,NA,NA,NA,NA,NA,NA,NA,NA,NA,NA,NA,NA,NA,NA,NA,NA,NA,8/12/2011,Anas,"CommonName:Mallard,TestforInfluenzaVirus:M.RTPCR.VI,IDforMatching:UCD11.02521.P",Apla_H3N8_GIWA_Aug2011_1,3,S,H,8,3_8,Anas,Anasplatyrhynchos,"GrizzlyIslandWildlifeArea(GIWA),SolanoCounty",S_11,dabbling,F,Pos_S_11_Anasplatyrhynchos,Duck_Pos
AMPLICON,250,23693000,PRJNA464410,SAMN09104038,Metagenome or environmental,13821528,UC DAVIS,public,"fastq,run.zq,sra","gs,ncbi,s3","gs.us-east1,ncbi.public,s3.us-east-1",SRX4066338,Illumina MiSeq,UCD.08.8536,PAIRED,METAGENOMIC,gut metagenome,ILLUMINA,5/9/2018 20:00,5/10/2018 12:49,NA,Pos,SRP145364,Duck,NorthernShoveler,SRR7146613,Duck,Duck,Wild,Pos,NA,USA,North America,"USA:California\,Sacramento\,GlennCounty\,NationalWildlifeRefuge",cloacal swab,missing,10.1128/mSphere.00382-18,NA,NA,NA,NA,NA,NA,NA,NA,NA,NA,NA,NA,NA,NA,NA,NA,NA,NA,NA,NA,NA,NA,NA,NA,NA,NA,NA,NA,NA,NA,NA,NA,NA,NA,NA,NA,NA,NA,NA,NA,NA,NA,NA,NA,NA,NA,NA,10/25/2008,Anas,"CommonName:NorthernShoveler,TestforInfluenzaVirus:M.RTPCR.VI,IDforMatching:UCD08.8536.V",Acly_H6N1_SNWR_Oct2008_3,6,FW,H,1,6_1,Anas,Anasclypeata,"SacramentoNationalWildlifeRefuge,GlennCounty",FW_0809,filter,M,Pos_FW_0809_Anasclypeata,Duck_Pos
AMPLICON,250,22415000,PRJNA464410,SAMN09104223,Metagenome or environmental,13340515,UC DAVIS,public,"fastq,run.zq,sra","gs,ncbi,s3","gs.us-east1,ncbi.public,s3.us-east-1",SRX4066337,Illumina MiSeq,UCD.12.02723.P,PAIRED,METAGENOMIC,gut metagenome,ILLUMINA,5/9/2018 20:00,5/10/2018 12:49,NA,Neg,SRP145364,Duck,Mallard,SRR7146614,Duck,Duck,Wild,Neg,NA,USA,North America,"USA:California\,SolanoCounty\,GrizzlyIslandWildlifeArea(GIWA)",cloacal swab,missing,10.1128/mSphere.00382-18,NA,NA,NA,NA,NA,NA,NA,NA,NA,NA,NA,NA,NA,NA,NA,NA,NA,NA,NA,NA,NA,NA,NA,NA,NA,NA,NA,NA,NA,NA,NA,NA,NA,NA,NA,NA,NA,NA,NA,NA,NA,NA,NA,NA,NA,NA,NA,7/9/2012,Anas,"CommonName:Mallard,TestforInfluenzaVirus:M.RTPCR,IDforMatching:UCD12.02723.P",Apla_neg_GIWA_Jul2012_3,neg,S,H,neg,neg_neg,Anas,Anasplatyrhynchos,"GrizzlyIslandWildlifeArea(GIWA),SolanoCounty",S_12,dabbling,U,Neg_S_12_Anasplatyrhynchos,Duck_Neg
AMPLICON,250,11325000,PRJNA464410,SAMN09104222,Metagenome or environmental,7618428,UC DAVIS,public,"fastq,run.zq,sra","gs,ncbi,s3","gs.us-east1,ncbi.public,s3.us-east-1",SRX4066336,Illumina MiSeq,UCD.12.02722.P,PAIRED,METAGENOMIC,gut metagenome,ILLUMINA,5/9/2018 20:00,5/10/2018 12:49,NA,Neg,SRP145364,Duck,Mallard,SRR7146615,Duck,Duck,Wild,Neg,NA,USA,North America,"USA:California\,SolanoCounty\,GrizzlyIslandWildlifeArea(GIWA)",cloacal swab,missing,10.1128/mSphere.00382-18,NA,NA,NA,NA,NA,NA,NA,NA,NA,NA,NA,NA,NA,NA,NA,NA,NA,NA,NA,NA,NA,NA,NA,NA,NA,NA,NA,NA,NA,NA,NA,NA,NA,NA,NA,NA,NA,NA,NA,NA,NA,NA,NA,NA,NA,NA,NA,7/9/2012,Anas,"CommonName:Mallard,TestforInfluenzaVirus:M.RTPCR,IDforMatching:UCD12.02722.P",Apla_neg_GIWA_Jul2012_2,neg,S,H,neg,neg_neg,Anas,Anasplatyrhynchos,"GrizzlyIslandWildlifeArea(GIWA),SolanoCounty",S_12,dabbling,M,Neg_S_12_Anasplatyrhynchos,Duck_Neg
AMPLICON,250,19845500,PRJNA464410,SAMN09104283,Metagenome or environmental,12813609,UC DAVIS,public,"fastq,run.zq,sra","gs,ncbi,s3","gs.us-east1,ncbi.public,s3.us-east-1",SRX4066335,Illumina MiSeq,UCD.13.01395.VB.H5,PAIRED,METAGENOMIC,gut metagenome,ILLUMINA,5/9/2018 20:00,5/10/2018 12:49,NA,Pos,SRP145364,Duck,Mallard,SRR7146616,Duck,Duck,Wild,Pos,NA,USA,North America,"USA:California\,SolanoCounty\,GrizzlyIslandWildlifeArea(GIWA)",cloacal swab,missing,10.1128/mSphere.00382-18,NA,NA,NA,NA,NA,NA,NA,NA,NA,NA,NA,NA,NA,NA,NA,NA,NA,NA,NA,NA,NA,NA,NA,NA,NA,NA,NA,NA,NA,NA,NA,NA,NA,NA,NA,NA,NA,NA,NA,NA,NA,NA,NA,NA,NA,NA,NA,7/23/2013,Anas,"CommonName:Mallard,TestforInfluenzaVirus:M.RTPCR.VI,IDforMatching:UCD13.01395.V",Apla_H5N5_GIWA_Jul2013_7,5,S,H,5,5_5,Anas,Anasplatyrhynchos,"GrizzlyIslandWildlifeArea(GIWA),SolanoCounty",S_13,dabbling,M,Pos_S_13_Anasplatyrhynchos,Duck_Pos
AMPLICON,250,16092500,PRJNA464410,SAMN09104282,Metagenome or environmental,10705429,UC DAVIS,public,"fastq,run.zq,sra","gs,ncbi,s3","gs.us-east1,ncbi.public,s3.us-east-1",SRX4066334,Illumina MiSeq,UCD.13.01392.VB.H5,PAIRED,METAGENOMIC,gut metagenome,ILLUMINA,5/9/2018 20:00,5/10/2018 12:50,NA,Pos,SRP145364,Duck,Mallard,SRR7146617,Duck,Duck,Wild,Pos,NA,USA,North America,"USA:California\,SolanoCounty\,GrizzlyIslandWildlifeArea(GIWA)",cloacal swab,missing,10.1128/mSphere.00382-18,NA,NA,NA,NA,NA,NA,NA,NA,NA,NA,NA,NA,NA,NA,NA,NA,NA,NA,NA,NA,NA,NA,NA,NA,NA,NA,NA,NA,NA,NA,NA,NA,NA,NA,NA,NA,NA,NA,NA,NA,NA,NA,NA,NA,NA,NA,NA,7/23/2013,Anas,"CommonName:Mallard,TestforInfluenzaVirus:M.RTPCR.VI,IDforMatching:UCD13.01392.V",Apla_H5N5_GIWA_Jul2013_6,5,S,H,5,5_5,Anas,Anasplatyrhynchos,"GrizzlyIslandWildlifeArea(GIWA),SolanoCounty",S_13,dabbling,M,Pos_S_13_Anasplatyrhynchos,Duck_Pos
AMPLICON,250,11800500,PRJNA464410,SAMN09104242,Metagenome or environmental,7890162,UC DAVIS,public,"fastq,run.zq,sra","gs,ncbi,s3","gs.us-east1,ncbi.public,s3.us-east-1",SRX4066333,Illumina MiSeq,UCD.12.02841.VA.H2,PAIRED,METAGENOMIC,gut metagenome,ILLUMINA,5/9/2018 20:00,5/10/2018 12:50,NA,Pos,SRP145364,Duck,Mallard,SRR7146618,Duck,Duck,Wild,Pos,NA,USA,North America,"USA:California\,SolanoCounty\,GrizzlyIslandWildlifeArea(GIWA)",cloacal swab,missing,10.1128/mSphere.00382-18,NA,NA,NA,NA,NA,NA,NA,NA,NA,NA,NA,NA,NA,NA,NA,NA,NA,NA,NA,NA,NA,NA,NA,NA,NA,NA,NA,NA,NA,NA,NA,NA,NA,NA,NA,NA,NA,NA,NA,NA,NA,NA,NA,NA,NA,NA,NA,7/16/2012,Anas,"CommonName:Mallard,TestforInfluenzaVirus:VI,IDforMatching:UCD12.02841.V",Apla_H2N3_GIWA_Jul2012_7,2,S,H,3,2_3,Anas,Anasplatyrhynchos,"GrizzlyIslandWildlifeArea(GIWA),SolanoCounty",S_12,dabbling,M,Pos_S_12_Anasplatyrhynchos,Duck_Pos
AMPLICON,250,10516000,PRJNA464410,SAMN09104086,Metagenome or environmental,6819829,UC DAVIS,public,"fastq,run.zq,sra","gs,ncbi,s3","gs.us-east1,ncbi.public,s3.us-east-1",SRX4066332,Illumina MiSeq,UCD.09.05282,PAIRED,METAGENOMIC,gut metagenome,ILLUMINA,5/9/2018 20:00,5/10/2018 12:50,NA,Pos,SRP145364,Duck,Mallard,SRR7146619,Duck,Duck,Wild,Pos,NA,USA,North America,"USA:California\,SolanoCounty\,SuisunMarsh/ArnoldRanch",cloacal swab,missing,10.1128/mSphere.00382-18,NA,NA,NA,NA,NA,NA,NA,NA,NA,NA,NA,NA,NA,NA,NA,NA,NA,NA,NA,NA,NA,NA,NA,NA,NA,NA,NA,NA,NA,NA,NA,NA,NA,NA,NA,NA,NA,NA,NA,NA,NA,NA,NA,NA,NA,NA,NA,7/29/2009,Anas,"CommonName:Mallard,TestforInfluenzaVirus:VI,IDforMatching:UCD09.05282.V",Apla_H3.4N2.8_SMAR_Jul2009_1,3.4,S,H,2.8,3.4_2.8,Anas,Anasplatyrhynchos,"SuisunMarsh/ArnoldRanch,SolanoCounty",S_09,dabbling,M,Pos_S_09_Anasplatyrhynchos,Duck_Pos
AMPLICON,250,12170000,PRJNA464410,SAMN09104285,Metagenome or environmental,8112377,UC DAVIS,public,"fastq,run.zq,sra","gs,ncbi,s3","gs.us-east1,ncbi.public,s3.us-east-1",SRX4066331,Illumina MiSeq,UCD.13.01397.VB.H5,PAIRED,METAGENOMIC,gut metagenome,ILLUMINA,5/9/2018 20:00,5/10/2018 12:50,NA,Pos,SRP145364,Duck,Mallard,SRR7146620,Duck,Duck,Wild,Pos,NA,USA,North America,"USA:California\,SolanoCounty\,GrizzlyIslandWildlifeArea(GIWA)",cloacal swab,missing,10.1128/mSphere.00382-18,NA,NA,NA,NA,NA,NA,NA,NA,NA,NA,NA,NA,NA,NA,NA,NA,NA,NA,NA,NA,NA,NA,NA,NA,NA,NA,NA,NA,NA,NA,NA,NA,NA,NA,NA,NA,NA,NA,NA,NA,NA,NA,NA,NA,NA,NA,NA,7/23/2013,Anas,"CommonName:Mallard,TestforInfluenzaVirus:M.RTPCR.VI,IDforMatching:UCD13.01397.V",Apla_H5N5_GIWA_Jul2013_8,5,S,H,5,5_5,Anas,Anasplatyrhynchos,"GrizzlyIslandWildlifeArea(GIWA),SolanoCounty",S_13,dabbling,M,Pos_S_13_Anasplatyrhynchos,Duck_Pos
AMPLICON,250,13428000,PRJNA464410,SAMN09104274,Metagenome or environmental,8351405,UC DAVIS,public,"fastq,run.zq,sra","gs,ncbi,s3","gs.us-east1,ncbi.public,s3.us-east-1",SRX4066329,Illumina MiSeq,UCD.13.01357.VB.H5,PAIRED,METAGENOMIC,gut metagenome,ILLUMINA,5/9/2018 20:00,5/10/2018 12:50,NA,Pos,SRP145364,Duck,Mallard,SRR7146622,Duck,Duck,Wild,Pos,NA,USA,North America,"USA:California\,SolanoCounty\,GrizzlyIslandWildlifeArea(GIWA)",cloacal swab,missing,10.1128/mSphere.00382-18,NA,NA,NA,NA,NA,NA,NA,NA,NA,NA,NA,NA,NA,NA,NA,NA,NA,NA,NA,NA,NA,NA,NA,NA,NA,NA,NA,NA,NA,NA,NA,NA,NA,NA,NA,NA,NA,NA,NA,NA,NA,NA,NA,NA,NA,NA,NA,7/22/2013,Anas,"CommonName:Mallard,TestforInfluenzaVirus:M.RTPCR.VI,IDforMatching:UCD13.01357.V",Apla_H5N5_GIWA_Jul2013_1,5,S,H,5,5_5,Anas,Anasplatyrhynchos,"GrizzlyIslandWildlifeArea(GIWA),SolanoCounty",S_13,dabbling,F,Pos_S_13_Anasplatyrhynchos,Duck_Pos
AMPLICON,250,14856500,PRJNA464410,SAMN09104277,Metagenome or environmental,9541896,UC DAVIS,public,"fastq,run.zq,sra","gs,ncbi,s3","gs.us-east1,ncbi.public,s3.us-east-1",SRX4066328,Illumina MiSeq,UCD.13.01370.VA.H5,PAIRED,METAGENOMIC,gut metagenome,ILLUMINA,5/9/2018 20:00,5/10/2018 12:50,NA,Pos,SRP145364,Duck,Mallard,SRR7146623,Duck,Duck,Wild,Pos,NA,USA,North America,"USA:California\,SolanoCounty\,GrizzlyIslandWildlifeArea(GIWA)",cloacal swab,missing,10.1128/mSphere.00382-18,NA,NA,NA,NA,NA,NA,NA,NA,NA,NA,NA,NA,NA,NA,NA,NA,NA,NA,NA,NA,NA,NA,NA,NA,NA,NA,NA,NA,NA,NA,NA,NA,NA,NA,NA,NA,NA,NA,NA,NA,NA,NA,NA,NA,NA,NA,NA,7/22/2013,Anas,"CommonName:Mallard,TestforInfluenzaVirus:M.RTPCR.VI,IDforMatching:UCD13.01370.V",Apla_H5N5_GIWA_Jul2013_2,5,S,H,5,5_5,Anas,Anasplatyrhynchos,"GrizzlyIslandWildlifeArea(GIWA),SolanoCounty",S_13,dabbling,F,Pos_S_13_Anasplatyrhynchos,Duck_Pos
AMPLICON,250,14690000,PRJNA464410,SAMN09104276,Metagenome or environmental,9665562,UC DAVIS,public,"fastq,run.zq,sra","gs,ncbi,s3","gs.us-east1,ncbi.public,s3.us-east-1",SRX4066327,Illumina MiSeq,UCD.13.01369.VB.H4,PAIRED,METAGENOMIC,gut metagenome,ILLUMINA,5/9/2018 20:00,5/10/2018 12:50,NA,Pos,SRP145364,Duck,Mallard,SRR7146624,Duck,Duck,Wild,Pos,NA,USA,North America,"USA:California\,SolanoCounty\,GrizzlyIslandWildlifeArea(GIWA)",cloacal swab,missing,10.1128/mSphere.00382-18,NA,NA,NA,NA,NA,NA,NA,NA,NA,NA,NA,NA,NA,NA,NA,NA,NA,NA,NA,NA,NA,NA,NA,NA,NA,NA,NA,NA,NA,NA,NA,NA,NA,NA,NA,NA,NA,NA,NA,NA,NA,NA,NA,NA,NA,NA,NA,7/22/2013,Anas,"CommonName:Mallard,TestforInfluenzaVirus:M.RTPCR.VI,IDforMatching:UCD13.01369.V",Apla_H4N6_GIWA_Jul2013_6,4,S,H,6,4_6,Anas,Anasplatyrhynchos,"GrizzlyIslandWildlifeArea(GIWA),SolanoCounty",S_13,dabbling,F,Pos_S_13_Anasplatyrhynchos,Duck_Pos
AMPLICON,250,30007500,PRJNA464410,SAMN09104279,Metagenome or environmental,19496820,UC DAVIS,public,"fastq,run.zq,sra","gs,ncbi,s3","gs.us-east1,ncbi.public,s3.us-east-1",SRX4066326,Illumina MiSeq,UCD.13.01375.VA.H5,PAIRED,METAGENOMIC,gut metagenome,ILLUMINA,5/9/2018 20:00,5/10/2018 12:50,NA,Pos,SRP145364,Duck,Mallard,SRR7146625,Duck,Duck,Wild,Pos,NA,USA,North America,"USA:California\,SolanoCounty\,GrizzlyIslandWildlifeArea(GIWA)",cloacal swab,missing,10.1128/mSphere.00382-18,NA,NA,NA,NA,NA,NA,NA,NA,NA,NA,NA,NA,NA,NA,NA,NA,NA,NA,NA,NA,NA,NA,NA,NA,NA,NA,NA,NA,NA,NA,NA,NA,NA,NA,NA,NA,NA,NA,NA,NA,NA,NA,NA,NA,NA,NA,NA,7/22/2013,Anas,"CommonName:Mallard,TestforInfluenzaVirus:M.RTPCR.VI,IDforMatching:UCD13.01375.V",Apla_H5N5_GIWA_Jul2013_4,5,S,H,5,5_5,Anas,Anasplatyrhynchos,"GrizzlyIslandWildlifeArea(GIWA),SolanoCounty",S_13,dabbling,F,Pos_S_13_Anasplatyrhynchos,Duck_Pos
AMPLICON,250,15632000,PRJNA464410,SAMN09104278,Metagenome or environmental,10418959,UC DAVIS,public,"fastq,run.zq,sra","gs,ncbi,s3","gs.us-east1,ncbi.public,s3.us-east-1",SRX4066325,Illumina MiSeq,UCD.13.01371.VA.H5,PAIRED,METAGENOMIC,gut metagenome,ILLUMINA,5/9/2018 20:00,5/10/2018 12:50,NA,Pos,SRP145364,Duck,Mallard,SRR7146626,Duck,Duck,Wild,Pos,NA,USA,North America,"USA:California\,SolanoCounty\,GrizzlyIslandWildlifeArea(GIWA)",cloacal swab,missing,10.1128/mSphere.00382-18,NA,NA,NA,NA,NA,NA,NA,NA,NA,NA,NA,NA,NA,NA,NA,NA,NA,NA,NA,NA,NA,NA,NA,NA,NA,NA,NA,NA,NA,NA,NA,NA,NA,NA,NA,NA,NA,NA,NA,NA,NA,NA,NA,NA,NA,NA,NA,7/22/2013,Anas,"CommonName:Mallard,TestforInfluenzaVirus:M.RTPCR.VI,IDforMatching:UCD13.01371.V",Apla_H5N5_GIWA_Jul2013_3,5,S,H,5,5_5,Anas,Anasplatyrhynchos,"GrizzlyIslandWildlifeArea(GIWA),SolanoCounty",S_13,dabbling,F,Pos_S_13_Anasplatyrhynchos,Duck_Pos
AMPLICON,250,16600500,PRJNA464410,SAMN09104281,Metagenome or environmental,10939819,UC DAVIS,public,"fastq,run.zq,sra","gs,ncbi,s3","gs.us-east1,ncbi.public,s3.us-east-1",SRX4066324,Illumina MiSeq,UCD.13.01386.VB.H5,PAIRED,METAGENOMIC,gut metagenome,ILLUMINA,5/9/2018 20:00,5/10/2018 12:50,NA,Neg,SRP145364,Duck,Mallard,SRR7146627,Duck,Duck,Wild,Neg,NA,USA,North America,"USA:California\,SolanoCounty\,GrizzlyIslandWildlifeArea(GIWA)",cloacal swab,missing,10.1128/mSphere.00382-18,NA,NA,NA,NA,NA,NA,NA,NA,NA,NA,NA,NA,NA,NA,NA,NA,NA,NA,NA,NA,NA,NA,NA,NA,NA,NA,NA,NA,NA,NA,NA,NA,NA,NA,NA,NA,NA,NA,NA,NA,NA,NA,NA,NA,NA,NA,NA,7/23/2013,Anas,"CommonName:Mallard,TestforInfluenzaVirus:M.RTPCR,IDforMatching:UCD13.01386.V",Apla_neg_GIWA_Jul2013_0,neg,S,H,neg,neg_neg,Anas,Anasplatyrhynchos,"GrizzlyIslandWildlifeArea(GIWA),SolanoCounty",S_13,dabbling,F,Neg_S_13_Anasplatyrhynchos,Duck_Neg
AMPLICON,250,14684000,PRJNA464410,SAMN09104280,Metagenome or environmental,9576745,UC DAVIS,public,"fastq,run.zq,sra","gs,ncbi,s3","gs.us-east1,ncbi.public,s3.us-east-1",SRX4066323,Illumina MiSeq,UCD.13.01376.VB.H5,PAIRED,METAGENOMIC,gut metagenome,ILLUMINA,5/9/2018 20:00,5/10/2018 12:50,NA,Pos,SRP145364,Duck,Mallard,SRR7146628,Duck,Duck,Wild,Pos,NA,USA,North America,"USA:California\,SolanoCounty\,GrizzlyIslandWildlifeArea(GIWA)",cloacal swab,missing,10.1128/mSphere.00382-18,NA,NA,NA,NA,NA,NA,NA,NA,NA,NA,NA,NA,NA,NA,NA,NA,NA,NA,NA,NA,NA,NA,NA,NA,NA,NA,NA,NA,NA,NA,NA,NA,NA,NA,NA,NA,NA,NA,NA,NA,NA,NA,NA,NA,NA,NA,NA,7/22/2013,Anas,"CommonName:Mallard,TestforInfluenzaVirus:M.RTPCR.VI,IDforMatching:UCD13.01376.V",Apla_H5N5_GIWA_Jul2013_5,5,S,H,5,5_5,Anas,Anasplatyrhynchos,"GrizzlyIslandWildlifeArea(GIWA),SolanoCounty",S_13,dabbling,F,Pos_S_13_Anasplatyrhynchos,Duck_Pos
AMPLICON,250,31326500,PRJNA464410,SAMN09104291,Metagenome or environmental,19561521,UC DAVIS,public,"fastq,run.zq,sra","gs,ncbi,s3","gs.us-east1,ncbi.public,s3.us-east-1",SRX4066322,Illumina MiSeq,WHC.JN.US07.1658,PAIRED,METAGENOMIC,gut metagenome,ILLUMINA,5/9/2018 20:00,5/10/2018 12:50,NA,Neg,SRP145364,Duck,NorthernShoveler,SRR7146629,Duck,Duck,Wild,Neg,NA,USA,North America,"USA:California\,Sacramento\,GlennCounty\,NationalWildlifeRefuge",cloacal swab,missing,10.1128/mSphere.00382-18,NA,NA,NA,NA,NA,NA,NA,NA,NA,NA,NA,NA,NA,NA,NA,NA,NA,NA,NA,NA,NA,NA,NA,NA,NA,NA,NA,NA,NA,NA,NA,NA,NA,NA,NA,NA,NA,NA,NA,NA,NA,NA,NA,NA,NA,NA,NA,1/9/2008,Anas,"CommonName:NorthernShoveler,TestforInfluenzaVirus:VI,IDforMatching:WHC.JN.US07.1658",Acly_neg_SNWR_Jan2008_2,neg,FW,A,neg,neg_neg,Anas,Anasclypeata,"SacramentoNationalWildlifeRefuge,GlennCounty",FW_0708,filter,M,Neg_FW_0708_Anasclypeata,Duck_Neg
AMPLICON,250,15492000,PRJNA464410,SAMN09104162,Metagenome or environmental,9802326,UC DAVIS,public,"fastq,run.zq,sra","gs,ncbi,s3","gs.us-east1,ncbi.public,s3.us-east-1",SRX4066321,Illumina MiSeq,UCD.10.04569,PAIRED,METAGENOMIC,gut metagenome,ILLUMINA,5/9/2018 20:00,5/10/2018 12:50,NA,Neg,SRP145364,Duck,NorthernPintail,SRR7146630,Duck,Duck,Wild,Neg,NA,USA,North America,"USA:California\,Sacramento\,GlennCounty\,NationalWildlifeRefuge",cloacal swab,missing,10.1128/mSphere.00382-18,NA,NA,NA,NA,NA,NA,NA,NA,NA,NA,NA,NA,NA,NA,NA,NA,NA,NA,NA,NA,NA,NA,NA,NA,NA,NA,NA,NA,NA,NA,NA,NA,NA,NA,NA,NA,NA,NA,NA,NA,NA,NA,NA,NA,NA,NA,NA,1/19/2011,Anas,"CommonName:NorthernPintailTestforInfluenzaVirus:M.RTPCR,IDforMatching:UCD10.04569.P",Aacu_neg_SNWR_Jan2011_3,neg,FW,U,neg,neg_neg,Anas,Anasacuta,"SacramentoNationalWildlifeRefuge,GlennCounty",FW_1011,dabbling,M,Neg_FW_1011_Anasacuta,Duck_Neg
AMPLICON,250,9808500,PRJNA464410,SAMN09104163,Metagenome or environmental,6358067,UC DAVIS,public,"fastq,run.zq,sra","gs,ncbi,s3","gs.us-east1,ncbi.public,s3.us-east-1",SRX4066320,Illumina MiSeq,UCD.10.1188.CV,PAIRED,METAGENOMIC,gut metagenome,ILLUMINA,5/9/2018 20:00,5/10/2018 12:50,NA,Pos,SRP145364,Duck,Mallard,SRR7146631,Duck,Duck,Wild,Pos,NA,USA,North America,"USA:California\,SolanoCounty\,GrizzlyIslandWildlifeArea(GIWA)",cloacal swab,missing,10.1128/mSphere.00382-18,NA,NA,NA,NA,NA,NA,NA,NA,NA,NA,NA,NA,NA,NA,NA,NA,NA,NA,NA,NA,NA,NA,NA,NA,NA,NA,NA,NA,NA,NA,NA,NA,NA,NA,NA,NA,NA,NA,NA,NA,NA,NA,NA,NA,NA,NA,NA,7/29/2010,Anas,"CommonName:Mallard,TestforInfluenzaVirus:VI,IDforMatching:UCD10.01188.CV",Apla_H4N6_GIWA_Jul2010_2,4,S,H,6,4_6,Anas,Anasplatyrhynchos,"GrizzlyIslandWildlifeArea(GIWA),SolanoCounty",S_10,dabbling,F,Pos_S_10_Anasplatyrhynchos,Duck_Pos
AMPLICON,250,23057500,PRJNA464410,SAMN09104294,Metagenome or environmental,14939693,UC DAVIS,public,"fastq,run.zq,sra","gs,ncbi,s3","gs.us-east1,ncbi.public,s3.us-east-1",SRX4066319,Illumina MiSeq,WHC.JN.US07.1678,PAIRED,METAGENOMIC,gut metagenome,ILLUMINA,5/9/2018 20:00,5/10/2018 12:50,NA,Neg,SRP145364,Duck,NorthernShoveler,SRR7146632,Duck,Duck,Wild,Neg,NA,USA,North America,"USA:California\,Sacramento\,GlennCounty\,NationalWildlifeRefuge",cloacal swab,missing,10.1128/mSphere.00382-18,NA,NA,NA,NA,NA,NA,NA,NA,NA,NA,NA,NA,NA,NA,NA,NA,NA,NA,NA,NA,NA,NA,NA,NA,NA,NA,NA,NA,NA,NA,NA,NA,NA,NA,NA,NA,NA,NA,NA,NA,NA,NA,NA,NA,NA,NA,NA,1/9/2008,Anas,"CommonName:NorthernShoveler,TestforInfluenzaVirus:VI,IDforMatching:WHC.JN.US07.1678",Acly_neg_SNWR_Jan2008_5,neg,FW,A,neg,neg_neg,Anas,Anasclypeata,"SacramentoNationalWildlifeRefuge,GlennCounty",FW_0708,filter,M,Neg_FW_0708_Anasclypeata,Duck_Neg
AMPLICON,250,10910500,PRJNA464410,SAMN09104158,Metagenome or environmental,7096424,UC DAVIS,public,"fastq,run.zq,sra","gs,ncbi,s3","gs.us-east1,ncbi.public,s3.us-east-1",SRX4066318,Illumina MiSeq,UCD.10.03676.V,PAIRED,METAGENOMIC,gut metagenome,ILLUMINA,5/9/2018 20:00,5/10/2018 12:50,NA,Pos,SRP145364,Duck,NorthernShoveler,SRR7146633,Duck,Duck,Wild,Pos,NA,USA,North America,"USA:California\,Sacramento\,GlennCounty\,NationalWildlifeRefuge",cloacal swab,missing,10.1128/mSphere.00382-18,NA,NA,NA,NA,NA,NA,NA,NA,NA,NA,NA,NA,NA,NA,NA,NA,NA,NA,NA,NA,NA,NA,NA,NA,NA,NA,NA,NA,NA,NA,NA,NA,NA,NA,NA,NA,NA,NA,NA,NA,NA,NA,NA,NA,NA,NA,NA,12/15/2010,Anas,"CommonName:NorthernShoveler,TestforInfluenzaVirus:VI,IDforMatching:UCD10.03676.V",Acly_H8.1N2.7_SNWR_Dec2010_1,8.1,FW,U,2.7,8.1_2.7,Anas,Anasclypeata,"SacramentoNationalWildlifeRefuge,GlennCounty",FW_1011,filter,M,Pos_FW_1011_Anasclypeata,Duck_Pos
AMPLICON,250,11588500,PRJNA464410,SAMN09104160,Metagenome or environmental,7568609,UC DAVIS,public,"fastq,run.zq,sra","gs,ncbi,s3","gs.us-east1,ncbi.public,s3.us-east-1",SRX4066316,Illumina MiSeq,UCD.10.04563,PAIRED,METAGENOMIC,gut metagenome,ILLUMINA,5/9/2018 20:00,5/10/2018 12:50,NA,Neg,SRP145364,Duck,NorthernPintail,SRR7146635,Duck,Duck,Wild,Neg,NA,USA,North America,"USA:California\,Sacramento\,GlennCounty\,NationalWildlifeRefuge",cloacal swab,missing,10.1128/mSphere.00382-18,NA,NA,NA,NA,NA,NA,NA,NA,NA,NA,NA,NA,NA,NA,NA,NA,NA,NA,NA,NA,NA,NA,NA,NA,NA,NA,NA,NA,NA,NA,NA,NA,NA,NA,NA,NA,NA,NA,NA,NA,NA,NA,NA,NA,NA,NA,NA,1/19/2011,Anas,"CommonName:NorthernPintailTestforInfluenzaVirus:M.RTPCR,IDforMatching:UCD10.04563.P",Aacu_neg_SNWR_Jan2011_1,neg,FW,U,neg,neg_neg,Anas,Anasacuta,"SacramentoNationalWildlifeRefuge,GlennCounty",FW_1011,dabbling,M,Neg_FW_1011_Anasacuta,Duck_Neg
AMPLICON,250,11778500,PRJNA464410,SAMN09104161,Metagenome or environmental,7676483,UC DAVIS,public,"fastq,run.zq,sra","gs,ncbi,s3","gs.us-east1,ncbi.public,s3.us-east-1",SRX4066315,Illumina MiSeq,UCD.10.04568,PAIRED,METAGENOMIC,gut metagenome,ILLUMINA,5/9/2018 20:00,5/10/2018 12:50,NA,Neg,SRP145364,Duck,NorthernPintail,SRR7146636,Duck,Duck,Wild,Neg,NA,USA,North America,"USA:California\,Sacramento\,GlennCounty\,NationalWildlifeRefuge",cloacal swab,missing,10.1128/mSphere.00382-18,NA,NA,NA,NA,NA,NA,NA,NA,NA,NA,NA,NA,NA,NA,NA,NA,NA,NA,NA,NA,NA,NA,NA,NA,NA,NA,NA,NA,NA,NA,NA,NA,NA,NA,NA,NA,NA,NA,NA,NA,NA,NA,NA,NA,NA,NA,NA,1/19/2011,Anas,"CommonName:NorthernPintailTestforInfluenzaVirus:M.RTPCR,IDforMatching:UCD10.04568.P",Aacu_neg_SNWR_Jan2011_2,neg,FW,U,neg,neg_neg,Anas,Anasacuta,"SacramentoNationalWildlifeRefuge,GlennCounty",FW_1011,dabbling,M,Neg_FW_1011_Anasacuta,Duck_Neg
AMPLICON,250,15674000,PRJNA464410,SAMN09104154,Metagenome or environmental,10184106,UC DAVIS,public,"fastq,run.zq,sra","gs,ncbi,s3","gs.us-east1,ncbi.public,s3.us-east-1",SRX4066314,Illumina MiSeq,UCD.10.03452.CP,PAIRED,METAGENOMIC,gut metagenome,ILLUMINA,5/9/2018 20:00,5/10/2018 12:50,NA,Pos,SRP145364,Duck,NorthernPintail,SRR7146637,Duck,Duck,Wild,Pos,NA,USA,North America,"USA:California\,Sacramento\,GlennCounty\,NationalWildlifeRefuge",cloacal swab,missing,10.1128/mSphere.00382-18,NA,NA,NA,NA,NA,NA,NA,NA,NA,NA,NA,NA,NA,NA,NA,NA,NA,NA,NA,NA,NA,NA,NA,NA,NA,NA,NA,NA,NA,NA,NA,NA,NA,NA,NA,NA,NA,NA,NA,NA,NA,NA,NA,NA,NA,NA,NA,12/4/2010,Anas,"CommonName:NorthernPintailTestforInfluenzaVirus:M.RTPCR.VI,IDforMatching:UCD10.03452.P",Aacu_H1N1_SNWR_Dec2010_1,1,FW,U,1,1_1,Anas,Anasacuta,"SacramentoNationalWildlifeRefuge,GlennCounty",FW_1011,dabbling,F,Pos_FW_1011_Anasacuta,Duck_Pos
AMPLICON,250,11955500,PRJNA464410,SAMN09104155,Metagenome or environmental,7744474,UC DAVIS,public,"fastq,run.zq,sra","gs,ncbi,s3","gs.us-east1,ncbi.public,s3.us-east-1",SRX4066313,Illumina MiSeq,UCD.10.03466.V,PAIRED,METAGENOMIC,gut metagenome,ILLUMINA,5/9/2018 20:00,5/10/2018 12:51,NA,Pos,SRP145364,Duck,NorthernPintail,SRR7146638,Duck,Duck,Wild,Pos,NA,USA,North America,"USA:California\,Sacramento\,GlennCounty\,NationalWildlifeRefuge",cloacal swab,missing,10.1128/mSphere.00382-18,NA,NA,NA,NA,NA,NA,NA,NA,NA,NA,NA,NA,NA,NA,NA,NA,NA,NA,NA,NA,NA,NA,NA,NA,NA,NA,NA,NA,NA,NA,NA,NA,NA,NA,NA,NA,NA,NA,NA,NA,NA,NA,NA,NA,NA,NA,NA,12/8/2010,Anas,"CommonName:NorthernPintailTestforInfluenzaVirus:VI,IDforMatching:UCD10.03466.V",Aacu_H1N3_SNWR_Dec2010_1,1,FW,U,3,1_3,Anas,Anasacuta,"SacramentoNationalWildlifeRefuge,GlennCounty",FW_1011,dabbling,F,Pos_FW_1011_Anasacuta,Duck_Pos
AMPLICON,250,18260000,PRJNA464410,SAMN09104156,Metagenome or environmental,11716404,UC DAVIS,public,"fastq,run.zq,sra","gs,ncbi,s3","gs.us-east1,ncbi.public,s3.us-east-1",SRX4066312,Illumina MiSeq,UCD.10.03483.V,PAIRED,METAGENOMIC,gut metagenome,ILLUMINA,5/9/2018 20:00,5/10/2018 12:51,NA,Pos,SRP145364,Duck,NorthernShoveler,SRR7146639,Duck,Duck,Wild,Pos,NA,USA,North America,"USA:California\,Sacramento\,GlennCounty\,NationalWildlifeRefuge",cloacal swab,missing,10.1128/mSphere.00382-18,NA,NA,NA,NA,NA,NA,NA,NA,NA,NA,NA,NA,NA,NA,NA,NA,NA,NA,NA,NA,NA,NA,NA,NA,NA,NA,NA,NA,NA,NA,NA,NA,NA,NA,NA,NA,NA,NA,NA,NA,NA,NA,NA,NA,NA,NA,NA,12/8/2010,Anas,"CommonName:NorthernShoveler,TestforInfluenzaVirus:VI,IDforMatching:UCD10.03483.V",Acly_H12N5_SNWR_Dec2010_1,12,FW,U,5,12_5,Anas,Anasclypeata,"SacramentoNationalWildlifeRefuge,GlennCounty",FW_1011,filter,F,Pos_FW_1011_Anasclypeata,Duck_Pos
AMPLICON,250,14435500,PRJNA464410,SAMN09104157,Metagenome or environmental,9012474,UC DAVIS,public,"fastq,run.zq,sra","gs,ncbi,s3","gs.us-east1,ncbi.public,s3.us-east-1",SRX4066311,Illumina MiSeq,UCD.10.03628.V,PAIRED,METAGENOMIC,gut metagenome,ILLUMINA,5/9/2018 20:00,5/10/2018 12:51,NA,Pos,SRP145364,Duck,NorthernShoveler,SRR7146640,Duck,Duck,Wild,Pos,NA,USA,North America,"USA:California\,Sacramento\,GlennCounty\,NationalWildlifeRefuge",cloacal swab,missing,10.1128/mSphere.00382-18,NA,NA,NA,NA,NA,NA,NA,NA,NA,NA,NA,NA,NA,NA,NA,NA,NA,NA,NA,NA,NA,NA,NA,NA,NA,NA,NA,NA,NA,NA,NA,NA,NA,NA,NA,NA,NA,NA,NA,NA,NA,NA,NA,NA,NA,NA,NA,1/1/2011,Anas,"CommonName:NorthernShoveler,TestforInfluenzaVirus:VI,IDforMatching:UCD10.03628.V",Acly_H10N3_SNWR_Jan2011_1,10,FW,U,3,10_3,Anas,Anasclypeata,"SacramentoNationalWildlifeRefuge,GlennCounty",FW_1011,filter,M,Pos_FW_1011_Anasclypeata,Duck_Pos
AMPLICON,250,11999500,PRJNA464410,SAMN09104080,Metagenome or environmental,7879873,UC DAVIS,public,"fastq,run.zq,sra","gs,ncbi,s3","gs.us-east1,ncbi.public,s3.us-east-1",SRX4066310,Illumina MiSeq,UCD.09.05243,PAIRED,METAGENOMIC,gut metagenome,ILLUMINA,5/9/2018 20:00,5/10/2018 12:51,NA,Neg,SRP145364,Duck,Mallard,SRR7146641,Duck,Duck,Wild,Neg,NA,USA,North America,"USA:California\,SolanoCounty\,SuisunMarsh/Balboa",cloacal swab,missing,10.1128/mSphere.00382-18,NA,NA,NA,NA,NA,NA,NA,NA,NA,NA,NA,NA,NA,NA,NA,NA,NA,NA,NA,NA,NA,NA,NA,NA,NA,NA,NA,NA,NA,NA,NA,NA,NA,NA,NA,NA,NA,NA,NA,NA,NA,NA,NA,NA,NA,NA,NA,7/27/2009,Anas,"CommonName:Mallard,TestforInfluenzaVirus:M.RTPCR,IDforMatching:UCD09.05243.P1",Apla_neg_SMB_Jul2009_9,neg,S,H,neg,neg_neg,Anas,Anasplatyrhynchos,"SuisunMarsh/Balboa,SolanoCounty",S_09,dabbling,M,Neg_S_09_Anasplatyrhynchos,Duck_Neg
AMPLICON,250,6370000,PRJNA464410,SAMN09104091,Metagenome or environmental,4295364,UC DAVIS,public,"fastq,run.zq,sra","gs,ncbi,s3","gs.us-east1,ncbi.public,s3.us-east-1",SRX4066309,Illumina MiSeq,UCD.09.05502,PAIRED,METAGENOMIC,gut metagenome,ILLUMINA,5/9/2018 20:00,5/10/2018 12:51,NA,Pos,SRP145364,Duck,Mallard,SRR7146642,Duck,Duck,Wild,Pos,NA,USA,North America,"USA:California\,SolanoCounty\,SuisunMarsh/Balboa",cloacal swab,missing,10.1128/mSphere.00382-18,NA,NA,NA,NA,NA,NA,NA,NA,NA,NA,NA,NA,NA,NA,NA,NA,NA,NA,NA,NA,NA,NA,NA,NA,NA,NA,NA,NA,NA,NA,NA,NA,NA,NA,NA,NA,NA,NA,NA,NA,NA,NA,NA,NA,NA,NA,NA,7/23/2009,Anas,"CommonName:Mallard,TestforInfluenzaVirus:M.RTPCR.VI,IDforMatching:UCD09.05502",Apla_H5N2_SMB_Jul2009_1,5,S,H,2,5_2,Anas,Anasplatyrhynchos,"SuisunMarsh/Balboa,SolanoCounty",S_09,dabbling,M,Pos_S_09_Anasplatyrhynchos,Duck_Pos
AMPLICON,250,12805500,PRJNA464410,SAMN09104076,Metagenome or environmental,8268284,UC DAVIS,public,"fastq,run.zq,sra","gs,ncbi,s3","gs.us-east1,ncbi.public,s3.us-east-1",SRX4066308,Illumina MiSeq,UCD.09.05238,PAIRED,METAGENOMIC,gut metagenome,ILLUMINA,5/9/2018 20:00,5/10/2018 12:51,NA,Neg,SRP145364,Duck,Mallard,SRR7146643,Duck,Duck,Wild,Neg,NA,USA,North America,"USA:California\,SolanoCounty\,SuisunMarsh/Balboa",cloacal swab,missing,10.1128/mSphere.00382-18,NA,NA,NA,NA,NA,NA,NA,NA,NA,NA,NA,NA,NA,NA,NA,NA,NA,NA,NA,NA,NA,NA,NA,NA,NA,NA,NA,NA,NA,NA,NA,NA,NA,NA,NA,NA,NA,NA,NA,NA,NA,NA,NA,NA,NA,NA,NA,7/27/2009,Anas,"CommonName:Mallard,TestforInfluenzaVirus:M.RTPCR,IDforMatching:UCD09.05238.P1",Apla_neg_SMB_Jul2009_5,neg,S,H,neg,neg_neg,Anas,Anasplatyrhynchos,"SuisunMarsh/Balboa,SolanoCounty",S_09,dabbling,M,Neg_S_09_Anasplatyrhynchos,Duck_Neg
AMPLICON,250,19480000,PRJNA464410,SAMN09104284,Metagenome or environmental,12635359,UC DAVIS,public,"fastq,run.zq,sra","gs,ncbi,s3","gs.us-east1,ncbi.public,s3.us-east-1",SRX4066307,Illumina MiSeq,UCD.13.01396.VB.H4,PAIRED,METAGENOMIC,gut metagenome,ILLUMINA,5/9/2018 20:00,5/10/2018 12:51,NA,Pos,SRP145364,Duck,Mallard,SRR7146644,Duck,Duck,Wild,Pos,NA,USA,North America,"USA:California\,SolanoCounty\,GrizzlyIslandWildlifeArea(GIWA)",cloacal swab,missing,10.1128/mSphere.00382-18,NA,NA,NA,NA,NA,NA,NA,NA,NA,NA,NA,NA,NA,NA,NA,NA,NA,NA,NA,NA,NA,NA,NA,NA,NA,NA,NA,NA,NA,NA,NA,NA,NA,NA,NA,NA,NA,NA,NA,NA,NA,NA,NA,NA,NA,NA,NA,7/23/2013,Anas,"CommonName:Mallard,TestforInfluenzaVirus:M.RTPCR.VI,IDforMatching:UCD13.01396.V",Apla_H4N6_GIWA_Jul2013_7,4,S,H,6,4_6,Anas,Anasplatyrhynchos,"GrizzlyIslandWildlifeArea(GIWA),SolanoCounty",S_13,dabbling,F,Pos_S_13_Anasplatyrhynchos,Duck_Pos
AMPLICON,250,13909500,PRJNA464410,SAMN09104081,Metagenome or environmental,9362845,UC DAVIS,public,"fastq,run.zq,sra","gs,ncbi,s3","gs.us-east1,ncbi.public,s3.us-east-1",SRX4066306,Illumina MiSeq,UCD.09.05244,PAIRED,METAGENOMIC,gut metagenome,ILLUMINA,5/9/2018 20:00,5/10/2018 12:51,NA,Neg,SRP145364,Duck,Mallard,SRR7146645,Duck,Duck,Wild,Neg,NA,USA,North America,"USA:California\,SolanoCounty\,SuisunMarsh/Balboa",cloacal swab,missing,10.1128/mSphere.00382-18,NA,NA,NA,NA,NA,NA,NA,NA,NA,NA,NA,NA,NA,NA,NA,NA,NA,NA,NA,NA,NA,NA,NA,NA,NA,NA,NA,NA,NA,NA,NA,NA,NA,NA,NA,NA,NA,NA,NA,NA,NA,NA,NA,NA,NA,NA,NA,7/27/2009,Anas,"CommonName:Mallard,TestforInfluenzaVirus:M.RTPCR,IDforMatching:UCD09.05244.P1",Apla_neg_SMB_Jul2009_0,neg,S,H,neg,neg_neg,Anas,Anasplatyrhynchos,"SuisunMarsh/Balboa,SolanoCounty",S_09,dabbling,F,Neg_S_09_Anasplatyrhynchos,Duck_Neg
AMPLICON,250,17102500,PRJNA464410,SAMN09104298,Metagenome or environmental,11398515,UC DAVIS,public,"fastq,run.zq,sra","gs,ncbi,s3","gs.us-east1,ncbi.public,s3.us-east-1",SRX4066305,Illumina MiSeq,WHC.JN.US07.1704,PAIRED,METAGENOMIC,gut metagenome,ILLUMINA,5/9/2018 20:00,5/10/2018 12:51,NA,Neg,SRP145364,Duck,AmericanWigeon,SRR7146646,Duck,Duck,Wild,Neg,NA,USA,North America,"USA:California\,Sacramento\,GlennCounty\,NationalWildlifeRefuge",cloacal swab,missing,10.1128/mSphere.00382-18,NA,NA,NA,NA,NA,NA,NA,NA,NA,NA,NA,NA,NA,NA,NA,NA,NA,NA,NA,NA,NA,NA,NA,NA,NA,NA,NA,NA,NA,NA,NA,NA,NA,NA,NA,NA,NA,NA,NA,NA,NA,NA,NA,NA,NA,NA,NA,1/13/2008,Anas,"CommonName:AmericanWigeon,TestforInfluenzaVirus:VI,IDforMatching:WHC.JN.US07.1704",Aame_neg_SNWR_Jan2008_1,neg,FW,H,neg,neg_neg,Anas,Anasamericana,"SacramentoNationalWildlifeRefuge,GlennCounty",FW_0708,dabbling,F,Neg_FW_0708_Anasamericana,Duck_Neg
AMPLICON,250,11357500,PRJNA464410,SAMN09103997,Metagenome or environmental,7093766,UC DAVIS,public,"fastq,run.zq,sra","gs,ncbi,s3","gs.us-east1,ncbi.public,s3.us-east-1",SRX4066303,Illumina MiSeq,UCD.08.10197,PAIRED,METAGENOMIC,gut metagenome,ILLUMINA,5/9/2018 20:00,5/10/2018 12:51,NA,Pos,SRP145364,Duck,GreenWingedTeal,SRR7146648,Duck,Duck,Wild,Pos,NA,USA,North America,"USA:California\,YoloCounty\,ConawayRanch",cloacal swab,missing,10.1128/mSphere.00382-18,NA,NA,NA,NA,NA,NA,NA,NA,NA,NA,NA,NA,NA,NA,NA,NA,NA,NA,NA,NA,NA,NA,NA,NA,NA,NA,NA,NA,NA,NA,NA,NA,NA,NA,NA,NA,NA,NA,NA,NA,NA,NA,NA,NA,NA,NA,NA,12/14/2008,Anas,"CommonName:GreenWingedTeal,TestforInfluenzaVirus:M.RTPCR.VI,IDforMatching:UCD08.10197.V",Acar_H10N7_CR_Dec2008_1,10,FW,U,7,10_7,Anas,Anascarolinensis,"ConawayRanch,YoloCounty",FW_0809,dabbling,M,Pos_FW_0809_Anascarolinensis,Duck_Pos
AMPLICON,250,26146000,PRJNA464410,SAMN09104185,Metagenome or environmental,16855592,UC DAVIS,public,"fastq,run.zq,sra","gs,ncbi,s3","gs.us-east1,ncbi.public,s3.us-east-1",SRX4066302,Illumina MiSeq,UCD.11.02524,PAIRED,METAGENOMIC,gut metagenome,ILLUMINA,5/9/2018 20:00,5/10/2018 12:51,NA,Neg,SRP145364,Duck,Mallard,SRR7146649,Duck,Duck,Wild,Neg,NA,USA,North America,"USA:California\,SolanoCounty\,GrizzlyIslandWildlifeArea(GIWA)",cloacal swab,missing,10.1128/mSphere.00382-18,NA,NA,NA,NA,NA,NA,NA,NA,NA,NA,NA,NA,NA,NA,NA,NA,NA,NA,NA,NA,NA,NA,NA,NA,NA,NA,NA,NA,NA,NA,NA,NA,NA,NA,NA,NA,NA,NA,NA,NA,NA,NA,NA,NA,NA,NA,NA,8/12/2011,Anas,"CommonName:Mallard,TestforInfluenzaVirus:M.RTPCR.VI,IDforMatching:UCD11.02524.P",Apla_neg_GIWA_Aug2011_2,neg,S,H,neg,neg_neg,Anas,Anasplatyrhynchos,"GrizzlyIslandWildlifeArea(GIWA),SolanoCounty",S_11,dabbling,M,Neg_S_11_Anasplatyrhynchos,Duck_Neg
AMPLICON,250,29179500,PRJNA464410,SAMN09104184,Metagenome or environmental,19482553,UC DAVIS,public,"fastq,run.zq,sra","gs,ncbi,s3","gs.us-east1,ncbi.public,s3.us-east-1",SRX4066301,Illumina MiSeq,UCD.11.02522,PAIRED,METAGENOMIC,gut metagenome,ILLUMINA,5/9/2018 20:00,5/10/2018 12:51,NA,Neg,SRP145364,Duck,Mallard,SRR7146650,Duck,Duck,Wild,Neg,NA,USA,North America,"USA:California\,SolanoCounty\,GrizzlyIslandWildlifeArea(GIWA)",cloacal swab,missing,10.1128/mSphere.00382-18,NA,NA,NA,NA,NA,NA,NA,NA,NA,NA,NA,NA,NA,NA,NA,NA,NA,NA,NA,NA,NA,NA,NA,NA,NA,NA,NA,NA,NA,NA,NA,NA,NA,NA,NA,NA,NA,NA,NA,NA,NA,NA,NA,NA,NA,NA,NA,8/12/2011,Anas,"CommonName:Mallard,TestforInfluenzaVirus:M.RTPCR.VI,IDforMatching:UCD11.02522.P",Apla_neg_GIWA_Aug2011_1,neg,S,H,neg,neg_neg,Anas,Anasplatyrhynchos,"GrizzlyIslandWildlifeArea(GIWA),SolanoCounty",S_11,dabbling,F,Neg_S_11_Anasplatyrhynchos,Duck_Neg
AMPLICON,250,24280000,PRJNA464410,SAMN09104187,Metagenome or environmental,15123635,UC DAVIS,public,"fastq,run.zq,sra","gs,ncbi,s3","gs.us-east1,ncbi.public,s3.us-east-1",SRX4066300,Illumina MiSeq,UCD.11.02525.P.H4,PAIRED,METAGENOMIC,gut metagenome,ILLUMINA,5/9/2018 20:00,5/10/2018 12:51,NA,Pos,SRP145364,Duck,Mallard,SRR7146651,Duck,Duck,Wild,Pos,NA,USA,North America,"USA:California\,SolanoCounty\,GrizzlyIslandWildlifeArea(GIWA)",cloacal swab,missing,10.1128/mSphere.00382-18,NA,NA,NA,NA,NA,NA,NA,NA,NA,NA,NA,NA,NA,NA,NA,NA,NA,NA,NA,NA,NA,NA,NA,NA,NA,NA,NA,NA,NA,NA,NA,NA,NA,NA,NA,NA,NA,NA,NA,NA,NA,NA,NA,NA,NA,NA,NA,8/12/2011,Anas,"CommonName:Mallard,TestforInfluenzaVirus:M.RTPCR.VI,IDforMatching:UCD11.02525.P",Apla_H4N6_GIWA_Aug2011_1,4,S,H,6,4_6,Anas,Anasplatyrhynchos,"GrizzlyIslandWildlifeArea(GIWA),SolanoCounty",S_11,dabbling,M,Pos_S_11_Anasplatyrhynchos,Duck_Pos
AMPLICON,250,15408500,PRJNA464410,SAMN09104189,Metagenome or environmental,9658493,UC DAVIS,public,"fastq,run.zq,sra","gs,ncbi,s3","gs.us-east1,ncbi.public,s3.us-east-1",SRX4066298,Illumina MiSeq,UCD.11.02527.V.H5,PAIRED,METAGENOMIC,gut metagenome,ILLUMINA,5/9/2018 20:00,5/10/2018 12:51,NA,Pos,SRP145364,Duck,Mallard,SRR7146653,Duck,Duck,Wild,Pos,NA,USA,North America,"USA:California\,SolanoCounty\,GrizzlyIslandWildlifeArea(GIWA)",cloacal swab,missing,10.1128/mSphere.00382-18,NA,NA,NA,NA,NA,NA,NA,NA,NA,NA,NA,NA,NA,NA,NA,NA,NA,NA,NA,NA,NA,NA,NA,NA,NA,NA,NA,NA,NA,NA,NA,NA,NA,NA,NA,NA,NA,NA,NA,NA,NA,NA,NA,NA,NA,NA,NA,8/12/2011,Anas,"CommonName:Mallard,TestforInfluenzaVirus:M.RTPCR.VI,IDforMatching:UCD11.02527.V",Apla_H5N1_GIWA_Aug2011_1,5,S,H,1,5_1,Anas,Anasplatyrhynchos,"GrizzlyIslandWildlifeArea(GIWA),SolanoCounty",S_11,dabbling,M,Pos_S_11_Anasplatyrhynchos,Duck_Pos
AMPLICON,250,20950000,PRJNA464410,SAMN09104188,Metagenome or environmental,13273320,UC DAVIS,public,"fastq,run.zq,sra","gs,ncbi,s3","gs.us-east1,ncbi.public,s3.us-east-1",SRX4066297,Illumina MiSeq,UCD.11.02526,PAIRED,METAGENOMIC,gut metagenome,ILLUMINA,5/9/2018 20:00,5/10/2018 12:51,NA,Neg,SRP145364,Duck,Mallard,SRR7146654,Duck,Duck,Wild,Neg,NA,USA,North America,"USA:California\,SolanoCounty\,GrizzlyIslandWildlifeArea(GIWA)",cloacal swab,missing,10.1128/mSphere.00382-18,NA,NA,NA,NA,NA,NA,NA,NA,NA,NA,NA,NA,NA,NA,NA,NA,NA,NA,NA,NA,NA,NA,NA,NA,NA,NA,NA,NA,NA,NA,NA,NA,NA,NA,NA,NA,NA,NA,NA,NA,NA,NA,NA,NA,NA,NA,NA,8/12/2011,Anas,"CommonName:Mallard,TestforInfluenzaVirus:M.RTPCR.VI,IDforMatching:UCD11.02526.P",Apla_neg_GIWA_Aug2011_3,neg,S,H,neg,neg_neg,Anas,Anasplatyrhynchos,"GrizzlyIslandWildlifeArea(GIWA),SolanoCounty",S_11,dabbling,M,Neg_S_11_Anasplatyrhynchos,Duck_Neg
AMPLICON,250,12736000,PRJNA464410,SAMN09104191,Metagenome or environmental,8659593,UC DAVIS,public,"fastq,run.zq,sra","gs,ncbi,s3","gs.us-east1,ncbi.public,s3.us-east-1",SRX4066296,Illumina MiSeq,UCD.11.02529,PAIRED,METAGENOMIC,gut metagenome,ILLUMINA,5/9/2018 20:00,5/10/2018 12:51,NA,Neg,SRP145364,Duck,Mallard,SRR7146655,Duck,Duck,Wild,Neg,NA,USA,North America,"USA:California\,SolanoCounty\,GrizzlyIslandWildlifeArea(GIWA)",cloacal swab,missing,10.1128/mSphere.00382-18,NA,NA,NA,NA,NA,NA,NA,NA,NA,NA,NA,NA,NA,NA,NA,NA,NA,NA,NA,NA,NA,NA,NA,NA,NA,NA,NA,NA,NA,NA,NA,NA,NA,NA,NA,NA,NA,NA,NA,NA,NA,NA,NA,NA,NA,NA,NA,8/12/2011,Anas,"CommonName:Mallard,TestforInfluenzaVirus:M.RTPCR.VI,IDforMatching:UCD11.02529.P",Apla_neg_GIWA_Aug2011_5,neg,S,H,neg,neg_neg,Anas,Anasplatyrhynchos,"GrizzlyIslandWildlifeArea(GIWA),SolanoCounty",S_11,dabbling,M,Neg_S_11_Anasplatyrhynchos,Duck_Neg
AMPLICON,250,13294500,PRJNA464410,SAMN09104190,Metagenome or environmental,8490650,UC DAVIS,public,"fastq,run.zq,sra","gs,ncbi,s3","gs.us-east1,ncbi.public,s3.us-east-1",SRX4066295,Illumina MiSeq,UCD.11.02528,PAIRED,METAGENOMIC,gut metagenome,ILLUMINA,5/9/2018 20:00,5/10/2018 12:51,NA,Neg,SRP145364,Duck,Mallard,SRR7146656,Duck,Duck,Wild,Neg,NA,USA,North America,"USA:California\,SolanoCounty\,GrizzlyIslandWildlifeArea(GIWA)",cloacal swab,missing,10.1128/mSphere.00382-18,NA,NA,NA,NA,NA,NA,NA,NA,NA,NA,NA,NA,NA,NA,NA,NA,NA,NA,NA,NA,NA,NA,NA,NA,NA,NA,NA,NA,NA,NA,NA,NA,NA,NA,NA,NA,NA,NA,NA,NA,NA,NA,NA,NA,NA,NA,NA,8/12/2011,Anas,"CommonName:Mallard,TestforInfluenzaVirus:M.RTPCR.VI,IDforMatching:UCD11.02528.P",Apla_neg_GIWA_Aug2011_4,neg,S,H,neg,neg_neg,Anas,Anasplatyrhynchos,"GrizzlyIslandWildlifeArea(GIWA),SolanoCounty",S_11,dabbling,F,Neg_S_11_Anasplatyrhynchos,Duck_Neg
AMPLICON,250,33124000,PRJNA464410,SAMN09104193,Metagenome or environmental,21444760,UC DAVIS,public,"fastq,run.zq,sra","gs,ncbi,s3","gs.us-east1,ncbi.public,s3.us-east-1",SRX4066294,Illumina MiSeq,UCD.11.02532.H4,PAIRED,METAGENOMIC,gut metagenome,ILLUMINA,5/9/2018 20:00,5/10/2018 12:51,NA,Pos,SRP145364,Duck,Mallard,SRR7146657,Duck,Duck,Wild,Pos,NA,USA,North America,"USA:California\,SolanoCounty\,GrizzlyIslandWildlifeArea(GIWA)",cloacal swab,missing,10.1128/mSphere.00382-18,NA,NA,NA,NA,NA,NA,NA,NA,NA,NA,NA,NA,NA,NA,NA,NA,NA,NA,NA,NA,NA,NA,NA,NA,NA,NA,NA,NA,NA,NA,NA,NA,NA,NA,NA,NA,NA,NA,NA,NA,NA,NA,NA,NA,NA,NA,NA,8/12/2011,Anas,"CommonName:Mallard,TestforInfluenzaVirus:M.RTPCR.VI,IDforMatching:UCD11.02532.V",Apla_H4N6_GIWA_Aug2011_2,4,S,H,6,4_6,Anas,Anasplatyrhynchos,"GrizzlyIslandWildlifeArea(GIWA),SolanoCounty",S_11,dabbling,M,Pos_S_11_Anasplatyrhynchos,Duck_Pos
AMPLICON,250,12626500,PRJNA464410,SAMN09104192,Metagenome or environmental,8086790,UC DAVIS,public,"fastq,run.zq,sra","gs,ncbi,s3","gs.us-east1,ncbi.public,s3.us-east-1",SRX4066293,Illumina MiSeq,UCD.11.02531.P.H5,PAIRED,METAGENOMIC,gut metagenome,ILLUMINA,5/9/2018 20:00,5/10/2018 12:51,NA,Pos,SRP145364,Duck,Mallard,SRR7146658,Duck,Duck,Wild,Pos,NA,USA,North America,"USA:California\,SolanoCounty\,GrizzlyIslandWildlifeArea(GIWA)",cloacal swab,missing,10.1128/mSphere.00382-18,NA,NA,NA,NA,NA,NA,NA,NA,NA,NA,NA,NA,NA,NA,NA,NA,NA,NA,NA,NA,NA,NA,NA,NA,NA,NA,NA,NA,NA,NA,NA,NA,NA,NA,NA,NA,NA,NA,NA,NA,NA,NA,NA,NA,NA,NA,NA,8/12/2011,Anas,"CommonName:Mallard,TestforInfluenzaVirus:M.RTPCR.VI,IDforMatching:UCD11.02531.P",Apla_H5N1_GIWA_Aug2011_2,5,S,H,1,5_1,Anas,Anasplatyrhynchos,"GrizzlyIslandWildlifeArea(GIWA),SolanoCounty",S_11,dabbling,M,Pos_S_11_Anasplatyrhynchos,Duck_Pos
AMPLICON,250,8162500,PRJNA464410,SAMN09104212,Metagenome or environmental,5207573,UC DAVIS,public,"fastq,run.zq,sra","gs,ncbi,s3","gs.us-east1,ncbi.public,s3.us-east-1",SRX4066292,Illumina MiSeq,UCD.11.02789,PAIRED,METAGENOMIC,gut metagenome,ILLUMINA,5/9/2018 20:00,5/10/2018 12:51,NA,Pos,SRP145364,Duck,NorthernPintail,SRR7146659,Duck,Duck,Wild,Pos,NA,USA,North America,"USA:California\,SolanoCounty\,GrizzlyIslandWildlifeArea(GIWA)",cloacal swab,missing,10.1128/mSphere.00382-18,NA,NA,NA,NA,NA,NA,NA,NA,NA,NA,NA,NA,NA,NA,NA,NA,NA,NA,NA,NA,NA,NA,NA,NA,NA,NA,NA,NA,NA,NA,NA,NA,NA,NA,NA,NA,NA,NA,NA,NA,NA,NA,NA,NA,NA,NA,NA,10/29/2011,Anas,"CommonName:NorthernPintailTestforInfluenzaVirus:M.RTPCR,IDforMatching:UCD11.02789.P",Aacu_H9N2_GIWA_Oct2011_1,9,FW,U,2,9_2,Anas,Anasacuta,"GrizzlyIslandWildlifeArea(GIWA),SolanoCounty",FW_1112,dabbling,M,Pos_FW_1112_Anasacuta,Duck_Pos
AMPLICON,250,21422500,PRJNA464410,SAMN09104213,Metagenome or environmental,13898070,UC DAVIS,public,"fastq,run.zq,sra","gs,ncbi,s3","gs.us-east1,ncbi.public,s3.us-east-1",SRX4066291,Illumina MiSeq,UCD.11.02810,PAIRED,METAGENOMIC,gut metagenome,ILLUMINA,5/9/2018 20:00,5/10/2018 12:51,NA,Pos,SRP145364,Duck,NorthernShoveler,SRR7146660,Duck,Duck,Wild,Pos,NA,USA,North America,"USA:California\,SolanoCounty\,GrizzlyIslandWildlifeArea(GIWA)",cloacal swab,missing,10.1128/mSphere.00382-18,NA,NA,NA,NA,NA,NA,NA,NA,NA,NA,NA,NA,NA,NA,NA,NA,NA,NA,NA,NA,NA,NA,NA,NA,NA,NA,NA,NA,NA,NA,NA,NA,NA,NA,NA,NA,NA,NA,NA,NA,NA,NA,NA,NA,NA,NA,NA,10/29/2011,Anas,"CommonName:NorthernShoveler,TestforInfluenzaVirus:M.RTPCR,IDforMatching:UCD11.02810.P",Acly_H11N2_GIWA_Oct2011_1,11,FW,U,2,11_2,Anas,Anasclypeata,"GrizzlyIslandWildlifeArea(GIWA),SolanoCounty",FW_1112,filter,M,Pos_FW_1112_Anasclypeata,Duck_Pos
AMPLICON,250,18760500,PRJNA464410,SAMN09104044,Metagenome or environmental,11477205,UC DAVIS,public,"fastq,run.zq,sra","gs,ncbi,s3","gs.us-east1,ncbi.public,s3.us-east-1",SRX4066290,Illumina MiSeq,UCD.08.8673,PAIRED,METAGENOMIC,gut metagenome,ILLUMINA,5/9/2018 20:00,5/10/2018 12:52,NA,Pos,SRP145364,Duck,NorthernShoveler,SRR7146661,Duck,Duck,Wild,Pos,NA,USA,North America,"USA:California\,Sacramento\,GlennCounty\,NationalWildlifeRefuge",cloacal swab,missing,10.1128/mSphere.00382-18,NA,NA,NA,NA,NA,NA,NA,NA,NA,NA,NA,NA,NA,NA,NA,NA,NA,NA,NA,NA,NA,NA,NA,NA,NA,NA,NA,NA,NA,NA,NA,NA,NA,NA,NA,NA,NA,NA,NA,NA,NA,NA,NA,NA,NA,NA,NA,10/29/2008,Anas,"CommonName:NorthernShoveler,TestforInfluenzaVirus:M.RTPCR.VI,IDforMatching:UCD08.8673.V",Acly_H6N1_SNWR_Oct2008_5,6,FW,H,1,6_1,Anas,Anasclypeata,"SacramentoNationalWildlifeRefuge,GlennCounty",FW_0809,filter,F,Pos_FW_0809_Anasclypeata,Duck_Pos
AMPLICON,250,12198000,PRJNA464410,SAMN09104053,Metagenome or environmental,7821607,UC DAVIS,public,"fastq,run.zq,sra","gs,ncbi,s3","gs.us-east1,ncbi.public,s3.us-east-1",SRX4066289,Illumina MiSeq,UCD.08.9079,PAIRED,METAGENOMIC,gut metagenome,ILLUMINA,5/9/2018 20:00,5/10/2018 12:52,NA,Pos,SRP145364,Duck,NorthernShoveler,SRR7146662,Duck,Duck,Wild,Pos,NA,USA,North America,"USA:California\,Sacramento\,GlennCounty\,NationalWildlifeRefuge",cloacal swab,missing,10.1128/mSphere.00382-18,NA,NA,NA,NA,NA,NA,NA,NA,NA,NA,NA,NA,NA,NA,NA,NA,NA,NA,NA,NA,NA,NA,NA,NA,NA,NA,NA,NA,NA,NA,NA,NA,NA,NA,NA,NA,NA,NA,NA,NA,NA,NA,NA,NA,NA,NA,NA,11/15/2008,Anas,"CommonName:NorthernShoveler,TestforInfluenzaVirus:M.RTPCR.VI,IDforMatching:UCD08.9079.V",Acly_H4N4_SNWR_Nov2008_1,4,FW,A,4,4_4,Anas,Anasclypeata,"SacramentoNationalWildlifeRefuge,GlennCounty",FW_0809,filter,M,Pos_FW_0809_Anasclypeata,Duck_Pos
AMPLICON,250,19257500,PRJNA464410,SAMN09104052,Metagenome or environmental,12542353,UC DAVIS,public,"fastq,run.zq,sra","gs,ncbi,s3","gs.us-east1,ncbi.public,s3.us-east-1",SRX4066288,Illumina MiSeq,UCD.08.9044,PAIRED,METAGENOMIC,gut metagenome,ILLUMINA,5/9/2018 20:00,5/10/2018 12:52,NA,Pos,SRP145364,Duck,AmericanWigeon,SRR7146663,Duck,Duck,Wild,Pos,NA,USA,North America,"USA:California\,Sacramento\,GlennCounty\,NationalWildlifeRefuge",cloacal swab,missing,10.1128/mSphere.00382-18,NA,NA,NA,NA,NA,NA,NA,NA,NA,NA,NA,NA,NA,NA,NA,NA,NA,NA,NA,NA,NA,NA,NA,NA,NA,NA,NA,NA,NA,NA,NA,NA,NA,NA,NA,NA,NA,NA,NA,NA,NA,NA,NA,NA,NA,NA,NA,11/15/2008,Anas,"CommonName:AmericanWigeon,TestforInfluenzaVirus:M.RTPCR.VI,IDforMatching:UCD08.9044.V",Aame_H6N1_SNWR_Nov2008_3,6,FW,H,1,6_1,Anas,Anasamericana,"SacramentoNationalWildlifeRefuge,GlennCounty",FW_0809,dabbling,F,Pos_FW_0809_Anasamericana,Duck_Pos
AMPLICON,250,14915500,PRJNA464410,SAMN09104269,Metagenome or environmental,9775966,UC DAVIS,public,"fastq,run.zq,sra","gs,ncbi,s3","gs.us-east1,ncbi.public,s3.us-east-1",SRX4066286,Illumina MiSeq,UCD.13.01349.VB.H4,PAIRED,METAGENOMIC,gut metagenome,ILLUMINA,5/9/2018 20:00,5/10/2018 12:52,NA,Pos,SRP145364,Duck,Mallard,SRR7146665,Duck,Duck,Wild,Pos,NA,USA,North America,"USA:California\,SolanoCounty\,GrizzlyIslandWildlifeArea(GIWA)",cloacal swab,missing,10.1128/mSphere.00382-18,NA,NA,NA,NA,NA,NA,NA,NA,NA,NA,NA,NA,NA,NA,NA,NA,NA,NA,NA,NA,NA,NA,NA,NA,NA,NA,NA,NA,NA,NA,NA,NA,NA,NA,NA,NA,NA,NA,NA,NA,NA,NA,NA,NA,NA,NA,NA,7/22/2013,Anas,"CommonName:Mallard,TestforInfluenzaVirus:M.RTPCR.VI,IDforMatching:UCD13.01349.V",Apla_H4N6_GIWA_Jul2013_3,4,S,H,6,4_6,Anas,Anasplatyrhynchos,"GrizzlyIslandWildlifeArea(GIWA),SolanoCounty",S_13,dabbling,F,Pos_S_13_Anasplatyrhynchos,Duck_Pos
AMPLICON,250,19838500,PRJNA464410,SAMN09104270,Metagenome or environmental,13041168,UC DAVIS,public,"fastq,run.zq,sra","gs,ncbi,s3","gs.us-east1,ncbi.public,s3.us-east-1",SRX4066285,Illumina MiSeq,UCD.13.01351,PAIRED,METAGENOMIC,gut metagenome,ILLUMINA,5/9/2018 20:00,5/10/2018 12:52,NA,Neg,SRP145364,Duck,Mallard,SRR7146666,Duck,Duck,Wild,Neg,NA,USA,North America,"USA:California\,SolanoCounty\,GrizzlyIslandWildlifeArea(GIWA)",cloacal swab,missing,10.1128/mSphere.00382-18,NA,NA,NA,NA,NA,NA,NA,NA,NA,NA,NA,NA,NA,NA,NA,NA,NA,NA,NA,NA,NA,NA,NA,NA,NA,NA,NA,NA,NA,NA,NA,NA,NA,NA,NA,NA,NA,NA,NA,NA,NA,NA,NA,NA,NA,NA,NA,7/22/2013,Anas,"CommonName:Mallard,TestforInfluenzaVirus:M.RTPCR,IDforMatching:UCD13.01351.P",Apla_neg_GIWA_Jul2013_7,neg,S,H,neg,neg_neg,Anas,Anasplatyrhynchos,"GrizzlyIslandWildlifeArea(GIWA),SolanoCounty",S_13,dabbling,F,Neg_S_13_Anasplatyrhynchos,Duck_Neg
AMPLICON,250,13138000,PRJNA464410,SAMN09104271,Metagenome or environmental,8779476,UC DAVIS,public,"fastq,run.zq,sra","gs,ncbi,s3","gs.us-east1,ncbi.public,s3.us-east-1",SRX4066284,Illumina MiSeq,UCD.13.01352,PAIRED,METAGENOMIC,gut metagenome,ILLUMINA,5/9/2018 20:00,5/10/2018 12:52,NA,Neg,SRP145364,Duck,Mallard,SRR7146667,Duck,Duck,Wild,Neg,NA,USA,North America,"USA:California\,SolanoCounty\,GrizzlyIslandWildlifeArea(GIWA)",cloacal swab,missing,10.1128/mSphere.00382-18,NA,NA,NA,NA,NA,NA,NA,NA,NA,NA,NA,NA,NA,NA,NA,NA,NA,NA,NA,NA,NA,NA,NA,NA,NA,NA,NA,NA,NA,NA,NA,NA,NA,NA,NA,NA,NA,NA,NA,NA,NA,NA,NA,NA,NA,NA,NA,7/22/2013,Anas,"CommonName:Mallard,TestforInfluenzaVirus:M.RTPCR,IDforMatching:UCD13.01352.P",Apla_neg_GIWA_Jul2013_8,neg,S,H,neg,neg_neg,Anas,Anasplatyrhynchos,"GrizzlyIslandWildlifeArea(GIWA),SolanoCounty",S_13,dabbling,F,Neg_S_13_Anasplatyrhynchos,Duck_Neg
AMPLICON,250,10448000,PRJNA464410,SAMN09104264,Metagenome or environmental,7043719,UC DAVIS,public,"fastq,run.zq,sra","gs,ncbi,s3","gs.us-east1,ncbi.public,s3.us-east-1",SRX4066283,Illumina MiSeq,UCD.13.01344,PAIRED,METAGENOMIC,gut metagenome,ILLUMINA,5/9/2018 20:00,5/10/2018 12:52,NA,Neg,SRP145364,Duck,Mallard,SRR7146668,Duck,Duck,Wild,Neg,NA,USA,North America,"USA:California\,SolanoCounty\,GrizzlyIslandWildlifeArea(GIWA)",cloacal swab,missing,10.1128/mSphere.00382-18,NA,NA,NA,NA,NA,NA,NA,NA,NA,NA,NA,NA,NA,NA,NA,NA,NA,NA,NA,NA,NA,NA,NA,NA,NA,NA,NA,NA,NA,NA,NA,NA,NA,NA,NA,NA,NA,NA,NA,NA,NA,NA,NA,NA,NA,NA,NA,7/18/2013,Anas,"CommonName:Mallard,TestforInfluenzaVirus:M.RTPCR,IDforMatching:UCD13.01344.P",Apla_neg_GIWA_Jul2013_3,neg,S,H,neg,neg_neg,Anas,Anasplatyrhynchos,"GrizzlyIslandWildlifeArea(GIWA),SolanoCounty",S_13,dabbling,M,Neg_S_13_Anasplatyrhynchos,Duck_Neg
AMPLICON,250,14573000,PRJNA464410,SAMN09104267,Metagenome or environmental,9810610,UC DAVIS,public,"fastq,run.zq,sra","gs,ncbi,s3","gs.us-east1,ncbi.public,s3.us-east-1",SRX4066280,Illumina MiSeq,UCD.13.01347,PAIRED,METAGENOMIC,gut metagenome,ILLUMINA,5/9/2018 20:00,5/10/2018 12:52,NA,Neg,SRP145364,Duck,Mallard,SRR7146671,Duck,Duck,Wild,Neg,NA,USA,North America,"USA:California\,SolanoCounty\,GrizzlyIslandWildlifeArea(GIWA)",cloacal swab,missing,10.1128/mSphere.00382-18,NA,NA,NA,NA,NA,NA,NA,NA,NA,NA,NA,NA,NA,NA,NA,NA,NA,NA,NA,NA,NA,NA,NA,NA,NA,NA,NA,NA,NA,NA,NA,NA,NA,NA,NA,NA,NA,NA,NA,NA,NA,NA,NA,NA,NA,NA,NA,7/18/2013,Anas,"CommonName:Mallard,TestforInfluenzaVirus:M.RTPCR,IDforMatching:UCD13.01347.P",Apla_neg_GIWA_Jul2013_6,neg,S,H,neg,neg_neg,Anas,Anasplatyrhynchos,"GrizzlyIslandWildlifeArea(GIWA),SolanoCounty",S_13,dabbling,M,Neg_S_13_Anasplatyrhynchos,Duck_Neg
AMPLICON,250,11470000,PRJNA464410,SAMN09104272,Metagenome or environmental,7521835,UC DAVIS,public,"fastq,run.zq,sra","gs,ncbi,s3","gs.us-east1,ncbi.public,s3.us-east-1",SRX4066279,Illumina MiSeq,UCD.13.01353.VB.H4,PAIRED,METAGENOMIC,gut metagenome,ILLUMINA,5/9/2018 20:00,5/10/2018 12:52,NA,Pos,SRP145364,Duck,Mallard,SRR7146672,Duck,Duck,Wild,Pos,NA,USA,North America,"USA:California\,SolanoCounty\,GrizzlyIslandWildlifeArea(GIWA)",cloacal swab,missing,10.1128/mSphere.00382-18,NA,NA,NA,NA,NA,NA,NA,NA,NA,NA,NA,NA,NA,NA,NA,NA,NA,NA,NA,NA,NA,NA,NA,NA,NA,NA,NA,NA,NA,NA,NA,NA,NA,NA,NA,NA,NA,NA,NA,NA,NA,NA,NA,NA,NA,NA,NA,7/22/2013,Anas,"CommonName:Mallard,TestforInfluenzaVirus:M.RTPCR.VI,IDforMatching:UCD13.01353.V",Apla_H4N6_GIWA_Jul2013_4,4,S,A,6,4_6,Anas,Anasplatyrhynchos,"GrizzlyIslandWildlifeArea(GIWA),SolanoCounty",S_13,dabbling,F,Pos_S_13_Anasplatyrhynchos,Duck_Pos
AMPLICON,250,10034000,PRJNA464410,SAMN09104255,Metagenome or environmental,6611126,UC DAVIS,public,"fastq,run.zq,sra","gs,ncbi,s3","gs.us-east1,ncbi.public,s3.us-east-1",SRX4066277,Illumina MiSeq,UCD.12.03722V,PAIRED,METAGENOMIC,gut metagenome,ILLUMINA,5/9/2018 20:00,5/10/2018 12:52,NA,Pos,SRP145364,Duck,GreenWingedTeal,SRR7146674,Duck,Duck,Wild,Pos,NA,USA,North America,"USA:California\,SolanoCounty\,GrizzlyIslandWildlifeArea(GIWA)",cloacal swab,missing,10.1128/mSphere.00382-18,NA,NA,NA,NA,NA,NA,NA,NA,NA,NA,NA,NA,NA,NA,NA,NA,NA,NA,NA,NA,NA,NA,NA,NA,NA,NA,NA,NA,NA,NA,NA,NA,NA,NA,NA,NA,NA,NA,NA,NA,NA,NA,NA,NA,NA,NA,NA,10/21/2012,Anas,"CommonName:GreenWingedTeal,TestforInfluenzaVirus:VI,IDforMatching:UCD12.03722.V",Acar_H6N2_GIWA_Oct2012_2,6,FW,U,2,6_2,Anas,Anascarolinensis,"GrizzlyIslandWildlifeArea(GIWA),SolanoCounty",FW_1213,dabbling,F,Pos_FW_1213_Anascarolinensis,Duck_Pos
AMPLICON,250,13555500,PRJNA464410,SAMN09104078,Metagenome or environmental,8132683,UC DAVIS,public,"fastq,run.zq,sra","gs,ncbi,s3","gs.us-east1,ncbi.public,s3.us-east-1",SRX4066276,Illumina MiSeq,UCD.09.05240,PAIRED,METAGENOMIC,gut metagenome,ILLUMINA,5/9/2018 20:00,5/10/2018 12:52,NA,Neg,SRP145364,Duck,Mallard,SRR7146675,Duck,Duck,Wild,Neg,NA,USA,North America,"USA:California\,SolanoCounty\,SuisunMarsh/Balboa",cloacal swab,missing,10.1128/mSphere.00382-18,NA,NA,NA,NA,NA,NA,NA,NA,NA,NA,NA,NA,NA,NA,NA,NA,NA,NA,NA,NA,NA,NA,NA,NA,NA,NA,NA,NA,NA,NA,NA,NA,NA,NA,NA,NA,NA,NA,NA,NA,NA,NA,NA,NA,NA,NA,NA,7/27/2009,Anas,"CommonName:Mallard,TestforInfluenzaVirus:M.RTPCR,IDforMatching:UCD09.05240.P1",Apla_neg_SMB_Jul2009_7,neg,S,H,neg,neg_neg,Anas,Anasplatyrhynchos,"SuisunMarsh/Balboa,SolanoCounty",S_09,dabbling,F,Neg_S_09_Anasplatyrhynchos,Duck_Neg
AMPLICON,250,38564000,PRJNA464410,SAMN09104173,Metagenome or environmental,24125909,UC DAVIS,public,"fastq,run.zq,sra","gs,ncbi,s3","gs.us-east1,ncbi.public,s3.us-east-1",SRX4066275,Illumina MiSeq,UCD.11.00021,PAIRED,METAGENOMIC,gut metagenome,ILLUMINA,5/9/2018 20:00,5/10/2018 12:52,NA,Neg,SRP145364,Duck,NorthernShoveler,SRR7146676,Duck,Duck,Wild,Neg,NA,USA,North America,"USA:California\,Sacramento\,GlennCounty\,NationalWildlifeRefuge",cloacal swab,missing,10.1128/mSphere.00382-18,NA,NA,NA,NA,NA,NA,NA,NA,NA,NA,NA,NA,NA,NA,NA,NA,NA,NA,NA,NA,NA,NA,NA,NA,NA,NA,NA,NA,NA,NA,NA,NA,NA,NA,NA,NA,NA,NA,NA,NA,NA,NA,NA,NA,NA,NA,NA,1/29/2011,Anas,"CommonName:NorthernShoveler,TestforInfluenzaVirus:M.RTPCR,IDforMatching:UCD11.00021.P",Acly_neg_SNWR_Jan2011_6,neg,FW,U,neg,neg_neg,Anas,Anasclypeata,"SacramentoNationalWildlifeRefuge,GlennCounty",FW_1011,filter,M,Neg_FW_1011_Anasclypeata,Duck_Neg
AMPLICON,250,21573000,PRJNA464410,SAMN09104172,Metagenome or environmental,14493097,UC DAVIS,public,"fastq,run.zq,sra","gs,ncbi,s3","gs.us-east1,ncbi.public,s3.us-east-1",SRX4066274,Illumina MiSeq,UCD.11.00020,PAIRED,METAGENOMIC,gut metagenome,ILLUMINA,5/9/2018 20:00,5/10/2018 12:52,NA,Neg,SRP145364,Duck,NorthernShoveler,SRR7146677,Duck,Duck,Wild,Neg,NA,USA,North America,"USA:California\,Sacramento\,GlennCounty\,NationalWildlifeRefuge",cloacal swab,missing,10.1128/mSphere.00382-18,NA,NA,NA,NA,NA,NA,NA,NA,NA,NA,NA,NA,NA,NA,NA,NA,NA,NA,NA,NA,NA,NA,NA,NA,NA,NA,NA,NA,NA,NA,NA,NA,NA,NA,NA,NA,NA,NA,NA,NA,NA,NA,NA,NA,NA,NA,NA,1/29/2011,Anas,"CommonName:NorthernShoveler,TestforInfluenzaVirus:M.RTPCR,IDforMatching:UCD11.00020.P",Acly_neg_SNWR_Jan2011_5,neg,FW,U,neg,neg_neg,Anas,Anasclypeata,"SacramentoNationalWildlifeRefuge,GlennCounty",FW_1011,filter,M,Neg_FW_1011_Anasclypeata,Duck_Neg
AMPLICON,250,44839500,PRJNA464410,SAMN09104167,Metagenome or environmental,27936585,UC DAVIS,public,"fastq,run.zq,sra","gs,ncbi,s3","gs.us-east1,ncbi.public,s3.us-east-1",SRX4066273,Illumina MiSeq,UCD.11.00008,PAIRED,METAGENOMIC,gut metagenome,ILLUMINA,5/9/2018 20:00,5/10/2018 12:52,NA,Neg,SRP145364,Duck,NorthernShoveler,SRR7146678,Duck,Duck,Wild,Neg,NA,USA,North America,"USA:California\,Sacramento\,GlennCounty\,NationalWildlifeRefuge",cloacal swab,missing,10.1128/mSphere.00382-18,NA,NA,NA,NA,NA,NA,NA,NA,NA,NA,NA,NA,NA,NA,NA,NA,NA,NA,NA,NA,NA,NA,NA,NA,NA,NA,NA,NA,NA,NA,NA,NA,NA,NA,NA,NA,NA,NA,NA,NA,NA,NA,NA,NA,NA,NA,NA,1/29/2011,Anas,"CommonName:NorthernShoveler,TestforInfluenzaVirus:M.RTPCR,IDforMatching:UCD11.00008.P",Acly_neg_SNWR_Jan2011_2,neg,FW,U,neg,neg_neg,Anas,Anasclypeata,"SacramentoNationalWildlifeRefuge,GlennCounty",FW_1011,filter,M,Neg_FW_1011_Anasclypeata,Duck_Neg
AMPLICON,250,36033000,PRJNA464410,SAMN09104166,Metagenome or environmental,23261919,UC DAVIS,public,"fastq,run.zq,sra","gs,ncbi,s3","gs.us-east1,ncbi.public,s3.us-east-1",SRX4066272,Illumina MiSeq,UCD.11.00007,PAIRED,METAGENOMIC,gut metagenome,ILLUMINA,5/9/2018 20:00,5/10/2018 12:52,NA,Neg,SRP145364,Duck,NorthernShoveler,SRR7146679,Duck,Duck,Wild,Neg,NA,USA,North America,"USA:California\,Sacramento\,GlennCounty\,NationalWildlifeRefuge",cloacal swab,missing,10.1128/mSphere.00382-18,NA,NA,NA,NA,NA,NA,NA,NA,NA,NA,NA,NA,NA,NA,NA,NA,NA,NA,NA,NA,NA,NA,NA,NA,NA,NA,NA,NA,NA,NA,NA,NA,NA,NA,NA,NA,NA,NA,NA,NA,NA,NA,NA,NA,NA,NA,NA,1/29/2011,Anas,"CommonName:NorthernShoveler,TestforInfluenzaVirus:M.RTPCR,IDforMatching:UCD11.00007.P",Acly_neg_SNWR_Jan2011_1,neg,FW,U,neg,neg_neg,Anas,Anasclypeata,"SacramentoNationalWildlifeRefuge,GlennCounty",FW_1011,filter,M,Neg_FW_1011_Anasclypeata,Duck_Neg
AMPLICON,250,18238500,PRJNA464410,SAMN09104165,Metagenome or environmental,11260912,UC DAVIS,public,"fastq,run.zq,sra","gs,ncbi,s3","gs.us-east1,ncbi.public,s3.us-east-1",SRX4066271,Illumina MiSeq,UCD.10.1297.CP,PAIRED,METAGENOMIC,gut metagenome,ILLUMINA,5/9/2018 20:00,5/10/2018 12:52,NA,Pos,SRP145364,Duck,Mallard,SRR7146680,Duck,Duck,Wild,Pos,NA,USA,North America,"USA:California\,SolanoCounty\,GrizzlyIslandWildlifeArea(GIWA)",cloacal swab,missing,10.1128/mSphere.00382-18,NA,NA,NA,NA,NA,NA,NA,NA,NA,NA,NA,NA,NA,NA,NA,NA,NA,NA,NA,NA,NA,NA,NA,NA,NA,NA,NA,NA,NA,NA,NA,NA,NA,NA,NA,NA,NA,NA,NA,NA,NA,NA,NA,NA,NA,NA,NA,7/30/2010,Anas,"CommonName:Mallard,TestforInfluenzaVirus:M.RTPCR.VI,IDforMatching:UCD10.01297.CP",Apla_H4N6_GIWA_Jul2010_4,4,S,H,6,4_6,Anas,Anasplatyrhynchos,"GrizzlyIslandWildlifeArea(GIWA),SolanoCounty",S_10,dabbling,F,Pos_S_10_Anasplatyrhynchos,Duck_Pos
AMPLICON,250,11529000,PRJNA464410,SAMN09104170,Metagenome or environmental,6777789,UC DAVIS,public,"fastq,run.zq,sra","gs,ncbi,s3","gs.us-east1,ncbi.public,s3.us-east-1",SRX4066268,Illumina MiSeq,UCD.11.00015,PAIRED,METAGENOMIC,gut metagenome,ILLUMINA,5/9/2018 20:00,5/10/2018 12:52,NA,Neg,SRP145364,Duck,NorthernPintail,SRR7146683,Duck,Duck,Wild,Neg,NA,USA,North America,"USA:California\,Sacramento\,GlennCounty\,NationalWildlifeRefuge",cloacal swab,missing,10.1128/mSphere.00382-18,NA,NA,NA,NA,NA,NA,NA,NA,NA,NA,NA,NA,NA,NA,NA,NA,NA,NA,NA,NA,NA,NA,NA,NA,NA,NA,NA,NA,NA,NA,NA,NA,NA,NA,NA,NA,NA,NA,NA,NA,NA,NA,NA,NA,NA,NA,NA,1/29/2011,Anas,"CommonName:NorthernPintailTestforInfluenzaVirus:M.RTPCR,IDforMatching:UCD11.00015.P",Aacu_neg_SNWR_Jan2011_5,neg,FW,U,neg,neg_neg,Anas,Anasacuta,"SacramentoNationalWildlifeRefuge,GlennCounty",FW_1011,dabbling,M,Neg_FW_1011_Anasacuta,Duck_Neg
AMPLICON,250,14284500,PRJNA464410,SAMN09104169,Metagenome or environmental,9057830,UC DAVIS,public,"fastq,run.zq,sra","gs,ncbi,s3","gs.us-east1,ncbi.public,s3.us-east-1",SRX4066267,Illumina MiSeq,UCD.11.00012,PAIRED,METAGENOMIC,gut metagenome,ILLUMINA,5/9/2018 20:00,5/10/2018 12:52,NA,Neg,SRP145364,Duck,NorthernPintail,SRR7146684,Duck,Duck,Wild,Neg,NA,USA,North America,"USA:California\,Sacramento\,GlennCounty\,NationalWildlifeRefuge",cloacal swab,missing,10.1128/mSphere.00382-18,NA,NA,NA,NA,NA,NA,NA,NA,NA,NA,NA,NA,NA,NA,NA,NA,NA,NA,NA,NA,NA,NA,NA,NA,NA,NA,NA,NA,NA,NA,NA,NA,NA,NA,NA,NA,NA,NA,NA,NA,NA,NA,NA,NA,NA,NA,NA,1/29/2011,Anas,"CommonName:NorthernPintailTestforInfluenzaVirus:M.RTPCR,IDforMatching:UCD11.00012.P",Aacu_neg_SNWR_Jan2011_4,neg,FW,U,neg,neg_neg,Anas,Anasacuta,"SacramentoNationalWildlifeRefuge,GlennCounty",FW_1011,dabbling,M,Neg_FW_1011_Anasacuta,Duck_Neg
AMPLICON,250,35781000,PRJNA464410,SAMN09104168,Metagenome or environmental,22023003,UC DAVIS,public,"fastq,run.zq,sra","gs,ncbi,s3","gs.us-east1,ncbi.public,s3.us-east-1",SRX4066266,Illumina MiSeq,UCD.11.00009,PAIRED,METAGENOMIC,gut metagenome,ILLUMINA,5/9/2018 20:00,5/10/2018 12:52,NA,Neg,SRP145364,Duck,NorthernShoveler,SRR7146685,Duck,Duck,Wild,Neg,NA,USA,North America,"USA:California\,Sacramento\,GlennCounty\,NationalWildlifeRefuge",cloacal swab,missing,10.1128/mSphere.00382-18,NA,NA,NA,NA,NA,NA,NA,NA,NA,NA,NA,NA,NA,NA,NA,NA,NA,NA,NA,NA,NA,NA,NA,NA,NA,NA,NA,NA,NA,NA,NA,NA,NA,NA,NA,NA,NA,NA,NA,NA,NA,NA,NA,NA,NA,NA,NA,1/29/2011,Anas,"CommonName:NorthernShoveler,TestforInfluenzaVirus:M.RTPCR,IDforMatching:UCD11.00009.P",Acly_neg_SNWR_Jan2011_3,neg,FW,U,neg,neg_neg,Anas,Anasclypeata,"SacramentoNationalWildlifeRefuge,GlennCounty",FW_1011,filter,M,Neg_FW_1011_Anasclypeata,Duck_Neg
AMPLICON,250,16088000,PRJNA464410,SAMN09104206,Metagenome or environmental,10440611,UC DAVIS,public,"fastq,run.zq,sra","gs,ncbi,s3","gs.us-east1,ncbi.public,s3.us-east-1",SRX4066265,Illumina MiSeq,UCD.11.02566.P.H4,PAIRED,METAGENOMIC,gut metagenome,ILLUMINA,5/9/2018 20:00,5/10/2018 12:52,NA,Pos,SRP145364,Duck,Mallard,SRR7146686,Duck,Duck,Wild,Pos,NA,USA,North America,"USA:California\,SolanoCounty\,GrizzlyIslandWildlifeArea(GIWA)",cloacal swab,missing,10.1128/mSphere.00382-18,NA,NA,NA,NA,NA,NA,NA,NA,NA,NA,NA,NA,NA,NA,NA,NA,NA,NA,NA,NA,NA,NA,NA,NA,NA,NA,NA,NA,NA,NA,NA,NA,NA,NA,NA,NA,NA,NA,NA,NA,NA,NA,NA,NA,NA,NA,NA,8/12/2011,Anas,"CommonName:Mallard,TestforInfluenzaVirus:M.RTPCR.VI,IDforMatching:UCD11.02566.P",Apla_H4N8_GIWA_Aug2011_2,4,S,H,8,4_8,Anas,Anasplatyrhynchos,"GrizzlyIslandWildlifeArea(GIWA),SolanoCounty",S_11,dabbling,F,Pos_S_11_Anasplatyrhynchos,Duck_Pos
AMPLICON,250,10723000,PRJNA464410,SAMN09104207,Metagenome or environmental,7077259,UC DAVIS,public,"fastq,run.zq,sra","gs,ncbi,s3","gs.us-east1,ncbi.public,s3.us-east-1",SRX4066264,Illumina MiSeq,UCD.11.02584.P.H4,PAIRED,METAGENOMIC,gut metagenome,ILLUMINA,5/9/2018 20:00,5/10/2018 12:52,NA,Pos,SRP145364,Duck,Mallard,SRR7146687,Duck,Duck,Wild,Pos,NA,USA,North America,"USA:California\,SolanoCounty\,GrizzlyIslandWildlifeArea(GIWA)",cloacal swab,missing,10.1128/mSphere.00382-18,NA,NA,NA,NA,NA,NA,NA,NA,NA,NA,NA,NA,NA,NA,NA,NA,NA,NA,NA,NA,NA,NA,NA,NA,NA,NA,NA,NA,NA,NA,NA,NA,NA,NA,NA,NA,NA,NA,NA,NA,NA,NA,NA,NA,NA,NA,NA,8/12/2011,Anas,"CommonName:Mallard,TestforInfluenzaVirus:M.RTPCR.VI,IDforMatching:UCD11.02584.P",Apla_H4N9_GIWA_Aug2011_1,4,S,H,9,4_9,Anas,Anasplatyrhynchos,"GrizzlyIslandWildlifeArea(GIWA),SolanoCounty",S_11,dabbling,M,Pos_S_11_Anasplatyrhynchos,Duck_Pos
AMPLICON,250,8409000,PRJNA464410,SAMN09104074,Metagenome or environmental,5583975,UC DAVIS,public,"fastq,run.zq,sra","gs,ncbi,s3","gs.us-east1,ncbi.public,s3.us-east-1",SRX4066263,Illumina MiSeq,UCD.09.05235,PAIRED,METAGENOMIC,gut metagenome,ILLUMINA,5/9/2018 20:00,5/10/2018 12:52,NA,Neg,SRP145364,Duck,Mallard,SRR7146688,Duck,Duck,Wild,Neg,NA,USA,North America,"USA:California\,SolanoCounty\,SuisunMarsh/Balboa",cloacal swab,missing,10.1128/mSphere.00382-18,NA,NA,NA,NA,NA,NA,NA,NA,NA,NA,NA,NA,NA,NA,NA,NA,NA,NA,NA,NA,NA,NA,NA,NA,NA,NA,NA,NA,NA,NA,NA,NA,NA,NA,NA,NA,NA,NA,NA,NA,NA,NA,NA,NA,NA,NA,NA,7/27/2009,Anas,"CommonName:Mallard,TestforInfluenzaVirus:M.RTPCR,IDforMatching:UCD09.05235.P",Apla_neg_SMB_Jul2009_3,neg,S,H,neg,neg_neg,Anas,Anasplatyrhynchos,"SuisunMarsh/Balboa,SolanoCounty",S_09,dabbling,M,Neg_S_09_Anasplatyrhynchos,Duck_Neg
AMPLICON,250,12199500,PRJNA464410,SAMN09104195,Metagenome or environmental,8047182,UC DAVIS,public,"fastq,run.zq,sra","gs,ncbi,s3","gs.us-east1,ncbi.public,s3.us-east-1",SRX4066261,Illumina MiSeq,UCD.11.02535.P.H5,PAIRED,METAGENOMIC,gut metagenome,ILLUMINA,5/9/2018 20:00,5/10/2018 12:52,NA,Pos,SRP145364,Duck,Mallard,SRR7146690,Duck,Duck,Wild,Pos,NA,USA,North America,"USA:California\,SolanoCounty\,GrizzlyIslandWildlifeArea(GIWA)",cloacal swab,missing,10.1128/mSphere.00382-18,NA,NA,NA,NA,NA,NA,NA,NA,NA,NA,NA,NA,NA,NA,NA,NA,NA,NA,NA,NA,NA,NA,NA,NA,NA,NA,NA,NA,NA,NA,NA,NA,NA,NA,NA,NA,NA,NA,NA,NA,NA,NA,NA,NA,NA,NA,NA,8/12/2011,Anas,"CommonName:Mallard,TestforInfluenzaVirus:M.RTPCR.VI,IDforMatching:UCD11.02535.P",Apla_H5N1_GIWA_Aug2011_3,5,S,H,1,5_1,Anas,Anasplatyrhynchos,"GrizzlyIslandWildlifeArea(GIWA),SolanoCounty",S_11,dabbling,M,Pos_S_11_Anasplatyrhynchos,Duck_Pos
AMPLICON,250,16787000,PRJNA464410,SAMN09104194,Metagenome or environmental,10692291,UC DAVIS,public,"fastq,run.zq,sra","gs,ncbi,s3","gs.us-east1,ncbi.public,s3.us-east-1",SRX4066260,Illumina MiSeq,UCD.11.02533.V.H4,PAIRED,METAGENOMIC,gut metagenome,ILLUMINA,5/9/2018 20:00,5/10/2018 12:52,NA,Pos,SRP145364,Duck,Mallard,SRR7146691,Duck,Duck,Wild,Pos,NA,USA,North America,"USA:California\,SolanoCounty\,GrizzlyIslandWildlifeArea(GIWA)",cloacal swab,missing,10.1128/mSphere.00382-18,NA,NA,NA,NA,NA,NA,NA,NA,NA,NA,NA,NA,NA,NA,NA,NA,NA,NA,NA,NA,NA,NA,NA,NA,NA,NA,NA,NA,NA,NA,NA,NA,NA,NA,NA,NA,NA,NA,NA,NA,NA,NA,NA,NA,NA,NA,NA,8/12/2011,Anas,"CommonName:Mallard,TestforInfluenzaVirus:M.RTPCR.VI,IDforMatching:UCD11.02533.V",Apla_H4N6_GIWA_Aug2011_3,4,S,H,6,4_6,Anas,Anasplatyrhynchos,"GrizzlyIslandWildlifeArea(GIWA),SolanoCounty",S_11,dabbling,M,Pos_S_11_Anasplatyrhynchos,Duck_Pos
AMPLICON,250,15697500,PRJNA464410,SAMN09104197,Metagenome or environmental,10020855,UC DAVIS,public,"fastq,run.zq,sra","gs,ncbi,s3","gs.us-east1,ncbi.public,s3.us-east-1",SRX4066259,Illumina MiSeq,UCD.11.02538,PAIRED,METAGENOMIC,gut metagenome,ILLUMINA,5/9/2018 20:00,5/10/2018 12:53,NA,Neg,SRP145364,Duck,Mallard,SRR7146692,Duck,Duck,Wild,Neg,NA,USA,North America,"USA:California\,SolanoCounty\,GrizzlyIslandWildlifeArea(GIWA)",cloacal swab,missing,10.1128/mSphere.00382-18,NA,NA,NA,NA,NA,NA,NA,NA,NA,NA,NA,NA,NA,NA,NA,NA,NA,NA,NA,NA,NA,NA,NA,NA,NA,NA,NA,NA,NA,NA,NA,NA,NA,NA,NA,NA,NA,NA,NA,NA,NA,NA,NA,NA,NA,NA,NA,8/12/2011,Anas,"CommonName:Mallard,TestforInfluenzaVirus:M.RTPCR.VI,IDforMatching:UCD11.02538.P",Apla_neg_GIWA_Aug2011_6,neg,S,H,neg,neg_neg,Anas,Anasplatyrhynchos,"GrizzlyIslandWildlifeArea(GIWA),SolanoCounty",S_11,dabbling,F,Neg_S_11_Anasplatyrhynchos,Duck_Neg
AMPLICON,250,27719000,PRJNA464410,SAMN09104196,Metagenome or environmental,18087460,UC DAVIS,public,"fastq,run.zq,sra","gs,ncbi,s3","gs.us-east1,ncbi.public,s3.us-east-1",SRX4066258,Illumina MiSeq,UCD.11.02536.H5,PAIRED,METAGENOMIC,gut metagenome,ILLUMINA,5/9/2018 20:00,5/10/2018 12:53,NA,Pos,SRP145364,Duck,Mallard,SRR7146693,Duck,Duck,Wild,Pos,NA,USA,North America,"USA:California\,SolanoCounty\,GrizzlyIslandWildlifeArea(GIWA)",cloacal swab,missing,10.1128/mSphere.00382-18,NA,NA,NA,NA,NA,NA,NA,NA,NA,NA,NA,NA,NA,NA,NA,NA,NA,NA,NA,NA,NA,NA,NA,NA,NA,NA,NA,NA,NA,NA,NA,NA,NA,NA,NA,NA,NA,NA,NA,NA,NA,NA,NA,NA,NA,NA,NA,8/12/2011,Anas,"CommonName:Mallard,TestforInfluenzaVirus:M.RTPCR.VI,IDforMatching:UCD11.02536.V",Apla_H5N1_GIWA_Aug2011_4,5,S,H,1,5_1,Anas,Anasplatyrhynchos,"GrizzlyIslandWildlifeArea(GIWA),SolanoCounty",S_11,dabbling,M,Pos_S_11_Anasplatyrhynchos,Duck_Pos
AMPLICON,250,10914000,PRJNA464410,SAMN09104199,Metagenome or environmental,7085675,UC DAVIS,public,"fastq,run.zq,sra","gs,ncbi,s3","gs.us-east1,ncbi.public,s3.us-east-1",SRX4066257,Illumina MiSeq,UCD.11.02542.V.H5,PAIRED,METAGENOMIC,gut metagenome,ILLUMINA,5/9/2018 20:00,5/10/2018 12:52,NA,Pos,SRP145364,Duck,Mallard,SRR7146694,Duck,Duck,Wild,Pos,NA,USA,North America,"USA:California\,SolanoCounty\,GrizzlyIslandWildlifeArea(GIWA)",cloacal swab,missing,10.1128/mSphere.00382-18,NA,NA,NA,NA,NA,NA,NA,NA,NA,NA,NA,NA,NA,NA,NA,NA,NA,NA,NA,NA,NA,NA,NA,NA,NA,NA,NA,NA,NA,NA,NA,NA,NA,NA,NA,NA,NA,NA,NA,NA,NA,NA,NA,NA,NA,NA,NA,8/12/2011,Anas,"CommonName:Mallard,TestforInfluenzaVirus:M.RTPCR.VI,IDforMatching:UCD11.02542.V",Apla_H5N1_GIWA_Aug2011_5,5,S,H,1,5_1,Anas,Anasplatyrhynchos,"GrizzlyIslandWildlifeArea(GIWA),SolanoCounty",S_11,dabbling,M,Pos_S_11_Anasplatyrhynchos,Duck_Pos
AMPLICON,250,13421000,PRJNA464410,SAMN09104201,Metagenome or environmental,8680519,UC DAVIS,public,"fastq,run.zq,sra","gs,ncbi,s3","gs.us-east1,ncbi.public,s3.us-east-1",SRX4066255,Illumina MiSeq,UCD.11.02547.V.H3,PAIRED,METAGENOMIC,gut metagenome,ILLUMINA,5/9/2018 20:00,5/10/2018 12:53,NA,Pos,SRP145364,Duck,Mallard,SRR7146696,Duck,Duck,Wild,Pos,NA,USA,North America,"USA:California\,SolanoCounty\,GrizzlyIslandWildlifeArea(GIWA)",cloacal swab,missing,10.1128/mSphere.00382-18,NA,NA,NA,NA,NA,NA,NA,NA,NA,NA,NA,NA,NA,NA,NA,NA,NA,NA,NA,NA,NA,NA,NA,NA,NA,NA,NA,NA,NA,NA,NA,NA,NA,NA,NA,NA,NA,NA,NA,NA,NA,NA,NA,NA,NA,NA,NA,8/12/2011,Anas,"CommonName:Mallard,TestforInfluenzaVirus:M.RTPCR.VI,IDforMatching:UCD11.02547.V",Apla_H3N8_GIWA_Aug2011_2,3,S,H,8,3_8,Anas,Anasplatyrhynchos,"GrizzlyIslandWildlifeArea(GIWA),SolanoCounty",S_11,dabbling,M,Pos_S_11_Anasplatyrhynchos,Duck_Pos
AMPLICON,250,10439000,PRJNA464410,SAMN09104200,Metagenome or environmental,6789717,UC DAVIS,public,"fastq,run.zq,sra","gs,ncbi,s3","gs.us-east1,ncbi.public,s3.us-east-1",SRX4066254,Illumina MiSeq,UCD.11.02546,PAIRED,METAGENOMIC,gut metagenome,ILLUMINA,5/9/2018 20:00,5/10/2018 12:53,NA,Neg,SRP145364,Duck,Mallard,SRR7146697,Duck,Duck,Wild,Neg,NA,USA,North America,"USA:California\,SolanoCounty\,GrizzlyIslandWildlifeArea(GIWA)",cloacal swab,missing,10.1128/mSphere.00382-18,NA,NA,NA,NA,NA,NA,NA,NA,NA,NA,NA,NA,NA,NA,NA,NA,NA,NA,NA,NA,NA,NA,NA,NA,NA,NA,NA,NA,NA,NA,NA,NA,NA,NA,NA,NA,NA,NA,NA,NA,NA,NA,NA,NA,NA,NA,NA,8/12/2011,Anas,"CommonName:Mallard,TestforInfluenzaVirus:M.RTPCR.VI,IDforMatching:UCD11.02546.P",Apla_neg_GIWA_Aug2011_8,neg,S,H,neg,neg_neg,Anas,Anasplatyrhynchos,"GrizzlyIslandWildlifeArea(GIWA),SolanoCounty",S_11,dabbling,F,Neg_S_11_Anasplatyrhynchos,Duck_Neg
AMPLICON,250,9365500,PRJNA464410,SAMN09104203,Metagenome or environmental,6136664,UC DAVIS,public,"fastq,run.zq,sra","gs,ncbi,s3","gs.us-east1,ncbi.public,s3.us-east-1",SRX4066253,Illumina MiSeq,UCD.11.02549.V.H3,PAIRED,METAGENOMIC,gut metagenome,ILLUMINA,5/9/2018 20:00,5/10/2018 12:53,NA,Pos,SRP145364,Duck,Mallard,SRR7146698,Duck,Duck,Wild,Pos,NA,USA,North America,"USA:California\,SolanoCounty\,GrizzlyIslandWildlifeArea(GIWA)",cloacal swab,missing,10.1128/mSphere.00382-18,NA,NA,NA,NA,NA,NA,NA,NA,NA,NA,NA,NA,NA,NA,NA,NA,NA,NA,NA,NA,NA,NA,NA,NA,NA,NA,NA,NA,NA,NA,NA,NA,NA,NA,NA,NA,NA,NA,NA,NA,NA,NA,NA,NA,NA,NA,NA,8/12/2011,Anas,"CommonName:Mallard,TestforInfluenzaVirus:M.RTPCR.VI,IDforMatching:UCD11.02549.V",Apla_H3N8_GIWA_Aug2011_3,3,S,H,8,3_8,Anas,Anasplatyrhynchos,"GrizzlyIslandWildlifeArea(GIWA),SolanoCounty",S_11,dabbling,F,Pos_S_11_Anasplatyrhynchos,Duck_Pos
AMPLICON,250,6431500,PRJNA464410,SAMN09104202,Metagenome or environmental,4190121,UC DAVIS,public,"fastq,run.zq,sra","gs,ncbi,s3","gs.us-east1,ncbi.public,s3.us-east-1",SRX4066252,Illumina MiSeq,UCD.11.02548.P.H3,PAIRED,METAGENOMIC,gut metagenome,ILLUMINA,5/9/2018 20:00,5/10/2018 12:53,NA,Pos,SRP145364,Duck,Mallard,SRR7146699,Duck,Duck,Wild,Pos,NA,USA,North America,"USA:California\,SolanoCounty\,GrizzlyIslandWildlifeArea(GIWA)",cloacal swab,missing,10.1128/mSphere.00382-18,NA,NA,NA,NA,NA,NA,NA,NA,NA,NA,NA,NA,NA,NA,NA,NA,NA,NA,NA,NA,NA,NA,NA,NA,NA,NA,NA,NA,NA,NA,NA,NA,NA,NA,NA,NA,NA,NA,NA,NA,NA,NA,NA,NA,NA,NA,NA,8/12/2011,Anas,"CommonName:Mallard,TestforInfluenzaVirus:M.RTPCR.VI,IDforMatching:UCD11.02548.P",Apla_H3Nunk_GIWA_Aug2011_1,3,S,H,unk,3_unk,Anas,Anasplatyrhynchos,"GrizzlyIslandWildlifeArea(GIWA),SolanoCounty",S_11,dabbling,F,Pos_S_11_Anasplatyrhynchos,Duck_Pos
AMPLICON,250,11891000,PRJNA464410,SAMN09104210,Metagenome or environmental,7838720,UC DAVIS,public,"fastq,run.zq,sra","gs,ncbi,s3","gs.us-east1,ncbi.public,s3.us-east-1",SRX4066251,Illumina MiSeq,UCD.11.02594.P.H4,PAIRED,METAGENOMIC,gut metagenome,ILLUMINA,5/9/2018 20:00,5/10/2018 12:53,NA,Pos,SRP145364,Duck,Mallard,SRR7146700,Duck,Duck,Wild,Pos,NA,USA,North America,"USA:California\,SolanoCounty\,GrizzlyIslandWildlifeArea(GIWA)",cloacal swab,missing,10.1128/mSphere.00382-18,NA,NA,NA,NA,NA,NA,NA,NA,NA,NA,NA,NA,NA,NA,NA,NA,NA,NA,NA,NA,NA,NA,NA,NA,NA,NA,NA,NA,NA,NA,NA,NA,NA,NA,NA,NA,NA,NA,NA,NA,NA,NA,NA,NA,NA,NA,NA,8/12/2011,Anas,"CommonName:Mallard,TestforInfluenzaVirus:M.RTPCR.VI,IDforMatching:UCD11.02594.P",Apla_H4N6_GIWA_Aug2011_6,4,S,H,6,4_6,Anas,Anasplatyrhynchos,"GrizzlyIslandWildlifeArea(GIWA),SolanoCounty",S_11,dabbling,F,Pos_S_11_Anasplatyrhynchos,Duck_Pos
AMPLICON,250,14820500,PRJNA464410,SAMN09104083,Metagenome or environmental,9815786,UC DAVIS,public,"fastq,run.zq,sra","gs,ncbi,s3","gs.us-east1,ncbi.public,s3.us-east-1",SRX4066250,Illumina MiSeq,UCD.09.05255.V,PAIRED,METAGENOMIC,gut metagenome,ILLUMINA,5/9/2018 20:00,5/10/2018 12:53,NA,Pos,SRP145364,Duck,Mallard,SRR7146701,Duck,Duck,Wild,Pos,NA,USA,North America,"USA:California\,SolanoCounty\,SuisunMarsh/ArnoldRanch",cloacal swab,missing,10.1128/mSphere.00382-18,NA,NA,NA,NA,NA,NA,NA,NA,NA,NA,NA,NA,NA,NA,NA,NA,NA,NA,NA,NA,NA,NA,NA,NA,NA,NA,NA,NA,NA,NA,NA,NA,NA,NA,NA,NA,NA,NA,NA,NA,NA,NA,NA,NA,NA,NA,NA,7/28/2009,Anas,"CommonName:Mallard,TestforInfluenzaVirus:VI,IDforMatching:UCD09.05255.V",Apla_H3N8_SMAR_Jul2009_1,3,S,H,8,3_8,Anas,Anasplatyrhynchos,"SuisunMarsh/ArnoldRanch,SolanoCounty",S_09,dabbling,F,Pos_S_09_Anasplatyrhynchos,Duck_Pos
AMPLICON,250,19938000,PRJNA464410,SAMN09104257,Metagenome or environmental,12885273,UC DAVIS,public,"fastq,run.zq,sra","gs,ncbi,s3","gs.us-east1,ncbi.public,s3.us-east-1",SRX4066249,Illumina MiSeq,UCD.12.03887.VB,PAIRED,METAGENOMIC,gut metagenome,ILLUMINA,5/9/2018 20:00,5/10/2018 12:53,NA,Pos,SRP145364,Duck,NorthernShoveler,SRR7146702,Duck,Duck,Wild,Pos,NA,USA,North America,"USA:California\,SolanoCounty\,GrizzlyIslandWildlifeArea(GIWA)",cloacal swab,missing,10.1128/mSphere.00382-18,NA,NA,NA,NA,NA,NA,NA,NA,NA,NA,NA,NA,NA,NA,NA,NA,NA,NA,NA,NA,NA,NA,NA,NA,NA,NA,NA,NA,NA,NA,NA,NA,NA,NA,NA,NA,NA,NA,NA,NA,NA,NA,NA,NA,NA,NA,NA,10/27/2011,Anas,"CommonName:NorthernShoveler,TestforInfluenzaVirus:VI,IDforMatching:UCD12.03887.V",Acly_H11N9_GIWA_Oct2011_1,11,FW,U,9,11_9,Anas,Anasclypeata,"GrizzlyIslandWildlifeArea(GIWA),SolanoCounty",FW_1112,filter,F,Pos_FW_1112_Anasclypeata,Duck_Pos
AMPLICON,250,13519500,PRJNA464410,SAMN09104256,Metagenome or environmental,9113111,UC DAVIS,public,"fastq,run.zq,sra","gs,ncbi,s3","gs.us-east1,ncbi.public,s3.us-east-1",SRX4066248,Illumina MiSeq,UCD.12.03741.VA,PAIRED,METAGENOMIC,gut metagenome,ILLUMINA,5/9/2018 20:00,5/10/2018 12:53,NA,Pos,SRP145364,Duck,AmericanWigeon,SRR7146703,Duck,Duck,Wild,Pos,NA,USA,North America,"USA:California\,SolanoCounty\,GrizzlyIslandWildlifeArea(GIWA)",cloacal swab,missing,10.1128/mSphere.00382-18,NA,NA,NA,NA,NA,NA,NA,NA,NA,NA,NA,NA,NA,NA,NA,NA,NA,NA,NA,NA,NA,NA,NA,NA,NA,NA,NA,NA,NA,NA,NA,NA,NA,NA,NA,NA,NA,NA,NA,NA,NA,NA,NA,NA,NA,NA,NA,10/21/2012,Anas,"CommonName:AmericanWigeon,TestforInfluenzaVirus:VI,IDforMatching:UCD12.03741.V",Aame_H6N1_GIWA_Oct2012_1,6,FW,U,1,6_1,Anas,Anasamericana,"GrizzlyIslandWildlifeArea(GIWA),SolanoCounty",FW_1213,dabbling,F,Pos_FW_1213_Anasamericana,Duck_Pos
AMPLICON,250,17300000,PRJNA464410,SAMN09104211,Metagenome or environmental,10959881,UC DAVIS,public,"fastq,run.zq,sra","gs,ncbi,s3","gs.us-east1,ncbi.public,s3.us-east-1",SRX4066247,Illumina MiSeq,UCD.11.02696.V,PAIRED,METAGENOMIC,gut metagenome,ILLUMINA,5/9/2018 20:00,5/10/2018 12:53,NA,Pos,SRP145364,Duck,NorthernShoveler,SRR7146704,Duck,Duck,Wild,Pos,NA,USA,North America,"USA:California\,SolanoCounty\,GrizzlyIslandWildlifeArea(GIWA)",cloacal swab,missing,10.1128/mSphere.00382-18,NA,NA,NA,NA,NA,NA,NA,NA,NA,NA,NA,NA,NA,NA,NA,NA,NA,NA,NA,NA,NA,NA,NA,NA,NA,NA,NA,NA,NA,NA,NA,NA,NA,NA,NA,NA,NA,NA,NA,NA,NA,NA,NA,NA,NA,NA,NA,10/29/2011,Anas,"CommonName:NorthernShoveler,TestforInfluenzaVirus:VI,IDforMatching:UCD11.02696.V",Acly_H14N2_GIWA_Oct2011_1,14,FW,U,2,14_2,Anas,Anasclypeata,"GrizzlyIslandWildlifeArea(GIWA),SolanoCounty",FW_1112,filter,M,Pos_FW_1112_Anasclypeata,Duck_Pos
AMPLICON,250,36702000,PRJNA464410,SAMN09104254,Metagenome or environmental,22349043,UC DAVIS,public,"fastq,run.zq,sra","gs,ncbi,s3","gs.us-east1,ncbi.public,s3.us-east-1",SRX4066246,Illumina MiSeq,UCD.12.03722.VA,PAIRED,METAGENOMIC,gut metagenome,ILLUMINA,5/9/2018 20:00,5/10/2018 12:53,NA,Pos,SRP145364,Duck,GreenWingedTeal,SRR7146705,Duck,Duck,Wild,Pos,NA,USA,North America,"USA:California\,SolanoCounty\,GrizzlyIslandWildlifeArea(GIWA)",cloacal swab,missing,10.1128/mSphere.00382-18,NA,NA,NA,NA,NA,NA,NA,NA,NA,NA,NA,NA,NA,NA,NA,NA,NA,NA,NA,NA,NA,NA,NA,NA,NA,NA,NA,NA,NA,NA,NA,NA,NA,NA,NA,NA,NA,NA,NA,NA,NA,NA,NA,NA,NA,NA,NA,10/21/2012,Anas,"CommonName:GreenWingedTeal,TestforInfluenzaVirus:VI,IDforMatching:UCD12.03722.VA",Acar_H6N2_GIWA_Oct2012_1,6,FW,U,2,6_2,Anas,Anascarolinensis,"GrizzlyIslandWildlifeArea(GIWA),SolanoCounty",FW_1213,dabbling,F,Pos_FW_1213_Anascarolinensis,Duck_Pos
AMPLICON,250,11670000,PRJNA464410,SAMN09104260,Metagenome or environmental,7723191,UC DAVIS,public,"fastq,run.zq,sra","gs,ncbi,s3","gs.us-east1,ncbi.public,s3.us-east-1",SRX4066244,Illumina MiSeq,UCD.13.01324.VA.H4,PAIRED,METAGENOMIC,gut metagenome,ILLUMINA,5/9/2018 20:00,5/10/2018 12:53,NA,Pos,SRP145364,Duck,Mallard,SRR7146707,Duck,Duck,Wild,Pos,NA,USA,North America,"USA:California\,SolanoCounty\,GrizzlyIslandWildlifeArea(GIWA)",cloacal swab,missing,10.1128/mSphere.00382-18,NA,NA,NA,NA,NA,NA,NA,NA,NA,NA,NA,NA,NA,NA,NA,NA,NA,NA,NA,NA,NA,NA,NA,NA,NA,NA,NA,NA,NA,NA,NA,NA,NA,NA,NA,NA,NA,NA,NA,NA,NA,NA,NA,NA,NA,NA,NA,7/18/2013,Anas,"CommonName:Mallard,TestforInfluenzaVirus:M.RTPCR.VI,IDforMatching:UCD13.01324.V",Apla_H4N6_GIWA_Jul2013_1,4,S,A,6,4_6,Anas,Anasplatyrhynchos,"GrizzlyIslandWildlifeArea(GIWA),SolanoCounty",S_13,dabbling,M,Pos_S_13_Anasplatyrhynchos,Duck_Pos
AMPLICON,250,15638500,PRJNA464410,SAMN09104208,Metagenome or environmental,10149506,UC DAVIS,public,"fastq,run.zq,sra","gs,ncbi,s3","gs.us-east1,ncbi.public,s3.us-east-1",SRX4066241,Illumina MiSeq,UCD.11.02589.P.H4,PAIRED,METAGENOMIC,gut metagenome,ILLUMINA,5/9/2018 20:00,5/10/2018 12:53,NA,Pos,SRP145364,Duck,Mallard,SRR7146710,Duck,Duck,Wild,Pos,NA,USA,North America,"USA:California\,SolanoCounty\,GrizzlyIslandWildlifeArea(GIWA)",cloacal swab,missing,10.1128/mSphere.00382-18,NA,NA,NA,NA,NA,NA,NA,NA,NA,NA,NA,NA,NA,NA,NA,NA,NA,NA,NA,NA,NA,NA,NA,NA,NA,NA,NA,NA,NA,NA,NA,NA,NA,NA,NA,NA,NA,NA,NA,NA,NA,NA,NA,NA,NA,NA,NA,8/12/2011,Anas,"CommonName:Mallard,TestforInfluenzaVirus:M.RTPCR.VI,IDforMatching:UCD11.02589.P",Apla_H4N1_GIWA_Aug2011_1,4,S,H,1,4_1,Anas,Anasplatyrhynchos,"GrizzlyIslandWildlifeArea(GIWA),SolanoCounty",S_11,dabbling,M,Pos_S_11_Anasplatyrhynchos,Duck_Pos
AMPLICON,250,15661500,PRJNA464410,SAMN09104263,Metagenome or environmental,10177234,UC DAVIS,public,"fastq,run.zq,sra","gs,ncbi,s3","gs.us-east1,ncbi.public,s3.us-east-1",SRX4066240,Illumina MiSeq,UCD.13.01343,PAIRED,METAGENOMIC,gut metagenome,ILLUMINA,5/9/2018 20:00,5/10/2018 12:53,NA,Neg,SRP145364,Duck,Mallard,SRR7146711,Duck,Duck,Wild,Neg,NA,USA,North America,"USA:California\,SolanoCounty\,GrizzlyIslandWildlifeArea(GIWA)",cloacal swab,missing,10.1128/mSphere.00382-18,NA,NA,NA,NA,NA,NA,NA,NA,NA,NA,NA,NA,NA,NA,NA,NA,NA,NA,NA,NA,NA,NA,NA,NA,NA,NA,NA,NA,NA,NA,NA,NA,NA,NA,NA,NA,NA,NA,NA,NA,NA,NA,NA,NA,NA,NA,NA,7/18/2013,Anas,"CommonName:Mallard,TestforInfluenzaVirus:M.RTPCR,IDforMatching:UCD13.01343.P",Apla_neg_GIWA_Jul2013_2,neg,S,H,neg,neg_neg,Anas,Anasplatyrhynchos,"GrizzlyIslandWildlifeArea(GIWA),SolanoCounty",S_13,dabbling,F,Neg_S_13_Anasplatyrhynchos,Duck_Neg
AMPLICON,250,16037500,PRJNA464410,SAMN09104209,Metagenome or environmental,10476979,UC DAVIS,public,"fastq,run.zq,sra","gs,ncbi,s3","gs.us-east1,ncbi.public,s3.us-east-1",SRX4066238,Illumina MiSeq,UCD.11.02590.V.H4,PAIRED,METAGENOMIC,gut metagenome,ILLUMINA,5/9/2018 20:00,5/10/2018 12:53,NA,Pos,SRP145364,Duck,Mallard,SRR7146713,Duck,Duck,Wild,Pos,NA,USA,North America,"USA:California\,SolanoCounty\,GrizzlyIslandWildlifeArea(GIWA)",cloacal swab,missing,10.1128/mSphere.00382-18,NA,NA,NA,NA,NA,NA,NA,NA,NA,NA,NA,NA,NA,NA,NA,NA,NA,NA,NA,NA,NA,NA,NA,NA,NA,NA,NA,NA,NA,NA,NA,NA,NA,NA,NA,NA,NA,NA,NA,NA,NA,NA,NA,NA,NA,NA,NA,8/12/2011,Anas,"CommonName:Mallard,TestforInfluenzaVirus:M.RTPCR.VI,IDforMatching:UCD11.02590.V",Apla_H4N6_GIWA_Aug2011_5,4,S,H,6,4_6,Anas,Anasplatyrhynchos,"GrizzlyIslandWildlifeArea(GIWA),SolanoCounty",S_11,dabbling,M,Pos_S_11_Anasplatyrhynchos,Duck_Pos
AMPLICON,250,14389500,PRJNA464410,SAMN09104140,Metagenome or environmental,9014404,UC DAVIS,public,"fastq,run.zq,sra","gs,ncbi,s3","gs.us-east1,ncbi.public,s3.us-east-1",SRX4066237,Illumina MiSeq,UCD.10.02508,PAIRED,METAGENOMIC,gut metagenome,ILLUMINA,5/9/2018 20:00,5/10/2018 12:53,NA,Neg,SRP145364,Duck,NorthernPintail,SRR7146714,Duck,Duck,Wild,Neg,NA,USA,North America,"USA:California\,YoloCounty\,ConawayRanch",cloacal swab,missing,10.1128/mSphere.00382-18,NA,NA,NA,NA,NA,NA,NA,NA,NA,NA,NA,NA,NA,NA,NA,NA,NA,NA,NA,NA,NA,NA,NA,NA,NA,NA,NA,NA,NA,NA,NA,NA,NA,NA,NA,NA,NA,NA,NA,NA,NA,NA,NA,NA,NA,NA,NA,10/23/2010,Anas,"CommonName:NorthernPintailTestforInfluenzaVirus:M.RTPCR,IDforMatching:UCD10.02508.P",Aacu_neg_CR_Oct2010_6,neg,FW,U,neg,neg_neg,Anas,Anasacuta,"ConawayRanch,YoloCounty",FW_1011,dabbling,F,Neg_FW_1011_Anasacuta,Duck_Neg
AMPLICON,250,17486000,PRJNA464410,SAMN09104138,Metagenome or environmental,10861658,UC DAVIS,public,"fastq,run.zq,sra","gs,ncbi,s3","gs.us-east1,ncbi.public,s3.us-east-1",SRX4066235,Illumina MiSeq,UCD.10.02503,PAIRED,METAGENOMIC,gut metagenome,ILLUMINA,5/9/2018 20:00,5/10/2018 12:53,NA,Neg,SRP145364,Duck,GreenWingedTeal,SRR7146716,Duck,Duck,Wild,Neg,NA,USA,North America,"USA:California\,YoloCounty\,ConawayRanch",cloacal swab,missing,10.1128/mSphere.00382-18,NA,NA,NA,NA,NA,NA,NA,NA,NA,NA,NA,NA,NA,NA,NA,NA,NA,NA,NA,NA,NA,NA,NA,NA,NA,NA,NA,NA,NA,NA,NA,NA,NA,NA,NA,NA,NA,NA,NA,NA,NA,NA,NA,NA,NA,NA,NA,10/23/2010,Anas,"CommonName:GreenWingedTeal,TestforInfluenzaVirus:M.RTPCR,IDforMatching:UCD10.02503.P",Acar_neg_CR_Oct2010_6,neg,FW,U,neg,neg_neg,Anas,Anascarolinensis,"ConawayRanch,YoloCounty",FW_1011,dabbling,U,Neg_FW_1011_Anascarolinensis,Duck_Neg
AMPLICON,250,18221000,PRJNA464410,SAMN09104139,Metagenome or environmental,11605042,UC DAVIS,public,"fastq,run.zq,sra","gs,ncbi,s3","gs.us-east1,ncbi.public,s3.us-east-1",SRX4066234,Illumina MiSeq,UCD.10.02505,PAIRED,METAGENOMIC,gut metagenome,ILLUMINA,5/9/2018 20:00,5/10/2018 12:54,NA,Neg,SRP145364,Duck,NorthernPintail,SRR7146717,Duck,Duck,Wild,Neg,NA,USA,North America,"USA:California\,YoloCounty\,ConawayRanch",cloacal swab,missing,10.1128/mSphere.00382-18,NA,NA,NA,NA,NA,NA,NA,NA,NA,NA,NA,NA,NA,NA,NA,NA,NA,NA,NA,NA,NA,NA,NA,NA,NA,NA,NA,NA,NA,NA,NA,NA,NA,NA,NA,NA,NA,NA,NA,NA,NA,NA,NA,NA,NA,NA,NA,10/23/2010,Anas,"CommonName:NorthernPintailTestforInfluenzaVirus:M.RTPCR,IDforMatching:UCD10.02505.P",Aacu_neg_CR_Oct2010_5,neg,FW,U,neg,neg_neg,Anas,Anasacuta,"ConawayRanch,YoloCounty",FW_1011,dabbling,F,Neg_FW_1011_Anasacuta,Duck_Neg
AMPLICON,250,10335500,PRJNA464410,SAMN09104136,Metagenome or environmental,6735593,UC DAVIS,public,"fastq,run.zq,sra","gs,ncbi,s3","gs.us-east1,ncbi.public,s3.us-east-1",SRX4066233,Illumina MiSeq,UCD.10.02501,PAIRED,METAGENOMIC,gut metagenome,ILLUMINA,5/9/2018 20:00,5/10/2018 12:54,NA,Neg,SRP145364,Duck,NorthernPintail,SRR7146718,Duck,Duck,Wild,Neg,NA,USA,North America,"USA:California\,YoloCounty\,ConawayRanch",cloacal swab,missing,10.1128/mSphere.00382-18,NA,NA,NA,NA,NA,NA,NA,NA,NA,NA,NA,NA,NA,NA,NA,NA,NA,NA,NA,NA,NA,NA,NA,NA,NA,NA,NA,NA,NA,NA,NA,NA,NA,NA,NA,NA,NA,NA,NA,NA,NA,NA,NA,NA,NA,NA,NA,10/23/2010,Anas,"CommonName:NorthernPintailTestforInfluenzaVirus:M.RTPCR,IDforMatching:UCD10.02501.P",Aacu_neg_CR_Oct2010_4,neg,FW,U,neg,neg_neg,Anas,Anasacuta,"ConawayRanch,YoloCounty",FW_1011,dabbling,F,Neg_FW_1011_Anasacuta,Duck_Neg
AMPLICON,250,9449500,PRJNA464410,SAMN09104137,Metagenome or environmental,6278890,UC DAVIS,public,"fastq,run.zq,sra","gs,ncbi,s3","gs.us-east1,ncbi.public,s3.us-east-1",SRX4066232,Illumina MiSeq,UCD.10.02502,PAIRED,METAGENOMIC,gut metagenome,ILLUMINA,5/9/2018 20:00,5/10/2018 12:53,NA,Neg,SRP145364,Duck,GreenWingedTeal,SRR7146719,Duck,Duck,Wild,Neg,NA,USA,North America,"USA:California\,YoloCounty\,ConawayRanch",cloacal swab,missing,10.1128/mSphere.00382-18,NA,NA,NA,NA,NA,NA,NA,NA,NA,NA,NA,NA,NA,NA,NA,NA,NA,NA,NA,NA,NA,NA,NA,NA,NA,NA,NA,NA,NA,NA,NA,NA,NA,NA,NA,NA,NA,NA,NA,NA,NA,NA,NA,NA,NA,NA,NA,10/23/2010,Anas,"CommonName:GreenWingedTeal,TestforInfluenzaVirus:M.RTPCR,IDforMatching:UCD10.02502.P",Acar_neg_CR_Oct2010_5,neg,FW,U,neg,neg_neg,Anas,Anascarolinensis,"ConawayRanch,YoloCounty",FW_1011,dabbling,U,Neg_FW_1011_Anascarolinensis,Duck_Neg
AMPLICON,250,17896500,PRJNA464410,SAMN09104134,Metagenome or environmental,11442934,UC DAVIS,public,"fastq,run.zq,sra","gs,ncbi,s3","gs.us-east1,ncbi.public,s3.us-east-1",SRX4066231,Illumina MiSeq,UCD.10.02499,PAIRED,METAGENOMIC,gut metagenome,ILLUMINA,5/9/2018 20:00,5/10/2018 12:54,NA,Neg,SRP145364,Duck,GreenWingedTeal,SRR7146720,Duck,Duck,Wild,Neg,NA,USA,North America,"USA:California\,YoloCounty\,ConawayRanch",cloacal swab,missing,10.1128/mSphere.00382-18,NA,NA,NA,NA,NA,NA,NA,NA,NA,NA,NA,NA,NA,NA,NA,NA,NA,NA,NA,NA,NA,NA,NA,NA,NA,NA,NA,NA,NA,NA,NA,NA,NA,NA,NA,NA,NA,NA,NA,NA,NA,NA,NA,NA,NA,NA,NA,10/23/2010,Anas,"CommonName:GreenWingedTeal,TestforInfluenzaVirus:M.RTPCR,IDforMatching:UCD10.02499.P",Acar_neg_CR_Oct2010_3,neg,FW,U,neg,neg_neg,Anas,Anascarolinensis,"ConawayRanch,YoloCounty",FW_1011,dabbling,F,Neg_FW_1011_Anascarolinensis,Duck_Neg
AMPLICON,250,18375500,PRJNA464410,SAMN09104135,Metagenome or environmental,12021567,UC DAVIS,public,"fastq,run.zq,sra","gs,ncbi,s3","gs.us-east1,ncbi.public,s3.us-east-1",SRX4066230,Illumina MiSeq,UCD.10.02500,PAIRED,METAGENOMIC,gut metagenome,ILLUMINA,5/9/2018 20:00,5/10/2018 12:54,NA,Neg,SRP145364,Duck,GreenWingedTeal,SRR7146721,Duck,Duck,Wild,Neg,NA,USA,North America,"USA:California\,YoloCounty\,ConawayRanch",cloacal swab,missing,10.1128/mSphere.00382-18,NA,NA,NA,NA,NA,NA,NA,NA,NA,NA,NA,NA,NA,NA,NA,NA,NA,NA,NA,NA,NA,NA,NA,NA,NA,NA,NA,NA,NA,NA,NA,NA,NA,NA,NA,NA,NA,NA,NA,NA,NA,NA,NA,NA,NA,NA,NA,10/23/2010,Anas,"CommonName:GreenWingedTeal,TestforInfluenzaVirus:M.RTPCR,IDforMatching:UCD10.02500.P",Acar_neg_CR_Oct2010_4,neg,FW,U,neg,neg_neg,Anas,Anascarolinensis,"ConawayRanch,YoloCounty",FW_1011,dabbling,F,Neg_FW_1011_Anascarolinensis,Duck_Neg
AMPLICON,250,12397500,PRJNA464410,SAMN09104142,Metagenome or environmental,8353442,UC DAVIS,public,"fastq,run.zq,sra","gs,ncbi,s3","gs.us-east1,ncbi.public,s3.us-east-1",SRX4066228,Illumina MiSeq,UCD.10.02510,PAIRED,METAGENOMIC,gut metagenome,ILLUMINA,5/9/2018 20:00,5/10/2018 12:54,NA,Neg,SRP145364,Duck,GreenWingedTeal,SRR7146723,Duck,Duck,Wild,Neg,NA,USA,North America,"USA:California\,YoloCounty\,ConawayRanch",cloacal swab,missing,10.1128/mSphere.00382-18,NA,NA,NA,NA,NA,NA,NA,NA,NA,NA,NA,NA,NA,NA,NA,NA,NA,NA,NA,NA,NA,NA,NA,NA,NA,NA,NA,NA,NA,NA,NA,NA,NA,NA,NA,NA,NA,NA,NA,NA,NA,NA,NA,NA,NA,NA,NA,10/23/2010,Anas,"CommonName:GreenWingedTeal,TestforInfluenzaVirus:M.RTPCR,IDforMatching:UCD10.02510.P",Acar_neg_CR_Oct2010_8,neg,FW,U,neg,neg_neg,Anas,Anascarolinensis,"ConawayRanch,YoloCounty",FW_1011,dabbling,U,Neg_FW_1011_Anascarolinensis,Duck_Neg
AMPLICON,250,23985500,PRJNA464410,SAMN09104143,Metagenome or environmental,15141631,UC DAVIS,public,"fastq,run.zq,sra","gs,ncbi,s3","gs.us-east1,ncbi.public,s3.us-east-1",SRX4066227,Illumina MiSeq,UCD.10.02511,PAIRED,METAGENOMIC,gut metagenome,ILLUMINA,5/9/2018 20:00,5/10/2018 12:54,NA,Neg,SRP145364,Duck,GreenWingedTeal,SRR7146724,Duck,Duck,Wild,Neg,NA,USA,North America,"USA:California\,YoloCounty\,ConawayRanch",cloacal swab,missing,10.1128/mSphere.00382-18,NA,NA,NA,NA,NA,NA,NA,NA,NA,NA,NA,NA,NA,NA,NA,NA,NA,NA,NA,NA,NA,NA,NA,NA,NA,NA,NA,NA,NA,NA,NA,NA,NA,NA,NA,NA,NA,NA,NA,NA,NA,NA,NA,NA,NA,NA,NA,10/23/2010,Anas,"CommonName:GreenWingedTeal,TestforInfluenzaVirus:M.RTPCR,IDforMatching:UCD10.02511.P",Acar_neg_CR_Oct2010_9,neg,FW,U,neg,neg_neg,Anas,Anascarolinensis,"ConawayRanch,YoloCounty",FW_1011,dabbling,U,Neg_FW_1011_Anascarolinensis,Duck_Neg
AMPLICON,250,10270000,PRJNA464410,SAMN09104073,Metagenome or environmental,6282806,UC DAVIS,public,"fastq,run.zq,sra","gs,ncbi,s3","gs.us-east1,ncbi.public,s3.us-east-1",SRX4066226,Illumina MiSeq,UCD.09.05234,PAIRED,METAGENOMIC,gut metagenome,ILLUMINA,5/9/2018 20:00,5/10/2018 12:54,NA,Neg,SRP145364,Duck,Mallard,SRR7146725,Duck,Duck,Wild,Neg,NA,USA,North America,"USA:California\,SolanoCounty\,SuisunMarsh/Balboa",cloacal swab,missing,10.1128/mSphere.00382-18,NA,NA,NA,NA,NA,NA,NA,NA,NA,NA,NA,NA,NA,NA,NA,NA,NA,NA,NA,NA,NA,NA,NA,NA,NA,NA,NA,NA,NA,NA,NA,NA,NA,NA,NA,NA,NA,NA,NA,NA,NA,NA,NA,NA,NA,NA,NA,7/27/2009,Anas,"CommonName:Mallard,TestforInfluenzaVirus:M.RTPCR,IDforMatching:UCD09.05234.P",Apla_neg_SMB_Jul2009_2,neg,S,A,neg,neg_neg,Anas,Anasplatyrhynchos,"SuisunMarsh/Balboa,SolanoCounty",S_09,dabbling,F,Neg_S_09_Anasplatyrhynchos,Duck_Neg
AMPLICON,250,7987500,PRJNA464410,SAMN09104072,Metagenome or environmental,5210644,UC DAVIS,public,"fastq,run.zq,sra","gs,ncbi,s3","gs.us-east1,ncbi.public,s3.us-east-1",SRX4066225,Illumina MiSeq,UCD.09.05233,PAIRED,METAGENOMIC,gut metagenome,ILLUMINA,5/9/2018 20:00,5/10/2018 12:54,NA,Neg,SRP145364,Duck,Mallard,SRR7146726,Duck,Duck,Wild,Neg,NA,USA,North America,"USA:California\,SolanoCounty\,SuisunMarsh/Balboa",cloacal swab,missing,10.1128/mSphere.00382-18,NA,NA,NA,NA,NA,NA,NA,NA,NA,NA,NA,NA,NA,NA,NA,NA,NA,NA,NA,NA,NA,NA,NA,NA,NA,NA,NA,NA,NA,NA,NA,NA,NA,NA,NA,NA,NA,NA,NA,NA,NA,NA,NA,NA,NA,NA,NA,7/27/2009,Anas,"CommonName:Mallard,TestforInfluenzaVirus:M.RTPCR,IDforMatching:UCD09.05233.P",Apla_neg_SMB_Jul2009_1,neg,S,H,neg,neg_neg,Anas,Anasplatyrhynchos,"SuisunMarsh/Balboa,SolanoCounty",S_09,dabbling,M,Neg_S_09_Anasplatyrhynchos,Duck_Neg
AMPLICON,250,18798500,PRJNA464410,SAMN09104001,Metagenome or environmental,11955874,UC DAVIS,public,"fastq,run.zq,sra","gs,ncbi,s3","gs.us-east1,ncbi.public,s3.us-east-1",SRX4066224,Illumina MiSeq,UCD.08.11095,PAIRED,METAGENOMIC,gut metagenome,ILLUMINA,5/9/2018 20:00,5/10/2018 12:54,NA,Pos,SRP145364,Duck,Mallard,SRR7146727,Duck,Duck,Wild,Pos,NA,USA,North America,"USA:California\,YoloCounty\,ConawayRanch",cloacal swab,missing,10.1128/mSphere.00382-18,NA,NA,NA,NA,NA,NA,NA,NA,NA,NA,NA,NA,NA,NA,NA,NA,NA,NA,NA,NA,NA,NA,NA,NA,NA,NA,NA,NA,NA,NA,NA,NA,NA,NA,NA,NA,NA,NA,NA,NA,NA,NA,NA,NA,NA,NA,NA,12/6/2008,Anas,"CommonName:Mallard,TestforInfluenzaVirus:M.RTPCR.VI,IDforMatching:UCD08.11095.V",Apla_H4N6_CR_Dec2008_1,4,FW,U,6,4_6,Anas,Anasplatyrhynchos,"ConawayRanch,YoloCounty",FW_0809,dabbling,M,Pos_FW_0809_Anasplatyrhynchos,Duck_Pos
AMPLICON,250,23663000,PRJNA464410,SAMN09104069,Metagenome or environmental,16222540,UC DAVIS,public,"fastq,run.zq,sra","gs,ncbi,s3","gs.us-east1,ncbi.public,s3.us-east-1",SRX4066223,Illumina MiSeq,UCD.09.05212,PAIRED,METAGENOMIC,gut metagenome,ILLUMINA,5/9/2018 20:00,5/10/2018 12:54,NA,Pos,SRP145364,Duck,Mallard,SRR7146728,Duck,Duck,Wild,Pos,NA,USA,North America,"USA:California\,SolanoCounty\,SuisunMarsh/Sunrise",cloacal swab,missing,10.1128/mSphere.00382-18,NA,NA,NA,NA,NA,NA,NA,NA,NA,NA,NA,NA,NA,NA,NA,NA,NA,NA,NA,NA,NA,NA,NA,NA,NA,NA,NA,NA,NA,NA,NA,NA,NA,NA,NA,NA,NA,NA,NA,NA,NA,NA,NA,NA,NA,NA,NA,7/27/2009,Anas,"CommonName:Mallard,TestforInfluenzaVirus:VI,IDforMatching:UCD09.05212.V",Apla_H5N2_SMS_Jul2009_3,5,S,H,2,5_2,Anas,Anasplatyrhynchos,"SuisunMarsh/Sunrise,SolanoCounty",S_09,dabbling,F,Pos_S_09_Anasplatyrhynchos,Duck_Pos
AMPLICON,250,22968000,PRJNA464410,SAMN09104068,Metagenome or environmental,14764180,UC DAVIS,public,"fastq,run.zq,sra","gs,ncbi,s3","gs.us-east1,ncbi.public,s3.us-east-1",SRX4066222,Illumina MiSeq,UCD.09.05205,PAIRED,METAGENOMIC,gut metagenome,ILLUMINA,5/9/2018 20:00,5/10/2018 12:54,NA,Pos,SRP145364,Duck,Mallard,SRR7146729,Duck,Duck,Wild,Pos,NA,USA,North America,"USA:California\,SolanoCounty\,SuisunMarsh/ArnoldRanch",cloacal swab,missing,10.1128/mSphere.00382-18,NA,NA,NA,NA,NA,NA,NA,NA,NA,NA,NA,NA,NA,NA,NA,NA,NA,NA,NA,NA,NA,NA,NA,NA,NA,NA,NA,NA,NA,NA,NA,NA,NA,NA,NA,NA,NA,NA,NA,NA,NA,NA,NA,NA,NA,NA,NA,7/27/2009,Anas,"CommonName:Mallard,TestforInfluenzaVirus:VI,IDforMatching:UCD09.05205.V",Apla_H4N2.6_SMAR_Jul2009_1,4,S,H,2.6,4_2.6,Anas,Anasplatyrhynchos,"SuisunMarsh/ArnoldRanch,SolanoCounty",S_09,dabbling,F,Pos_S_09_Anasplatyrhynchos,Duck_Pos
AMPLICON,250,11082000,PRJNA464410,SAMN09104040,Metagenome or environmental,7349294,UC DAVIS,public,"fastq,run.zq,sra","gs,ncbi,s3","gs.us-east1,ncbi.public,s3.us-east-1",SRX4066221,Illumina MiSeq,UCD.08.8629,PAIRED,METAGENOMIC,gut metagenome,ILLUMINA,5/9/2018 20:00,5/10/2018 12:54,NA,Pos,SRP145364,Duck,NorthernShoveler,SRR7146730,Duck,Duck,Wild,Pos,NA,USA,North America,"USA:California\,Sacramento\,GlennCounty\,NationalWildlifeRefuge",cloacal swab,missing,10.1128/mSphere.00382-18,NA,NA,NA,NA,NA,NA,NA,NA,NA,NA,NA,NA,NA,NA,NA,NA,NA,NA,NA,NA,NA,NA,NA,NA,NA,NA,NA,NA,NA,NA,NA,NA,NA,NA,NA,NA,NA,NA,NA,NA,NA,NA,NA,NA,NA,NA,NA,10/29/2008,Anas,"CommonName:NorthernShoveler,TestforInfluenzaVirus:M.RTPCR.VI,IDforMatching:UCD08.8629.V",Acly_H6N1_SNWR_Oct2008_4,6,FW,H,1,6_1,Anas,Anasclypeata,"SacramentoNationalWildlifeRefuge,GlennCounty",FW_0809,filter,M,Pos_FW_0809_Anasclypeata,Duck_Pos
AMPLICON,250,16982000,PRJNA464410,SAMN09104070,Metagenome or environmental,10286154,UC DAVIS,public,"fastq,run.zq,sra","gs,ncbi,s3","gs.us-east1,ncbi.public,s3.us-east-1",SRX4066220,Illumina MiSeq,UCD.09.05219,PAIRED,METAGENOMIC,gut metagenome,ILLUMINA,5/9/2018 20:00,5/10/2018 12:54,NA,Pos,SRP145364,Duck,Mallard,SRR7146731,Duck,Duck,Wild,Pos,NA,USA,North America,"USA:California\,SolanoCounty\,SuisunMarsh/Sunrise",cloacal swab,missing,10.1128/mSphere.00382-18,NA,NA,NA,NA,NA,NA,NA,NA,NA,NA,NA,NA,NA,NA,NA,NA,NA,NA,NA,NA,NA,NA,NA,NA,NA,NA,NA,NA,NA,NA,NA,NA,NA,NA,NA,NA,NA,NA,NA,NA,NA,NA,NA,NA,NA,NA,NA,7/27/2009,Anas,"CommonName:Mallard,TestforInfluenzaVirus:VI,IDforMatching:UCD09.05219.V",Apla_H5N2_SMS_Jul2009_4,5,S,H,2,5_2,Anas,Anasplatyrhynchos,"SuisunMarsh/Sunrise,SolanoCounty",S_09,dabbling,M,Pos_S_09_Anasplatyrhynchos,Duck_Pos
AMPLICON,250,11459500,PRJNA464410,SAMN09104065,Metagenome or environmental,7726033,UC DAVIS,public,"fastq,run.zq,sra","gs,ncbi,s3","gs.us-east1,ncbi.public,s3.us-east-1",SRX4066219,Illumina MiSeq,UCD.09.05191,PAIRED,METAGENOMIC,gut metagenome,ILLUMINA,5/9/2018 20:00,5/10/2018 12:54,NA,Pos,SRP145364,Duck,Mallard,SRR7146732,Duck,Duck,Wild,Pos,NA,USA,North America,"USA:California\,SolanoCounty\,SuisunMarsh/ArnoldRanch",cloacal swab,missing,10.1128/mSphere.00382-18,NA,NA,NA,NA,NA,NA,NA,NA,NA,NA,NA,NA,NA,NA,NA,NA,NA,NA,NA,NA,NA,NA,NA,NA,NA,NA,NA,NA,NA,NA,NA,NA,NA,NA,NA,NA,NA,NA,NA,NA,NA,NA,NA,NA,NA,NA,NA,7/27/2009,Anas,"CommonName:Mallard,TestforInfluenzaVirus:VI,IDforMatching:UCD09.05191.V",Apla_H5N2_SMAR_Jul2009_2,5,S,H,2,5_2,Anas,Anasplatyrhynchos,"SuisunMarsh/ArnoldRanch,SolanoCounty",S_09,dabbling,M,Pos_S_09_Anasplatyrhynchos,Duck_Pos
AMPLICON,250,22075000,PRJNA464410,SAMN09104064,Metagenome or environmental,13943682,UC DAVIS,public,"fastq,run.zq,sra","gs,ncbi,s3","gs.us-east1,ncbi.public,s3.us-east-1",SRX4066218,Illumina MiSeq,UCD.09.05174,PAIRED,METAGENOMIC,gut metagenome,ILLUMINA,5/9/2018 20:00,5/10/2018 12:54,NA,Pos,SRP145364,Duck,Mallard,SRR7146733,Duck,Duck,Wild,Pos,NA,USA,North America,"USA:California\,SolanoCounty\,SuisunMarsh/Sunrise",cloacal swab,missing,10.1128/mSphere.00382-18,NA,NA,NA,NA,NA,NA,NA,NA,NA,NA,NA,NA,NA,NA,NA,NA,NA,NA,NA,NA,NA,NA,NA,NA,NA,NA,NA,NA,NA,NA,NA,NA,NA,NA,NA,NA,NA,NA,NA,NA,NA,NA,NA,NA,NA,NA,NA,7/25/2009,Anas,"CommonName:Mallard,TestforInfluenzaVirus:VI,IDforMatching:UCD09.05174.V",Apla_H5N2_SMS_Jul2009_2,5,S,H,2,5_2,Anas,Anasplatyrhynchos,"SuisunMarsh/Sunrise,SolanoCounty",S_09,dabbling,M,Pos_S_09_Anasplatyrhynchos,Duck_Pos
AMPLICON,250,12508500,PRJNA464410,SAMN09104067,Metagenome or environmental,8046970,UC DAVIS,public,"fastq,run.zq,sra","gs,ncbi,s3","gs.us-east1,ncbi.public,s3.us-east-1",SRX4066217,Illumina MiSeq,UCD.09.05197,PAIRED,METAGENOMIC,gut metagenome,ILLUMINA,5/9/2018 20:00,5/10/2018 12:54,NA,Pos,SRP145364,Duck,Mallard,SRR7146734,Duck,Duck,Wild,Pos,NA,USA,North America,"USA:California\,SolanoCounty\,SuisunMarsh/ArnoldRanch",cloacal swab,missing,10.1128/mSphere.00382-18,NA,NA,NA,NA,NA,NA,NA,NA,NA,NA,NA,NA,NA,NA,NA,NA,NA,NA,NA,NA,NA,NA,NA,NA,NA,NA,NA,NA,NA,NA,NA,NA,NA,NA,NA,NA,NA,NA,NA,NA,NA,NA,NA,NA,NA,NA,NA,7/27/2009,Anas,"CommonName:Mallard,TestforInfluenzaVirus:VI,IDforMatching:UCD09.05197.V",Apla_H5N2_SMAR_Jul2009_3,5,S,H,2,5_2,Anas,Anasplatyrhynchos,"SuisunMarsh/ArnoldRanch,SolanoCounty",S_09,dabbling,F,Pos_S_09_Anasplatyrhynchos,Duck_Pos
AMPLICON,250,10732000,PRJNA464410,SAMN09104066,Metagenome or environmental,6985409,UC DAVIS,public,"fastq,run.zq,sra","gs,ncbi,s3","gs.us-east1,ncbi.public,s3.us-east-1",SRX4066216,Illumina MiSeq,UCD.09.05192,PAIRED,METAGENOMIC,gut metagenome,ILLUMINA,5/9/2018 20:00,5/10/2018 12:54,NA,Pos,SRP145364,Duck,Mallard,SRR7146735,Duck,Duck,Wild,Pos,NA,USA,North America,"USA:California\,SolanoCounty\,SuisunMarsh/ArnoldRanch",cloacal swab,missing,10.1128/mSphere.00382-18,NA,NA,NA,NA,NA,NA,NA,NA,NA,NA,NA,NA,NA,NA,NA,NA,NA,NA,NA,NA,NA,NA,NA,NA,NA,NA,NA,NA,NA,NA,NA,NA,NA,NA,NA,NA,NA,NA,NA,NA,NA,NA,NA,NA,NA,NA,NA,7/27/2009,Anas,"CommonName:Mallard,TestforInfluenzaVirus:VI,IDforMatching:UCD09.05192.V",Apla_H4N2_SMAR_Jul2009_1,4,S,H,2,4_2,Anas,Anasplatyrhynchos,"SuisunMarsh/ArnoldRanch,SolanoCounty",S_09,dabbling,M,Pos_S_09_Anasplatyrhynchos,Duck_Pos
AMPLICON,250,21865500,PRJNA464410,SAMN09104048,Metagenome or environmental,13776907,UC DAVIS,public,"fastq,run.zq,sra","gs,ncbi,s3","gs.us-east1,ncbi.public,s3.us-east-1",SRX4066215,Illumina MiSeq,UCD.08.8764,PAIRED,METAGENOMIC,gut metagenome,ILLUMINA,5/9/2018 20:00,5/10/2018 12:54,NA,Pos,SRP145364,Duck,NorthernPintail,SRR7146736,Duck,Duck,Wild,Pos,NA,USA,North America,"USA:California\,Sacramento\,GlennCounty\,NationalWildlifeRefuge",cloacal swab,missing,10.1128/mSphere.00382-18,NA,NA,NA,NA,NA,NA,NA,NA,NA,NA,NA,NA,NA,NA,NA,NA,NA,NA,NA,NA,NA,NA,NA,NA,NA,NA,NA,NA,NA,NA,NA,NA,NA,NA,NA,NA,NA,NA,NA,NA,NA,NA,NA,NA,NA,NA,NA,11/1/2008,Anas,"CommonName:NorthernPintailTestforInfluenzaVirus:M.RTPCR.VI,IDforMatching:UCD08.8764.V",Aacu_H6N1_SNWR_Nov2008_1,6,FW,H,1,6_1,Anas,Anasacuta,"SacramentoNationalWildlifeRefuge,GlennCounty",FW_0809,dabbling,F,Pos_FW_0809_Anasacuta,Duck_Pos
AMPLICON,250,35893000,PRJNA464410,SAMN09104049,Metagenome or environmental,22104278,UC DAVIS,public,"fastq,run.zq,sra","gs,ncbi,s3","gs.us-east1,ncbi.public,s3.us-east-1",SRX4066213,Illumina MiSeq,UCD.08.8855,PAIRED,METAGENOMIC,gut metagenome,ILLUMINA,5/9/2018 20:00,5/10/2018 12:55,NA,Pos,SRP145364,Duck,NorthernShoveler,SRR7146738,Duck,Duck,Wild,Pos,NA,USA,North America,"USA:California\,Sacramento\,GlennCounty\,NationalWildlifeRefuge",cloacal swab,missing,10.1128/mSphere.00382-18,NA,NA,NA,NA,NA,NA,NA,NA,NA,NA,NA,NA,NA,NA,NA,NA,NA,NA,NA,NA,NA,NA,NA,NA,NA,NA,NA,NA,NA,NA,NA,NA,NA,NA,NA,NA,NA,NA,NA,NA,NA,NA,NA,NA,NA,NA,NA,11/5/2008,Anas,"CommonName:NorthernShoveler,TestforInfluenzaVirus:M.RTPCR.VI,IDforMatching:UCD08.8855.V",Acly_H5N2_SNWR_Nov2008_1,5,FW,H,2,5_2,Anas,Anasclypeata,"SacramentoNationalWildlifeRefuge,GlennCounty",FW_0809,filter,U,Pos_FW_0809_Anasclypeata,Duck_Pos
AMPLICON,250,12021000,PRJNA464410,SAMN09104077,Metagenome or environmental,7895898,UC DAVIS,public,"fastq,run.zq,sra","gs,ncbi,s3","gs.us-east1,ncbi.public,s3.us-east-1",SRX4066212,Illumina MiSeq,UCD.09.05239,PAIRED,METAGENOMIC,gut metagenome,ILLUMINA,5/9/2018 20:00,5/10/2018 12:55,NA,Neg,SRP145364,Duck,Mallard,SRR7146739,Duck,Duck,Wild,Neg,NA,USA,North America,"USA:California\,SolanoCounty\,SuisunMarsh/Balboa",cloacal swab,missing,10.1128/mSphere.00382-18,NA,NA,NA,NA,NA,NA,NA,NA,NA,NA,NA,NA,NA,NA,NA,NA,NA,NA,NA,NA,NA,NA,NA,NA,NA,NA,NA,NA,NA,NA,NA,NA,NA,NA,NA,NA,NA,NA,NA,NA,NA,NA,NA,NA,NA,NA,NA,7/27/2009,Anas,"CommonName:Mallard,TestforInfluenzaVirus:M.RTPCR,IDforMatching:UCD09.05239.P",Apla_neg_SMB_Jul2009_6,neg,S,H,neg,neg_neg,Anas,Anasplatyrhynchos,"SuisunMarsh/Balboa,SolanoCounty",S_09,dabbling,M,Neg_S_09_Anasplatyrhynchos,Duck_Neg
AMPLICON,250,15324500,PRJNA464410,SAMN09104058,Metagenome or environmental,9565964,UC DAVIS,public,"fastq,run.zq,sra","gs,ncbi,s3","gs.us-east1,ncbi.public,s3.us-east-1",SRX4066211,Illumina MiSeq,UCD.08.9235,PAIRED,METAGENOMIC,gut metagenome,ILLUMINA,5/9/2018 20:00,5/10/2018 12:55,NA,Pos,SRP145364,Duck,NorthernShoveler,SRR7146740,Duck,Duck,Wild,Pos,NA,USA,North America,"USA:California\,Sacramento\,GlennCounty\,NationalWildlifeRefuge",cloacal swab,missing,10.1128/mSphere.00382-18,NA,NA,NA,NA,NA,NA,NA,NA,NA,NA,NA,NA,NA,NA,NA,NA,NA,NA,NA,NA,NA,NA,NA,NA,NA,NA,NA,NA,NA,NA,NA,NA,NA,NA,NA,NA,NA,NA,NA,NA,NA,NA,NA,NA,NA,NA,NA,11/22/2008,Anas,"CommonName:NorthernShoveler,TestforInfluenzaVirus:M.RTPCR.VI,IDforMatching:UCD08.9235.V",Acly_H10N8_SNWR_Nov2008_1,10,FW,A,8,10_8,Anas,Anasclypeata,"SacramentoNationalWildlifeRefuge,GlennCounty",FW_0809,filter,M,Pos_FW_0809_Anasclypeata,Duck_Pos
AMPLICON,250,14630000,PRJNA464410,SAMN09104302,Metagenome or environmental,9680778,UC DAVIS,public,"fastq,run.zq,sra","gs,ncbi,s3","gs.us-east1,ncbi.public,s3.us-east-1",SRX4066210,Illumina MiSeq,WHC.JN.US07.1713,PAIRED,METAGENOMIC,gut metagenome,ILLUMINA,5/9/2018 20:00,5/10/2018 12:55,NA,Neg,SRP145364,Duck,AmericanWigeon,SRR7146741,Duck,Duck,Wild,Neg,NA,USA,North America,"USA:California\,Sacramento\,GlennCounty\,NationalWildlifeRefuge",cloacal swab,missing,10.1128/mSphere.00382-18,NA,NA,NA,NA,NA,NA,NA,NA,NA,NA,NA,NA,NA,NA,NA,NA,NA,NA,NA,NA,NA,NA,NA,NA,NA,NA,NA,NA,NA,NA,NA,NA,NA,NA,NA,NA,NA,NA,NA,NA,NA,NA,NA,NA,NA,NA,NA,1/13/2008,Anas,"CommonName:AmericanWigeon,TestforInfluenzaVirus:VI,IDforMatching:WHC.JN.US07.1713",Aame_neg_SNWR_Jan2008_5,neg,FW,A,neg,neg_neg,Anas,Anasamericana,"SacramentoNationalWildlifeRefuge,GlennCounty",FW_0708,dabbling,M,Neg_FW_0708_Anasamericana,Duck_Neg
AMPLICON,250,22303000,PRJNA464410,SAMN09104084,Metagenome or environmental,14590892,UC DAVIS,public,"fastq,run.zq,sra","gs,ncbi,s3","gs.us-east1,ncbi.public,s3.us-east-1",SRX4066208,Illumina MiSeq,UCD.09.05271,PAIRED,METAGENOMIC,gut metagenome,ILLUMINA,5/9/2018 20:00,5/10/2018 12:55,NA,Pos,SRP145364,Duck,Mallard,SRR7146743,Duck,Duck,Wild,Pos,NA,USA,North America,"USA:California\,SolanoCounty\,SuisunMarsh/ArnoldRanch",cloacal swab,missing,10.1128/mSphere.00382-18,NA,NA,NA,NA,NA,NA,NA,NA,NA,NA,NA,NA,NA,NA,NA,NA,NA,NA,NA,NA,NA,NA,NA,NA,NA,NA,NA,NA,NA,NA,NA,NA,NA,NA,NA,NA,NA,NA,NA,NA,NA,NA,NA,NA,NA,NA,NA,7/29/2009,Anas,"CommonName:Mallard,TestforInfluenzaVirus:VI,IDforMatching:UCD09.05271.V",Apla_H4N6_SMAR_Jul2009_1,4,S,H,6,4_6,Anas,Anasplatyrhynchos,"SuisunMarsh/ArnoldRanch,SolanoCounty",S_09,dabbling,M,Pos_S_09_Anasplatyrhynchos,Duck_Pos
AMPLICON,250,5513000,PRJNA464410,SAMN09104000,Metagenome or environmental,3406695,UC DAVIS,public,"fastq,run.zq,sra","gs,ncbi,s3","gs.us-east1,ncbi.public,s3.us-east-1",SRX4066207,Illumina MiSeq,UCD.08.11032,PAIRED,METAGENOMIC,gut metagenome,ILLUMINA,5/9/2018 20:00,5/10/2018 12:55,NA,Pos,SRP145364,Duck,Mallard,SRR7146744,Duck,Duck,Wild,Pos,NA,USA,North America,"USA:California\,YoloCounty\,ConawayRanch",cloacal swab,missing,10.1128/mSphere.00382-18,NA,NA,NA,NA,NA,NA,NA,NA,NA,NA,NA,NA,NA,NA,NA,NA,NA,NA,NA,NA,NA,NA,NA,NA,NA,NA,NA,NA,NA,NA,NA,NA,NA,NA,NA,NA,NA,NA,NA,NA,NA,NA,NA,NA,NA,NA,NA,12/3/2008,Anas,"CommonName:Mallard,TestforInfluenzaVirus:M.RTPCR.VI,IDforMatching:UCD08.11032.V",Apla_H10N8_CR_Dec2008_1,10,FW,U,8,10_8,Anas,Anasplatyrhynchos,"ConawayRanch,YoloCounty",FW_0809,dabbling,F,Pos_FW_0809_Anasplatyrhynchos,Duck_Pos
AMPLICON,250,12440000,PRJNA464410,SAMN09104090,Metagenome or environmental,7913142,UC DAVIS,public,"fastq,run.zq,sra","gs,ncbi,s3","gs.us-east1,ncbi.public,s3.us-east-1",SRX4066206,Illumina MiSeq,UCD.09.05495,PAIRED,METAGENOMIC,gut metagenome,ILLUMINA,5/9/2018 20:00,5/10/2018 12:55,NA,Pos,SRP145364,Duck,Mallard,SRR7146745,Duck,Duck,Wild,Pos,NA,USA,North America,"USA:California\,SolanoCounty\,SuisunMarsh/ArnoldRanch",cloacal swab,missing,10.1128/mSphere.00382-18,NA,NA,NA,NA,NA,NA,NA,NA,NA,NA,NA,NA,NA,NA,NA,NA,NA,NA,NA,NA,NA,NA,NA,NA,NA,NA,NA,NA,NA,NA,NA,NA,NA,NA,NA,NA,NA,NA,NA,NA,NA,NA,NA,NA,NA,NA,NA,7/23/2009,Anas,"CommonName:Mallard,TestforInfluenzaVirus:M.RTPCR.VI,IDforMatching:UCD09.05495",Apla_H4N2_SMAR_Jul2009_2,4,S,H,2,4_2,Anas,Anasplatyrhynchos,"SuisunMarsh/ArnoldRanch,SolanoCounty",S_09,dabbling,F,Pos_S_09_Anasplatyrhynchos,Duck_Pos
AMPLICON,250,9209000,PRJNA464410,SAMN09104089,Metagenome or environmental,6044118,UC DAVIS,public,"fastq,run.zq,sra","gs,ncbi,s3","gs.us-east1,ncbi.public,s3.us-east-1",SRX4066205,Illumina MiSeq,UCD.09.05491,PAIRED,METAGENOMIC,gut metagenome,ILLUMINA,5/9/2018 20:00,5/10/2018 12:55,NA,Pos,SRP145364,Duck,Mallard,SRR7146746,Duck,Duck,Wild,Pos,NA,USA,North America,"USA:California\,SolanoCounty\,SuisunMarsh/ArnoldRanch",cloacal swab,missing,10.1128/mSphere.00382-18,NA,NA,NA,NA,NA,NA,NA,NA,NA,NA,NA,NA,NA,NA,NA,NA,NA,NA,NA,NA,NA,NA,NA,NA,NA,NA,NA,NA,NA,NA,NA,NA,NA,NA,NA,NA,NA,NA,NA,NA,NA,NA,NA,NA,NA,NA,NA,7/23/2009,Anas,"CommonName:Mallard,TestforInfluenzaVirus:M.RTPCR.VI,IDforMatching:UCD09.05491",Apla_H5N2_SMAR_Jul2009_7,5,S,H,2,5_2,Anas,Anasplatyrhynchos,"SuisunMarsh/ArnoldRanch,SolanoCounty",S_09,dabbling,M,Pos_S_09_Anasplatyrhynchos,Duck_Pos
AMPLICON,250,12120000,PRJNA464410,SAMN09104088,Metagenome or environmental,7693813,UC DAVIS,public,"fastq,run.zq,sra","gs,ncbi,s3","gs.us-east1,ncbi.public,s3.us-east-1",SRX4066204,Illumina MiSeq,UCD.09.05319,PAIRED,METAGENOMIC,gut metagenome,ILLUMINA,5/9/2018 20:00,5/10/2018 12:55,NA,Pos,SRP145364,Duck,Mallard,SRR7146747,Duck,Duck,Wild,Pos,NA,USA,North America,"USA:California\,SolanoCounty\,SuisunMarsh/ArnoldRanch",cloacal swab,missing,10.1128/mSphere.00382-18,NA,NA,NA,NA,NA,NA,NA,NA,NA,NA,NA,NA,NA,NA,NA,NA,NA,NA,NA,NA,NA,NA,NA,NA,NA,NA,NA,NA,NA,NA,NA,NA,NA,NA,NA,NA,NA,NA,NA,NA,NA,NA,NA,NA,NA,NA,NA,7/23/2009,Anas,"CommonName:Mallard,TestforInfluenzaVirus:M.RTPCR.VI,IDforMatching:UCD09.05319.V",Apla_H5N2_SMAR_Jul2009_6,5,S,H,2,5_2,Anas,Anasplatyrhynchos,"SuisunMarsh/ArnoldRanch,SolanoCounty",S_09,dabbling,M,Pos_S_09_Anasplatyrhynchos,Duck_Pos
AMPLICON,250,23041000,PRJNA464410,SAMN09104093,Metagenome or environmental,15163082,UC DAVIS,public,"fastq,run.zq,sra","gs,ncbi,s3","gs.us-east1,ncbi.public,s3.us-east-1",SRX4066203,Illumina MiSeq,UCD.10.00206,PAIRED,METAGENOMIC,gut metagenome,ILLUMINA,5/9/2018 20:00,5/10/2018 12:55,NA,Neg,SRP145364,Duck,NorthernShoveler,SRR7146748,Duck,Duck,Wild,Neg,NA,USA,North America,"USA:California\,Sacramento\,GlennCounty\,NationalWildlifeRefuge",cloacal swab,missing,10.1128/mSphere.00382-18,NA,NA,NA,NA,NA,NA,NA,NA,NA,NA,NA,NA,NA,NA,NA,NA,NA,NA,NA,NA,NA,NA,NA,NA,NA,NA,NA,NA,NA,NA,NA,NA,NA,NA,NA,NA,NA,NA,NA,NA,NA,NA,NA,NA,NA,NA,NA,1/30/2010,Anas,"CommonName:NorthernShoveler,TestforInfluenzaVirus:M.RTPCR,IDforMatching:UCD10.00206.P",Acly_neg_SNWR_Jan2010_1,neg,FW,U,neg,neg_neg,Anas,Anasclypeata,"SacramentoNationalWildlifeRefuge,GlennCounty",FW_0910,filter,M,Neg_FW_0910_Anasclypeata,Duck_Neg
AMPLICON,250,7014000,PRJNA464410,SAMN09104092,Metagenome or environmental,4610345,UC DAVIS,public,"fastq,run.zq,sra","gs,ncbi,s3","gs.us-east1,ncbi.public,s3.us-east-1",SRX4066202,Illumina MiSeq,UCD.09.06712,PAIRED,METAGENOMIC,gut metagenome,ILLUMINA,5/9/2018 20:00,5/10/2018 12:55,NA,Pos,SRP145364,Duck,AmericanWigeon,SRR7146749,Duck,Duck,Wild,Pos,NA,USA,North America,"USA:California\,Sacramento\,GlennCounty\,NationalWildlifeRefuge",cloacal swab,missing,10.1128/mSphere.00382-18,NA,NA,NA,NA,NA,NA,NA,NA,NA,NA,NA,NA,NA,NA,NA,NA,NA,NA,NA,NA,NA,NA,NA,NA,NA,NA,NA,NA,NA,NA,NA,NA,NA,NA,NA,NA,NA,NA,NA,NA,NA,NA,NA,NA,NA,NA,NA,10/25/2009,Anas,"CommonName:AmericanWigeon,TestforInfluenzaVirus:VI,IDforMatching:UCD09.06712.V",Aame_H6N1.2_SNWR_Oct2009_1,6,FW,U,1.2,6_1.2,Anas,Anasamericana,"SacramentoNationalWildlifeRefuge,GlennCounty",FW_0910,dabbling,F,Pos_FW_0910_Anasamericana,Duck_Pos
AMPLICON,250,20243000,PRJNA464410,SAMN09104149,Metagenome or environmental,13084333,UC DAVIS,public,"fastq,run.zq,sra","gs,ncbi,s3","gs.us-east1,ncbi.public,s3.us-east-1",SRX4066201,Illumina MiSeq,UCD.10.02997.V,PAIRED,METAGENOMIC,gut metagenome,ILLUMINA,5/9/2018 20:00,5/10/2018 12:55,NA,Pos,SRP145364,Duck,AmericanWigeon,SRR7146750,Duck,Duck,Wild,Pos,NA,USA,North America,"USA:California\,Sacramento\,GlennCounty\,NationalWildlifeRefuge",cloacal swab,missing,10.1128/mSphere.00382-18,NA,NA,NA,NA,NA,NA,NA,NA,NA,NA,NA,NA,NA,NA,NA,NA,NA,NA,NA,NA,NA,NA,NA,NA,NA,NA,NA,NA,NA,NA,NA,NA,NA,NA,NA,NA,NA,NA,NA,NA,NA,NA,NA,NA,NA,NA,NA,11/17/2010,Anas,"CommonName:AmericanWigeon,TestforInfluenzaVirus:VI,IDforMatching:UCD10.02997.V",Aame_H6N1_SNWR_Nov2010_1,6,FW,U,1,6_1,Anas,Anasamericana,"SacramentoNationalWildlifeRefuge,GlennCounty",FW_1011,dabbling,F,Pos_FW_1011_Anasamericana,Duck_Pos
AMPLICON,250,11737000,PRJNA464410,SAMN09104148,Metagenome or environmental,7841082,UC DAVIS,public,"fastq,run.zq,sra","gs,ncbi,s3","gs.us-east1,ncbi.public,s3.us-east-1",SRX4066200,Illumina MiSeq,UCD.10.02551,PAIRED,METAGENOMIC,gut metagenome,ILLUMINA,5/9/2018 20:00,5/10/2018 12:55,NA,Neg,SRP145364,Duck,GreenWingedTeal,SRR7146751,Duck,Duck,Wild,Neg,NA,USA,North America,"USA:California\,YoloCounty\,ConawayRanch",cloacal swab,missing,10.1128/mSphere.00382-18,NA,NA,NA,NA,NA,NA,NA,NA,NA,NA,NA,NA,NA,NA,NA,NA,NA,NA,NA,NA,NA,NA,NA,NA,NA,NA,NA,NA,NA,NA,NA,NA,NA,NA,NA,NA,NA,NA,NA,NA,NA,NA,NA,NA,NA,NA,NA,10/23/2010,Anas,"CommonName:GreenWingedTeal,TestforInfluenzaVirus:M.RTPCR,IDforMatching:UCD10.02551.P",Acar_neg_CR_Oct2010_0,neg,FW,U,neg,neg_neg,Anas,Anascarolinensis,"ConawayRanch,YoloCounty",FW_1011,dabbling,M,Neg_FW_1011_Anascarolinensis,Duck_Neg
AMPLICON,250,17248500,PRJNA464410,SAMN09104150,Metagenome or environmental,10825642,UC DAVIS,public,"fastq,run.zq,sra","gs,ncbi,s3","gs.us-east1,ncbi.public,s3.us-east-1",SRX4066198,Illumina MiSeq,UCD.10.03179.V,PAIRED,METAGENOMIC,gut metagenome,ILLUMINA,5/9/2018 20:00,5/10/2018 12:55,NA,Pos,SRP145364,Duck,AmericanWigeon,SRR7146753,Duck,Duck,Wild,Pos,NA,USA,North America,"USA:California\,Sacramento\,GlennCounty\,NationalWildlifeRefuge",cloacal swab,missing,10.1128/mSphere.00382-18,NA,NA,NA,NA,NA,NA,NA,NA,NA,NA,NA,NA,NA,NA,NA,NA,NA,NA,NA,NA,NA,NA,NA,NA,NA,NA,NA,NA,NA,NA,NA,NA,NA,NA,NA,NA,NA,NA,NA,NA,NA,NA,NA,NA,NA,NA,NA,11/27/2010,Anas,"CommonName:AmericanWigeon,TestforInfluenzaVirus:VI,IDforMatching:UCD10.03179.V",Aame_H5.6N1_SNWR_Nov2010_1,5.6,FW,U,1,5.6_1,Anas,Anasamericana,"SacramentoNationalWildlifeRefuge,GlennCounty",FW_1011,dabbling,F,Pos_FW_1011_Anasamericana,Duck_Pos
AMPLICON,250,15977000,PRJNA464410,SAMN09104145,Metagenome or environmental,9900563,UC DAVIS,public,"fastq,run.zq,sra","gs,ncbi,s3","gs.us-east1,ncbi.public,s3.us-east-1",SRX4066197,Illumina MiSeq,UCD.10.02514,PAIRED,METAGENOMIC,gut metagenome,ILLUMINA,5/9/2018 20:00,5/10/2018 12:55,NA,Neg,SRP145364,Duck,NorthernPintail,SRR7146754,Duck,Duck,Wild,Neg,NA,USA,North America,"USA:California\,YoloCounty\,ConawayRanch",cloacal swab,missing,10.1128/mSphere.00382-18,NA,NA,NA,NA,NA,NA,NA,NA,NA,NA,NA,NA,NA,NA,NA,NA,NA,NA,NA,NA,NA,NA,NA,NA,NA,NA,NA,NA,NA,NA,NA,NA,NA,NA,NA,NA,NA,NA,NA,NA,NA,NA,NA,NA,NA,NA,NA,10/23/2010,Anas,"CommonName:NorthernPintailTestforInfluenzaVirus:M.RTPCR,IDforMatching:UCD10.02514.P",Aacu_neg_CR_Oct2010_8,neg,FW,U,neg,neg_neg,Anas,Anasacuta,"ConawayRanch,YoloCounty",FW_1011,dabbling,F,Neg_FW_1011_Anasacuta,Duck_Neg
AMPLICON,250,19517500,PRJNA464410,SAMN09104144,Metagenome or environmental,12665870,UC DAVIS,public,"fastq,run.zq,sra","gs,ncbi,s3","gs.us-east1,ncbi.public,s3.us-east-1",SRX4066196,Illumina MiSeq,UCD.10.02513,PAIRED,METAGENOMIC,gut metagenome,ILLUMINA,5/9/2018 20:00,5/10/2018 12:55,NA,Neg,SRP145364,Duck,NorthernPintail,SRR7146755,Duck,Duck,Wild,Neg,NA,USA,North America,"USA:California\,YoloCounty\,ConawayRanch",cloacal swab,missing,10.1128/mSphere.00382-18,NA,NA,NA,NA,NA,NA,NA,NA,NA,NA,NA,NA,NA,NA,NA,NA,NA,NA,NA,NA,NA,NA,NA,NA,NA,NA,NA,NA,NA,NA,NA,NA,NA,NA,NA,NA,NA,NA,NA,NA,NA,NA,NA,NA,NA,NA,NA,10/23/2010,Anas,"CommonName:NorthernPintailTestforInfluenzaVirus:M.RTPCR,IDforMatching:UCD10.02513.P",Aacu_neg_CR_Oct2010_7,neg,FW,U,neg,neg_neg,Anas,Anasacuta,"ConawayRanch,YoloCounty",FW_1011,dabbling,M,Neg_FW_1011_Anasacuta,Duck_Neg
AMPLICON,250,21403000,PRJNA464410,SAMN09104147,Metagenome or environmental,13653620,UC DAVIS,public,"fastq,run.zq,sra","gs,ncbi,s3","gs.us-east1,ncbi.public,s3.us-east-1",SRX4066195,Illumina MiSeq,UCD.10.02524,PAIRED,METAGENOMIC,gut metagenome,ILLUMINA,5/9/2018 20:00,5/10/2018 12:55,NA,Neg,SRP145364,Duck,NorthernPintail,SRR7146756,Duck,Duck,Wild,Neg,NA,USA,North America,"USA:California\,YoloCounty\,ConawayRanch",cloacal swab,missing,10.1128/mSphere.00382-18,NA,NA,NA,NA,NA,NA,NA,NA,NA,NA,NA,NA,NA,NA,NA,NA,NA,NA,NA,NA,NA,NA,NA,NA,NA,NA,NA,NA,NA,NA,NA,NA,NA,NA,NA,NA,NA,NA,NA,NA,NA,NA,NA,NA,NA,NA,NA,10/23/2010,Anas,"CommonName:NorthernPintailTestforInfluenzaVirus:M.RTPCR,IDforMatching:UCD10.02524.P",Aacu_neg_CR_Oct2010_0,neg,FW,U,neg,neg_neg,Anas,Anasacuta,"ConawayRanch,YoloCounty",FW_1011,dabbling,M,Neg_FW_1011_Anasacuta,Duck_Neg
AMPLICON,250,15139000,PRJNA464410,SAMN09104146,Metagenome or environmental,9372277,UC DAVIS,public,"fastq,run.zq,sra","gs,ncbi,s3","gs.us-east1,ncbi.public,s3.us-east-1",SRX4066194,Illumina MiSeq,UCD.10.02523,PAIRED,METAGENOMIC,gut metagenome,ILLUMINA,5/9/2018 20:00,5/10/2018 12:55,NA,Neg,SRP145364,Duck,NorthernPintail,SRR7146757,Duck,Duck,Wild,Neg,NA,USA,North America,"USA:California\,YoloCounty\,ConawayRanch",cloacal swab,missing,10.1128/mSphere.00382-18,NA,NA,NA,NA,NA,NA,NA,NA,NA,NA,NA,NA,NA,NA,NA,NA,NA,NA,NA,NA,NA,NA,NA,NA,NA,NA,NA,NA,NA,NA,NA,NA,NA,NA,NA,NA,NA,NA,NA,NA,NA,NA,NA,NA,NA,NA,NA,10/23/2010,Anas,"CommonName:NorthernPintailTestforInfluenzaVirus:M.RTPCR,IDforMatching:UCD10.02523.P",Aacu_neg_CR_Oct2010_9,neg,FW,U,neg,neg_neg,Anas,Anasacuta,"ConawayRanch,YoloCounty",FW_1011,dabbling,F,Neg_FW_1011_Anasacuta,Duck_Neg
AMPLICON,250,13863500,PRJNA464410,SAMN09104153,Metagenome or environmental,8952065,UC DAVIS,public,"fastq,run.zq,sra","gs,ncbi,s3","gs.us-east1,ncbi.public,s3.us-east-1",SRX4066193,Illumina MiSeq,UCD.10.03185.CV,PAIRED,METAGENOMIC,gut metagenome,ILLUMINA,5/9/2018 20:00,5/10/2018 12:55,NA,Pos,SRP145364,Duck,NorthernShoveler,SRR7146758,Duck,Duck,Wild,Pos,NA,USA,North America,"USA:California\,Sacramento\,GlennCounty\,NationalWildlifeRefuge",cloacal swab,missing,10.1128/mSphere.00382-18,NA,NA,NA,NA,NA,NA,NA,NA,NA,NA,NA,NA,NA,NA,NA,NA,NA,NA,NA,NA,NA,NA,NA,NA,NA,NA,NA,NA,NA,NA,NA,NA,NA,NA,NA,NA,NA,NA,NA,NA,NA,NA,NA,NA,NA,NA,NA,11/27/2010,Anas,"CommonName:NorthernShoveler,TestforInfluenzaVirus:VI,IDforMatching:UCD10.03185.V",Acly_H4.5N3_SNWR_Nov2010_1,4.5,FW,U,3,4.5_3,Anas,Anasclypeata,"SacramentoNationalWildlifeRefuge,GlennCounty",FW_1011,filter,F,Pos_FW_1011_Anasclypeata,Duck_Pos
AMPLICON,250,17416000,PRJNA464410,SAMN09104152,Metagenome or environmental,11081935,UC DAVIS,public,"fastq,run.zq,sra","gs,ncbi,s3","gs.us-east1,ncbi.public,s3.us-east-1",SRX4066192,Illumina MiSeq,UCD.10.03183.V,PAIRED,METAGENOMIC,gut metagenome,ILLUMINA,5/9/2018 20:00,5/10/2018 12:55,NA,Pos,SRP145364,Duck,NorthernShoveler,SRR7146759,Duck,Duck,Wild,Pos,NA,USA,North America,"USA:California\,Sacramento\,GlennCounty\,NationalWildlifeRefuge",cloacal swab,missing,10.1128/mSphere.00382-18,NA,NA,NA,NA,NA,NA,NA,NA,NA,NA,NA,NA,NA,NA,NA,NA,NA,NA,NA,NA,NA,NA,NA,NA,NA,NA,NA,NA,NA,NA,NA,NA,NA,NA,NA,NA,NA,NA,NA,NA,NA,NA,NA,NA,NA,NA,NA,11/27/2010,Anas,"CommonName:NorthernShoveler,TestforInfluenzaVirus:VI,IDforMatching:UCD10.03183.V",Acly_H11N2_SNWR_Nov2010_1,11,FW,U,2,11_2,Anas,Anasclypeata,"SacramentoNationalWildlifeRefuge,GlennCounty",FW_1011,filter,M,Pos_FW_1011_Anasclypeata,Duck_Pos
AMPLICON,250,7694500,PRJNA464410,SAMN09104221,Metagenome or environmental,5132308,UC DAVIS,public,"fastq,run.zq,sra","gs,ncbi,s3","gs.us-east1,ncbi.public,s3.us-east-1",SRX4066190,Illumina MiSeq,UCD.12.02721.P,PAIRED,METAGENOMIC,gut metagenome,ILLUMINA,5/9/2018 20:00,5/10/2018 12:55,NA,Neg,SRP145364,Duck,Mallard,SRR7146761,Duck,Duck,Wild,Neg,NA,USA,North America,"USA:California\,SolanoCounty\,GrizzlyIslandWildlifeArea(GIWA)",cloacal swab,missing,10.1128/mSphere.00382-18,NA,NA,NA,NA,NA,NA,NA,NA,NA,NA,NA,NA,NA,NA,NA,NA,NA,NA,NA,NA,NA,NA,NA,NA,NA,NA,NA,NA,NA,NA,NA,NA,NA,NA,NA,NA,NA,NA,NA,NA,NA,NA,NA,NA,NA,NA,NA,7/9/2012,Anas,"CommonName:Mallard,TestforInfluenzaVirus:M.RTPCR,IDforMatching:UCD12.02721.P",Apla_neg_GIWA_Jul2012_1,neg,S,H,neg,neg_neg,Anas,Anasplatyrhynchos,"GrizzlyIslandWildlifeArea(GIWA),SolanoCounty",S_12,dabbling,F,Neg_S_12_Anasplatyrhynchos,Duck_Neg
AMPLICON,250,8246500,PRJNA464410,SAMN09104062,Metagenome or environmental,5492443,UC DAVIS,public,"fastq,run.zq,sra","gs,ncbi,s3","gs.us-east1,ncbi.public,s3.us-east-1",SRX4066189,Illumina MiSeq,UCD.08.9781,PAIRED,METAGENOMIC,gut metagenome,ILLUMINA,5/9/2018 20:00,5/10/2018 12:55,NA,Pos,SRP145364,Duck,NorthernShoveler,SRR7146762,Duck,Duck,Wild,Pos,NA,USA,North America,"USA:California\,Sacramento\,GlennCounty\,NationalWildlifeRefuge",cloacal swab,missing,10.1128/mSphere.00382-18,NA,NA,NA,NA,NA,NA,NA,NA,NA,NA,NA,NA,NA,NA,NA,NA,NA,NA,NA,NA,NA,NA,NA,NA,NA,NA,NA,NA,NA,NA,NA,NA,NA,NA,NA,NA,NA,NA,NA,NA,NA,NA,NA,NA,NA,NA,NA,12/14/2008,Anas,"CommonName:NorthernShoveler,TestforInfluenzaVirus:M.RTPCR.VI,IDforMatching:UCD08.9781.V",Acly_H1N3_SNWR_Dec2008_1,1,FW,A,3,1_3,Anas,Anasclypeata,"SacramentoNationalWildlifeRefuge,GlennCounty",FW_0809,filter,F,Pos_FW_0809_Anasclypeata,Duck_Pos
AMPLICON,250,21090500,PRJNA464410,SAMN09104063,Metagenome or environmental,13540431,UC DAVIS,public,"fastq,run.zq,sra","gs,ncbi,s3","gs.us-east1,ncbi.public,s3.us-east-1",SRX4066188,Illumina MiSeq,UCD.09.05149,PAIRED,METAGENOMIC,gut metagenome,ILLUMINA,5/9/2018 20:00,5/10/2018 12:56,NA,Pos,SRP145364,Duck,Mallard,SRR7146763,Duck,Duck,Wild,Pos,NA,USA,North America,"USA:California\,SolanoCounty\,SuisunMarsh/ArnoldRanch",cloacal swab,missing,10.1128/mSphere.00382-18,NA,NA,NA,NA,NA,NA,NA,NA,NA,NA,NA,NA,NA,NA,NA,NA,NA,NA,NA,NA,NA,NA,NA,NA,NA,NA,NA,NA,NA,NA,NA,NA,NA,NA,NA,NA,NA,NA,NA,NA,NA,NA,NA,NA,NA,NA,NA,7/25/2009,Anas,"CommonName:Mallard,TestforInfluenzaVirus:VI,IDforMatching:UCD09.05149.V",Apla_H5N2_SMAR_Jul2009_1,5,S,H,2,5_2,Anas,Anasplatyrhynchos,"SuisunMarsh/ArnoldRanch,SolanoCounty",S_09,dabbling,F,Pos_S_09_Anasplatyrhynchos,Duck_Pos
AMPLICON,250,15681500,PRJNA464410,SAMN09104060,Metagenome or environmental,10120518,UC DAVIS,public,"fastq,run.zq,sra","gs,ncbi,s3","gs.us-east1,ncbi.public,s3.us-east-1",SRX4066187,Illumina MiSeq,UCD.08.9680,PAIRED,METAGENOMIC,gut metagenome,ILLUMINA,5/9/2018 20:00,5/10/2018 12:56,NA,Pos,SRP145364,Duck,NorthernShoveler,SRR7146764,Duck,Duck,Wild,Pos,NA,USA,North America,"USA:California\,Sacramento\,GlennCounty\,NationalWildlifeRefuge",cloacal swab,missing,10.1128/mSphere.00382-18,NA,NA,NA,NA,NA,NA,NA,NA,NA,NA,NA,NA,NA,NA,NA,NA,NA,NA,NA,NA,NA,NA,NA,NA,NA,NA,NA,NA,NA,NA,NA,NA,NA,NA,NA,NA,NA,NA,NA,NA,NA,NA,NA,NA,NA,NA,NA,12/7/2008,Anas,"CommonName:NorthernShoveler,TestforInfluenzaVirus:M.RTPCR.VI,IDforMatching:UCD08.9680.V",Acly_H6N2_SNWR_Dec2008_1,6,FW,H,2,6_2,Anas,Anasclypeata,"SacramentoNationalWildlifeRefuge,GlennCounty",FW_0809,filter,M,Pos_FW_0809_Anasclypeata,Duck_Pos
AMPLICON,250,15798000,PRJNA464410,SAMN09104061,Metagenome or environmental,10369351,UC DAVIS,public,"fastq,run.zq,sra","gs,ncbi,s3","gs.us-east1,ncbi.public,s3.us-east-1",SRX4066186,Illumina MiSeq,UCD.08.9710,PAIRED,METAGENOMIC,gut metagenome,ILLUMINA,5/9/2018 20:00,5/10/2018 12:56,NA,Pos,SRP145364,Duck,NorthernShoveler,SRR7146765,Duck,Duck,Wild,Pos,NA,USA,North America,"USA:California\,Sacramento\,GlennCounty\,NationalWildlifeRefuge",cloacal swab,missing,10.1128/mSphere.00382-18,NA,NA,NA,NA,NA,NA,NA,NA,NA,NA,NA,NA,NA,NA,NA,NA,NA,NA,NA,NA,NA,NA,NA,NA,NA,NA,NA,NA,NA,NA,NA,NA,NA,NA,NA,NA,NA,NA,NA,NA,NA,NA,NA,NA,NA,NA,NA,12/7/2008,Anas,"CommonName:NorthernShoveler,TestforInfluenzaVirus:M.RTPCR.VI,IDforMatching:UCD08.9710.V",Acly_H10N7_SNWR_Dec2008_1,10,FW,A,7,10_7,Anas,Anasclypeata,"SacramentoNationalWildlifeRefuge,GlennCounty",FW_0809,filter,F,Pos_FW_0809_Anasclypeata,Duck_Pos
AMPLICON,250,15460000,PRJNA464410,SAMN09104220,Metagenome or environmental,10269407,UC DAVIS,public,"fastq,run.zq,sra","gs,ncbi,s3","gs.us-east1,ncbi.public,s3.us-east-1",SRX4066185,Illumina MiSeq,UCD.12.00183.V.D,PAIRED,METAGENOMIC,gut metagenome,ILLUMINA,5/9/2018 20:00,5/10/2018 12:56,NA,Pos,SRP145364,Duck,NorthernPintail,SRR7146766,Duck,Duck,Wild,Pos,NA,USA,North America,"USA:California\,SolanoCounty\,GrizzlyIslandWildlifeArea(GIWA)",cloacal swab,missing,10.1128/mSphere.00382-18,NA,NA,NA,NA,NA,NA,NA,NA,NA,NA,NA,NA,NA,NA,NA,NA,NA,NA,NA,NA,NA,NA,NA,NA,NA,NA,NA,NA,NA,NA,NA,NA,NA,NA,NA,NA,NA,NA,NA,NA,NA,NA,NA,NA,NA,NA,NA,1/7/2012,Anas,"CommonName:NorthernPintailTestforInfluenzaVirus:VI,IDforMatching:UCD12.00183.V",Aacu_H1N1_GIWA_Jan2012_1,1,FW,U,1,1_1,Anas,Anasacuta,"GrizzlyIslandWildlifeArea(GIWA),SolanoCounty",FW_1112,dabbling,M,Pos_FW_1112_Anasacuta,Duck_Pos
AMPLICON,250,17477000,PRJNA464410,SAMN09104059,Metagenome or environmental,10806749,UC DAVIS,public,"fastq,run.zq,sra","gs,ncbi,s3","gs.us-east1,ncbi.public,s3.us-east-1",SRX4066184,Illumina MiSeq,UCD.08.9267,PAIRED,METAGENOMIC,gut metagenome,ILLUMINA,5/9/2018 20:00,5/10/2018 12:56,NA,Pos,SRP145364,Duck,NorthernShoveler,SRR7146767,Duck,Duck,Wild,Pos,NA,USA,North America,"USA:California\,Sacramento\,GlennCounty\,NationalWildlifeRefuge",cloacal swab,missing,10.1128/mSphere.00382-18,NA,NA,NA,NA,NA,NA,NA,NA,NA,NA,NA,NA,NA,NA,NA,NA,NA,NA,NA,NA,NA,NA,NA,NA,NA,NA,NA,NA,NA,NA,NA,NA,NA,NA,NA,NA,NA,NA,NA,NA,NA,NA,NA,NA,NA,NA,NA,11/23/2008,Anas,"CommonName:NorthernShoveler,TestforInfluenzaVirus:M.RTPCR.VI,IDforMatching:UCD08.9267.V",Acly_H4N6_SNWR_Nov2008_3,4,FW,A,6,4_6,Anas,Anasclypeata,"SacramentoNationalWildlifeRefuge,GlennCounty",FW_0809,filter,F,Pos_FW_0809_Anasclypeata,Duck_Pos
AMPLICON,250,12525500,PRJNA464410,SAMN09104057,Metagenome or environmental,8186093,UC DAVIS,public,"fastq,run.zq,sra","gs,ncbi,s3","gs.us-east1,ncbi.public,s3.us-east-1",SRX4066182,Illumina MiSeq,UCD.08.9228,PAIRED,METAGENOMIC,gut metagenome,ILLUMINA,5/9/2018 20:00,5/10/2018 12:56,NA,Pos,SRP145364,Duck,NorthernShoveler,SRR7146769,Duck,Duck,Wild,Pos,NA,USA,North America,"USA:California\,Sacramento\,GlennCounty\,NationalWildlifeRefuge",cloacal swab,missing,10.1128/mSphere.00382-18,NA,NA,NA,NA,NA,NA,NA,NA,NA,NA,NA,NA,NA,NA,NA,NA,NA,NA,NA,NA,NA,NA,NA,NA,NA,NA,NA,NA,NA,NA,NA,NA,NA,NA,NA,NA,NA,NA,NA,NA,NA,NA,NA,NA,NA,NA,NA,11/22/2008,Anas,"CommonName:NorthernShoveler,TestforInfluenzaVirus:M.RTPCR.VI,IDforMatching:UCD08.9228.V",Acly_H4N6_SNWR_Nov2008_2,4,FW,A,6,4_6,Anas,Anasclypeata,"SacramentoNationalWildlifeRefuge,GlennCounty",FW_0809,filter,M,Pos_FW_0809_Anasclypeata,Duck_Pos
AMPLICON,250,18446500,PRJNA464410,SAMN09104054,Metagenome or environmental,11709889,UC DAVIS,public,"fastq,run.zq,sra","gs,ncbi,s3","gs.us-east1,ncbi.public,s3.us-east-1",SRX4066181,Illumina MiSeq,UCD.08.9140,PAIRED,METAGENOMIC,gut metagenome,ILLUMINA,5/9/2018 20:00,5/10/2018 12:56,NA,Pos,SRP145364,Duck,NorthernShoveler,SRR7146770,Duck,Duck,Wild,Pos,NA,USA,North America,"USA:California\,Sacramento\,GlennCounty\,NationalWildlifeRefuge",cloacal swab,missing,10.1128/mSphere.00382-18,NA,NA,NA,NA,NA,NA,NA,NA,NA,NA,NA,NA,NA,NA,NA,NA,NA,NA,NA,NA,NA,NA,NA,NA,NA,NA,NA,NA,NA,NA,NA,NA,NA,NA,NA,NA,NA,NA,NA,NA,NA,NA,NA,NA,NA,NA,NA,11/19/2008,Anas,"CommonName:NorthernShoveler,TestforInfluenzaVirus:M.RTPCR.VI,IDforMatching:UCD08.9140.V",Acly_H1N9_SNWR_Nov2008_1,1,FW,A,9,1_9,Anas,Anasclypeata,"SacramentoNationalWildlifeRefuge,GlennCounty",FW_0809,filter,F,Pos_FW_0809_Anasclypeata,Duck_Pos
AMPLICON,250,38078500,PRJNA464410,SAMN09104219,Metagenome or environmental,23008543,UC DAVIS,public,"fastq,run.zq,sra","gs,ncbi,s3","gs.us-east1,ncbi.public,s3.us-east-1",SRX4066179,Illumina MiSeq,UCD.12.00138.V.D,PAIRED,METAGENOMIC,gut metagenome,ILLUMINA,5/9/2018 20:00,5/10/2018 12:56,NA,Pos,SRP145364,Duck,NorthernShoveler,SRR7146772,Duck,Duck,Wild,Pos,NA,USA,North America,"USA:California\,SolanoCounty\,GrizzlyIslandWildlifeArea(GIWA)",cloacal swab,missing,10.1128/mSphere.00382-18,NA,NA,NA,NA,NA,NA,NA,NA,NA,NA,NA,NA,NA,NA,NA,NA,NA,NA,NA,NA,NA,NA,NA,NA,NA,NA,NA,NA,NA,NA,NA,NA,NA,NA,NA,NA,NA,NA,NA,NA,NA,NA,NA,NA,NA,NA,NA,1/7/2012,Anas,"CommonName:NorthernShoveler,TestforInfluenzaVirus:VI,IDforMatching:UCD12.00138.V",Acly_H1N1.7_GIWA_Jan2012_1,1,FW,U,1.7,1_1.7,Anas,Anasclypeata,"GrizzlyIslandWildlifeArea(GIWA),SolanoCounty",FW_1112,filter,F,Pos_FW_1112_Anasclypeata,Duck_Pos
AMPLICON,250,12300000,PRJNA464410,SAMN09104303,Metagenome or environmental,7980569,UC DAVIS,public,"fastq,run.zq,sra","gs,ncbi,s3","gs.us-east1,ncbi.public,s3.us-east-1",SRX4066178,Illumina MiSeq,WHC.JN.US07.1717,PAIRED,METAGENOMIC,gut metagenome,ILLUMINA,5/9/2018 20:00,5/10/2018 12:56,NA,Neg,SRP145364,Duck,AmericanWigeon,SRR7146773,Duck,Duck,Wild,Neg,NA,USA,North America,"USA:California\,Sacramento\,GlennCounty\,NationalWildlifeRefuge",cloacal swab,missing,10.1128/mSphere.00382-18,NA,NA,NA,NA,NA,NA,NA,NA,NA,NA,NA,NA,NA,NA,NA,NA,NA,NA,NA,NA,NA,NA,NA,NA,NA,NA,NA,NA,NA,NA,NA,NA,NA,NA,NA,NA,NA,NA,NA,NA,NA,NA,NA,NA,NA,NA,NA,1/13/2008,Anas,"CommonName:AmericanWigeon,TestforInfluenzaVirus:VI,IDforMatching:WHC.JN.US07.1717",Aame_neg_SNWR_Jan2008_6,neg,FW,A,neg,neg_neg,Anas,Anasamericana,"SacramentoNationalWildlifeRefuge,GlennCounty",FW_0708,dabbling,M,Neg_FW_0708_Anasamericana,Duck_Neg
AMPLICON,250,18490000,PRJNA464410,SAMN09104218,Metagenome or environmental,11799501,UC DAVIS,public,"fastq,run.zq,sra","gs,ncbi,s3","gs.us-east1,ncbi.public,s3.us-east-1",SRX4066177,Illumina MiSeq,UCD.12.00123.V.C,PAIRED,METAGENOMIC,gut metagenome,ILLUMINA,5/9/2018 20:00,5/10/2018 12:56,NA,Pos,SRP145364,Duck,GreenWingedTeal,SRR7146774,Duck,Duck,Wild,Pos,NA,USA,North America,"USA:California\,SolanoCounty\,GrizzlyIslandWildlifeArea(GIWA)",cloacal swab,missing,10.1128/mSphere.00382-18,NA,NA,NA,NA,NA,NA,NA,NA,NA,NA,NA,NA,NA,NA,NA,NA,NA,NA,NA,NA,NA,NA,NA,NA,NA,NA,NA,NA,NA,NA,NA,NA,NA,NA,NA,NA,NA,NA,NA,NA,NA,NA,NA,NA,NA,NA,NA,1/7/2012,Anas,"CommonName:GreenWingedTeal,TestforInfluenzaVirus:VI,IDforMatching:UCD12.00123.V",Acar_H1N1.7_GIWA_Jan2012_2,1,FW,U,1.7,1_1.7,Anas,Anascarolinensis,"GrizzlyIslandWildlifeArea(GIWA),SolanoCounty",FW_1112,dabbling,F,Pos_FW_1112_Anascarolinensis,Duck_Pos
AMPLICON,250,11642000,PRJNA464410,SAMN09104079,Metagenome or environmental,7545949,UC DAVIS,public,"fastq,run.zq,sra","gs,ncbi,s3","gs.us-east1,ncbi.public,s3.us-east-1",SRX4066176,Illumina MiSeq,UCD.09.05241,PAIRED,METAGENOMIC,gut metagenome,ILLUMINA,5/9/2018 20:00,5/10/2018 12:56,NA,Neg,SRP145364,Duck,Mallard,SRR7146775,Duck,Duck,Wild,Neg,NA,USA,North America,"USA:California\,SolanoCounty\,SuisunMarsh/Balboa",cloacal swab,missing,10.1128/mSphere.00382-18,NA,NA,NA,NA,NA,NA,NA,NA,NA,NA,NA,NA,NA,NA,NA,NA,NA,NA,NA,NA,NA,NA,NA,NA,NA,NA,NA,NA,NA,NA,NA,NA,NA,NA,NA,NA,NA,NA,NA,NA,NA,NA,NA,NA,NA,NA,NA,7/27/2009,Anas,"CommonName:Mallard,TestforInfluenzaVirus:M.RTPCR,IDforMatching:UCD09.05241.P",Apla_neg_SMB_Jul2009_8,neg,S,H,neg,neg_neg,Anas,Anasplatyrhynchos,"SuisunMarsh/Balboa,SolanoCounty",S_09,dabbling,M,Neg_S_09_Anasplatyrhynchos,Duck_Neg
AMPLICON,250,17838000,PRJNA464410,SAMN09104286,Metagenome or environmental,11542638,UC DAVIS,public,"fastq,run.zq,sra","gs,ncbi,s3","gs.us-east1,ncbi.public,s3.us-east-1",SRX4066175,Illumina MiSeq,UCD.13.01398.VB.H4,PAIRED,METAGENOMIC,gut metagenome,ILLUMINA,5/9/2018 20:00,5/10/2018 12:56,NA,Pos,SRP145364,Duck,Mallard,SRR7146776,Duck,Duck,Wild,Pos,NA,USA,North America,"USA:California\,SolanoCounty\,GrizzlyIslandWildlifeArea(GIWA)",cloacal swab,missing,10.1128/mSphere.00382-18,NA,NA,NA,NA,NA,NA,NA,NA,NA,NA,NA,NA,NA,NA,NA,NA,NA,NA,NA,NA,NA,NA,NA,NA,NA,NA,NA,NA,NA,NA,NA,NA,NA,NA,NA,NA,NA,NA,NA,NA,NA,NA,NA,NA,NA,NA,NA,7/23/2013,Anas,"CommonName:Mallard,TestforInfluenzaVirus:M.RTPCR.VI,IDforMatching:UCD13.01398.V",Apla_H4N6_GIWA_Jul2013_8,4,S,H,6,4_6,Anas,Anasplatyrhynchos,"GrizzlyIslandWildlifeArea(GIWA),SolanoCounty",S_13,dabbling,F,Pos_S_13_Anasplatyrhynchos,Duck_Pos
AMPLICON,250,29446000,PRJNA464410,SAMN09104295,Metagenome or environmental,18696097,UC DAVIS,public,"fastq,run.zq,sra","gs,ncbi,s3","gs.us-east1,ncbi.public,s3.us-east-1",SRX4066174,Illumina MiSeq,WHC.JN.US07.1686,PAIRED,METAGENOMIC,gut metagenome,ILLUMINA,5/9/2018 20:00,5/10/2018 12:56,NA,Neg,SRP145364,Duck,NorthernShoveler,SRR7146777,Duck,Duck,Wild,Neg,NA,USA,North America,"USA:California\,Sacramento\,GlennCounty\,NationalWildlifeRefuge",cloacal swab,missing,10.1128/mSphere.00382-18,NA,NA,NA,NA,NA,NA,NA,NA,NA,NA,NA,NA,NA,NA,NA,NA,NA,NA,NA,NA,NA,NA,NA,NA,NA,NA,NA,NA,NA,NA,NA,NA,NA,NA,NA,NA,NA,NA,NA,NA,NA,NA,NA,NA,NA,NA,NA,1/9/2008,Anas,"CommonName:NorthernShoveler,TestforInfluenzaVirus:VI,IDforMatching:WHC.JN.US07.1686",Acly_neg_SNWR_Jan2008_6,neg,FW,A,neg,neg_neg,Anas,Anasclypeata,"SacramentoNationalWildlifeRefuge,GlennCounty",FW_0708,filter,M,Neg_FW_0708_Anasclypeata,Duck_Neg
AMPLICON,250,32057000,PRJNA464410,SAMN09104296,Metagenome or environmental,20444196,UC DAVIS,public,"fastq,run.zq,sra","gs,ncbi,s3","gs.us-east1,ncbi.public,s3.us-east-1",SRX4066173,Illumina MiSeq,WHC.JN.US07.1691,PAIRED,METAGENOMIC,gut metagenome,ILLUMINA,5/9/2018 20:00,5/10/2018 12:56,NA,Neg,SRP145364,Duck,NorthernShoveler,SRR7146778,Duck,Duck,Wild,Neg,NA,USA,North America,"USA:California\,Sacramento\,GlennCounty\,NationalWildlifeRefuge",cloacal swab,missing,10.1128/mSphere.00382-18,NA,NA,NA,NA,NA,NA,NA,NA,NA,NA,NA,NA,NA,NA,NA,NA,NA,NA,NA,NA,NA,NA,NA,NA,NA,NA,NA,NA,NA,NA,NA,NA,NA,NA,NA,NA,NA,NA,NA,NA,NA,NA,NA,NA,NA,NA,NA,1/9/2008,Anas,"CommonName:NorthernShoveler,TestforInfluenzaVirus:VI,IDforMatching:WHC.JN.US07.1691",Acly_neg_SNWR_Jan2008_7,neg,FW,H,neg,neg_neg,Anas,Anasclypeata,"SacramentoNationalWildlifeRefuge,GlennCounty",FW_0708,filter,M,Neg_FW_0708_Anasclypeata,Duck_Neg
AMPLICON,250,18246000,PRJNA464410,SAMN09104217,Metagenome or environmental,11756202,UC DAVIS,public,"fastq,run.zq,sra","gs,ncbi,s3","gs.us-east1,ncbi.public,s3.us-east-1",SRX4066171,Illumina MiSeq,UCD.12.00096.V.D,PAIRED,METAGENOMIC,gut metagenome,ILLUMINA,5/9/2018 20:00,5/10/2018 12:56,NA,Pos,SRP145364,Duck,GreenWingedTeal,SRR7146780,Duck,Duck,Wild,Pos,NA,USA,North America,"USA:California\,SolanoCounty\,GrizzlyIslandWildlifeArea(GIWA)",cloacal swab,missing,10.1128/mSphere.00382-18,NA,NA,NA,NA,NA,NA,NA,NA,NA,NA,NA,NA,NA,NA,NA,NA,NA,NA,NA,NA,NA,NA,NA,NA,NA,NA,NA,NA,NA,NA,NA,NA,NA,NA,NA,NA,NA,NA,NA,NA,NA,NA,NA,NA,NA,NA,NA,1/7/2012,Anas,"CommonName:GreenWingedTeal,TestforInfluenzaVirus:VI,IDforMatching:UCD12.00096.V",Acar_H1N1.7_GIWA_Jan2012_1,1,FW,U,1.7,1_1.7,Anas,Anascarolinensis,"GrizzlyIslandWildlifeArea(GIWA),SolanoCounty",FW_1112,dabbling,F,Pos_FW_1112_Anascarolinensis,Duck_Pos
AMPLICON,250,13021000,PRJNA464410,SAMN09104299,Metagenome or environmental,8462503,UC DAVIS,public,"fastq,run.zq,sra","gs,ncbi,s3","gs.us-east1,ncbi.public,s3.us-east-1",SRX4066170,Illumina MiSeq,WHC.JN.US07.1706,PAIRED,METAGENOMIC,gut metagenome,ILLUMINA,5/9/2018 20:00,5/10/2018 12:56,NA,Neg,SRP145364,Duck,AmericanWigeon,SRR7146781,Duck,Duck,Wild,Neg,NA,USA,North America,"USA:California\,Sacramento\,GlennCounty\,NationalWildlifeRefuge",cloacal swab,missing,10.1128/mSphere.00382-18,NA,NA,NA,NA,NA,NA,NA,NA,NA,NA,NA,NA,NA,NA,NA,NA,NA,NA,NA,NA,NA,NA,NA,NA,NA,NA,NA,NA,NA,NA,NA,NA,NA,NA,NA,NA,NA,NA,NA,NA,NA,NA,NA,NA,NA,NA,NA,1/13/2008,Anas,"CommonName:AmericanWigeon,TestforInfluenzaVirus:VI,IDforMatching:WHC.JN.US07.1706",Aame_neg_SNWR_Jan2008_2,neg,FW,H,neg,neg_neg,Anas,Anasamericana,"SacramentoNationalWildlifeRefuge,GlennCounty",FW_0708,dabbling,M,Neg_FW_0708_Anasamericana,Duck_Neg
AMPLICON,250,19966000,PRJNA464410,SAMN09104300,Metagenome or environmental,13061378,UC DAVIS,public,"fastq,run.zq,sra","gs,ncbi,s3","gs.us-east1,ncbi.public,s3.us-east-1",SRX4066169,Illumina MiSeq,WHC.JN.US07.1707,PAIRED,METAGENOMIC,gut metagenome,ILLUMINA,5/9/2018 20:00,5/10/2018 12:56,NA,Neg,SRP145364,Duck,AmericanWigeon,SRR7146782,Duck,Duck,Wild,Neg,NA,USA,North America,"USA:California\,Sacramento\,GlennCounty\,NationalWildlifeRefuge",cloacal swab,missing,10.1128/mSphere.00382-18,NA,NA,NA,NA,NA,NA,NA,NA,NA,NA,NA,NA,NA,NA,NA,NA,NA,NA,NA,NA,NA,NA,NA,NA,NA,NA,NA,NA,NA,NA,NA,NA,NA,NA,NA,NA,NA,NA,NA,NA,NA,NA,NA,NA,NA,NA,NA,1/13/2008,Anas,"CommonName:AmericanWigeon,TestforInfluenzaVirus:VI,IDforMatching:WHC.JN.US07.1707",Aame_neg_SNWR_Jan2008_3,neg,FW,A,neg,neg_neg,Anas,Anasamericana,"SacramentoNationalWildlifeRefuge,GlennCounty",FW_0708,dabbling,M,Neg_FW_0708_Anasamericana,Duck_Neg
AMPLICON,250,21413500,PRJNA464410,SAMN09104301,Metagenome or environmental,14347969,UC DAVIS,public,"fastq,run.zq,sra","gs,ncbi,s3","gs.us-east1,ncbi.public,s3.us-east-1",SRX4066168,Illumina MiSeq,WHC.JN.US07.1708,PAIRED,METAGENOMIC,gut metagenome,ILLUMINA,5/9/2018 20:00,5/10/2018 12:56,NA,Neg,SRP145364,Duck,AmericanWigeon,SRR7146783,Duck,Duck,Wild,Neg,NA,USA,North America,"USA:California\,Sacramento\,GlennCounty\,NationalWildlifeRefuge",cloacal swab,missing,10.1128/mSphere.00382-18,NA,NA,NA,NA,NA,NA,NA,NA,NA,NA,NA,NA,NA,NA,NA,NA,NA,NA,NA,NA,NA,NA,NA,NA,NA,NA,NA,NA,NA,NA,NA,NA,NA,NA,NA,NA,NA,NA,NA,NA,NA,NA,NA,NA,NA,NA,NA,1/13/2008,Anas,"CommonName:AmericanWigeon,TestforInfluenzaVirus:VI,IDforMatching:WHC.JN.US07.1708",Aame_neg_SNWR_Jan2008_4,neg,FW,A,neg,neg_neg,Anas,Anasamericana,"SacramentoNationalWildlifeRefuge,GlennCounty",FW_0708,dabbling,M,Neg_FW_0708_Anasamericana,Duck_Neg
AMPLICON,250,27235000,PRJNA464410,SAMN09104216,Metagenome or environmental,17083470,UC DAVIS,public,"fastq,run.zq,sra","gs,ncbi,s3","gs.us-east1,ncbi.public,s3.us-east-1",SRX4066167,Illumina MiSeq,UCD.11.03100,PAIRED,METAGENOMIC,gut metagenome,ILLUMINA,5/9/2018 20:00,5/10/2018 12:56,NA,Pos,SRP145364,Duck,NorthernPintail,SRR7146784,Duck,Duck,Wild,Pos,NA,USA,North America,"USA:California\,SolanoCounty\,GrizzlyIslandWildlifeArea(GIWA)",cloacal swab,missing,10.1128/mSphere.00382-18,NA,NA,NA,NA,NA,NA,NA,NA,NA,NA,NA,NA,NA,NA,NA,NA,NA,NA,NA,NA,NA,NA,NA,NA,NA,NA,NA,NA,NA,NA,NA,NA,NA,NA,NA,NA,NA,NA,NA,NA,NA,NA,NA,NA,NA,NA,NA,12/7/2011,Anas,"CommonName:NorthernPintailTestforInfluenzaVirus:M.RTPCR,IDforMatching:UCD11.03100.P",Aacu_H9N2_GIWA_Dec2011_1,9,FW,U,2,9_2,Anas,Anasacuta,"GrizzlyIslandWildlifeArea(GIWA),SolanoCounty",FW_1112,dabbling,M,Pos_FW_1112_Anasacuta,Duck_Pos
AMPLICON,250,34987500,PRJNA464410,SAMN09104305,Metagenome or environmental,22063423,UC DAVIS,public,"fastq,run.zq,sra","gs,ncbi,s3","gs.us-east1,ncbi.public,s3.us-east-1",SRX4066166,Illumina MiSeq,WHC.JN.US07.1745,PAIRED,METAGENOMIC,gut metagenome,ILLUMINA,5/9/2018 20:00,5/10/2018 12:56,NA,Neg,SRP145364,Duck,NorthernShoveler,SRR7146785,Duck,Duck,Wild,Neg,NA,USA,North America,"USA:California\,Sacramento\,GlennCounty\,NationalWildlifeRefuge",cloacal swab,missing,10.1128/mSphere.00382-18,NA,NA,NA,NA,NA,NA,NA,NA,NA,NA,NA,NA,NA,NA,NA,NA,NA,NA,NA,NA,NA,NA,NA,NA,NA,NA,NA,NA,NA,NA,NA,NA,NA,NA,NA,NA,NA,NA,NA,NA,NA,NA,NA,NA,NA,NA,NA,1/13/2008,Anas,"CommonName:NorthernShoveler,TestforInfluenzaVirus:VI,IDforMatching:WHC.JN.US07.1745",Acly_neg_SNWR_Jan2008_9,neg,FW,A,neg,neg_neg,Anas,Anasclypeata,"SacramentoNationalWildlifeRefuge,GlennCounty",FW_0708,filter,M,Neg_FW_0708_Anasclypeata,Duck_Neg
AMPLICON,250,40978000,PRJNA464410,SAMN09104215,Metagenome or environmental,26441520,UC DAVIS,public,"fastq,run.zq,sra","gs,ncbi,s3","gs.us-east1,ncbi.public,s3.us-east-1",SRX4066165,Illumina MiSeq,UCD.11.02940.B,PAIRED,METAGENOMIC,gut metagenome,ILLUMINA,5/9/2018 20:00,5/10/2018 12:57,NA,Pos,SRP145364,Duck,GreenWingedTeal,SRR7146786,Duck,Duck,Wild,Pos,NA,USA,North America,"USA:California\,SolanoCounty\,GrizzlyIslandWildlifeArea(GIWA)",cloacal swab,missing,10.1128/mSphere.00382-18,NA,NA,NA,NA,NA,NA,NA,NA,NA,NA,NA,NA,NA,NA,NA,NA,NA,NA,NA,NA,NA,NA,NA,NA,NA,NA,NA,NA,NA,NA,NA,NA,NA,NA,NA,NA,NA,NA,NA,NA,NA,NA,NA,NA,NA,NA,NA,12/3/2011,Anas,"CommonName:GreenWingedTeal,TestforInfluenzaVirus:VI,IDforMatching:UCD11.02940.V",Acar_H1N1_GIWA_Dec2011_1,1,FW,U,1,1_1,Anas,Anascarolinensis,"GrizzlyIslandWildlifeArea(GIWA),SolanoCounty",FW_1112,dabbling,M,Pos_FW_1112_Anascarolinensis,Duck_Pos
AMPLICON,250,19774500,PRJNA464410,SAMN09104288,Metagenome or environmental,12801006,UC DAVIS,public,"fastq,run.zq,sra","gs,ncbi,s3","gs.us-east1,ncbi.public,s3.us-east-1",SRX4066164,Illumina MiSeq,UCD.13.01483.VB.H4,PAIRED,METAGENOMIC,gut metagenome,ILLUMINA,5/9/2018 20:00,5/10/2018 12:57,NA,Pos,SRP145364,Duck,Mallard,SRR7146787,Duck,Duck,Wild,Pos,NA,USA,North America,"USA:California\,SolanoCounty\,GrizzlyIslandWildlifeArea(GIWA)",cloacal swab,missing,10.1128/mSphere.00382-18,NA,NA,NA,NA,NA,NA,NA,NA,NA,NA,NA,NA,NA,NA,NA,NA,NA,NA,NA,NA,NA,NA,NA,NA,NA,NA,NA,NA,NA,NA,NA,NA,NA,NA,NA,NA,NA,NA,NA,NA,NA,NA,NA,NA,NA,NA,NA,7/30/2013,Anas,"CommonName:Mallard,TestforInfluenzaVirus:M.RTPCR.VI,IDforMatching:UCD13.01483.V",Apla_H4N6_GIWA_Jul2013_9,4,S,H,6,4_6,Anas,Anasplatyrhynchos,"GrizzlyIslandWildlifeArea(GIWA),SolanoCounty",S_13,dabbling,M,Pos_S_13_Anasplatyrhynchos,Duck_Pos
AMPLICON,250,23230000,PRJNA464410,SAMN09104214,Metagenome or environmental,15015086,UC DAVIS,public,"fastq,run.zq,sra","gs,ncbi,s3","gs.us-east1,ncbi.public,s3.us-east-1",SRX4066163,Illumina MiSeq,UCD.11.02815,PAIRED,METAGENOMIC,gut metagenome,ILLUMINA,5/9/2018 20:00,5/10/2018 12:57,NA,Pos,SRP145364,Duck,NorthernShoveler,SRR7146788,Duck,Duck,Wild,Pos,NA,USA,North America,"USA:California\,SolanoCounty\,GrizzlyIslandWildlifeArea(GIWA)",cloacal swab,missing,10.1128/mSphere.00382-18,NA,NA,NA,NA,NA,NA,NA,NA,NA,NA,NA,NA,NA,NA,NA,NA,NA,NA,NA,NA,NA,NA,NA,NA,NA,NA,NA,NA,NA,NA,NA,NA,NA,NA,NA,NA,NA,NA,NA,NA,NA,NA,NA,NA,NA,NA,NA,10/29/2011,Anas,"CommonName:NorthernShoveler,TestforInfluenzaVirus:M.RTPCR,IDforMatching:UCD11.02815.P",Acly_H5N2_GIWA_Oct2011_1,5,FW,U,2,5_2,Anas,Anasclypeata,"GrizzlyIslandWildlifeArea(GIWA),SolanoCounty",FW_1112,filter,F,Pos_FW_1112_Anasclypeata,Duck_Pos
AMPLICON,250,31074500,PRJNA464410,SAMN09104114,Metagenome or environmental,19673123,UC DAVIS,public,"fastq,run.zq,sra","gs,ncbi,s3","gs.us-east1,ncbi.public,s3.us-east-1",SRX4066162,Illumina MiSeq,UCD.10.01475.CV,PAIRED,METAGENOMIC,gut metagenome,ILLUMINA,5/9/2018 20:00,5/10/2018 12:57,NA,Pos,SRP145364,Duck,Mallard,SRR7146789,Duck,Duck,Wild,Pos,NA,USA,North America,"USA:California\,SanJoaquinCounty\,MandevilleIsland",cloacal swab,missing,10.1128/mSphere.00382-18,NA,NA,NA,NA,NA,NA,NA,NA,NA,NA,NA,NA,NA,NA,NA,NA,NA,NA,NA,NA,NA,NA,NA,NA,NA,NA,NA,NA,NA,NA,NA,NA,NA,NA,NA,NA,NA,NA,NA,NA,NA,NA,NA,NA,NA,NA,NA,8/10/2010,Anas,"CommonName:Mallard,TestforInfluenzaVirus:VI,IDforMatching:UCD10.01475.CV",Apla_H3N8_MI_Aug2010_1,3,S,H,8,3_8,Anas,Anasplatyrhynchos,"MandevilleIsland,SanJoaquinCounty",S_10,dabbling,M,Pos_S_10_Anasplatyrhynchos,Duck_Pos
AMPLICON,250,25200000,PRJNA464410,SAMN09104115,Metagenome or environmental,16286407,UC DAVIS,public,"fastq,run.zq,sra","gs,ncbi,s3","gs.us-east1,ncbi.public,s3.us-east-1",SRX4066161,Illumina MiSeq,UCD.10.01492.CV,PAIRED,METAGENOMIC,gut metagenome,ILLUMINA,5/9/2018 20:00,5/10/2018 12:56,NA,Pos,SRP145364,Duck,Mallard,SRR7146790,Duck,Duck,Wild,Pos,NA,USA,North America,"USA:California\,SanJoaquinCounty\,MandevilleIsland",cloacal swab,missing,10.1128/mSphere.00382-18,NA,NA,NA,NA,NA,NA,NA,NA,NA,NA,NA,NA,NA,NA,NA,NA,NA,NA,NA,NA,NA,NA,NA,NA,NA,NA,NA,NA,NA,NA,NA,NA,NA,NA,NA,NA,NA,NA,NA,NA,NA,NA,NA,NA,NA,NA,NA,8/10/2010,Anas,"CommonName:Mallard,TestforInfluenzaVirus:VI,IDforMatching:UCD10.01492.CV",Apla_H6N4_MI_Aug2010_1,6,S,A,4,6_4,Anas,Anasplatyrhynchos,"MandevilleIsland,SanJoaquinCounty",S_10,dabbling,M,Pos_S_10_Anasplatyrhynchos,Duck_Pos
AMPLICON,250,13541500,PRJNA464410,SAMN09104117,Metagenome or environmental,9106704,UC DAVIS,public,"fastq,run.zq,sra","gs,ncbi,s3","gs.us-east1,ncbi.public,s3.us-east-1",SRX4066159,Illumina MiSeq,UCD.10.01505.CV,PAIRED,METAGENOMIC,gut metagenome,ILLUMINA,5/9/2018 20:00,5/10/2018 12:57,NA,Pos,SRP145364,Duck,Mallard,SRR7146792,Duck,Duck,Wild,Pos,NA,USA,North America,"USA:California\,SanJoaquinCounty\,MandevilleIsland",cloacal swab,missing,10.1128/mSphere.00382-18,NA,NA,NA,NA,NA,NA,NA,NA,NA,NA,NA,NA,NA,NA,NA,NA,NA,NA,NA,NA,NA,NA,NA,NA,NA,NA,NA,NA,NA,NA,NA,NA,NA,NA,NA,NA,NA,NA,NA,NA,NA,NA,NA,NA,NA,NA,NA,8/10/2010,Anas,"CommonName:Mallard,TestforInfluenzaVirus:VI,IDforMatching:UCD10.01505.CV",Apla_H4N3_MI_Aug2010_2,4,S,H,3,4_3,Anas,Anasplatyrhynchos,"MandevilleIsland,SanJoaquinCounty",S_10,dabbling,F,Pos_S_10_Anasplatyrhynchos,Duck_Pos
AMPLICON,250,10950000,PRJNA464410,SAMN09104119,Metagenome or environmental,7319274,UC DAVIS,public,"fastq,run.zq,sra","gs,ncbi,s3","gs.us-east1,ncbi.public,s3.us-east-1",SRX4066157,Illumina MiSeq,UCD.10.01507,PAIRED,METAGENOMIC,gut metagenome,ILLUMINA,5/9/2018 20:00,5/10/2018 12:56,NA,Neg,SRP145364,Duck,Mallard,SRR7146794,Duck,Duck,Wild,Neg,NA,USA,North America,"USA:California\,SanJoaquinCounty\,MandevilleIsland",cloacal swab,missing,10.1128/mSphere.00382-18,NA,NA,NA,NA,NA,NA,NA,NA,NA,NA,NA,NA,NA,NA,NA,NA,NA,NA,NA,NA,NA,NA,NA,NA,NA,NA,NA,NA,NA,NA,NA,NA,NA,NA,NA,NA,NA,NA,NA,NA,NA,NA,NA,NA,NA,NA,NA,8/10/2010,Anas,"CommonName:Mallard,TestforInfluenzaVirus:M.RTPCR,IDforMatching:UCD10.01507.CP",Apla_neg_MI_Aug2010_2,neg,S,A,neg,neg_neg,Anas,Anasplatyrhynchos,"MandevilleIsland,SanJoaquinCounty",S_10,dabbling,M,Neg_S_10_Anasplatyrhynchos,Duck_Neg
AMPLICON,250,11103000,PRJNA464410,SAMN09104122,Metagenome or environmental,7435227,UC DAVIS,public,"fastq,run.zq,sra","gs,ncbi,s3","gs.us-east1,ncbi.public,s3.us-east-1",SRX4066154,Illumina MiSeq,UCD.10.01510,PAIRED,METAGENOMIC,gut metagenome,ILLUMINA,5/9/2018 20:00,5/10/2018 12:57,NA,Pos,SRP145364,Duck,Mallard,SRR7146797,Duck,Duck,Wild,Pos,NA,USA,North America,"USA:California\,SanJoaquinCounty\,MandevilleIsland",cloacal swab,missing,10.1128/mSphere.00382-18,NA,NA,NA,NA,NA,NA,NA,NA,NA,NA,NA,NA,NA,NA,NA,NA,NA,NA,NA,NA,NA,NA,NA,NA,NA,NA,NA,NA,NA,NA,NA,NA,NA,NA,NA,NA,NA,NA,NA,NA,NA,NA,NA,NA,NA,NA,NA,8/10/2010,Anas,"CommonName:Mallard,TestforInfluenzaVirus:M.RTPCR,IDforMatching:UCD10.01510.CP",Apla_H1Nunk_MI_Aug2010_1,1,S,A,unk,1_unk,Anas,Anasplatyrhynchos,"MandevilleIsland,SanJoaquinCounty",S_10,dabbling,M,Pos_S_10_Anasplatyrhynchos,Duck_Pos
AMPLICON,250,15489000,PRJNA464410,SAMN09104123,Metagenome or environmental,10365322,UC DAVIS,public,"fastq,run.zq,sra","gs,ncbi,s3","gs.us-east1,ncbi.public,s3.us-east-1",SRX4066153,Illumina MiSeq,UCD.10.01511,PAIRED,METAGENOMIC,gut metagenome,ILLUMINA,5/9/2018 20:00,5/10/2018 12:57,NA,Neg,SRP145364,Duck,Mallard,SRR7146798,Duck,Duck,Wild,Neg,NA,USA,North America,"USA:California\,SanJoaquinCounty\,MandevilleIsland",cloacal swab,missing,10.1128/mSphere.00382-18,NA,NA,NA,NA,NA,NA,NA,NA,NA,NA,NA,NA,NA,NA,NA,NA,NA,NA,NA,NA,NA,NA,NA,NA,NA,NA,NA,NA,NA,NA,NA,NA,NA,NA,NA,NA,NA,NA,NA,NA,NA,NA,NA,NA,NA,NA,NA,8/10/2010,Anas,"CommonName:Mallard,TestforInfluenzaVirus:M.RTPCR,IDforMatching:UCD10.01511.CP",Apla_neg_MI_Aug2010_5,neg,S,H,neg,neg_neg,Anas,Anasplatyrhynchos,"MandevilleIsland,SanJoaquinCounty",S_10,dabbling,M,Neg_S_10_Anasplatyrhynchos,Duck_Neg
AMPLICON,250,19343000,PRJNA464410,SAMN09104029,Metagenome or environmental,12727814,UC DAVIS,public,"fastq,run.zq,sra","gs,ncbi,s3","gs.us-east1,ncbi.public,s3.us-east-1",SRX4066151,Illumina MiSeq,UCD.08.8352,PAIRED,METAGENOMIC,gut metagenome,ILLUMINA,5/9/2018 20:00,5/10/2018 12:57,NA,Pos,SRP145364,Duck,AmericanWigeon,SRR7146800,Duck,Duck,Wild,Pos,NA,USA,North America,"USA:California\,Sacramento\,GlennCounty\,NationalWildlifeRefuge",cloacal swab,missing,10.1128/mSphere.00382-18,NA,NA,NA,NA,NA,NA,NA,NA,NA,NA,NA,NA,NA,NA,NA,NA,NA,NA,NA,NA,NA,NA,NA,NA,NA,NA,NA,NA,NA,NA,NA,NA,NA,NA,NA,NA,NA,NA,NA,NA,NA,NA,NA,NA,NA,NA,NA,10/19/2008,Anas,"CommonName:AmericanWigeon,TestforInfluenzaVirus:M.RTPCR.VI,IDforMatching:UCD08.8352.V",Aame_H12N5_SNWR_Oct2008_1,12,FW,H,5,12_5,Anas,Anasamericana,"SacramentoNationalWildlifeRefuge,GlennCounty",FW_0809,dabbling,M,Pos_FW_0809_Anasamericana,Duck_Pos
AMPLICON,250,18535500,PRJNA464410,SAMN09104013,Metagenome or environmental,11698598,UC DAVIS,public,"fastq,run.zq,sra","gs,ncbi,s3","gs.us-east1,ncbi.public,s3.us-east-1",SRX4066149,Illumina MiSeq,UCD.08.6524,PAIRED,METAGENOMIC,gut metagenome,ILLUMINA,5/9/2018 20:00,5/10/2018 12:57,NA,Pos,SRP145364,Duck,Mallard,SRR7146802,Duck,Duck,Wild,Pos,NA,USA,North America,"USA:California\,YoloCounty\,ConawayRanch",cloacal swab,missing,10.1128/mSphere.00382-18,NA,NA,NA,NA,NA,NA,NA,NA,NA,NA,NA,NA,NA,NA,NA,NA,NA,NA,NA,NA,NA,NA,NA,NA,NA,NA,NA,NA,NA,NA,NA,NA,NA,NA,NA,NA,NA,NA,NA,NA,NA,NA,NA,NA,NA,NA,NA,11/5/2008,Anas,"CommonName:Mallard,TestforInfluenzaVirus:M.RTPCR.VI,IDforMatching:UCD08.6524.V",Apla_H12N5_CR_Nov2008_2,12,FW,U,5,12_5,Anas,Anasplatyrhynchos,"ConawayRanch,YoloCounty",FW_0809,dabbling,M,Pos_FW_0809_Anasplatyrhynchos,Duck_Pos
AMPLICON,250,15787500,PRJNA464410,SAMN09104012,Metagenome or environmental,10010049,UC DAVIS,public,"fastq,run.zq,sra","gs,ncbi,s3","gs.us-east1,ncbi.public,s3.us-east-1",SRX4066148,Illumina MiSeq,UCD.08.6517,PAIRED,METAGENOMIC,gut metagenome,ILLUMINA,5/9/2018 20:00,5/10/2018 12:57,NA,Pos,SRP145364,Duck,Mallard,SRR7146803,Duck,Duck,Wild,Pos,NA,USA,North America,"USA:California\,YoloCounty\,ConawayRanch",cloacal swab,missing,10.1128/mSphere.00382-18,NA,NA,NA,NA,NA,NA,NA,NA,NA,NA,NA,NA,NA,NA,NA,NA,NA,NA,NA,NA,NA,NA,NA,NA,NA,NA,NA,NA,NA,NA,NA,NA,NA,NA,NA,NA,NA,NA,NA,NA,NA,NA,NA,NA,NA,NA,NA,11/5/2008,Anas,"CommonName:Mallard,TestforInfluenzaVirus:M.RTPCR.VI,IDforMatching:UCD08.6517.V",Apla_H11N9_CR_Nov2008_1,11,FW,U,9,11_9,Anas,Anasplatyrhynchos,"ConawayRanch,YoloCounty",FW_0809,dabbling,M,Pos_FW_0809_Anasplatyrhynchos,Duck_Pos
AMPLICON,250,37275500,PRJNA464410,SAMN09104304,Metagenome or environmental,24563325,UC DAVIS,public,"fastq,run.zq,sra","gs,ncbi,s3","gs.us-east1,ncbi.public,s3.us-east-1",SRX4066147,Illumina MiSeq,WHC.JN.US07.1719,PAIRED,METAGENOMIC,gut metagenome,ILLUMINA,5/9/2018 20:00,5/10/2018 12:57,NA,Neg,SRP145364,Duck,AmericanWigeon,SRR7146804,Duck,Duck,Wild,Neg,NA,USA,North America,"USA:California\,Sacramento\,GlennCounty\,NationalWildlifeRefuge",cloacal swab,missing,10.1128/mSphere.00382-18,NA,NA,NA,NA,NA,NA,NA,NA,NA,NA,NA,NA,NA,NA,NA,NA,NA,NA,NA,NA,NA,NA,NA,NA,NA,NA,NA,NA,NA,NA,NA,NA,NA,NA,NA,NA,NA,NA,NA,NA,NA,NA,NA,NA,NA,NA,NA,1/13/2008,Anas,"CommonName:AmericanWigeon,TestforInfluenzaVirus:VI,IDforMatching:WHC.JN.US07.1719",Aame_neg_SNWR_Jan2008_7,neg,FW,H,neg,neg_neg,Anas,Anasamericana,"SacramentoNationalWildlifeRefuge,GlennCounty",FW_0708,dabbling,F,Neg_FW_0708_Anasamericana,Duck_Neg
AMPLICON,250,6973000,PRJNA464410,SAMN09104006,Metagenome or environmental,4178289,UC DAVIS,public,"fastq,run.zq,sra","gs,ncbi,s3","gs.us-east1,ncbi.public,s3.us-east-1",SRX4066145,Illumina MiSeq,UCD.08.6420,PAIRED,METAGENOMIC,gut metagenome,ILLUMINA,5/9/2018 20:00,5/10/2018 12:57,NA,Pos,SRP145364,Duck,Mallard,SRR7146806,Duck,Duck,Wild,Pos,NA,USA,North America,"USA:California\,YoloCounty\,ConawayRanch",cloacal swab,missing,10.1128/mSphere.00382-18,NA,NA,NA,NA,NA,NA,NA,NA,NA,NA,NA,NA,NA,NA,NA,NA,NA,NA,NA,NA,NA,NA,NA,NA,NA,NA,NA,NA,NA,NA,NA,NA,NA,NA,NA,NA,NA,NA,NA,NA,NA,NA,NA,NA,NA,NA,NA,11/1/2008,Anas,"CommonName:Mallard,TestforInfluenzaVirus:M.RTPCR.VI,IDforMatching:UCD08.6420.V",Apla_H6N2_CR_Nov2008_1,6,FW,U,2,6_2,Anas,Anasplatyrhynchos,"ConawayRanch,YoloCounty",FW_0809,dabbling,F,Pos_FW_0809_Anasplatyrhynchos,Duck_Pos
AMPLICON,250,7641500,PRJNA464410,SAMN09104005,Metagenome or environmental,4969683,UC DAVIS,public,"fastq,run.zq,sra","gs,ncbi,s3","gs.us-east1,ncbi.public,s3.us-east-1",SRX4066144,Illumina MiSeq,UCD.08.6404,PAIRED,METAGENOMIC,gut metagenome,ILLUMINA,5/9/2018 20:00,5/10/2018 12:57,NA,Pos,SRP145364,Duck,Mallard,SRR7146807,Duck,Duck,Wild,Pos,NA,USA,North America,"USA:California\,YoloCounty\,ConawayRanch",cloacal swab,missing,10.1128/mSphere.00382-18,NA,NA,NA,NA,NA,NA,NA,NA,NA,NA,NA,NA,NA,NA,NA,NA,NA,NA,NA,NA,NA,NA,NA,NA,NA,NA,NA,NA,NA,NA,NA,NA,NA,NA,NA,NA,NA,NA,NA,NA,NA,NA,NA,NA,NA,NA,NA,11/1/2008,Anas,"CommonName:Mallard,TestforInfluenzaVirus:M.RTPCR.VI,IDforMatching:UCD08.6404.V",Apla_H6N1_CR_Nov2008_1,6,FW,U,1,6_1,Anas,Anasplatyrhynchos,"ConawayRanch,YoloCounty",FW_0809,dabbling,M,Pos_FW_0809_Anasplatyrhynchos,Duck_Pos
AMPLICON,250,24670000,PRJNA464410,SAMN09104011,Metagenome or environmental,14116514,UC DAVIS,public,"fastq,run.zq,sra","gs,ncbi,s3","gs.us-east1,ncbi.public,s3.us-east-1",SRX4066142,Illumina MiSeq,UCD.08.6495,PAIRED,METAGENOMIC,gut metagenome,ILLUMINA,5/9/2018 20:00,5/10/2018 12:57,NA,Pos,SRP145364,Duck,NorthernPintail,SRR7146809,Duck,Duck,Wild,Pos,NA,USA,North America,"USA:California\,YoloCounty\,ConawayRanch",cloacal swab,missing,10.1128/mSphere.00382-18,NA,NA,NA,NA,NA,NA,NA,NA,NA,NA,NA,NA,NA,NA,NA,NA,NA,NA,NA,NA,NA,NA,NA,NA,NA,NA,NA,NA,NA,NA,NA,NA,NA,NA,NA,NA,NA,NA,NA,NA,NA,NA,NA,NA,NA,NA,NA,11/2/2008,Anas,"CommonName:NorthernPintailTestforInfluenzaVirus:M.RTPCR.VI,IDforMatching:UCD08.6495.V",Aacu_H6N1_CR_Nov2008_1,6,FW,U,1,6_1,Anas,Anasacuta,"ConawayRanch,YoloCounty",FW_0809,dabbling,M,Pos_FW_0809_Anasacuta,Duck_Pos
AMPLICON,250,13498000,PRJNA464410,SAMN09104010,Metagenome or environmental,8849528,UC DAVIS,public,"fastq,run.zq,sra","gs,ncbi,s3","gs.us-east1,ncbi.public,s3.us-east-1",SRX4066141,Illumina MiSeq,UCD.08.6490,PAIRED,METAGENOMIC,gut metagenome,ILLUMINA,5/9/2018 20:00,5/10/2018 12:57,NA,Pos,SRP145364,Duck,Mallard,SRR7146810,Duck,Duck,Wild,Pos,NA,USA,North America,"USA:California\,YoloCounty\,ConawayRanch",cloacal swab,missing,10.1128/mSphere.00382-18,NA,NA,NA,NA,NA,NA,NA,NA,NA,NA,NA,NA,NA,NA,NA,NA,NA,NA,NA,NA,NA,NA,NA,NA,NA,NA,NA,NA,NA,NA,NA,NA,NA,NA,NA,NA,NA,NA,NA,NA,NA,NA,NA,NA,NA,NA,NA,11/2/2008,Anas,"CommonName:Mallard,TestforInfluenzaVirus:M.RTPCR.VI,IDforMatching:UCD08.6490.V",Apla_H12N5_CR_Nov2008_1,12,FW,U,5,12_5,Anas,Anasplatyrhynchos,"ConawayRanch,YoloCounty",FW_0809,dabbling,M,Pos_FW_0809_Anasplatyrhynchos,Duck_Pos
AMPLICON,250,12889500,PRJNA464410,SAMN09104009,Metagenome or environmental,8285439,UC DAVIS,public,"fastq,run.zq,sra","gs,ncbi,s3","gs.us-east1,ncbi.public,s3.us-east-1",SRX4066140,Illumina MiSeq,UCD.08.6471,PAIRED,METAGENOMIC,gut metagenome,ILLUMINA,5/9/2018 20:00,5/10/2018 12:57,NA,Pos,SRP145364,Duck,Mallard,SRR7146811,Duck,Duck,Wild,Pos,NA,USA,North America,"USA:California\,YoloCounty\,ConawayRanch",cloacal swab,missing,10.1128/mSphere.00382-18,NA,NA,NA,NA,NA,NA,NA,NA,NA,NA,NA,NA,NA,NA,NA,NA,NA,NA,NA,NA,NA,NA,NA,NA,NA,NA,NA,NA,NA,NA,NA,NA,NA,NA,NA,NA,NA,NA,NA,NA,NA,NA,NA,NA,NA,NA,NA,11/2/2008,Anas,"CommonName:Mallard,TestforInfluenzaVirus:M.RTPCR.VI,IDforMatching:UCD08.6471.V",Apla_H3N8_CR_Nov2008_1,3,FW,U,8,3_8,Anas,Anasplatyrhynchos,"ConawayRanch,YoloCounty",FW_0809,dabbling,M,Pos_FW_0809_Anasplatyrhynchos,Duck_Pos
AMPLICON,250,6832500,PRJNA464410,SAMN09104308,Metagenome or environmental,4449368,UC DAVIS,public,"fastq,run.zq,sra","gs,ncbi,s3","gs.us-east1,ncbi.public,s3.us-east-1",SRX4066137,Illumina MiSeq,WHC.JN.US07.1763,PAIRED,METAGENOMIC,gut metagenome,ILLUMINA,5/9/2018 20:00,5/10/2018 12:57,NA,Neg,SRP145364,Duck,AmericanWigeon,SRR7146814,Duck,Duck,Wild,Neg,NA,USA,North America,"USA:California\,Sacramento\,GlennCounty\,NationalWildlifeRefuge",cloacal swab,missing,10.1128/mSphere.00382-18,NA,NA,NA,NA,NA,NA,NA,NA,NA,NA,NA,NA,NA,NA,NA,NA,NA,NA,NA,NA,NA,NA,NA,NA,NA,NA,NA,NA,NA,NA,NA,NA,NA,NA,NA,NA,NA,NA,NA,NA,NA,NA,NA,NA,NA,NA,NA,1/16/2008,Anas,"CommonName:AmericanWigeon,TestforInfluenzaVirus:VI,IDforMatching:WHC.JN.US07.1763",Aame_neg_SNWR_Jan2008_0,neg,FW,A,neg,neg_neg,Anas,Anasamericana,"SacramentoNationalWildlifeRefuge,GlennCounty",FW_0708,dabbling,F,Neg_FW_0708_Anasamericana,Duck_Neg
AMPLICON,250,11582500,PRJNA464410,SAMN09104307,Metagenome or environmental,7620371,UC DAVIS,public,"fastq,run.zq,sra","gs,ncbi,s3","gs.us-east1,ncbi.public,s3.us-east-1",SRX4066136,Illumina MiSeq,WHC.JN.US07.1758,PAIRED,METAGENOMIC,gut metagenome,ILLUMINA,5/9/2018 20:00,5/10/2018 12:57,NA,Neg,SRP145364,Duck,AmericanWigeon,SRR7146815,Duck,Duck,Wild,Neg,NA,USA,North America,"USA:California\,Sacramento\,GlennCounty\,NationalWildlifeRefuge",cloacal swab,missing,10.1128/mSphere.00382-18,NA,NA,NA,NA,NA,NA,NA,NA,NA,NA,NA,NA,NA,NA,NA,NA,NA,NA,NA,NA,NA,NA,NA,NA,NA,NA,NA,NA,NA,NA,NA,NA,NA,NA,NA,NA,NA,NA,NA,NA,NA,NA,NA,NA,NA,NA,NA,1/16/2008,Anas,"CommonName:AmericanWigeon,TestforInfluenzaVirus:VI,IDforMatching:WHC.JN.US07.1758",Aame_neg_SNWR_Jan2008_9,neg,FW,A,neg,neg_neg,Anas,Anasamericana,"SacramentoNationalWildlifeRefuge,GlennCounty",FW_0708,dabbling,M,Neg_FW_0708_Anasamericana,Duck_Neg
AMPLICON,250,11685000,PRJNA464410,SAMN09104306,Metagenome or environmental,7340181,UC DAVIS,public,"fastq,run.zq,sra","gs,ncbi,s3","gs.us-east1,ncbi.public,s3.us-east-1",SRX4066135,Illumina MiSeq,WHC.JN.US07.1749,PAIRED,METAGENOMIC,gut metagenome,ILLUMINA,5/9/2018 20:00,5/10/2018 12:57,NA,Neg,SRP145364,Duck,AmericanWigeon,SRR7146816,Duck,Duck,Wild,Neg,NA,USA,North America,"USA:California\,Sacramento\,GlennCounty\,NationalWildlifeRefuge",cloacal swab,missing,10.1128/mSphere.00382-18,NA,NA,NA,NA,NA,NA,NA,NA,NA,NA,NA,NA,NA,NA,NA,NA,NA,NA,NA,NA,NA,NA,NA,NA,NA,NA,NA,NA,NA,NA,NA,NA,NA,NA,NA,NA,NA,NA,NA,NA,NA,NA,NA,NA,NA,NA,NA,1/13/2008,Anas,"CommonName:AmericanWigeon,TestforInfluenzaVirus:VI,IDforMatching:WHC.JN.US07.1749",Aame_neg_SNWR_Jan2008_8,neg,FW,A,neg,neg_neg,Anas,Anasamericana,"SacramentoNationalWildlifeRefuge,GlennCounty",FW_0708,dabbling,M,Neg_FW_0708_Anasamericana,Duck_Neg
AMPLICON,250,18973500,PRJNA464410,SAMN09104252,Metagenome or environmental,12232955,UC DAVIS,public,"fastq,run.zq,sra","gs,ncbi,s3","gs.us-east1,ncbi.public,s3.us-east-1",SRX4066134,Illumina MiSeq,UCD.12.02956.A,PAIRED,METAGENOMIC,gut metagenome,ILLUMINA,5/9/2018 20:00,5/10/2018 12:57,NA,Pos,SRP145364,Duck,Mallard,SRR7146817,Duck,Duck,Wild,Pos,NA,USA,North America,"USA:California\,SanJoaquinCounty\,MandevilleIsland",cloacal swab,missing,10.1128/mSphere.00382-18,NA,NA,NA,NA,NA,NA,NA,NA,NA,NA,NA,NA,NA,NA,NA,NA,NA,NA,NA,NA,NA,NA,NA,NA,NA,NA,NA,NA,NA,NA,NA,NA,NA,NA,NA,NA,NA,NA,NA,NA,NA,NA,NA,NA,NA,NA,NA,7/24/2012,Anas,"CommonName:Mallard,TestforInfluenzaVirus:VI,IDforMatching:UCD12.02956.V",Apla_H10N7_MI_Jul2012_3,10,S,H,7,10_7,Anas,Anasplatyrhynchos,"MandevilleIsland,SanJoaquinCounty",S_12,dabbling,M,Pos_S_12_Anasplatyrhynchos,Duck_Pos
AMPLICON,250,16883000,PRJNA464410,SAMN09104250,Metagenome or environmental,11362555,UC DAVIS,public,"fastq,run.zq,sra","gs,ncbi,s3","gs.us-east1,ncbi.public,s3.us-east-1",SRX4066132,Illumina MiSeq,UCD.12.02951.A,PAIRED,METAGENOMIC,gut metagenome,ILLUMINA,5/9/2018 20:00,5/10/2018 12:58,NA,Pos,SRP145364,Duck,Mallard,SRR7146819,Duck,Duck,Wild,Pos,NA,USA,North America,"USA:California\,SanJoaquinCounty\,MandevilleIsland",cloacal swab,missing,10.1128/mSphere.00382-18,NA,NA,NA,NA,NA,NA,NA,NA,NA,NA,NA,NA,NA,NA,NA,NA,NA,NA,NA,NA,NA,NA,NA,NA,NA,NA,NA,NA,NA,NA,NA,NA,NA,NA,NA,NA,NA,NA,NA,NA,NA,NA,NA,NA,NA,NA,NA,7/24/2012,Anas,"CommonName:Mallard,TestforInfluenzaVirus:VI,IDforMatching:UCD12.02951.V",Apla_H10N7_MI_Jul2012_1,10,S,H,7,10_7,Anas,Anasplatyrhynchos,"MandevilleIsland,SanJoaquinCounty",S_12,dabbling,F,Pos_S_12_Anasplatyrhynchos,Duck_Pos
AMPLICON,250,31366000,PRJNA464410,SAMN09104251,Metagenome or environmental,21126502,UC DAVIS,public,"fastq,run.zq,sra","gs,ncbi,s3","gs.us-east1,ncbi.public,s3.us-east-1",SRX4066131,Illumina MiSeq,UCD.12.02954.A,PAIRED,METAGENOMIC,gut metagenome,ILLUMINA,5/9/2018 20:00,5/10/2018 12:57,NA,Pos,SRP145364,Duck,Mallard,SRR7146820,Duck,Duck,Wild,Pos,NA,USA,North America,"USA:California\,SanJoaquinCounty\,MandevilleIsland",cloacal swab,missing,10.1128/mSphere.00382-18,NA,NA,NA,NA,NA,NA,NA,NA,NA,NA,NA,NA,NA,NA,NA,NA,NA,NA,NA,NA,NA,NA,NA,NA,NA,NA,NA,NA,NA,NA,NA,NA,NA,NA,NA,NA,NA,NA,NA,NA,NA,NA,NA,NA,NA,NA,NA,7/24/2012,Anas,"CommonName:Mallard,TestforInfluenzaVirus:VI,IDforMatching:UCD12.02954.V",Apla_H10N7_MI_Jul2012_2,10,S,H,7,10_7,Anas,Anasplatyrhynchos,"MandevilleIsland,SanJoaquinCounty",S_12,dabbling,M,Pos_S_12_Anasplatyrhynchos,Duck_Pos
AMPLICON,250,19359500,PRJNA464410,SAMN09104248,Metagenome or environmental,12863692,UC DAVIS,public,"fastq,run.zq,sra","gs,ncbi,s3","gs.us-east1,ncbi.public,s3.us-east-1",SRX4066130,Illumina MiSeq,UCD.12.02924.VB.H3,PAIRED,METAGENOMIC,gut metagenome,ILLUMINA,5/9/2018 20:00,5/10/2018 12:57,NA,Pos,SRP145364,Duck,Mallard,SRR7146821,Duck,Duck,Wild,Pos,NA,USA,North America,"USA:California\,SolanoCounty\,GrizzlyIslandWildlifeArea(GIWA)",cloacal swab,missing,10.1128/mSphere.00382-18,NA,NA,NA,NA,NA,NA,NA,NA,NA,NA,NA,NA,NA,NA,NA,NA,NA,NA,NA,NA,NA,NA,NA,NA,NA,NA,NA,NA,NA,NA,NA,NA,NA,NA,NA,NA,NA,NA,NA,NA,NA,NA,NA,NA,NA,NA,NA,7/23/2012,Anas,"CommonName:Mallard,TestforInfluenzaVirus:VI,IDforMatching:UCD12.02924.V",Apla_H3N8_GIWA_Jul2012_8,3,S,H,8,3_8,Anas,Anasplatyrhynchos,"GrizzlyIslandWildlifeArea(GIWA),SolanoCounty",S_12,dabbling,F,Pos_S_12_Anasplatyrhynchos,Duck_Pos
AMPLICON,250,13375000,PRJNA464410,SAMN09104249,Metagenome or environmental,8830368,UC DAVIS,public,"fastq,run.zq,sra","gs,ncbi,s3","gs.us-east1,ncbi.public,s3.us-east-1",SRX4066129,Illumina MiSeq,UCD.12.02945.VB.H3,PAIRED,METAGENOMIC,gut metagenome,ILLUMINA,5/9/2018 20:00,5/10/2018 12:58,NA,Pos,SRP145364,Duck,Mallard,SRR7146822,Duck,Duck,Wild,Pos,NA,USA,North America,"USA:California\,SolanoCounty\,GrizzlyIslandWildlifeArea(GIWA)",cloacal swab,missing,10.1128/mSphere.00382-18,NA,NA,NA,NA,NA,NA,NA,NA,NA,NA,NA,NA,NA,NA,NA,NA,NA,NA,NA,NA,NA,NA,NA,NA,NA,NA,NA,NA,NA,NA,NA,NA,NA,NA,NA,NA,NA,NA,NA,NA,NA,NA,NA,NA,NA,NA,NA,7/23/2012,Anas,"CommonName:Mallard,TestforInfluenzaVirus:VI,IDforMatching:UCD12.02945.V",Apla_H3N8_GIWA_Jul2012_9,3,S,H,8,3_8,Anas,Anasplatyrhynchos,"GrizzlyIslandWildlifeArea(GIWA),SolanoCounty",S_12,dabbling,F,Pos_S_12_Anasplatyrhynchos,Duck_Pos
AMPLICON,250,16569000,PRJNA464410,SAMN09104246,Metagenome or environmental,10902765,UC DAVIS,public,"fastq,run.zq,sra","gs,ncbi,s3","gs.us-east1,ncbi.public,s3.us-east-1",SRX4066128,Illumina MiSeq,UCD.12.02904.VB.H3,PAIRED,METAGENOMIC,gut metagenome,ILLUMINA,5/9/2018 20:00,5/10/2018 12:58,NA,Pos,SRP145364,Duck,Mallard,SRR7146823,Duck,Duck,Wild,Pos,NA,USA,North America,"USA:California\,SolanoCounty\,GrizzlyIslandWildlifeArea(GIWA)",cloacal swab,missing,10.1128/mSphere.00382-18,NA,NA,NA,NA,NA,NA,NA,NA,NA,NA,NA,NA,NA,NA,NA,NA,NA,NA,NA,NA,NA,NA,NA,NA,NA,NA,NA,NA,NA,NA,NA,NA,NA,NA,NA,NA,NA,NA,NA,NA,NA,NA,NA,NA,NA,NA,NA,7/20/2012,Anas,"CommonName:Mallard,TestforInfluenzaVirus:VI,IDforMatching:UCD12.02904.V",Apla_H3N8_GIWA_Jul2012_6,3,S,H,8,3_8,Anas,Anasplatyrhynchos,"GrizzlyIslandWildlifeArea(GIWA),SolanoCounty",S_12,dabbling,M,Pos_S_12_Anasplatyrhynchos,Duck_Pos
AMPLICON,250,12820000,PRJNA464410,SAMN09104245,Metagenome or environmental,8593696,UC DAVIS,public,"fastq,run.zq,sra","gs,ncbi,s3","gs.us-east1,ncbi.public,s3.us-east-1",SRX4066125,Illumina MiSeq,UCD.12.02885.VB.H2,PAIRED,METAGENOMIC,gut metagenome,ILLUMINA,5/9/2018 20:00,5/10/2018 12:58,NA,Pos,SRP145364,Duck,Mallard,SRR7146826,Duck,Duck,Wild,Pos,NA,USA,North America,"USA:California\,SolanoCounty\,GrizzlyIslandWildlifeArea(GIWA)",cloacal swab,missing,10.1128/mSphere.00382-18,NA,NA,NA,NA,NA,NA,NA,NA,NA,NA,NA,NA,NA,NA,NA,NA,NA,NA,NA,NA,NA,NA,NA,NA,NA,NA,NA,NA,NA,NA,NA,NA,NA,NA,NA,NA,NA,NA,NA,NA,NA,NA,NA,NA,NA,NA,NA,7/20/2012,Anas,"CommonName:Mallard,TestforInfluenzaVirus:VI,IDforMatching:UCD12.02885.V",Apla_H2N3_GIWA_Jul2012_9,2,S,H,3,2_3,Anas,Anasplatyrhynchos,"GrizzlyIslandWildlifeArea(GIWA),SolanoCounty",S_12,dabbling,M,Pos_S_12_Anasplatyrhynchos,Duck_Pos
AMPLICON,250,12496500,PRJNA464410,SAMN09104071,Metagenome or environmental,8244459,UC DAVIS,public,"fastq,run.zq,sra","gs,ncbi,s3","gs.us-east1,ncbi.public,s3.us-east-1",SRX4066124,Illumina MiSeq,UCD.09.05222,PAIRED,METAGENOMIC,gut metagenome,ILLUMINA,5/9/2018 20:00,5/10/2018 12:58,NA,Pos,SRP145364,Duck,Mallard,SRR7146827,Duck,Duck,Wild,Pos,NA,USA,North America,"USA:California\,SolanoCounty\,SuisunMarsh/Sunrise",cloacal swab,missing,10.1128/mSphere.00382-18,NA,NA,NA,NA,NA,NA,NA,NA,NA,NA,NA,NA,NA,NA,NA,NA,NA,NA,NA,NA,NA,NA,NA,NA,NA,NA,NA,NA,NA,NA,NA,NA,NA,NA,NA,NA,NA,NA,NA,NA,NA,NA,NA,NA,NA,NA,NA,7/27/2009,Anas,"CommonName:Mallard,TestforInfluenzaVirus:VI,IDforMatching:UCD09.05222.V",Apla_H5N2_SMS_Jul2009_5,5,S,H,2,5_2,Anas,Anasplatyrhynchos,"SuisunMarsh/Sunrise,SolanoCounty",S_09,dabbling,M,Pos_S_09_Anasplatyrhynchos,Duck_Pos
AMPLICON,250,14271000,PRJNA464410,SAMN09104133,Metagenome or environmental,9075150,UC DAVIS,public,"fastq,run.zq,sra","gs,ncbi,s3","gs.us-east1,ncbi.public,s3.us-east-1",SRX4066123,Illumina MiSeq,UCD.10.02498,PAIRED,METAGENOMIC,gut metagenome,ILLUMINA,5/9/2018 20:00,5/10/2018 12:58,NA,Neg,SRP145364,Duck,NorthernPintail,SRR7146828,Duck,Duck,Wild,Neg,NA,USA,North America,"USA:California\,YoloCounty\,ConawayRanch",cloacal swab,missing,10.1128/mSphere.00382-18,NA,NA,NA,NA,NA,NA,NA,NA,NA,NA,NA,NA,NA,NA,NA,NA,NA,NA,NA,NA,NA,NA,NA,NA,NA,NA,NA,NA,NA,NA,NA,NA,NA,NA,NA,NA,NA,NA,NA,NA,NA,NA,NA,NA,NA,NA,NA,10/23/2010,Anas,"CommonName:NorthernPintailTestforInfluenzaVirus:M.RTPCR,IDforMatching:UCD10.02498.P",Aacu_neg_CR_Oct2010_3,neg,FW,U,neg,neg_neg,Anas,Anasacuta,"ConawayRanch,YoloCounty",FW_1011,dabbling,F,Neg_FW_1011_Anasacuta,Duck_Neg
AMPLICON,250,11135500,PRJNA464410,SAMN09104132,Metagenome or environmental,7157031,UC DAVIS,public,"fastq,run.zq,sra","gs,ncbi,s3","gs.us-east1,ncbi.public,s3.us-east-1",SRX4066122,Illumina MiSeq,UCD.10.02497,PAIRED,METAGENOMIC,gut metagenome,ILLUMINA,5/9/2018 20:00,5/10/2018 12:58,NA,Neg,SRP145364,Duck,GreenWingedTeal,SRR7146829,Duck,Duck,Wild,Neg,NA,USA,North America,"USA:California\,YoloCounty\,ConawayRanch",cloacal swab,missing,10.1128/mSphere.00382-18,NA,NA,NA,NA,NA,NA,NA,NA,NA,NA,NA,NA,NA,NA,NA,NA,NA,NA,NA,NA,NA,NA,NA,NA,NA,NA,NA,NA,NA,NA,NA,NA,NA,NA,NA,NA,NA,NA,NA,NA,NA,NA,NA,NA,NA,NA,NA,10/23/2010,Anas,"CommonName:GreenWingedTeal,TestforInfluenzaVirus:M.RTPCR,IDforMatching:UCD10.02497.P",Acar_neg_CR_Oct2010_2,neg,FW,U,neg,neg_neg,Anas,Anascarolinensis,"ConawayRanch,YoloCounty",FW_1011,dabbling,F,Neg_FW_1011_Anascarolinensis,Duck_Neg
AMPLICON,250,15606500,PRJNA464410,SAMN09104130,Metagenome or environmental,10118414,UC DAVIS,public,"fastq,run.zq,sra","gs,ncbi,s3","gs.us-east1,ncbi.public,s3.us-east-1",SRX4066120,Illumina MiSeq,UCD.10.02494,PAIRED,METAGENOMIC,gut metagenome,ILLUMINA,5/9/2018 20:00,5/10/2018 12:58,NA,Neg,SRP145364,Duck,NorthernPintail,SRR7146831,Duck,Duck,Wild,Neg,NA,USA,North America,"USA:California\,YoloCounty\,ConawayRanch",cloacal swab,missing,10.1128/mSphere.00382-18,NA,NA,NA,NA,NA,NA,NA,NA,NA,NA,NA,NA,NA,NA,NA,NA,NA,NA,NA,NA,NA,NA,NA,NA,NA,NA,NA,NA,NA,NA,NA,NA,NA,NA,NA,NA,NA,NA,NA,NA,NA,NA,NA,NA,NA,NA,NA,10/23/2010,Anas,"CommonName:NorthernPintailTestforInfluenzaVirus:M.RTPCR,IDforMatching:UCD10.02494.P",Aacu_neg_CR_Oct2010_1,neg,FW,U,neg,neg_neg,Anas,Anasacuta,"ConawayRanch,YoloCounty",FW_1011,dabbling,F,Neg_FW_1011_Anasacuta,Duck_Neg
AMPLICON,250,24317000,PRJNA464410,SAMN09104129,Metagenome or environmental,14828576,UC DAVIS,public,"fastq,run.zq,sra","gs,ncbi,s3","gs.us-east1,ncbi.public,s3.us-east-1",SRX4066119,Illumina MiSeq,UCD.10.02491,PAIRED,METAGENOMIC,gut metagenome,ILLUMINA,5/9/2018 20:00,5/10/2018 12:58,NA,Neg,SRP145364,Duck,GreenWingedTeal,SRR7146832,Duck,Duck,Wild,Neg,NA,USA,North America,"USA:California\,YoloCounty\,ConawayRanch",cloacal swab,missing,10.1128/mSphere.00382-18,NA,NA,NA,NA,NA,NA,NA,NA,NA,NA,NA,NA,NA,NA,NA,NA,NA,NA,NA,NA,NA,NA,NA,NA,NA,NA,NA,NA,NA,NA,NA,NA,NA,NA,NA,NA,NA,NA,NA,NA,NA,NA,NA,NA,NA,NA,NA,10/23/2010,Anas,"CommonName:GreenWingedTeal,TestforInfluenzaVirus:M.RTPCR,IDforMatching:UCD10.02491.P",Acar_neg_CR_Oct2010_1,neg,FW,U,neg,neg_neg,Anas,Anascarolinensis,"ConawayRanch,YoloCounty",FW_1011,dabbling,F,Neg_FW_1011_Anascarolinensis,Duck_Neg
AMPLICON,250,6708000,PRJNA464410,SAMN09104128,Metagenome or environmental,4352655,UC DAVIS,public,"fastq,run.zq,sra","gs,ncbi,s3","gs.us-east1,ncbi.public,s3.us-east-1",SRX4066118,Illumina MiSeq,UCD.10.02423.V,PAIRED,METAGENOMIC,gut metagenome,ILLUMINA,5/9/2018 20:00,5/10/2018 12:58,NA,Pos,SRP145364,Duck,AmericanWigeon,SRR7146833,Duck,Duck,Wild,Pos,NA,USA,North America,"USA:California\,Sacramento\,GlennCounty\,NationalWildlifeRefuge",cloacal swab,missing,10.1128/mSphere.00382-18,NA,NA,NA,NA,NA,NA,NA,NA,NA,NA,NA,NA,NA,NA,NA,NA,NA,NA,NA,NA,NA,NA,NA,NA,NA,NA,NA,NA,NA,NA,NA,NA,NA,NA,NA,NA,NA,NA,NA,NA,NA,NA,NA,NA,NA,NA,NA,10/23/2010,Anas,"CommonName:AmericanWigeon,TestforInfluenzaVirus:VI,IDforMatching:UCD10.02423.V",Aame_H6N1_SNWR_Oct2010_1,6,FW,U,1,6_1,Anas,Anasamericana,"SacramentoNationalWildlifeRefuge,GlennCounty",FW_1011,dabbling,M,Pos_FW_1011_Anasamericana,Duck_Pos
AMPLICON,250,21129500,PRJNA464410,SAMN09104127,Metagenome or environmental,14209303,UC DAVIS,public,"fastq,run.zq,sra","gs,ncbi,s3","gs.us-east1,ncbi.public,s3.us-east-1",SRX4066117,Illumina MiSeq,UCD.10.01523.CV,PAIRED,METAGENOMIC,gut metagenome,ILLUMINA,5/9/2018 20:00,5/10/2018 12:58,NA,Pos,SRP145364,Duck,Mallard,SRR7146834,Duck,Duck,Wild,Pos,NA,USA,North America,"USA:California\,SanJoaquinCounty\,MandevilleIsland",cloacal swab,missing,10.1128/mSphere.00382-18,NA,NA,NA,NA,NA,NA,NA,NA,NA,NA,NA,NA,NA,NA,NA,NA,NA,NA,NA,NA,NA,NA,NA,NA,NA,NA,NA,NA,NA,NA,NA,NA,NA,NA,NA,NA,NA,NA,NA,NA,NA,NA,NA,NA,NA,NA,NA,8/11/2010,Anas,"CommonName:Mallard,TestforInfluenzaVirus:VI,IDforMatching:UCD10.01523.CV",Apla_H4N6_MI_Aug2010_1,4,S,A,6,4_6,Anas,Anasplatyrhynchos,"MandevilleIsland,SanJoaquinCounty",S_10,dabbling,F,Pos_S_10_Anasplatyrhynchos,Duck_Pos
AMPLICON,250,14687500,PRJNA464410,SAMN09104126,Metagenome or environmental,9856287,UC DAVIS,public,"fastq,run.zq,sra","gs,ncbi,s3","gs.us-east1,ncbi.public,s3.us-east-1",SRX4066116,Illumina MiSeq,UCD.10.01514,PAIRED,METAGENOMIC,gut metagenome,ILLUMINA,5/9/2018 20:00,5/10/2018 12:58,NA,Neg,SRP145364,Duck,Mallard,SRR7146835,Duck,Duck,Wild,Neg,NA,USA,North America,"USA:California\,SanJoaquinCounty\,MandevilleIsland",cloacal swab,missing,10.1128/mSphere.00382-18,NA,NA,NA,NA,NA,NA,NA,NA,NA,NA,NA,NA,NA,NA,NA,NA,NA,NA,NA,NA,NA,NA,NA,NA,NA,NA,NA,NA,NA,NA,NA,NA,NA,NA,NA,NA,NA,NA,NA,NA,NA,NA,NA,NA,NA,NA,NA,8/10/2010,Anas,"CommonName:Mallard,TestforInfluenzaVirus:M.RTPCR,IDforMatching:UCD10.01514.CP",Apla_neg_MI_Aug2010_8,neg,S,A,neg,neg_neg,Anas,Anasplatyrhynchos,"MandevilleIsland,SanJoaquinCounty",S_10,dabbling,F,Neg_S_10_Anasplatyrhynchos,Duck_Neg
AMPLICON,250,14866000,PRJNA464410,SAMN09104125,Metagenome or environmental,9906504,UC DAVIS,public,"fastq,run.zq,sra","gs,ncbi,s3","gs.us-east1,ncbi.public,s3.us-east-1",SRX4066115,Illumina MiSeq,UCD.10.01513,PAIRED,METAGENOMIC,gut metagenome,ILLUMINA,5/9/2018 20:00,5/10/2018 12:58,NA,Neg,SRP145364,Duck,Mallard,SRR7146836,Duck,Duck,Wild,Neg,NA,USA,North America,"USA:California\,SanJoaquinCounty\,MandevilleIsland",cloacal swab,missing,10.1128/mSphere.00382-18,NA,NA,NA,NA,NA,NA,NA,NA,NA,NA,NA,NA,NA,NA,NA,NA,NA,NA,NA,NA,NA,NA,NA,NA,NA,NA,NA,NA,NA,NA,NA,NA,NA,NA,NA,NA,NA,NA,NA,NA,NA,NA,NA,NA,NA,NA,NA,8/10/2010,Anas,"CommonName:Mallard,TestforInfluenzaVirus:M.RTPCR,IDforMatching:UCD10.01513.CP",Apla_neg_MI_Aug2010_7,neg,S,H,neg,neg_neg,Anas,Anasplatyrhynchos,"MandevilleIsland,SanJoaquinCounty",S_10,dabbling,M,Neg_S_10_Anasplatyrhynchos,Duck_Neg
AMPLICON,250,9723500,PRJNA464410,SAMN09104124,Metagenome or environmental,6610658,UC DAVIS,public,"fastq,run.zq,sra","gs,ncbi,s3","gs.us-east1,ncbi.public,s3.us-east-1",SRX4066114,Illumina MiSeq,UCD.10.01512,PAIRED,METAGENOMIC,gut metagenome,ILLUMINA,5/9/2018 20:00,5/10/2018 12:58,NA,Neg,SRP145364,Duck,Mallard,SRR7146837,Duck,Duck,Wild,Neg,NA,USA,North America,"USA:California\,SanJoaquinCounty\,MandevilleIsland",cloacal swab,missing,10.1128/mSphere.00382-18,NA,NA,NA,NA,NA,NA,NA,NA,NA,NA,NA,NA,NA,NA,NA,NA,NA,NA,NA,NA,NA,NA,NA,NA,NA,NA,NA,NA,NA,NA,NA,NA,NA,NA,NA,NA,NA,NA,NA,NA,NA,NA,NA,NA,NA,NA,NA,8/10/2010,Anas,"CommonName:Mallard,TestforInfluenzaVirus:M.RTPCR,IDforMatching:UCD10.01512.CP",Apla_neg_MI_Aug2010_6,neg,S,H,neg,neg_neg,Anas,Anasplatyrhynchos,"MandevilleIsland,SanJoaquinCounty",S_10,dabbling,F,Neg_S_10_Anasplatyrhynchos,Duck_Neg
AMPLICON,250,18354500,PRJNA464410,SAMN09104290,Metagenome or environmental,12353867,UC DAVIS,public,"fastq,run.zq,sra","gs,ncbi,s3","gs.us-east1,ncbi.public,s3.us-east-1",SRX4066113,Illumina MiSeq,WHC.JN.US07.1649,PAIRED,METAGENOMIC,gut metagenome,ILLUMINA,5/9/2018 20:00,5/10/2018 12:58,NA,Neg,SRP145364,Duck,NorthernShoveler,SRR7146838,Duck,Duck,Wild,Neg,NA,USA,North America,"USA:California\,Sacramento\,GlennCounty\,NationalWildlifeRefuge",cloacal swab,missing,10.1128/mSphere.00382-18,NA,NA,NA,NA,NA,NA,NA,NA,NA,NA,NA,NA,NA,NA,NA,NA,NA,NA,NA,NA,NA,NA,NA,NA,NA,NA,NA,NA,NA,NA,NA,NA,NA,NA,NA,NA,NA,NA,NA,NA,NA,NA,NA,NA,NA,NA,NA,1/9/2008,Anas,"CommonName:NorthernShoveler,TestforInfluenzaVirus:VI,IDforMatching:WHC.JN.US07.1649",Acly_neg_SNWR_Jan2008_1,neg,FW,H,neg,neg_neg,Anas,Anasclypeata,"SacramentoNationalWildlifeRefuge,GlennCounty",FW_0708,filter,M,Neg_FW_0708_Anasclypeata,Duck_Neg
AMPLICON,250,12180500,PRJNA464410,SAMN09104204,Metagenome or environmental,7851416,UC DAVIS,public,"fastq,run.zq,sra","gs,ncbi,s3","gs.us-east1,ncbi.public,s3.us-east-1",SRX4066112,Illumina MiSeq,UCD.11.02552.V.H4,PAIRED,METAGENOMIC,gut metagenome,ILLUMINA,5/9/2018 20:00,5/10/2018 12:58,NA,Pos,SRP145364,Duck,Mallard,SRR7146839,Duck,Duck,Wild,Pos,NA,USA,North America,"USA:California\,SolanoCounty\,GrizzlyIslandWildlifeArea(GIWA)",cloacal swab,missing,10.1128/mSphere.00382-18,NA,NA,NA,NA,NA,NA,NA,NA,NA,NA,NA,NA,NA,NA,NA,NA,NA,NA,NA,NA,NA,NA,NA,NA,NA,NA,NA,NA,NA,NA,NA,NA,NA,NA,NA,NA,NA,NA,NA,NA,NA,NA,NA,NA,NA,NA,NA,8/12/2011,Anas,"CommonName:Mallard,TestforInfluenzaVirus:M.RTPCR.VI,IDforMatching:UCD11.02552.V",Apla_H4N8_GIWA_Aug2011_1,4,S,H,8,4_8,Anas,Anasplatyrhynchos,"GrizzlyIslandWildlifeArea(GIWA),SolanoCounty",S_11,dabbling,M,Pos_S_11_Anasplatyrhynchos,Duck_Pos
AMPLICON,250,18731500,PRJNA464410,SAMN09104287,Metagenome or environmental,11343113,UC DAVIS,public,"fastq,run.zq,sra","gs,ncbi,s3","gs.us-east1,ncbi.public,s3.us-east-1",SRX4066111,Illumina MiSeq,UCD.13.01399.VB.H5,PAIRED,METAGENOMIC,gut metagenome,ILLUMINA,5/9/2018 20:00,5/10/2018 12:58,NA,Pos,SRP145364,Duck,Mallard,SRR7146840,Duck,Duck,Wild,Pos,NA,USA,North America,"USA:California\,SolanoCounty\,GrizzlyIslandWildlifeArea(GIWA)",cloacal swab,missing,10.1128/mSphere.00382-18,NA,NA,NA,NA,NA,NA,NA,NA,NA,NA,NA,NA,NA,NA,NA,NA,NA,NA,NA,NA,NA,NA,NA,NA,NA,NA,NA,NA,NA,NA,NA,NA,NA,NA,NA,NA,NA,NA,NA,NA,NA,NA,NA,NA,NA,NA,NA,7/23/2013,Anas,"CommonName:Mallard,TestforInfluenzaVirus:M.RTPCR.VI,IDforMatching:UCD13.01399.V",Apla_H5N5_GIWA_Jul2013_9,5,S,H,5,5_5,Anas,Anasplatyrhynchos,"GrizzlyIslandWildlifeArea(GIWA),SolanoCounty",S_13,dabbling,F,Pos_S_13_Anasplatyrhynchos,Duck_Pos
AMPLICON,250,37962500,PRJNA464410,SAMN09104051,Metagenome or environmental,21568829,UC DAVIS,public,"fastq,run.zq,sra","gs,ncbi,s3","gs.us-east1,ncbi.public,s3.us-east-1",SRX4066110,Illumina MiSeq,UCD.08.9017,PAIRED,METAGENOMIC,gut metagenome,ILLUMINA,5/9/2018 20:00,5/10/2018 12:58,NA,Pos,SRP145364,Duck,NorthernShoveler,SRR7146841,Duck,Duck,Wild,Pos,NA,USA,North America,"USA:California\,Sacramento\,GlennCounty\,NationalWildlifeRefuge",cloacal swab,missing,10.1128/mSphere.00382-18,NA,NA,NA,NA,NA,NA,NA,NA,NA,NA,NA,NA,NA,NA,NA,NA,NA,NA,NA,NA,NA,NA,NA,NA,NA,NA,NA,NA,NA,NA,NA,NA,NA,NA,NA,NA,NA,NA,NA,NA,NA,NA,NA,NA,NA,NA,NA,11/12/2008,Anas,"CommonName:NorthernShoveler,TestforInfluenzaVirus:M.RTPCR.VI,IDforMatching:UCD08.9017.V",Acly_H11N2_SNWR_Nov2008_1,11,FW,H,2,11_2,Anas,Anasclypeata,"SacramentoNationalWildlifeRefuge,GlennCounty",FW_0809,filter,M,Pos_FW_0809_Anasclypeata,Duck_Pos
AMPLICON,250,12969500,PRJNA464410,SAMN09104205,Metagenome or environmental,8289309,UC DAVIS,public,"fastq,run.zq,sra","gs,ncbi,s3","gs.us-east1,ncbi.public,s3.us-east-1",SRX4066108,Illumina MiSeq,UCD.11.02563.P.H4,PAIRED,METAGENOMIC,gut metagenome,ILLUMINA,5/9/2018 20:00,5/10/2018 12:59,NA,Pos,SRP145364,Duck,Mallard,SRR7146843,Duck,Duck,Wild,Pos,NA,USA,North America,"USA:California\,SolanoCounty\,GrizzlyIslandWildlifeArea(GIWA)",cloacal swab,missing,10.1128/mSphere.00382-18,NA,NA,NA,NA,NA,NA,NA,NA,NA,NA,NA,NA,NA,NA,NA,NA,NA,NA,NA,NA,NA,NA,NA,NA,NA,NA,NA,NA,NA,NA,NA,NA,NA,NA,NA,NA,NA,NA,NA,NA,NA,NA,NA,NA,NA,NA,NA,8/12/2011,Anas,"CommonName:Mallard,TestforInfluenzaVirus:M.RTPCR.VI,IDforMatching:UCD11.02563.P",Apla_H4N6_GIWA_Aug2011_4,4,S,H,6,4_6,Anas,Anasplatyrhynchos,"GrizzlyIslandWildlifeArea(GIWA),SolanoCounty",S_11,dabbling,F,Pos_S_11_Anasplatyrhynchos,Duck_Pos
AMPLICON,250,16465000,PRJNA464410,SAMN09104239,Metagenome or environmental,10791694,UC DAVIS,public,"fastq,run.zq,sra","gs,ncbi,s3","gs.us-east1,ncbi.public,s3.us-east-1",SRX4066107,Illumina MiSeq,UCD.12.02838.VB.H2,PAIRED,METAGENOMIC,gut metagenome,ILLUMINA,5/9/2018 20:00,5/10/2018 12:58,NA,Pos,SRP145364,Duck,Mallard,SRR7146844,Duck,Duck,Wild,Pos,NA,USA,North America,"USA:California\,SolanoCounty\,GrizzlyIslandWildlifeArea(GIWA)",cloacal swab,missing,10.1128/mSphere.00382-18,NA,NA,NA,NA,NA,NA,NA,NA,NA,NA,NA,NA,NA,NA,NA,NA,NA,NA,NA,NA,NA,NA,NA,NA,NA,NA,NA,NA,NA,NA,NA,NA,NA,NA,NA,NA,NA,NA,NA,NA,NA,NA,NA,NA,NA,NA,NA,7/16/2012,Anas,"CommonName:Mallard,TestforInfluenzaVirus:VI,IDforMatching:UCD12.02838.V",Apla_H2N3_GIWA_Jul2012_4,2,S,H,3,2_3,Anas,Anasplatyrhynchos,"GrizzlyIslandWildlifeArea(GIWA),SolanoCounty",S_12,dabbling,M,Pos_S_12_Anasplatyrhynchos,Duck_Pos
AMPLICON,250,13561000,PRJNA464410,SAMN09104241,Metagenome or environmental,9106400,UC DAVIS,public,"fastq,run.zq,sra","gs,ncbi,s3","gs.us-east1,ncbi.public,s3.us-east-1",SRX4066105,Illumina MiSeq,UCD.12.02840.VB.H2,PAIRED,METAGENOMIC,gut metagenome,ILLUMINA,5/9/2018 20:00,5/10/2018 12:59,NA,Pos,SRP145364,Duck,Mallard,SRR7146846,Duck,Duck,Wild,Pos,NA,USA,North America,"USA:California\,SolanoCounty\,GrizzlyIslandWildlifeArea(GIWA)",cloacal swab,missing,10.1128/mSphere.00382-18,NA,NA,NA,NA,NA,NA,NA,NA,NA,NA,NA,NA,NA,NA,NA,NA,NA,NA,NA,NA,NA,NA,NA,NA,NA,NA,NA,NA,NA,NA,NA,NA,NA,NA,NA,NA,NA,NA,NA,NA,NA,NA,NA,NA,NA,NA,NA,7/16/2012,Anas,"CommonName:Mallard,TestforInfluenzaVirus:VI,IDforMatching:UCD12.02840.V",Apla_H2N3_GIWA_Jul2012_6,2,S,H,3,2_3,Anas,Anasplatyrhynchos,"GrizzlyIslandWildlifeArea(GIWA),SolanoCounty",S_12,dabbling,M,Pos_S_12_Anasplatyrhynchos,Duck_Pos
AMPLICON,250,16309000,PRJNA464410,SAMN09104235,Metagenome or environmental,10797381,UC DAVIS,public,"fastq,run.zq,sra","gs,ncbi,s3","gs.us-east1,ncbi.public,s3.us-east-1",SRX4066103,Illumina MiSeq,UCD.12.02783.VA.H3,PAIRED,METAGENOMIC,gut metagenome,ILLUMINA,5/9/2018 20:00,5/10/2018 12:59,NA,Pos,SRP145364,Duck,Mallard,SRR7146848,Duck,Duck,Wild,Pos,NA,USA,North America,"USA:California\,SolanoCounty\,GrizzlyIslandWildlifeArea(GIWA)",cloacal swab,missing,10.1128/mSphere.00382-18,NA,NA,NA,NA,NA,NA,NA,NA,NA,NA,NA,NA,NA,NA,NA,NA,NA,NA,NA,NA,NA,NA,NA,NA,NA,NA,NA,NA,NA,NA,NA,NA,NA,NA,NA,NA,NA,NA,NA,NA,NA,NA,NA,NA,NA,NA,NA,7/13/2012,Anas,"CommonName:Mallard,TestforInfluenzaVirus:VI,IDforMatching:UCD12.02783.V",Apla_H3N8_GIWA_Jul2012_5,3,S,H,8,3_8,Anas,Anasplatyrhynchos,"GrizzlyIslandWildlifeArea(GIWA),SolanoCounty",S_12,dabbling,M,Pos_S_12_Anasplatyrhynchos,Duck_Pos
AMPLICON,250,17060000,PRJNA464410,SAMN09104234,Metagenome or environmental,11184098,UC DAVIS,public,"fastq,run.zq,sra","gs,ncbi,s3","gs.us-east1,ncbi.public,s3.us-east-1",SRX4066102,Illumina MiSeq,UCD.12.02762.VA.H3,PAIRED,METAGENOMIC,gut metagenome,ILLUMINA,5/9/2018 20:00,5/10/2018 12:59,NA,Pos,SRP145364,Duck,Mallard,SRR7146849,Duck,Duck,Wild,Pos,NA,USA,North America,"USA:California\,SolanoCounty\,GrizzlyIslandWildlifeArea(GIWA)",cloacal swab,missing,10.1128/mSphere.00382-18,NA,NA,NA,NA,NA,NA,NA,NA,NA,NA,NA,NA,NA,NA,NA,NA,NA,NA,NA,NA,NA,NA,NA,NA,NA,NA,NA,NA,NA,NA,NA,NA,NA,NA,NA,NA,NA,NA,NA,NA,NA,NA,NA,NA,NA,NA,NA,7/11/2012,Anas,"CommonName:Mallard,TestforInfluenzaVirus:VI,IDforMatching:UCD12.02762.V",Apla_H3N8_GIWA_Jul2012_4,3,S,H,8,3_8,Anas,Anasplatyrhynchos,"GrizzlyIslandWildlifeArea(GIWA),SolanoCounty",S_12,dabbling,F,Pos_S_12_Anasplatyrhynchos,Duck_Pos
AMPLICON,250,15566500,PRJNA464410,SAMN09104237,Metagenome or environmental,10304537,UC DAVIS,public,"fastq,run.zq,sra","gs,ncbi,s3","gs.us-east1,ncbi.public,s3.us-east-1",SRX4066101,Illumina MiSeq,UCD.12.02833.VA.H2,PAIRED,METAGENOMIC,gut metagenome,ILLUMINA,5/9/2018 20:00,5/10/2018 12:59,NA,Pos,SRP145364,Duck,Mallard,SRR7146850,Duck,Duck,Wild,Pos,NA,USA,North America,"USA:California\,SolanoCounty\,GrizzlyIslandWildlifeArea(GIWA)",cloacal swab,missing,10.1128/mSphere.00382-18,NA,NA,NA,NA,NA,NA,NA,NA,NA,NA,NA,NA,NA,NA,NA,NA,NA,NA,NA,NA,NA,NA,NA,NA,NA,NA,NA,NA,NA,NA,NA,NA,NA,NA,NA,NA,NA,NA,NA,NA,NA,NA,NA,NA,NA,NA,NA,7/16/2012,Anas,"CommonName:Mallard,TestforInfluenzaVirus:VI,IDforMatching:UCD12.02833.V",Apla_H2N3_GIWA_Jul2012_2,2,S,H,3,2_3,Anas,Anasplatyrhynchos,"GrizzlyIslandWildlifeArea(GIWA),SolanoCounty",S_12,dabbling,M,Pos_S_12_Anasplatyrhynchos,Duck_Pos
AMPLICON,250,10633000,PRJNA464410,SAMN09104236,Metagenome or environmental,7015633,UC DAVIS,public,"fastq,run.zq,sra","gs,ncbi,s3","gs.us-east1,ncbi.public,s3.us-east-1",SRX4066100,Illumina MiSeq,UCD.12.02829.VA.H2,PAIRED,METAGENOMIC,gut metagenome,ILLUMINA,5/9/2018 20:00,5/10/2018 12:59,NA,Pos,SRP145364,Duck,Mallard,SRR7146851,Duck,Duck,Wild,Pos,NA,USA,North America,"USA:California\,SolanoCounty\,GrizzlyIslandWildlifeArea(GIWA)",cloacal swab,missing,10.1128/mSphere.00382-18,NA,NA,NA,NA,NA,NA,NA,NA,NA,NA,NA,NA,NA,NA,NA,NA,NA,NA,NA,NA,NA,NA,NA,NA,NA,NA,NA,NA,NA,NA,NA,NA,NA,NA,NA,NA,NA,NA,NA,NA,NA,NA,NA,NA,NA,NA,NA,7/16/2012,Anas,"CommonName:Mallard,TestforInfluenzaVirus:VI,IDforMatching:UCD12.02829.V",Apla_H2N3_GIWA_Jul2012_1,2,S,H,3,2_3,Anas,Anasplatyrhynchos,"GrizzlyIslandWildlifeArea(GIWA),SolanoCounty",S_12,dabbling,M,Pos_S_12_Anasplatyrhynchos,Duck_Pos
AMPLICON,250,10885500,PRJNA464410,SAMN09104102,Metagenome or environmental,7391236,UC DAVIS,public,"fastq,run.zq,sra","gs,ncbi,s3","gs.us-east1,ncbi.public,s3.us-east-1",SRX4066099,Illumina MiSeq,UCD.10.01139.CP,PAIRED,METAGENOMIC,gut metagenome,ILLUMINA,5/9/2018 20:00,5/10/2018 12:59,NA,Neg,SRP145364,Duck,Mallard,SRR7146852,Duck,Duck,Wild,Neg,NA,USA,North America,"USA:California\,SolanoCounty\,GrizzlyIslandWildlifeArea(GIWA)",cloacal swab,missing,10.1128/mSphere.00382-18,NA,NA,NA,NA,NA,NA,NA,NA,NA,NA,NA,NA,NA,NA,NA,NA,NA,NA,NA,NA,NA,NA,NA,NA,NA,NA,NA,NA,NA,NA,NA,NA,NA,NA,NA,NA,NA,NA,NA,NA,NA,NA,NA,NA,NA,NA,NA,7/27/2010,Anas,"CommonName:Mallard,TestforInfluenzaVirus:M.RTPCR,IDforMatching:UCD10.01139.CP",Apla_neg_GIWA_Jul2010_1,neg,S,H,neg,neg_neg,Anas,Anasplatyrhynchos,"GrizzlyIslandWildlifeArea(GIWA),SolanoCounty",S_10,dabbling,F,Neg_S_10_Anasplatyrhynchos,Duck_Neg
AMPLICON,250,8499000,PRJNA464410,SAMN09104103,Metagenome or environmental,5642038,UC DAVIS,public,"fastq,run.zq,sra","gs,ncbi,s3","gs.us-east1,ncbi.public,s3.us-east-1",SRX4066098,Illumina MiSeq,UCD.10.01140.CP,PAIRED,METAGENOMIC,gut metagenome,ILLUMINA,5/9/2018 20:00,5/10/2018 12:59,NA,Neg,SRP145364,Duck,Mallard,SRR7146853,Duck,Duck,Wild,Neg,NA,USA,North America,"USA:California\,SolanoCounty\,GrizzlyIslandWildlifeArea(GIWA)",cloacal swab,missing,10.1128/mSphere.00382-18,NA,NA,NA,NA,NA,NA,NA,NA,NA,NA,NA,NA,NA,NA,NA,NA,NA,NA,NA,NA,NA,NA,NA,NA,NA,NA,NA,NA,NA,NA,NA,NA,NA,NA,NA,NA,NA,NA,NA,NA,NA,NA,NA,NA,NA,NA,NA,7/27/2010,Anas,"CommonName:Mallard,TestforInfluenzaVirus:M.RTPCR,IDforMatching:UCD10.01140.CP",Apla_neg_GIWA_Jul2010_2,neg,S,H,neg,neg_neg,Anas,Anasplatyrhynchos,"GrizzlyIslandWildlifeArea(GIWA),SolanoCounty",S_10,dabbling,M,Neg_S_10_Anasplatyrhynchos,Duck_Neg
AMPLICON,250,17993500,PRJNA464410,SAMN09104050,Metagenome or environmental,11194257,UC DAVIS,public,"fastq,run.zq,sra","gs,ncbi,s3","gs.us-east1,ncbi.public,s3.us-east-1",SRX4066097,Illumina MiSeq,UCD.08.8910,PAIRED,METAGENOMIC,gut metagenome,ILLUMINA,5/9/2018 20:00,5/10/2018 12:59,NA,Pos,SRP145364,Duck,AmericanWigeon,SRR7146854,Duck,Duck,Wild,Pos,NA,USA,North America,"USA:California\,Sacramento\,GlennCounty\,NationalWildlifeRefuge",cloacal swab,missing,10.1128/mSphere.00382-18,NA,NA,NA,NA,NA,NA,NA,NA,NA,NA,NA,NA,NA,NA,NA,NA,NA,NA,NA,NA,NA,NA,NA,NA,NA,NA,NA,NA,NA,NA,NA,NA,NA,NA,NA,NA,NA,NA,NA,NA,NA,NA,NA,NA,NA,NA,NA,11/8/2008,Anas,"CommonName:AmericanWigeon,TestforInfluenzaVirus:M.RTPCR.VI,IDforMatching:UCD08.8910.V",Aame_H6N1_SNWR_Nov2008_2,6,FW,H,1,6_1,Anas,Anasamericana,"SacramentoNationalWildlifeRefuge,GlennCounty",FW_0809,dabbling,M,Pos_FW_0809_Anasamericana,Duck_Pos
AMPLICON,250,31969500,PRJNA464410,SAMN09104096,Metagenome or environmental,20853010,UC DAVIS,public,"fastq,run.zq,sra","gs,ncbi,s3","gs.us-east1,ncbi.public,s3.us-east-1",SRX4066096,Illumina MiSeq,UCD.10.00246,PAIRED,METAGENOMIC,gut metagenome,ILLUMINA,5/9/2018 20:00,5/10/2018 12:59,NA,Neg,SRP145364,Duck,NorthernShoveler,SRR7146855,Duck,Duck,Wild,Neg,NA,USA,North America,"USA:California\,Sacramento\,GlennCounty\,NationalWildlifeRefuge",cloacal swab,missing,10.1128/mSphere.00382-18,NA,NA,NA,NA,NA,NA,NA,NA,NA,NA,NA,NA,NA,NA,NA,NA,NA,NA,NA,NA,NA,NA,NA,NA,NA,NA,NA,NA,NA,NA,NA,NA,NA,NA,NA,NA,NA,NA,NA,NA,NA,NA,NA,NA,NA,NA,NA,1/31/2010,Anas,"CommonName:NorthernShoveler,TestforInfluenzaVirus:M.RTPCR,IDforMatching:UCD10.00246.P",Acly_neg_SNWR_Jan2010_4,neg,FW,U,neg,neg_neg,Anas,Anasclypeata,"SacramentoNationalWildlifeRefuge,GlennCounty",FW_0910,filter,F,Neg_FW_0910_Anasclypeata,Duck_Neg
AMPLICON,250,30927500,PRJNA464410,SAMN09104097,Metagenome or environmental,20013798,UC DAVIS,public,"fastq,run.zq,sra","gs,ncbi,s3","gs.us-east1,ncbi.public,s3.us-east-1",SRX4066095,Illumina MiSeq,UCD.10.00247,PAIRED,METAGENOMIC,gut metagenome,ILLUMINA,5/9/2018 20:00,5/10/2018 12:59,NA,Neg,SRP145364,Duck,NorthernShoveler,SRR7146856,Duck,Duck,Wild,Neg,NA,USA,North America,"USA:California\,Sacramento\,GlennCounty\,NationalWildlifeRefuge",cloacal swab,missing,10.1128/mSphere.00382-18,NA,NA,NA,NA,NA,NA,NA,NA,NA,NA,NA,NA,NA,NA,NA,NA,NA,NA,NA,NA,NA,NA,NA,NA,NA,NA,NA,NA,NA,NA,NA,NA,NA,NA,NA,NA,NA,NA,NA,NA,NA,NA,NA,NA,NA,NA,NA,1/31/2010,Anas,"CommonName:NorthernShoveler,TestforInfluenzaVirus:M.RTPCR,IDforMatching:UCD10.00247.P",Acly_neg_SNWR_Jan2010_5,neg,FW,U,neg,neg_neg,Anas,Anasclypeata,"SacramentoNationalWildlifeRefuge,GlennCounty",FW_0910,filter,M,Neg_FW_0910_Anasclypeata,Duck_Neg
AMPLICON,250,36160500,PRJNA464410,SAMN09104094,Metagenome or environmental,23053586,UC DAVIS,public,"fastq,run.zq,sra","gs,ncbi,s3","gs.us-east1,ncbi.public,s3.us-east-1",SRX4066094,Illumina MiSeq,UCD.10.00219,PAIRED,METAGENOMIC,gut metagenome,ILLUMINA,5/9/2018 20:00,5/10/2018 12:59,NA,Neg,SRP145364,Duck,NorthernShoveler,SRR7146857,Duck,Duck,Wild,Neg,NA,USA,North America,"USA:California\,Sacramento\,GlennCounty\,NationalWildlifeRefuge",cloacal swab,missing,10.1128/mSphere.00382-18,NA,NA,NA,NA,NA,NA,NA,NA,NA,NA,NA,NA,NA,NA,NA,NA,NA,NA,NA,NA,NA,NA,NA,NA,NA,NA,NA,NA,NA,NA,NA,NA,NA,NA,NA,NA,NA,NA,NA,NA,NA,NA,NA,NA,NA,NA,NA,1/30/2010,Anas,"CommonName:NorthernShoveler,TestforInfluenzaVirus:M.RTPCR,IDforMatching:UCD10.00219.P",Acly_neg_SNWR_Jan2010_2,neg,FW,U,neg,neg_neg,Anas,Anasclypeata,"SacramentoNationalWildlifeRefuge,GlennCounty",FW_0910,filter,F,Neg_FW_0910_Anasclypeata,Duck_Neg
AMPLICON,250,28920000,PRJNA464410,SAMN09104095,Metagenome or environmental,18065478,UC DAVIS,public,"fastq,run.zq,sra","gs,ncbi,s3","gs.us-east1,ncbi.public,s3.us-east-1",SRX4066093,Illumina MiSeq,UCD.10.00244,PAIRED,METAGENOMIC,gut metagenome,ILLUMINA,5/9/2018 20:00,5/10/2018 12:59,NA,Neg,SRP145364,Duck,NorthernShoveler,SRR7146858,Duck,Duck,Wild,Neg,NA,USA,North America,"USA:California\,Sacramento\,GlennCounty\,NationalWildlifeRefuge",cloacal swab,missing,10.1128/mSphere.00382-18,NA,NA,NA,NA,NA,NA,NA,NA,NA,NA,NA,NA,NA,NA,NA,NA,NA,NA,NA,NA,NA,NA,NA,NA,NA,NA,NA,NA,NA,NA,NA,NA,NA,NA,NA,NA,NA,NA,NA,NA,NA,NA,NA,NA,NA,NA,NA,1/30/2010,Anas,"CommonName:NorthernShoveler,TestforInfluenzaVirus:M.RTPCR,IDforMatching:UCD10.00244.P",Acly_neg_SNWR_Jan2010_3,neg,FW,U,neg,neg_neg,Anas,Anasclypeata,"SacramentoNationalWildlifeRefuge,GlennCounty",FW_0910,filter,M,Neg_FW_0910_Anasclypeata,Duck_Neg
AMPLICON,250,31658500,PRJNA464410,SAMN09104100,Metagenome or environmental,20594950,UC DAVIS,public,"fastq,run.zq,sra","gs,ncbi,s3","gs.us-east1,ncbi.public,s3.us-east-1",SRX4066092,Illumina MiSeq,UCD.10.00256,PAIRED,METAGENOMIC,gut metagenome,ILLUMINA,5/9/2018 20:00,5/10/2018 12:59,NA,Neg,SRP145364,Duck,NorthernShoveler,SRR7146859,Duck,Duck,Wild,Neg,NA,USA,North America,"USA:California\,Sacramento\,GlennCounty\,NationalWildlifeRefuge",cloacal swab,missing,10.1128/mSphere.00382-18,NA,NA,NA,NA,NA,NA,NA,NA,NA,NA,NA,NA,NA,NA,NA,NA,NA,NA,NA,NA,NA,NA,NA,NA,NA,NA,NA,NA,NA,NA,NA,NA,NA,NA,NA,NA,NA,NA,NA,NA,NA,NA,NA,NA,NA,NA,NA,1/31/2010,Anas,"CommonName:NorthernShoveler,TestforInfluenzaVirus:M.RTPCR,IDforMatching:UCD10.00256.P",Acly_neg_SNWR_Jan2010_8,neg,FW,U,neg,neg_neg,Anas,Anasclypeata,"SacramentoNationalWildlifeRefuge,GlennCounty",FW_0910,filter,M,Neg_FW_0910_Anasclypeata,Duck_Neg
AMPLICON,250,18297500,PRJNA464410,SAMN09104101,Metagenome or environmental,12239377,UC DAVIS,public,"fastq,run.zq,sra","gs,ncbi,s3","gs.us-east1,ncbi.public,s3.us-east-1",SRX4066091,Illumina MiSeq,UCD.10.00266,PAIRED,METAGENOMIC,gut metagenome,ILLUMINA,5/9/2018 20:00,5/10/2018 12:59,NA,Neg,SRP145364,Duck,NorthernShoveler,SRR7146860,Duck,Duck,Wild,Neg,NA,USA,North America,"USA:California\,Sacramento\,GlennCounty\,NationalWildlifeRefuge",cloacal swab,missing,10.1128/mSphere.00382-18,NA,NA,NA,NA,NA,NA,NA,NA,NA,NA,NA,NA,NA,NA,NA,NA,NA,NA,NA,NA,NA,NA,NA,NA,NA,NA,NA,NA,NA,NA,NA,NA,NA,NA,NA,NA,NA,NA,NA,NA,NA,NA,NA,NA,NA,NA,NA,1/31/2010,Anas,"CommonName:NorthernShoveler,TestforInfluenzaVirus:M.RTPCR,IDforMatching:UCD10.00266.P",Acly_neg_SNWR_Jan2010_9,neg,FW,U,neg,neg_neg,Anas,Anasclypeata,"SacramentoNationalWildlifeRefuge,GlennCounty",FW_0910,filter,M,Neg_FW_0910_Anasclypeata,Duck_Neg
AMPLICON,250,34959000,PRJNA464410,SAMN09104098,Metagenome or environmental,22140004,UC DAVIS,public,"fastq,run.zq,sra","gs,ncbi,s3","gs.us-east1,ncbi.public,s3.us-east-1",SRX4066090,Illumina MiSeq,UCD.10.00252,PAIRED,METAGENOMIC,gut metagenome,ILLUMINA,5/9/2018 20:00,5/10/2018 12:59,NA,Neg,SRP145364,Duck,NorthernShoveler,SRR7146861,Duck,Duck,Wild,Neg,NA,USA,North America,"USA:California\,Sacramento\,GlennCounty\,NationalWildlifeRefuge",cloacal swab,missing,10.1128/mSphere.00382-18,NA,NA,NA,NA,NA,NA,NA,NA,NA,NA,NA,NA,NA,NA,NA,NA,NA,NA,NA,NA,NA,NA,NA,NA,NA,NA,NA,NA,NA,NA,NA,NA,NA,NA,NA,NA,NA,NA,NA,NA,NA,NA,NA,NA,NA,NA,NA,1/31/2010,Anas,"CommonName:NorthernShoveler,TestforInfluenzaVirus:M.RTPCR,IDforMatching:UCD10.00252.P",Acly_neg_SNWR_Jan2010_6,neg,FW,U,neg,neg_neg,Anas,Anasclypeata,"SacramentoNationalWildlifeRefuge,GlennCounty",FW_0910,filter,M,Neg_FW_0910_Anasclypeata,Duck_Neg
AMPLICON,250,29156500,PRJNA464410,SAMN09104099,Metagenome or environmental,18899186,UC DAVIS,public,"fastq,run.zq,sra","gs,ncbi,s3","gs.us-east1,ncbi.public,s3.us-east-1",SRX4066089,Illumina MiSeq,UCD.10.00255,PAIRED,METAGENOMIC,gut metagenome,ILLUMINA,5/9/2018 20:00,5/10/2018 12:59,NA,Neg,SRP145364,Duck,NorthernShoveler,SRR7146862,Duck,Duck,Wild,Neg,NA,USA,North America,"USA:California\,Sacramento\,GlennCounty\,NationalWildlifeRefuge",cloacal swab,missing,10.1128/mSphere.00382-18,NA,NA,NA,NA,NA,NA,NA,NA,NA,NA,NA,NA,NA,NA,NA,NA,NA,NA,NA,NA,NA,NA,NA,NA,NA,NA,NA,NA,NA,NA,NA,NA,NA,NA,NA,NA,NA,NA,NA,NA,NA,NA,NA,NA,NA,NA,NA,1/31/2010,Anas,"CommonName:NorthernShoveler,TestforInfluenzaVirus:M.RTPCR,IDforMatching:UCD10.00255.P",Acly_neg_SNWR_Jan2010_7,neg,FW,U,neg,neg_neg,Anas,Anasclypeata,"SacramentoNationalWildlifeRefuge,GlennCounty",FW_0910,filter,M,Neg_FW_0910_Anasclypeata,Duck_Neg
AMPLICON,250,16670500,PRJNA464410,SAMN09104075,Metagenome or environmental,10932739,UC DAVIS,public,"fastq,run.zq,sra","gs,ncbi,s3","gs.us-east1,ncbi.public,s3.us-east-1",SRX4066088,Illumina MiSeq,UCD.09.05236,PAIRED,METAGENOMIC,gut metagenome,ILLUMINA,5/9/2018 20:00,5/10/2018 12:59,NA,Neg,SRP145364,Duck,Mallard,SRR7146863,Duck,Duck,Wild,Neg,NA,USA,North America,"USA:California\,SolanoCounty\,SuisunMarsh/Balboa",cloacal swab,missing,10.1128/mSphere.00382-18,NA,NA,NA,NA,NA,NA,NA,NA,NA,NA,NA,NA,NA,NA,NA,NA,NA,NA,NA,NA,NA,NA,NA,NA,NA,NA,NA,NA,NA,NA,NA,NA,NA,NA,NA,NA,NA,NA,NA,NA,NA,NA,NA,NA,NA,NA,NA,7/27/2009,Anas,"CommonName:Mallard,TestforInfluenzaVirus:M.RTPCR,IDforMatching:UCD09.05236.P",Apla_neg_SMB_Jul2009_4,neg,S,H,neg,neg_neg,Anas,Anasplatyrhynchos,"SuisunMarsh/Balboa,SolanoCounty",S_09,dabbling,M,Neg_S_09_Anasplatyrhynchos,Duck_Neg
AMPLICON,250,29511000,PRJNA464410,SAMN09104025,Metagenome or environmental,19510602,UC DAVIS,public,"fastq,run.zq,sra","gs,ncbi,s3","gs.us-east1,ncbi.public,s3.us-east-1",SRX4066086,Illumina MiSeq,UCD.08.8118,PAIRED,METAGENOMIC,gut metagenome,ILLUMINA,5/9/2018 20:00,5/10/2018 12:59,NA,Pos,SRP145364,Duck,Mallard,SRR7146865,Duck,Duck,Wild,Pos,NA,USA,North America,"USA:California\,YoloCounty\,ConawayRanch",cloacal swab,missing,10.1128/mSphere.00382-18,NA,NA,NA,NA,NA,NA,NA,NA,NA,NA,NA,NA,NA,NA,NA,NA,NA,NA,NA,NA,NA,NA,NA,NA,NA,NA,NA,NA,NA,NA,NA,NA,NA,NA,NA,NA,NA,NA,NA,NA,NA,NA,NA,NA,NA,NA,NA,10/19/2008,Anas,"CommonName:Mallard,TestforInfluenzaVirus:M.RTPCR.VI,IDforMatching:UCD08.8118.V",Apla_H11N9_CR_Oct2008_1,11,FW,U,9,11_9,Anas,Anasplatyrhynchos,"ConawayRanch,YoloCounty",FW_0809,dabbling,M,Pos_FW_0809_Anasplatyrhynchos,Duck_Pos
AMPLICON,250,27237000,PRJNA464410,SAMN09104024,Metagenome or environmental,18172345,UC DAVIS,public,"fastq,run.zq,sra","gs,ncbi,s3","gs.us-east1,ncbi.public,s3.us-east-1",SRX4066085,Illumina MiSeq,UCD.08.8028,PAIRED,METAGENOMIC,gut metagenome,ILLUMINA,5/9/2018 20:00,5/10/2018 13:00,NA,Pos,SRP145364,Duck,Mallard,SRR7146866,Duck,Duck,Wild,Pos,NA,USA,North America,"USA:California\,YoloCounty\,ConawayRanch",cloacal swab,missing,10.1128/mSphere.00382-18,NA,NA,NA,NA,NA,NA,NA,NA,NA,NA,NA,NA,NA,NA,NA,NA,NA,NA,NA,NA,NA,NA,NA,NA,NA,NA,NA,NA,NA,NA,NA,NA,NA,NA,NA,NA,NA,NA,NA,NA,NA,NA,NA,NA,NA,NA,NA,10/18/2008,Anas,"CommonName:Mallard,TestforInfluenzaVirus:M.RTPCR.VI,IDforMatching:UCD08.8028.V",Apla_H11N2_CR_Oct2008_2,11,FW,U,2,11_2,Anas,Anasplatyrhynchos,"ConawayRanch,YoloCounty",FW_0809,dabbling,M,Pos_FW_0809_Anasplatyrhynchos,Duck_Pos
AMPLICON,250,33717000,PRJNA464410,SAMN09104026,Metagenome or environmental,20873924,UC DAVIS,public,"fastq,run.zq,sra","gs,ncbi,s3","gs.us-east1,ncbi.public,s3.us-east-1",SRX4066083,Illumina MiSeq,UCD.08.8152,PAIRED,METAGENOMIC,gut metagenome,ILLUMINA,5/9/2018 20:00,5/10/2018 13:01,NA,Pos,SRP145364,Duck,NorthernPintail,SRR7146868,Duck,Duck,Wild,Pos,NA,USA,North America,"USA:California\,YoloCounty\,ConawayRanch",cloacal swab,missing,10.1128/mSphere.00382-18,NA,NA,NA,NA,NA,NA,NA,NA,NA,NA,NA,NA,NA,NA,NA,NA,NA,NA,NA,NA,NA,NA,NA,NA,NA,NA,NA,NA,NA,NA,NA,NA,NA,NA,NA,NA,NA,NA,NA,NA,NA,NA,NA,NA,NA,NA,NA,10/22/2008,Anas,"CommonName:NorthernPintailTestforInfluenzaVirus:M.RTPCR.VI,IDforMatching:UCD08.8152.V",Aacu_H6N1_CR_Oct2008_1,6,FW,H,1,6_1,Anas,Anasacuta,"ConawayRanch,YoloCounty",FW_0809,dabbling,F,Pos_FW_0809_Anasacuta,Duck_Pos
AMPLICON,250,8673000,PRJNA464410,SAMN09103995,Metagenome or environmental,5500962,UC DAVIS,public,"fastq,run.zq,sra","gs,ncbi,s3","gs.us-east1,ncbi.public,s3.us-east-1",SRX4066082,Illumina MiSeq,UCD.08.10125,PAIRED,METAGENOMIC,gut metagenome,ILLUMINA,5/9/2018 20:00,5/10/2018 13:00,NA,Pos,SRP145364,Duck,Mallard,SRR7146869,Duck,Duck,Wild,Pos,NA,USA,North America,"USA:California\,YoloCounty\,ConawayRanch",cloacal swab,missing,10.1128/mSphere.00382-18,NA,NA,NA,NA,NA,NA,NA,NA,NA,NA,NA,NA,NA,NA,NA,NA,NA,NA,NA,NA,NA,NA,NA,NA,NA,NA,NA,NA,NA,NA,NA,NA,NA,NA,NA,NA,NA,NA,NA,NA,NA,NA,NA,NA,NA,NA,NA,12/13/2008,Anas,"CommonName:Mallard,TestforInfluenzaVirus:M.RTPCR.VI,IDforMatching:UCD08.10125.V",Apla_H11N9_CR_Dec2008_1,11,FW,U,9,11_9,Anas,Anasplatyrhynchos,"ConawayRanch,YoloCounty",FW_0809,dabbling,M,Pos_FW_0809_Anasplatyrhynchos,Duck_Pos
AMPLICON,250,16353500,PRJNA464410,SAMN09104031,Metagenome or environmental,10787108,UC DAVIS,public,"fastq,run.zq,sra","gs,ncbi,s3","gs.us-east1,ncbi.public,s3.us-east-1",SRX4066080,Illumina MiSeq,UCD.08.8363,PAIRED,METAGENOMIC,gut metagenome,ILLUMINA,5/9/2018 20:00,5/10/2018 13:01,NA,Pos,SRP145364,Duck,AmericanWigeon,SRR7146871,Duck,Duck,Wild,Pos,NA,USA,North America,"USA:California\,Sacramento\,GlennCounty\,NationalWildlifeRefuge",cloacal swab,missing,10.1128/mSphere.00382-18,NA,NA,NA,NA,NA,NA,NA,NA,NA,NA,NA,NA,NA,NA,NA,NA,NA,NA,NA,NA,NA,NA,NA,NA,NA,NA,NA,NA,NA,NA,NA,NA,NA,NA,NA,NA,NA,NA,NA,NA,NA,NA,NA,NA,NA,NA,NA,10/19/2008,Anas,"CommonName:AmericanWigeon,TestforInfluenzaVirus:M.RTPCR.VI,IDforMatching:UCD08.8363.V",Aame_H6N1_SNWR_Oct2008_1,6,FW,H,1,6_1,Anas,Anasamericana,"SacramentoNationalWildlifeRefuge,GlennCounty",FW_0809,dabbling,M,Pos_FW_0809_Anasamericana,Duck_Pos
AMPLICON,250,32854500,PRJNA464410,SAMN09104030,Metagenome or environmental,20993689,UC DAVIS,public,"fastq,run.zq,sra","gs,ncbi,s3","gs.us-east1,ncbi.public,s3.us-east-1",SRX4066079,Illumina MiSeq,UCD.08.8355,PAIRED,METAGENOMIC,gut metagenome,ILLUMINA,5/9/2018 20:00,5/10/2018 13:01,NA,Pos,SRP145364,Duck,NorthernShoveler,SRR7146872,Duck,Duck,Wild,Pos,NA,USA,North America,"USA:California\,Sacramento\,GlennCounty\,NationalWildlifeRefuge",cloacal swab,missing,10.1128/mSphere.00382-18,NA,NA,NA,NA,NA,NA,NA,NA,NA,NA,NA,NA,NA,NA,NA,NA,NA,NA,NA,NA,NA,NA,NA,NA,NA,NA,NA,NA,NA,NA,NA,NA,NA,NA,NA,NA,NA,NA,NA,NA,NA,NA,NA,NA,NA,NA,NA,10/19/2008,Anas,"CommonName:NorthernShoveler,TestforInfluenzaVirus:M.RTPCR.VI,IDforMatching:UCD08.8355.V",Acly_H6N1_SNWR_Oct2008_1,6,FW,H,1,6_1,Anas,Anasclypeata,"SacramentoNationalWildlifeRefuge,GlennCounty",FW_0809,filter,M,Pos_FW_0809_Anasclypeata,Duck_Pos
AMPLICON,250,22832500,PRJNA464410,SAMN09104032,Metagenome or environmental,14587596,UC DAVIS,public,"fastq,run.zq,sra","gs,ncbi,s3","gs.us-east1,ncbi.public,s3.us-east-1",SRX4066077,Illumina MiSeq,UCD.08.8470,PAIRED,METAGENOMIC,gut metagenome,ILLUMINA,5/9/2018 20:00,5/10/2018 13:01,NA,Pos,SRP145364,Duck,NorthernPintail,SRR7146874,Duck,Duck,Wild,Pos,NA,USA,North America,"USA:California\,Sacramento\,GlennCounty\,NationalWildlifeRefuge",cloacal swab,missing,10.1128/mSphere.00382-18,NA,NA,NA,NA,NA,NA,NA,NA,NA,NA,NA,NA,NA,NA,NA,NA,NA,NA,NA,NA,NA,NA,NA,NA,NA,NA,NA,NA,NA,NA,NA,NA,NA,NA,NA,NA,NA,NA,NA,NA,NA,NA,NA,NA,NA,NA,NA,10/22/2008,Anas,"CommonName:NorthernPintailTestforInfluenzaVirus:M.RTPCR.VI,IDforMatching:UCD08.8470.V",Aacu_H6N1_SNWR_Oct2008_1,6,FW,H,1,6_1,Anas,Anasacuta,"SacramentoNationalWildlifeRefuge,GlennCounty",FW_0809,dabbling,M,Pos_FW_0809_Anasacuta,Duck_Pos
AMPLICON,250,21487500,PRJNA464410,SAMN09103994,Metagenome or environmental,14099240,UC DAVIS,public,"fastq,run.zq,sra","gs,ncbi,s3","gs.us-east1,ncbi.public,s3.us-east-1",SRX4066076,Illumina MiSeq,UCD.08.10024,PAIRED,METAGENOMIC,gut metagenome,ILLUMINA,5/9/2018 20:00,5/10/2018 13:01,NA,Pos,SRP145364,Duck,NorthernShoveler,SRR7146875,Duck,Duck,Wild,Pos,NA,USA,North America,"USA:California\,Sacramento\,GlennCounty\,NationalWildlifeRefuge",cloacal swab,missing,10.1128/mSphere.00382-18,NA,NA,NA,NA,NA,NA,NA,NA,NA,NA,NA,NA,NA,NA,NA,NA,NA,NA,NA,NA,NA,NA,NA,NA,NA,NA,NA,NA,NA,NA,NA,NA,NA,NA,NA,NA,NA,NA,NA,NA,NA,NA,NA,NA,NA,NA,NA,12/21/2008,Anas,"CommonName:NorthernShoveler,TestforInfluenzaVirus:M.RTPCR.VI,IDforMatching:UCD08.10024.V",Acly_H4N4_SNWR_Dec2008_1,4,FW,H,4,4_4,Anas,Anasclypeata,"SacramentoNationalWildlifeRefuge,GlennCounty",FW_0809,filter,F,Pos_FW_0809_Anasclypeata,Duck_Pos
AMPLICON,250,11875000,PRJNA464410,SAMN09104045,Metagenome or environmental,7703894,UC DAVIS,public,"fastq,run.zq,sra","gs,ncbi,s3","gs.us-east1,ncbi.public,s3.us-east-1",SRX4066074,Illumina MiSeq,UCD.08.8675,PAIRED,METAGENOMIC,gut metagenome,ILLUMINA,5/9/2018 20:00,5/10/2018 13:01,NA,Pos,SRP145364,Duck,NorthernShoveler,SRR7146877,Duck,Duck,Wild,Pos,NA,USA,North America,"USA:California\,Sacramento\,GlennCounty\,NationalWildlifeRefuge",cloacal swab,missing,10.1128/mSphere.00382-18,NA,NA,NA,NA,NA,NA,NA,NA,NA,NA,NA,NA,NA,NA,NA,NA,NA,NA,NA,NA,NA,NA,NA,NA,NA,NA,NA,NA,NA,NA,NA,NA,NA,NA,NA,NA,NA,NA,NA,NA,NA,NA,NA,NA,NA,NA,NA,10/29/2008,Anas,"CommonName:NorthernShoveler,TestforInfluenzaVirus:M.RTPCR.VI,IDforMatching:UCD08.8675.V",Acly_H11N9_SNWR_Oct2008_1,11,FW,H,9,11_9,Anas,Anasclypeata,"SacramentoNationalWildlifeRefuge,GlennCounty",FW_0809,filter,F,Pos_FW_0809_Anasclypeata,Duck_Pos
AMPLICON,250,15699500,PRJNA464410,SAMN09104232,Metagenome or environmental,10431286,UC DAVIS,public,"fastq,run.zq,sra","gs,ncbi,s3","gs.us-east1,ncbi.public,s3.us-east-1",SRX4066073,Illumina MiSeq,UCD.12.02744.VB.H3,PAIRED,METAGENOMIC,gut metagenome,ILLUMINA,5/9/2018 20:00,5/10/2018 13:01,NA,Pos,SRP145364,Duck,Mallard,SRR7146878,Duck,Duck,Wild,Pos,NA,USA,North America,"USA:California\,SolanoCounty\,GrizzlyIslandWildlifeArea(GIWA)",cloacal swab,missing,10.1128/mSphere.00382-18,NA,NA,NA,NA,NA,NA,NA,NA,NA,NA,NA,NA,NA,NA,NA,NA,NA,NA,NA,NA,NA,NA,NA,NA,NA,NA,NA,NA,NA,NA,NA,NA,NA,NA,NA,NA,NA,NA,NA,NA,NA,NA,NA,NA,NA,NA,NA,7/11/2012,Anas,"CommonName:Mallard,TestforInfluenzaVirus:VI,IDforMatching:UCD12.02744.V",Apla_H3N8_GIWA_Jul2012_2,3,S,H,8,3_8,Anas,Anasplatyrhynchos,"GrizzlyIslandWildlifeArea(GIWA),SolanoCounty",S_12,dabbling,F,Pos_S_12_Anasplatyrhynchos,Duck_Pos
AMPLICON,250,11015500,PRJNA464410,SAMN09103996,Metagenome or environmental,7137802,UC DAVIS,public,"fastq,run.zq,sra","gs,ncbi,s3","gs.us-east1,ncbi.public,s3.us-east-1",SRX4066071,Illumina MiSeq,UCD.08.10126,PAIRED,METAGENOMIC,gut metagenome,ILLUMINA,5/9/2018 20:00,5/10/2018 13:02,NA,Pos,SRP145364,Duck,Mallard,SRR7146880,Duck,Duck,Wild,Pos,NA,USA,North America,"USA:California\,YoloCounty\,ConawayRanch",cloacal swab,missing,10.1128/mSphere.00382-18,NA,NA,NA,NA,NA,NA,NA,NA,NA,NA,NA,NA,NA,NA,NA,NA,NA,NA,NA,NA,NA,NA,NA,NA,NA,NA,NA,NA,NA,NA,NA,NA,NA,NA,NA,NA,NA,NA,NA,NA,NA,NA,NA,NA,NA,NA,NA,12/13/2008,Anas,"CommonName:Mallard,TestforInfluenzaVirus:M.RTPCR.VI,IDforMatching:UCD08.10126.V",Apla_H10N7_CR_Dec2008_1,10,FW,U,7,10_7,Anas,Anasplatyrhynchos,"ConawayRanch,YoloCounty",FW_0809,dabbling,M,Pos_FW_0809_Anasplatyrhynchos,Duck_Pos
AMPLICON,250,12306500,PRJNA464410,SAMN09104224,Metagenome or environmental,8275925,UC DAVIS,public,"fastq,run.zq,sra","gs,ncbi,s3","gs.us-east1,ncbi.public,s3.us-east-1",SRX4066070,Illumina MiSeq,UCD.12.02724.P,PAIRED,METAGENOMIC,gut metagenome,ILLUMINA,5/9/2018 20:00,5/10/2018 13:01,NA,Neg,SRP145364,Duck,Mallard,SRR7146881,Duck,Duck,Wild,Neg,NA,USA,North America,"USA:California\,SolanoCounty\,GrizzlyIslandWildlifeArea(GIWA)",cloacal swab,missing,10.1128/mSphere.00382-18,NA,NA,NA,NA,NA,NA,NA,NA,NA,NA,NA,NA,NA,NA,NA,NA,NA,NA,NA,NA,NA,NA,NA,NA,NA,NA,NA,NA,NA,NA,NA,NA,NA,NA,NA,NA,NA,NA,NA,NA,NA,NA,NA,NA,NA,NA,NA,7/9/2012,Anas,"CommonName:Mallard,TestforInfluenzaVirus:M.RTPCR,IDforMatching:UCD12.02724.P",Apla_neg_GIWA_Jul2012_4,neg,S,H,neg,neg_neg,Anas,Anasplatyrhynchos,"GrizzlyIslandWildlifeArea(GIWA),SolanoCounty",S_12,dabbling,M,Neg_S_12_Anasplatyrhynchos,Duck_Neg
AMPLICON,250,10955000,PRJNA464410,SAMN09104225,Metagenome or environmental,7302711,UC DAVIS,public,"fastq,run.zq,sra","gs,ncbi,s3","gs.us-east1,ncbi.public,s3.us-east-1",SRX4066069,Illumina MiSeq,UCD.12.02725.P,PAIRED,METAGENOMIC,gut metagenome,ILLUMINA,5/9/2018 20:00,5/10/2018 13:02,NA,Neg,SRP145364,Duck,Mallard,SRR7146882,Duck,Duck,Wild,Neg,NA,USA,North America,"USA:California\,SolanoCounty\,GrizzlyIslandWildlifeArea(GIWA)",cloacal swab,missing,10.1128/mSphere.00382-18,NA,NA,NA,NA,NA,NA,NA,NA,NA,NA,NA,NA,NA,NA,NA,NA,NA,NA,NA,NA,NA,NA,NA,NA,NA,NA,NA,NA,NA,NA,NA,NA,NA,NA,NA,NA,NA,NA,NA,NA,NA,NA,NA,NA,NA,NA,NA,7/9/2012,Anas,"CommonName:Mallard,TestforInfluenzaVirus:M.RTPCR,IDforMatching:UCD12.02725.P",Apla_neg_GIWA_Jul2012_5,neg,S,H,neg,neg_neg,Anas,Anasplatyrhynchos,"GrizzlyIslandWildlifeArea(GIWA),SolanoCounty",S_12,dabbling,M,Neg_S_12_Anasplatyrhynchos,Duck_Neg
AMPLICON,250,13744500,PRJNA464410,SAMN09104226,Metagenome or environmental,8654363,UC DAVIS,public,"fastq,run.zq,sra","gs,ncbi,s3","gs.us-east1,ncbi.public,s3.us-east-1",SRX4066068,Illumina MiSeq,UCD.12.02726.P,PAIRED,METAGENOMIC,gut metagenome,ILLUMINA,5/9/2018 20:00,5/10/2018 13:02,NA,Neg,SRP145364,Duck,Mallard,SRR7146883,Duck,Duck,Wild,Neg,NA,USA,North America,"USA:California\,SolanoCounty\,GrizzlyIslandWildlifeArea(GIWA)",cloacal swab,missing,10.1128/mSphere.00382-18,NA,NA,NA,NA,NA,NA,NA,NA,NA,NA,NA,NA,NA,NA,NA,NA,NA,NA,NA,NA,NA,NA,NA,NA,NA,NA,NA,NA,NA,NA,NA,NA,NA,NA,NA,NA,NA,NA,NA,NA,NA,NA,NA,NA,NA,NA,NA,7/9/2012,Anas,"CommonName:Mallard,TestforInfluenzaVirus:M.RTPCR,IDforMatching:UCD12.02726.P",Apla_neg_GIWA_Jul2012_6,neg,S,H,neg,neg_neg,Anas,Anasplatyrhynchos,"GrizzlyIslandWildlifeArea(GIWA),SolanoCounty",S_12,dabbling,F,Neg_S_12_Anasplatyrhynchos,Duck_Neg
AMPLICON,250,12249500,PRJNA464410,SAMN09104227,Metagenome or environmental,8244151,UC DAVIS,public,"fastq,run.zq,sra","gs,ncbi,s3","gs.us-east1,ncbi.public,s3.us-east-1",SRX4066067,Illumina MiSeq,UCD.12.02727.P,PAIRED,METAGENOMIC,gut metagenome,ILLUMINA,5/9/2018 20:00,5/10/2018 13:01,NA,Neg,SRP145364,Duck,Mallard,SRR7146884,Duck,Duck,Wild,Neg,NA,USA,North America,"USA:California\,SolanoCounty\,GrizzlyIslandWildlifeArea(GIWA)",cloacal swab,missing,10.1128/mSphere.00382-18,NA,NA,NA,NA,NA,NA,NA,NA,NA,NA,NA,NA,NA,NA,NA,NA,NA,NA,NA,NA,NA,NA,NA,NA,NA,NA,NA,NA,NA,NA,NA,NA,NA,NA,NA,NA,NA,NA,NA,NA,NA,NA,NA,NA,NA,NA,NA,7/9/2012,Anas,"CommonName:Mallard,TestforInfluenzaVirus:M.RTPCR,IDforMatching:UCD12.02727.P",Apla_neg_GIWA_Jul2012_7,neg,S,H,neg,neg_neg,Anas,Anasplatyrhynchos,"GrizzlyIslandWildlifeArea(GIWA),SolanoCounty",S_12,dabbling,M,Neg_S_12_Anasplatyrhynchos,Duck_Neg
AMPLICON,250,8650000,PRJNA464410,SAMN09104229,Metagenome or environmental,5593918,UC DAVIS,public,"fastq,run.zq,sra","gs,ncbi,s3","gs.us-east1,ncbi.public,s3.us-east-1",SRX4066065,Illumina MiSeq,UCD.12.02729.P,PAIRED,METAGENOMIC,gut metagenome,ILLUMINA,5/9/2018 20:00,5/10/2018 13:02,NA,Neg,SRP145364,Duck,Mallard,SRR7146886,Duck,Duck,Wild,Neg,NA,USA,North America,"USA:California\,SolanoCounty\,GrizzlyIslandWildlifeArea(GIWA)",cloacal swab,missing,10.1128/mSphere.00382-18,NA,NA,NA,NA,NA,NA,NA,NA,NA,NA,NA,NA,NA,NA,NA,NA,NA,NA,NA,NA,NA,NA,NA,NA,NA,NA,NA,NA,NA,NA,NA,NA,NA,NA,NA,NA,NA,NA,NA,NA,NA,NA,NA,NA,NA,NA,NA,7/9/2012,Anas,"CommonName:Mallard,TestforInfluenzaVirus:M.RTPCR,IDforMatching:UCD12.02729.P",Apla_neg_GIWA_Jul2012_9,neg,S,H,neg,neg_neg,Anas,Anasplatyrhynchos,"GrizzlyIslandWildlifeArea(GIWA),SolanoCounty",S_12,dabbling,F,Neg_S_12_Anasplatyrhynchos,Duck_Neg
AMPLICON,250,16191000,PRJNA464410,SAMN09104230,Metagenome or environmental,10859380,UC DAVIS,public,"fastq,run.zq,sra","gs,ncbi,s3","gs.us-east1,ncbi.public,s3.us-east-1",SRX4066064,Illumina MiSeq,UCD.12.02730.P,PAIRED,METAGENOMIC,gut metagenome,ILLUMINA,5/9/2018 20:00,5/10/2018 13:02,NA,Neg,SRP145364,Duck,Mallard,SRR7146887,Duck,Duck,Wild,Neg,NA,USA,North America,"USA:California\,SolanoCounty\,GrizzlyIslandWildlifeArea(GIWA)",cloacal swab,missing,10.1128/mSphere.00382-18,NA,NA,NA,NA,NA,NA,NA,NA,NA,NA,NA,NA,NA,NA,NA,NA,NA,NA,NA,NA,NA,NA,NA,NA,NA,NA,NA,NA,NA,NA,NA,NA,NA,NA,NA,NA,NA,NA,NA,NA,NA,NA,NA,NA,NA,NA,NA,7/9/2012,Anas,"CommonName:Mallard,TestforInfluenzaVirus:M.RTPCR,IDforMatching:UCD12.02730.P",Apla_neg_GIWA_Jul2012_0,neg,S,H,neg,neg_neg,Anas,Anasplatyrhynchos,"GrizzlyIslandWildlifeArea(GIWA),SolanoCounty",S_12,dabbling,F,Neg_S_12_Anasplatyrhynchos,Duck_Neg
AMPLICON,250,12392500,PRJNA464410,SAMN09104231,Metagenome or environmental,8184931,UC DAVIS,public,"fastq,run.zq,sra","gs,ncbi,s3","gs.us-east1,ncbi.public,s3.us-east-1",SRX4066063,Illumina MiSeq,UCD.12.02743.VB.H3,PAIRED,METAGENOMIC,gut metagenome,ILLUMINA,5/9/2018 20:00,5/10/2018 13:02,NA,Pos,SRP145364,Duck,Mallard,SRR7146888,Duck,Duck,Wild,Pos,NA,USA,North America,"USA:California\,SolanoCounty\,GrizzlyIslandWildlifeArea(GIWA)",cloacal swab,missing,10.1128/mSphere.00382-18,NA,NA,NA,NA,NA,NA,NA,NA,NA,NA,NA,NA,NA,NA,NA,NA,NA,NA,NA,NA,NA,NA,NA,NA,NA,NA,NA,NA,NA,NA,NA,NA,NA,NA,NA,NA,NA,NA,NA,NA,NA,NA,NA,NA,NA,NA,NA,7/9/2012,Anas,"CommonName:Mallard,TestforInfluenzaVirus:VI,IDforMatching:UCD12.02743.V",Apla_H3N8_GIWA_Jul2012_1,3,S,H,8,3_8,Anas,Anasplatyrhynchos,"GrizzlyIslandWildlifeArea(GIWA),SolanoCounty",S_12,dabbling,F,Pos_S_12_Anasplatyrhynchos,Duck_Pos
