SampleID,label,Influenza,BioProject,HostGroup,HostType,Season,Age,Sex,Feeding,Species,Location,month,Romboutsia__FJ382054,Escherichia-Shigella__KT873246,Agathobaculum__EF025214,Colidextribacter__DQ806077,CHKCI002__f13a69ad,Acutalibacter__DQ793705,Clostridium__EU776524,Thomasclavelia__DQ326634,Massiliomicrobiota__DQ799171,Merdibacter__DQ793739,Anaerostipes__DQ794058,Oscillibacter__DQ794427,Anaerobutyricum__FJ367509,Incertae_Sedis__GQ175397,Flavonifractor__EU763235,Incertae_Sedis__fbb2ccdf,Ruminococcaceae__6a4f3542,Sellimonas__KP966092,Lachnospiraceae__EF025267,Sphingobacterium__4966214a,Pedobacter__e5eb02f3,Sphingobacteriaceae__736f2237,Parabacteroides__ef4b9171,Bacteroides__a13d2ac8,Prevotellaceae_Ga6A1_group__408c8c2d,Prevotellaceae__282df84e,Incertae_Sedis__32018bce,Prevotella__8ef7520d,Porphyromonas__c465f577,Bacteroidales__8e7f285d,Flavobacterium__63d393fc,Arcanobacterium__4c9ad755,Micrococcales__9eb9acee,Rothia__da821e0a,Lawsonella__30d3ed51,Varibaculum__84b87a55,Stenotrophomonas__a6eadb2d,Pasteurellaceae__5a64a6f1,Psittacicella__f8bb29a5,Comamonadaceae__c51976b3,Pseudomonas__13b2a473,Halomonas__7333e261,unclassified__0c9e3ed5,Fusibacter__adc4c72e,Brevundimonas__da6b37f3,Methylobacterium__1458f1e7,Bacillota__9ccfad18,Mageeibacillus__816bc635,UCG-005__4ce32c4e,Oscillospiraceae__ca53da73,Ruminococcaceae__0775e59c,Caecibacterium__9265d514,Campylobacter__af35970d,Helicobacter__acc07901,Lachnospiraceae_UCG-010__5bd5c394,Lachnospiraceae__cafeeea8,Incertae_Sedis__03d08b31,Peptoniphilus__172051db,Parvimonas__e9165b84,Peptococcus__e616d0c9,Candidatus_Arthromitus__04c4a458,Streptococcus__bf0a5e99,Gemella__da6858e2,Staphylococcus__463b2f04,Catellicoccus__f52c8cce,Lactobacillales__8ad1796f,Mycoplasmataceae__8e450566,Thomasclavelia__c4abcba6,Incertae_Sedis__b81519f9,Megamonas__97771191,Veillonellaceae__e56b0756,Veillonellales-Selenomonadales__eb04e82f,Veillonella__6718eb07,Phascolarctobacterium__1683506d,Fusobacterium__0daf4b3d,Incertae_Sedis__c3a9c557,Oceanivirga__5702680e,Leptotrichiaceae__d27439ff,Cetobacterium__024cc2ba
SRR5364033,1,Pos,PRJNA379944,Poultry,Chicken,,,,,,,,-0.14928824970143673,8.42560765184309,1.460149662732663,1.460149662732663,-0.14928824970143673,-0.14928824970143673,-0.14928824970143673,-0.14928824970143673,-0.14928824970143673,-0.14928824970143673,-0.14928824970143673,-0.14928824970143673,-0.14928824970143673,-0.14928824970143673,-0.14928824970143673,-0.14928824970143673,-0.14928824970143673,-0.14928824970143673,-0.14928824970143673,-0.14928824970143673,-0.14928824970143673,-0.14928824970143673,-0.14928824970143673,-0.14928824970143673,-0.14928824970143673,-0.14928824970143673,-0.14928824970143673,-0.14928824970143673,-0.14928824970143673,-0.14928824970143673,-0.14928824970143673,-0.14928824970143673,-0.14928824970143673,-0.14928824970143673,-0.14928824970143673,-0.14928824970143673,-0.14928824970143673,-0.14928824970143673,-0.14928824970143673,-0.14928824970143673,-0.14928824970143673,-0.14928824970143673,-0.14928824970143673,-0.14928824970143673,-0.14928824970143673,-0.14928824970143673,-0.14928824970143673,-0.14928824970143673,-0.14928824970143673,-0.14928824970143673,-0.14928824970143673,-0.14928824970143673,-0.14928824970143673,-0.14928824970143673,-0.14928824970143673,-0.14928824970143673,-0.14928824970143673,-0.14928824970143673,-0.14928824970143673,-0.14928824970143673,-0.14928824970143673,-0.14928824970143673,-0.14928824970143673,-0.14928824970143673,-0.14928824970143673,-0.14928824970143673,-0.14928824970143673,-0.14928824970143673,-0.14928824970143673,-0.14928824970143673,-0.14928824970143673,-0.14928824970143673,-0.14928824970143673,-0.14928824970143673,-0.14928824970143673,-0.14928824970143673,-0.14928824970143673,-0.14928824970143673,-0.14928824970143673
SRR5364035,1,Pos,PRJNA379944,Poultry,Chicken,,,,,,,,-0.10542648839931346,8.223266095146254,-0.10542648839931346,-0.10542648839931346,-0.10542648839931346,-0.10542648839931346,-0.10542648839931346,-0.10542648839931346,-0.10542648839931346,-0.10542648839931346,-0.10542648839931346,-0.10542648839931346,-0.10542648839931346,-0.10542648839931346,-0.10542648839931346,-0.10542648839931346,-0.10542648839931346,-0.10542648839931346,-0.10542648839931346,-0.10542648839931346,-0.10542648839931346,-0.10542648839931346,-0.10542648839931346,-0.10542648839931346,-0.10542648839931346,-0.10542648839931346,-0.10542648839931346,-0.10542648839931346,-0.10542648839931346,-0.10542648839931346,-0.10542648839931346,-0.10542648839931346,-0.10542648839931346,-0.10542648839931346,-0.10542648839931346,-0.10542648839931346,-0.10542648839931346,-0.10542648839931346,-0.10542648839931346,-0.10542648839931346,-0.10542648839931346,-0.10542648839931346,-0.10542648839931346,-0.10542648839931346,-0.10542648839931346,-0.10542648839931346,-0.10542648839931346,-0.10542648839931346,-0.10542648839931346,-0.10542648839931346,-0.10542648839931346,-0.10542648839931346,-0.10542648839931346,-0.10542648839931346,-0.10542648839931346,-0.10542648839931346,-0.10542648839931346,-0.10542648839931346,-0.10542648839931346,-0.10542648839931346,-0.10542648839931346,-0.10542648839931346,-0.10542648839931346,-0.10542648839931346,-0.10542648839931346,-0.10542648839931346,-0.10542648839931346,-0.10542648839931346,-0.10542648839931346,-0.10542648839931346,-0.10542648839931346,-0.10542648839931346,-0.10542648839931346,-0.10542648839931346,-0.10542648839931346,-0.10542648839931346,-0.10542648839931346,-0.10542648839931346,-0.10542648839931346
SRR5364037,1,Pos,PRJNA379944,Poultry,Chicken,,,,,,,,5.739499283174066,7.959317309554053,1.7218300886109335,1.3853578519897205,-0.22408006044437911,-0.22408006044437911,-0.22408006044437911,-0.22408006044437911,-0.22408006044437911,-0.22408006044437911,-0.22408006044437911,-0.22408006044437911,-0.22408006044437911,-0.22408006044437911,-0.22408006044437911,-0.22408006044437911,-0.22408006044437911,-0.22408006044437911,-0.22408006044437911,-0.22408006044437911,-0.22408006044437911,-0.22408006044437911,-0.22408006044437911,-0.22408006044437911,-0.22408006044437911,-0.22408006044437911,-0.22408006044437911,-0.22408006044437911,-0.22408006044437911,-0.22408006044437911,-0.22408006044437911,-0.22408006044437911,-0.22408006044437911,-0.22408006044437911,-0.22408006044437911,-0.22408006044437911,-0.22408006044437911,-0.22408006044437911,-0.22408006044437911,-0.22408006044437911,-0.22408006044437911,-0.22408006044437911,-0.22408006044437911,-0.22408006044437911,-0.22408006044437911,-0.22408006044437911,-0.22408006044437911,-0.22408006044437911,-0.22408006044437911,-0.22408006044437911,-0.22408006044437911,-0.22408006044437911,-0.22408006044437911,-0.22408006044437911,-0.22408006044437911,-0.22408006044437911,-0.22408006044437911,-0.22408006044437911,-0.22408006044437911,-0.22408006044437911,-0.22408006044437911,-0.22408006044437911,-0.22408006044437911,-0.22408006044437911,-0.22408006044437911,-0.22408006044437911,-0.22408006044437911,-0.22408006044437911,-0.22408006044437911,-0.22408006044437911,-0.22408006044437911,-0.22408006044437911,-0.22408006044437911,-0.22408006044437911,-0.22408006044437911,-0.22408006044437911,-0.22408006044437911,-0.22408006044437911,-0.22408006044437911
SRR5364039,0,Neg,PRJNA379944,Poultry,Chicken,,,,,,,,4.142269452837159,4.243621947097446,2.2226766120992187,2.532831540403058,-0.17521866069915149,-0.17521866069915149,-0.17521866069915149,-0.17521866069915149,-0.17521866069915149,-0.17521866069915149,-0.17521866069915149,-0.17521866069915149,-0.17521866069915149,-0.17521866069915149,-0.17521866069915149,-0.17521866069915149,-0.17521866069915149,-0.17521866069915149,-0.17521866069915149,-0.17521866069915149,-0.17521866069915149,-0.17521866069915149,-0.17521866069915149,-0.17521866069915149,-0.17521866069915149,-0.17521866069915149,-0.17521866069915149,-0.17521866069915149,-0.17521866069915149,-0.17521866069915149,-0.17521866069915149,-0.17521866069915149,-0.17521866069915149,-0.17521866069915149,-0.17521866069915149,-0.17521866069915149,-0.17521866069915149,-0.17521866069915149,-0.17521866069915149,-0.17521866069915149,-0.17521866069915149,-0.17521866069915149,-0.17521866069915149,-0.17521866069915149,-0.17521866069915149,-0.17521866069915149,-0.17521866069915149,-0.17521866069915149,-0.17521866069915149,-0.17521866069915149,-0.17521866069915149,-0.17521866069915149,-0.17521866069915149,-0.17521866069915149,-0.17521866069915149,-0.17521866069915149,-0.17521866069915149,-0.17521866069915149,-0.17521866069915149,-0.17521866069915149,-0.17521866069915149,-0.17521866069915149,-0.17521866069915149,-0.17521866069915149,-0.17521866069915149,-0.17521866069915149,-0.17521866069915149,-0.17521866069915149,-0.17521866069915149,-0.17521866069915149,-0.17521866069915149,-0.17521866069915149,-0.17521866069915149,-0.17521866069915149,-0.17521866069915149,-0.17521866069915149,-0.17521866069915149,-0.17521866069915149,-0.17521866069915149
SRR5364041,0,Neg,PRJNA379944,Poultry,Chicken,,,,,,,,6.227292636030062,3.7339185351429633,-0.15790176296766312,2.039322814368556,-0.15790176296766312,-0.15790176296766312,-0.15790176296766312,-0.15790176296766312,-0.15790176296766312,-0.15790176296766312,-0.15790176296766312,-0.15790176296766312,-0.15790176296766312,-0.15790176296766312,-0.15790176296766312,-0.15790176296766312,-0.15790176296766312,-0.15790176296766312,-0.15790176296766312,-0.15790176296766312,-0.15790176296766312,-0.15790176296766312,-0.15790176296766312,-0.15790176296766312,-0.15790176296766312,-0.15790176296766312,-0.15790176296766312,-0.15790176296766312,-0.15790176296766312,-0.15790176296766312,-0.15790176296766312,-0.15790176296766312,-0.15790176296766312,-0.15790176296766312,-0.15790176296766312,-0.15790176296766312,-0.15790176296766312,-0.15790176296766312,-0.15790176296766312,-0.15790176296766312,-0.15790176296766312,-0.15790176296766312,-0.15790176296766312,-0.15790176296766312,-0.15790176296766312,-0.15790176296766312,-0.15790176296766312,-0.15790176296766312,-0.15790176296766312,-0.15790176296766312,-0.15790176296766312,-0.15790176296766312,-0.15790176296766312,-0.15790176296766312,-0.15790176296766312,-0.15790176296766312,-0.15790176296766312,-0.15790176296766312,-0.15790176296766312,-0.15790176296766312,-0.15790176296766312,-0.15790176296766312,-0.15790176296766312,-0.15790176296766312,-0.15790176296766312,-0.15790176296766312,-0.15790176296766312,-0.15790176296766312,-0.15790176296766312,-0.15790176296766312,-0.15790176296766312,-0.15790176296766312,-0.15790176296766312,-0.15790176296766312,-0.15790176296766312,-0.15790176296766312,-0.15790176296766312,-0.15790176296766312,-0.15790176296766312
SRR5364043,0,Neg,PRJNA379944,Poultry,Chicken,,,,,,,,7.599461134567185,2.369175563026549,2.2021214783633836,2.5122764066672225,-0.1957737944349871,-0.1957737944349871,-0.1957737944349871,-0.1957737944349871,-0.1957737944349871,-0.1957737944349871,-0.1957737944349871,-0.1957737944349871,-0.1957737944349871,-0.1957737944349871,-0.1957737944349871,-0.1957737944349871,-0.1957737944349871,-0.1957737944349871,-0.1957737944349871,-0.1957737944349871,-0.1957737944349871,-0.1957737944349871,-0.1957737944349871,-0.1957737944349871,-0.1957737944349871,-0.1957737944349871,-0.1957737944349871,-0.1957737944349871,-0.1957737944349871,-0.1957737944349871,-0.1957737944349871,-0.1957737944349871,-0.1957737944349871,-0.1957737944349871,-0.1957737944349871,-0.1957737944349871,-0.1957737944349871,-0.1957737944349871,-0.1957737944349871,-0.1957737944349871,-0.1957737944349871,-0.1957737944349871,-0.1957737944349871,-0.1957737944349871,-0.1957737944349871,-0.1957737944349871,-0.1957737944349871,-0.1957737944349871,-0.1957737944349871,-0.1957737944349871,-0.1957737944349871,-0.1957737944349871,-0.1957737944349871,-0.1957737944349871,-0.1957737944349871,-0.1957737944349871,-0.1957737944349871,-0.1957737944349871,-0.1957737944349871,-0.1957737944349871,-0.1957737944349871,-0.1957737944349871,-0.1957737944349871,-0.1957737944349871,-0.1957737944349871,-0.1957737944349871,-0.1957737944349871,-0.1957737944349871,-0.1957737944349871,-0.1957737944349871,-0.1957737944349871,-0.1957737944349871,-0.1957737944349871,-0.1957737944349871,-0.1957737944349871,-0.1957737944349871,-0.1957737944349871,-0.1957737944349871,-0.1957737944349871
SRR12148748_merged,0,Neg,PRJNA644054,Poultry,Turkey,,,,,,,,7.804159094808196,3.877373795335277,2.4824956905239954,1.8232500616397314,-0.8848001394624792,2.9218623503078405,2.549187065022667,1.3124244378737409,4.035180786365646,1.948413204593737,4.672027922237058,1.948413204593737,-0.8848001394624792,1.8232500616397314,2.670547922026935,1.3124244378737409,4.3778900494424065,3.047025493261847,6.251683069127768,-0.8848001394624792,-0.8848001394624792,-0.8848001394624792,-0.8848001394624792,-0.8848001394624792,-0.8848001394624792,-0.8848001394624792,-0.8848001394624792,-0.8848001394624792,-0.8848001394624792,-0.8848001394624792,-0.8848001394624792,-0.8848001394624792,-0.8848001394624792,-0.8848001394624792,-0.8848001394624792,-0.8848001394624792,-0.8848001394624792,-0.8848001394624792,-0.8848001394624792,-0.8848001394624792,-0.8848001394624792,-0.8848001394624792,-0.8848001394624792,-0.8848001394624792,-0.8848001394624792,-0.8848001394624792,-0.8848001394624792,-0.8848001394624792,-0.8848001394624792,-0.8848001394624792,-0.8848001394624792,-0.8848001394624792,-0.8848001394624792,-0.8848001394624792,-0.8848001394624792,-0.8848001394624792,-0.8848001394624792,-0.8848001394624792,-0.8848001394624792,-0.8848001394624792,-0.8848001394624792,-0.8848001394624792,-0.8848001394624792,-0.8848001394624792,-0.8848001394624792,-0.8848001394624792,-0.8848001394624792,-0.8848001394624792,-0.8848001394624792,-0.8848001394624792,-0.8848001394624792,-0.8848001394624792,-0.8848001394624792,-0.8848001394624792,-0.8848001394624792,-0.8848001394624792,-0.8848001394624792,-0.8848001394624792,-0.8848001394624792
SRR12148807_merged,1,Pos,PRJNA644054,Poultry,Turkey,,,,,,,,7.124754186075908,6.793517563508639,1.1819548109492066,1.4332692392301123,0.8454825743279937,1.6339399346922638,7.122501932871582,0.3346569505620032,2.1804836410603334,-0.7639553381061059,2.0692580059501093,0.3346569505620032,0.8454825743279937,1.8009940193554304,2.0692580059501093,1.9440948629961037,2.371538877823043,1.6339399346922638,4.881491559537131,-0.7639553381061059,-0.7639553381061059,-0.7639553381061059,-0.7639553381061059,-0.7639553381061059,-0.7639553381061059,-0.7639553381061059,-0.7639553381061059,-0.7639553381061059,-0.7639553381061059,-0.7639553381061059,-0.7639553381061059,-0.7639553381061059,-0.7639553381061059,-0.7639553381061059,-0.7639553381061059,-0.7639553381061059,-0.7639553381061059,-0.7639553381061059,-0.7639553381061059,-0.7639553381061059,-0.7639553381061059,-0.7639553381061059,-0.7639553381061059,-0.7639553381061059,-0.7639553381061059,-0.7639553381061059,-0.7639553381061059,-0.7639553381061059,-0.7639553381061059,-0.7639553381061059,-0.7639553381061059,-0.7639553381061059,-0.7639553381061059,-0.7639553381061059,-0.7639553381061059,-0.7639553381061059,-0.7639553381061059,-0.7639553381061059,-0.7639553381061059,-0.7639553381061059,-0.7639553381061059,-0.7639553381061059,-0.7639553381061059,-0.7639553381061059,-0.7639553381061059,-0.7639553381061059,-0.7639553381061059,-0.7639553381061059,-0.7639553381061059,-0.7639553381061059,-0.7639553381061059,-0.7639553381061059,-0.7639553381061059,-0.7639553381061059,-0.7639553381061059,-0.7639553381061059,-0.7639553381061059,-0.7639553381061059,-0.7639553381061059
SRR12148808_merged,1,Pos,PRJNA644054,Poultry,Turkey,,,,,,,,-0.33717853279761734,7.963598428053838,-0.33717853279761734,-0.33717853279761734,0.7614337558704936,1.8600460445386027,7.827047119468211,2.607260446368824,0.7614337558704936,-0.33717853279761734,-0.33717853279761734,-0.33717853279761734,-0.33717853279761734,-0.33717853279761734,-0.33717853279761734,-0.33717853279761734,-0.33717853279761734,-0.33717853279761734,2.4960348112585997,-0.33717853279761734,-0.33717853279761734,-0.33717853279761734,-0.33717853279761734,-0.33717853279761734,-0.33717853279761734,-0.33717853279761734,-0.33717853279761734,-0.33717853279761734,-0.33717853279761734,-0.33717853279761734,-0.33717853279761734,-0.33717853279761734,-0.33717853279761734,-0.33717853279761734,-0.33717853279761734,-0.33717853279761734,-0.33717853279761734,-0.33717853279761734,-0.33717853279761734,-0.33717853279761734,-0.33717853279761734,-0.33717853279761734,-0.33717853279761734,-0.33717853279761734,-0.33717853279761734,-0.33717853279761734,-0.33717853279761734,-0.33717853279761734,-0.33717853279761734,-0.33717853279761734,-0.33717853279761734,-0.33717853279761734,-0.33717853279761734,-0.33717853279761734,-0.33717853279761734,-0.33717853279761734,-0.33717853279761734,-0.33717853279761734,-0.33717853279761734,-0.33717853279761734,-0.33717853279761734,-0.33717853279761734,-0.33717853279761734,-0.33717853279761734,-0.33717853279761734,-0.33717853279761734,-0.33717853279761734,-0.33717853279761734,-0.33717853279761734,-0.33717853279761734,-0.33717853279761734,-0.33717853279761734,-0.33717853279761734,-0.33717853279761734,-0.33717853279761734,-0.33717853279761734,-0.33717853279761734,-0.33717853279761734,-0.33717853279761734
SRR12148809_merged,1,Pos,PRJNA644054,Poultry,Turkey,,,,,,,,6.408972985353897,6.168640136203475,3.196517728288618,2.9565670586580275,2.729177216462366,3.9224547316715546,2.174866480756637,-0.02235809657958221,4.3638265482429635,1.443978972213845,4.032321209250087,2.7708499128629347,2.6856921045226274,3.411629107905564,3.3898891212691575,3.4941501315935675,3.909467536144743,3.2484774672193293,6.97310276282166,-1.1209703852476922,-1.1209703852476922,-1.1209703852476922,-1.1209703852476922,-1.1209703852476922,-1.1209703852476922,-1.1209703852476922,-1.1209703852476922,-1.1209703852476922,-1.1209703852476922,-1.1209703852476922,-1.1209703852476922,-1.1209703852476922,-1.1209703852476922,-1.1209703852476922,-1.1209703852476922,-1.1209703852476922,-1.1209703852476922,-1.1209703852476922,-1.1209703852476922,-1.1209703852476922,-1.1209703852476922,-1.1209703852476922,-1.1209703852476922,-1.1209703852476922,-1.1209703852476922,-1.1209703852476922,-1.1209703852476922,-1.1209703852476922,-1.1209703852476922,-1.1209703852476922,-1.1209703852476922,-1.1209703852476922,-1.1209703852476922,-1.1209703852476922,-1.1209703852476922,-1.1209703852476922,-1.1209703852476922,-1.1209703852476922,-1.1209703852476922,-1.1209703852476922,-1.1209703852476922,-1.1209703852476922,-1.1209703852476922,-1.1209703852476922,-1.1209703852476922,-1.1209703852476922,-1.1209703852476922,-1.1209703852476922,-1.1209703852476922,-1.1209703852476922,-1.1209703852476922,-1.1209703852476922,-1.1209703852476922,-1.1209703852476922,-1.1209703852476922,-1.1209703852476922,-1.1209703852476922,-1.1209703852476922,-1.1209703852476922
SRR12148810_merged,1,Pos,PRJNA644054,Poultry,Turkey,,,,,,,,-0.33668713163736186,8.039172883662232,-0.33668713163736186,-0.33668713163736186,-0.33668713163736186,-0.33668713163736186,6.817146669941481,0.7619251570307481,1.2727507807967386,-0.33668713163736186,0.7619251570307481,-0.33668713163736186,0.7619251570307481,1.2727507807967386,-0.33668713163736186,-0.33668713163736186,-0.33668713163736186,1.2727507807967386,2.6077518475290793,-0.33668713163736186,-0.33668713163736186,-0.33668713163736186,-0.33668713163736186,-0.33668713163736186,-0.33668713163736186,-0.33668713163736186,-0.33668713163736186,-0.33668713163736186,-0.33668713163736186,-0.33668713163736186,-0.33668713163736186,-0.33668713163736186,-0.33668713163736186,-0.33668713163736186,-0.33668713163736186,-0.33668713163736186,-0.33668713163736186,-0.33668713163736186,-0.33668713163736186,-0.33668713163736186,-0.33668713163736186,-0.33668713163736186,-0.33668713163736186,-0.33668713163736186,-0.33668713163736186,-0.33668713163736186,-0.33668713163736186,-0.33668713163736186,-0.33668713163736186,-0.33668713163736186,-0.33668713163736186,-0.33668713163736186,-0.33668713163736186,-0.33668713163736186,-0.33668713163736186,-0.33668713163736186,-0.33668713163736186,-0.33668713163736186,-0.33668713163736186,-0.33668713163736186,-0.33668713163736186,-0.33668713163736186,-0.33668713163736186,-0.33668713163736186,-0.33668713163736186,-0.33668713163736186,-0.33668713163736186,-0.33668713163736186,-0.33668713163736186,-0.33668713163736186,-0.33668713163736186,-0.33668713163736186,-0.33668713163736186,-0.33668713163736186,-0.33668713163736186,-0.33668713163736186,-0.33668713163736186,-0.33668713163736186,-0.33668713163736186
SRR12148811_merged,1,Pos,PRJNA644054,Poultry,Turkey,,,,,,,,5.81864350724568,6.724551890077618,0.9681769653022458,0.45735134153625534,-0.6412609471318547,0.45735134153625534,7.615865338865575,5.172869584693212,1.9236884103296825,-0.6412609471318547,0.9681769653022458,-0.6412609471318547,-0.6412609471318547,0.9681769653022458,0.45735134153625534,1.3046492019234588,1.3046492019234588,1.9236884103296825,4.975510150534717,-0.6412609471318547,-0.6412609471318547,-0.6412609471318547,-0.6412609471318547,-0.6412609471318547,-0.6412609471318547,-0.6412609471318547,-0.6412609471318547,-0.6412609471318547,-0.6412609471318547,-0.6412609471318547,-0.6412609471318547,-0.6412609471318547,-0.6412609471318547,-0.6412609471318547,-0.6412609471318547,-0.6412609471318547,-0.6412609471318547,-0.6412609471318547,-0.6412609471318547,-0.6412609471318547,-0.6412609471318547,-0.6412609471318547,-0.6412609471318547,-0.6412609471318547,-0.6412609471318547,-0.6412609471318547,-0.6412609471318547,-0.6412609471318547,-0.6412609471318547,-0.6412609471318547,-0.6412609471318547,-0.6412609471318547,-0.6412609471318547,-0.6412609471318547,-0.6412609471318547,-0.6412609471318547,-0.6412609471318547,-0.6412609471318547,-0.6412609471318547,-0.6412609471318547,-0.6412609471318547,-0.6412609471318547,-0.6412609471318547,-0.6412609471318547,-0.6412609471318547,-0.6412609471318547,-0.6412609471318547,-0.6412609471318547,-0.6412609471318547,-0.6412609471318547,-0.6412609471318547,-0.6412609471318547,-0.6412609471318547,-0.6412609471318547,-0.6412609471318547,-0.6412609471318547,-0.6412609471318547,-0.6412609471318547,-0.6412609471318547
SRR12148812_merged,1,Pos,PRJNA644054,Poultry,Turkey,,,,,,,,6.818836132554747,7.046081818484766,1.7640067580381515,0.6653944693700424,-0.43321781929806846,-0.43321781929806846,7.814002233447162,-0.43321781929806846,0.6653944693700424,-0.43321781929806846,-0.43321781929806846,-0.43321781929806846,-0.43321781929806846,-0.43321781929806846,-0.43321781929806846,0.6653944693700424,0.6653944693700424,0.6653944693700424,3.1221302421913464,-0.43321781929806846,-0.43321781929806846,-0.43321781929806846,-0.43321781929806846,-0.43321781929806846,-0.43321781929806846,-0.43321781929806846,-0.43321781929806846,-0.43321781929806846,-0.43321781929806846,-0.43321781929806846,-0.43321781929806846,-0.43321781929806846,-0.43321781929806846,-0.43321781929806846,-0.43321781929806846,-0.43321781929806846,-0.43321781929806846,-0.43321781929806846,-0.43321781929806846,-0.43321781929806846,-0.43321781929806846,-0.43321781929806846,-0.43321781929806846,-0.43321781929806846,-0.43321781929806846,-0.43321781929806846,-0.43321781929806846,-0.43321781929806846,-0.43321781929806846,-0.43321781929806846,-0.43321781929806846,-0.43321781929806846,-0.43321781929806846,-0.43321781929806846,-0.43321781929806846,-0.43321781929806846,-0.43321781929806846,-0.43321781929806846,-0.43321781929806846,-0.43321781929806846,-0.43321781929806846,-0.43321781929806846,-0.43321781929806846,-0.43321781929806846,-0.43321781929806846,-0.43321781929806846,-0.43321781929806846,-0.43321781929806846,-0.43321781929806846,-0.43321781929806846,-0.43321781929806846,-0.43321781929806846,-0.43321781929806846,-0.43321781929806846,-0.43321781929806846,-0.43321781929806846,-0.43321781929806846,-0.43321781929806846,-0.43321781929806846
SRR12148813_merged,1,Pos,PRJNA644054,Poultry,Turkey,,,,,,,,4.665007007626851,5.833960785653206,2.6521262324653545,2.3744944958670757,1.720568028460411,0.25423095966698384,7.505812321718942,1.3528432483350938,2.7665365836430986,0.7650565834329752,2.589605875484021,-0.8443813290011262,1.1015288200541882,1.5535139437972454,1.1015288200541882,4.320404644922389,3.550067825671313,2.2911128869280244,5.1088620052866585,-0.8443813290011262,-0.8443813290011262,-0.8443813290011262,-0.8443813290011262,-0.8443813290011262,-0.8443813290011262,-0.8443813290011262,-0.8443813290011262,-0.8443813290011262,-0.8443813290011262,-0.8443813290011262,-0.8443813290011262,-0.8443813290011262,-0.8443813290011262,-0.8443813290011262,-0.8443813290011262,-0.8443813290011262,-0.8443813290011262,-0.8443813290011262,-0.8443813290011262,-0.8443813290011262,-0.8443813290011262,-0.8443813290011262,-0.8443813290011262,-0.8443813290011262,-0.8443813290011262,-0.8443813290011262,-0.8443813290011262,-0.8443813290011262,-0.8443813290011262,-0.8443813290011262,-0.8443813290011262,-0.8443813290011262,-0.8443813290011262,-0.8443813290011262,-0.8443813290011262,-0.8443813290011262,-0.8443813290011262,-0.8443813290011262,-0.8443813290011262,-0.8443813290011262,-0.8443813290011262,-0.8443813290011262,-0.8443813290011262,-0.8443813290011262,-0.8443813290011262,-0.8443813290011262,-0.8443813290011262,-0.8443813290011262,-0.8443813290011262,-0.8443813290011262,-0.8443813290011262,-0.8443813290011262,-0.8443813290011262,-0.8443813290011262,-0.8443813290011262,-0.8443813290011262,-0.8443813290011262,-0.8443813290011262,-0.8443813290011262
SRR12148814_merged,1,Pos,PRJNA644054,Poultry,Turkey,,,,,,,,7.764881328594942,4.437888228045724,4.053329804756873,1.2738206396725182,1.9098094063925153,3.2197307887278317,2.0210350415027394,0.6860339747703996,4.437888228045724,2.3724329283406282,2.443891892322773,1.7846462634385087,1.2738206396725182,1.7846462634385087,1.4744913351346698,1.7846462634385087,4.2969518874146235,2.443891892322773,5.940399453789253,-0.9234039376637018,-0.9234039376637018,-0.9234039376637018,-0.9234039376637018,-0.9234039376637018,-0.9234039376637018,-0.9234039376637018,-0.9234039376637018,-0.9234039376637018,-0.9234039376637018,-0.9234039376637018,-0.9234039376637018,-0.9234039376637018,-0.9234039376637018,-0.9234039376637018,-0.9234039376637018,-0.9234039376637018,-0.9234039376637018,-0.9234039376637018,-0.9234039376637018,-0.9234039376637018,-0.9234039376637018,-0.9234039376637018,-0.9234039376637018,-0.9234039376637018,-0.9234039376637018,-0.9234039376637018,-0.9234039376637018,-0.9234039376637018,-0.9234039376637018,-0.9234039376637018,-0.9234039376637018,-0.9234039376637018,-0.9234039376637018,-0.9234039376637018,-0.9234039376637018,-0.9234039376637018,-0.9234039376637018,-0.9234039376637018,-0.9234039376637018,-0.9234039376637018,-0.9234039376637018,-0.9234039376637018,-0.9234039376637018,-0.9234039376637018,-0.9234039376637018,-0.9234039376637018,-0.9234039376637018,-0.9234039376637018,-0.9234039376637018,-0.9234039376637018,-0.9234039376637018,-0.9234039376637018,-0.9234039376637018,-0.9234039376637018,-0.9234039376637018,-0.9234039376637018,-0.9234039376637018,-0.9234039376637018,-0.9234039376637018
SRR12148815_merged,1,Pos,PRJNA644054,Poultry,Turkey,,,,,,,,5.400017868187615,6.145377920194495,4.0560164192579755,3.7071983468144634,1.6703164195534237,2.517614279940627,2.0067886561746366,6.404758941245654,4.3329042465788765,1.3601614912495839,3.4509025881833537,1.3601614912495839,-1.0377337815487868,1.1594907957874332,3.0731400826245245,2.517614279940627,3.577386735292473,3.473125724968064,7.088784387231922,-1.0377337815487868,-1.0377337815487868,-1.0377337815487868,-1.0377337815487868,-1.0377337815487868,-1.0377337815487868,-1.0377337815487868,-1.0377337815487868,-1.0377337815487868,-1.0377337815487868,-1.0377337815487868,-1.0377337815487868,-1.0377337815487868,-1.0377337815487868,-1.0377337815487868,-1.0377337815487868,-1.0377337815487868,-1.0377337815487868,-1.0377337815487868,-1.0377337815487868,-1.0377337815487868,-1.0377337815487868,-1.0377337815487868,-1.0377337815487868,-1.0377337815487868,-1.0377337815487868,-1.0377337815487868,-1.0377337815487868,-1.0377337815487868,-1.0377337815487868,-1.0377337815487868,-1.0377337815487868,-1.0377337815487868,-1.0377337815487868,-1.0377337815487868,-1.0377337815487868,-1.0377337815487868,-1.0377337815487868,-1.0377337815487868,-1.0377337815487868,-1.0377337815487868,-1.0377337815487868,-1.0377337815487868,-1.0377337815487868,-1.0377337815487868,-1.0377337815487868,-1.0377337815487868,-1.0377337815487868,-1.0377337815487868,-1.0377337815487868,-1.0377337815487868,-1.0377337815487868,-1.0377337815487868,-1.0377337815487868,-1.0377337815487868,-1.0377337815487868,-1.0377337815487868,-1.0377337815487868,-1.0377337815487868,-1.0377337815487868
SRR12148817_merged,1,Pos,PRJNA644054,Poultry,Turkey,,,,,,,,3.772269338833989,7.871329135006436,-0.43242328055697676,-0.43242328055697676,1.1770146318771237,-0.43242328055697676,8.034528694422514,1.5134868684983367,1.1770146318771237,2.275626920545233,-0.43242328055697676,-0.43242328055697676,-0.43242328055697676,-0.43242328055697676,-0.43242328055697676,-0.43242328055697676,-0.43242328055697676,1.5134868684983367,2.934872549429497,-0.43242328055697676,-0.43242328055697676,-0.43242328055697676,-0.43242328055697676,-0.43242328055697676,-0.43242328055697676,-0.43242328055697676,-0.43242328055697676,-0.43242328055697676,-0.43242328055697676,-0.43242328055697676,-0.43242328055697676,-0.43242328055697676,-0.43242328055697676,-0.43242328055697676,-0.43242328055697676,-0.43242328055697676,-0.43242328055697676,-0.43242328055697676,-0.43242328055697676,-0.43242328055697676,-0.43242328055697676,-0.43242328055697676,-0.43242328055697676,-0.43242328055697676,-0.43242328055697676,-0.43242328055697676,-0.43242328055697676,-0.43242328055697676,-0.43242328055697676,-0.43242328055697676,-0.43242328055697676,-0.43242328055697676,-0.43242328055697676,-0.43242328055697676,-0.43242328055697676,-0.43242328055697676,-0.43242328055697676,-0.43242328055697676,-0.43242328055697676,-0.43242328055697676,-0.43242328055697676,-0.43242328055697676,-0.43242328055697676,-0.43242328055697676,-0.43242328055697676,-0.43242328055697676,-0.43242328055697676,-0.43242328055697676,-0.43242328055697676,-0.43242328055697676,-0.43242328055697676,-0.43242328055697676,-0.43242328055697676,-0.43242328055697676,-0.43242328055697676,-0.43242328055697676,-0.43242328055697676,-0.43242328055697676,-0.43242328055697676
SRR12148818_merged,1,Pos,PRJNA644054,Poultry,Turkey,,,,,,,,3.5869990251817248,7.75705845494385,-0.4560522426528255,-0.4560522426528255,-0.4560522426528255,-0.4560522426528255,7.924404425189941,1.7411723346833936,2.3771611014033907,0.6425600460152845,1.489857906402488,-0.4560522426528255,-0.4560522426528255,1.489857906402488,-0.4560522426528255,-0.4560522426528255,1.153385669781275,-0.4560522426528255,3.3051478730407373,-0.4560522426528255,-0.4560522426528255,-0.4560522426528255,-0.4560522426528255,-0.4560522426528255,-0.4560522426528255,-0.4560522426528255,-0.4560522426528255,-0.4560522426528255,-0.4560522426528255,-0.4560522426528255,-0.4560522426528255,-0.4560522426528255,-0.4560522426528255,-0.4560522426528255,-0.4560522426528255,-0.4560522426528255,-0.4560522426528255,-0.4560522426528255,-0.4560522426528255,-0.4560522426528255,-0.4560522426528255,-0.4560522426528255,-0.4560522426528255,-0.4560522426528255,-0.4560522426528255,-0.4560522426528255,-0.4560522426528255,-0.4560522426528255,-0.4560522426528255,-0.4560522426528255,-0.4560522426528255,-0.4560522426528255,-0.4560522426528255,-0.4560522426528255,-0.4560522426528255,-0.4560522426528255,-0.4560522426528255,-0.4560522426528255,-0.4560522426528255,-0.4560522426528255,-0.4560522426528255,-0.4560522426528255,-0.4560522426528255,-0.4560522426528255,-0.4560522426528255,-0.4560522426528255,-0.4560522426528255,-0.4560522426528255,-0.4560522426528255,-0.4560522426528255,-0.4560522426528255,-0.4560522426528255,-0.4560522426528255,-0.4560522426528255,-0.4560522426528255,-0.4560522426528255,-0.4560522426528255,-0.4560522426528255,-0.4560522426528255
SRR12148819_merged,1,Pos,PRJNA644054,Poultry,Turkey,,,,,,,,5.175364744647785,4.140532457278094,3.080202355181001,2.928396342312997,2.314030039606166,2.8248556633721567,3.3501219712929418,3.306158847871825,3.4714828282972086,2.3728705396290994,6.2021328613166595,2.314030039606166,2.5310945448439934,4.00490828398044,3.5270526794520194,3.2363630859362837,4.911092248184821,3.8079550649184215,7.450006713890658,-1.1824775218603136,-1.1824775218603136,-1.1824775218603136,-1.1824775218603136,-1.1824775218603136,-1.1824775218603136,-1.1824775218603136,-1.1824775218603136,-1.1824775218603136,-1.1824775218603136,-1.1824775218603136,-1.1824775218603136,-1.1824775218603136,-1.1824775218603136,-1.1824775218603136,-1.1824775218603136,-1.1824775218603136,-1.1824775218603136,-1.1824775218603136,-1.1824775218603136,-1.1824775218603136,-1.1824775218603136,-1.1824775218603136,-1.1824775218603136,-1.1824775218603136,-1.1824775218603136,-1.1824775218603136,-1.1824775218603136,-1.1824775218603136,-1.1824775218603136,-1.1824775218603136,-1.1824775218603136,-1.1824775218603136,-1.1824775218603136,-1.1824775218603136,-1.1824775218603136,-1.1824775218603136,-1.1824775218603136,-1.1824775218603136,-1.1824775218603136,-1.1824775218603136,-1.1824775218603136,-1.1824775218603136,-1.1824775218603136,-1.1824775218603136,-1.1824775218603136,-1.1824775218603136,-1.1824775218603136,-1.1824775218603136,-1.1824775218603136,-1.1824775218603136,-1.1824775218603136,-1.1824775218603136,-1.1824775218603136,-1.1824775218603136,-1.1824775218603136,-1.1824775218603136,-1.1824775218603136,-1.1824775218603136,-1.1824775218603136
SRR12148820_merged,1,Pos,PRJNA644054,Poultry,Turkey,,,,,,,,3.2977257584727235,7.130412021664348,1.6180835873653745,0.31880060323511383,1.9282385156692143,2.2647107522904264,7.816377512209739,-0.7798116854329962,1.9282385156692143,0.8296262270011043,2.3556825304961535,0.8296262270011043,0.8296262270011043,2.05340165862322,0.8296262270011043,3.510647755715395,3.1904802281191253,1.7851376720285401,5.052070791850521,-0.7798116854329962,-0.7798116854329962,-0.7798116854329962,-0.7798116854329962,-0.7798116854329962,-0.7798116854329962,-0.7798116854329962,-0.7798116854329962,-0.7798116854329962,-0.7798116854329962,-0.7798116854329962,-0.7798116854329962,-0.7798116854329962,-0.7798116854329962,-0.7798116854329962,-0.7798116854329962,-0.7798116854329962,-0.7798116854329962,-0.7798116854329962,-0.7798116854329962,-0.7798116854329962,-0.7798116854329962,-0.7798116854329962,-0.7798116854329962,-0.7798116854329962,-0.7798116854329962,-0.7798116854329962,-0.7798116854329962,-0.7798116854329962,-0.7798116854329962,-0.7798116854329962,-0.7798116854329962,-0.7798116854329962,-0.7798116854329962,-0.7798116854329962,-0.7798116854329962,-0.7798116854329962,-0.7798116854329962,-0.7798116854329962,-0.7798116854329962,-0.7798116854329962,-0.7798116854329962,-0.7798116854329962,-0.7798116854329962,-0.7798116854329962,-0.7798116854329962,-0.7798116854329962,-0.7798116854329962,-0.7798116854329962,-0.7798116854329962,-0.7798116854329962,-0.7798116854329962,-0.7798116854329962,-0.7798116854329962,-0.7798116854329962,-0.7798116854329962,-0.7798116854329962,-0.7798116854329962,-0.7798116854329962,-0.7798116854329962
SRR12148821_merged,1,Pos,PRJNA644054,Poultry,Turkey,,,,,,,,6.636786692391484,5.025097794201065,3.7877089929552854,1.3502045820618687,-0.8470199952743513,3.8258088391875553,2.4488168707299787,1.9861933487818657,3.1960312725602,-0.8470199952743513,0.25159229339375955,1.3502045820618687,1.8610302058278592,0.25159229339375955,3.296114731117182,2.3718558295938497,4.798426902368886,2.197502442449072,7.880272033935288,-0.8470199952743513,-0.8470199952743513,-0.8470199952743513,-0.8470199952743513,-0.8470199952743513,-0.8470199952743513,-0.8470199952743513,-0.8470199952743513,-0.8470199952743513,-0.8470199952743513,-0.8470199952743513,-0.8470199952743513,-0.8470199952743513,-0.8470199952743513,-0.8470199952743513,-0.8470199952743513,-0.8470199952743513,-0.8470199952743513,-0.8470199952743513,-0.8470199952743513,-0.8470199952743513,-0.8470199952743513,-0.8470199952743513,-0.8470199952743513,-0.8470199952743513,-0.8470199952743513,-0.8470199952743513,-0.8470199952743513,-0.8470199952743513,-0.8470199952743513,-0.8470199952743513,-0.8470199952743513,-0.8470199952743513,-0.8470199952743513,-0.8470199952743513,-0.8470199952743513,-0.8470199952743513,-0.8470199952743513,-0.8470199952743513,-0.8470199952743513,-0.8470199952743513,-0.8470199952743513,-0.8470199952743513,-0.8470199952743513,-0.8470199952743513,-0.8470199952743513,-0.8470199952743513,-0.8470199952743513,-0.8470199952743513,-0.8470199952743513,-0.8470199952743513,-0.8470199952743513,-0.8470199952743513,-0.8470199952743513,-0.8470199952743513,-0.8470199952743513,-0.8470199952743513,-0.8470199952743513,-0.8470199952743513,-0.8470199952743513
SRR12148822_merged,1,Pos,PRJNA644054,Poultry,Turkey,,,,,,,,1.172009016234882,7.874706211449195,-0.43742889619921854,-0.43742889619921854,-0.43742889619921854,0.6611833924688924,8.092680520483565,2.270621304902992,1.172009016234882,2.270621304902992,1.172009016234882,-0.43742889619921854,-0.43742889619921854,1.172009016234882,-0.43742889619921854,-0.43742889619921854,-0.43742889619921854,0.6611833924688924,3.2261327499304286,-0.43742889619921854,-0.43742889619921854,-0.43742889619921854,-0.43742889619921854,-0.43742889619921854,-0.43742889619921854,-0.43742889619921854,-0.43742889619921854,-0.43742889619921854,-0.43742889619921854,-0.43742889619921854,-0.43742889619921854,-0.43742889619921854,-0.43742889619921854,-0.43742889619921854,-0.43742889619921854,-0.43742889619921854,-0.43742889619921854,-0.43742889619921854,-0.43742889619921854,-0.43742889619921854,-0.43742889619921854,-0.43742889619921854,-0.43742889619921854,-0.43742889619921854,-0.43742889619921854,-0.43742889619921854,-0.43742889619921854,-0.43742889619921854,-0.43742889619921854,-0.43742889619921854,-0.43742889619921854,-0.43742889619921854,-0.43742889619921854,-0.43742889619921854,-0.43742889619921854,-0.43742889619921854,-0.43742889619921854,-0.43742889619921854,-0.43742889619921854,-0.43742889619921854,-0.43742889619921854,-0.43742889619921854,-0.43742889619921854,-0.43742889619921854,-0.43742889619921854,-0.43742889619921854,-0.43742889619921854,-0.43742889619921854,-0.43742889619921854,-0.43742889619921854,-0.43742889619921854,-0.43742889619921854,-0.43742889619921854,-0.43742889619921854,-0.43742889619921854,-0.43742889619921854,-0.43742889619921854,-0.43742889619921854,-0.43742889619921854
SRR12148823_merged,1,Pos,PRJNA644054,Poultry,Turkey,,,,,,,,6.3425497607991925,7.879631154437099,2.252181346956731,1.7726082666948448,0.817096821667409,1.153569058288622,4.263904714581616,-0.7923410907666923,2.7041664706997883,0.817096821667409,3.014321399003628,-0.7923410907666923,1.4048834865695277,2.4265347341015087,0.30627119790141766,2.152097888399749,4.112933687671737,2.0408722532895247,5.664428564805472,-0.7923410907666923,-0.7923410907666923,-0.7923410907666923,-0.7923410907666923,-0.7923410907666923,-0.7923410907666923,-0.7923410907666923,-0.7923410907666923,-0.7923410907666923,-0.7923410907666923,-0.7923410907666923,-0.7923410907666923,-0.7923410907666923,-0.7923410907666923,-0.7923410907666923,-0.7923410907666923,-0.7923410907666923,-0.7923410907666923,-0.7923410907666923,-0.7923410907666923,-0.7923410907666923,-0.7923410907666923,-0.7923410907666923,-0.7923410907666923,-0.7923410907666923,-0.7923410907666923,-0.7923410907666923,-0.7923410907666923,-0.7923410907666923,-0.7923410907666923,-0.7923410907666923,-0.7923410907666923,-0.7923410907666923,-0.7923410907666923,-0.7923410907666923,-0.7923410907666923,-0.7923410907666923,-0.7923410907666923,-0.7923410907666923,-0.7923410907666923,-0.7923410907666923,-0.7923410907666923,-0.7923410907666923,-0.7923410907666923,-0.7923410907666923,-0.7923410907666923,-0.7923410907666923,-0.7923410907666923,-0.7923410907666923,-0.7923410907666923,-0.7923410907666923,-0.7923410907666923,-0.7923410907666923,-0.7923410907666923,-0.7923410907666923,-0.7923410907666923,-0.7923410907666923,-0.7923410907666923,-0.7923410907666923,-0.7923410907666923
SRR12148824_merged,1,Pos,PRJNA644054,Poultry,Turkey,,,,,,,,0.9520357958698771,7.73263928919153,-0.6574021165642225,-0.6574021165642225,1.5398224607719957,1.5398224607719957,7.4482072857356725,2.776585087920923,3.192745485145835,0.4412101721038866,-0.6574021165642225,0.4412101721038866,0.9520357958698771,1.5398224607719957,1.28850803249109,1.5398224607719957,3.453471747609088,2.287036862602217,4.291357773813945,-0.6574021165642225,-0.6574021165642225,-0.6574021165642225,-0.6574021165642225,-0.6574021165642225,-0.6574021165642225,-0.6574021165642225,-0.6574021165642225,-0.6574021165642225,-0.6574021165642225,-0.6574021165642225,-0.6574021165642225,-0.6574021165642225,-0.6574021165642225,-0.6574021165642225,-0.6574021165642225,-0.6574021165642225,-0.6574021165642225,-0.6574021165642225,-0.6574021165642225,-0.6574021165642225,-0.6574021165642225,-0.6574021165642225,-0.6574021165642225,-0.6574021165642225,-0.6574021165642225,-0.6574021165642225,-0.6574021165642225,-0.6574021165642225,-0.6574021165642225,-0.6574021165642225,-0.6574021165642225,-0.6574021165642225,-0.6574021165642225,-0.6574021165642225,-0.6574021165642225,-0.6574021165642225,-0.6574021165642225,-0.6574021165642225,-0.6574021165642225,-0.6574021165642225,-0.6574021165642225,-0.6574021165642225,-0.6574021165642225,-0.6574021165642225,-0.6574021165642225,-0.6574021165642225,-0.6574021165642225,-0.6574021165642225,-0.6574021165642225,-0.6574021165642225,-0.6574021165642225,-0.6574021165642225,-0.6574021165642225,-0.6574021165642225,-0.6574021165642225,-0.6574021165642225,-0.6574021165642225,-0.6574021165642225,-0.6574021165642225
SRR12148825_merged,1,Pos,PRJNA644054,Poultry,Turkey,,,,,,,,7.13550416236544,5.765230487188772,2.0020101687879333,3.4816364697000433,3.009650679250316,3.8293605831186905,3.4203928444593243,2.0853917777269846,3.6114480812220338,2.4774338655030084,4.766413306441275,1.2644112256571542,2.7583362509694105,2.233811782845258,2.6277160685523464,3.984509765275539,3.935420155079015,3.5393447873206902,6.081020367009927,-1.1334840471412155,-1.1334840471412155,-1.1334840471412155,-1.1334840471412155,-1.1334840471412155,-1.1334840471412155,-1.1334840471412155,-1.1334840471412155,-1.1334840471412155,-1.1334840471412155,-1.1334840471412155,-1.1334840471412155,-1.1334840471412155,-1.1334840471412155,-1.1334840471412155,-1.1334840471412155,-1.1334840471412155,-1.1334840471412155,-1.1334840471412155,-1.1334840471412155,-1.1334840471412155,-1.1334840471412155,-1.1334840471412155,-1.1334840471412155,-1.1334840471412155,-1.1334840471412155,-1.1334840471412155,-1.1334840471412155,-1.1334840471412155,-1.1334840471412155,-1.1334840471412155,-1.1334840471412155,-1.1334840471412155,-1.1334840471412155,-1.1334840471412155,-1.1334840471412155,-1.1334840471412155,-1.1334840471412155,-1.1334840471412155,-1.1334840471412155,-1.1334840471412155,-1.1334840471412155,-1.1334840471412155,-1.1334840471412155,-1.1334840471412155,-1.1334840471412155,-1.1334840471412155,-1.1334840471412155,-1.1334840471412155,-1.1334840471412155,-1.1334840471412155,-1.1334840471412155,-1.1334840471412155,-1.1334840471412155,-1.1334840471412155,-1.1334840471412155,-1.1334840471412155,-1.1334840471412155,-1.1334840471412155,-1.1334840471412155
SRR12148826_merged,1,Pos,PRJNA644054,Poultry,Turkey,,,,,,,,0.42563358418588493,5.656742201040472,3.897600036736248,2.3715437332411984,4.820082738858324,4.82500885719438,3.411315521886375,2.8592469395863347,5.440260899551678,4.241145689233187,2.4797573178814316,3.5783696065495407,2.2501828762369307,2.959330398143318,3.020888291142751,4.057942686811428,4.395925497738007,3.5783696065495407,6.7589132123255755,-1.1838043282482156,-1.1838043282482156,-1.1838043282482156,-1.1838043282482156,-1.1838043282482156,-1.1838043282482156,-1.1838043282482156,-1.1838043282482156,-1.1838043282482156,-1.1838043282482156,-1.1838043282482156,-1.1838043282482156,-1.1838043282482156,-1.1838043282482156,-1.1838043282482156,-1.1838043282482156,-1.1838043282482156,-1.1838043282482156,-1.1838043282482156,-1.1838043282482156,-1.1838043282482156,-1.1838043282482156,-1.1838043282482156,-1.1838043282482156,-1.1838043282482156,-1.1838043282482156,-1.1838043282482156,-1.1838043282482156,-1.1838043282482156,-1.1838043282482156,-1.1838043282482156,-1.1838043282482156,-1.1838043282482156,-1.1838043282482156,-1.1838043282482156,-1.1838043282482156,-1.1838043282482156,-1.1838043282482156,-1.1838043282482156,-1.1838043282482156,-1.1838043282482156,-1.1838043282482156,-1.1838043282482156,-1.1838043282482156,-1.1838043282482156,-1.1838043282482156,-1.1838043282482156,-1.1838043282482156,-1.1838043282482156,-1.1838043282482156,-1.1838043282482156,-1.1838043282482156,-1.1838043282482156,-1.1838043282482156,-1.1838043282482156,-1.1838043282482156,-1.1838043282482156,-1.1838043282482156,-1.1838043282482156,-1.1838043282482156
SRR12148828_merged,1,Pos,PRJNA644054,Poultry,Turkey,,,,,,,,5.5659052950747725,7.218018995998803,2.6563390899224615,3.3610470928834824,1.7283523182851148,3.69092951982564,3.96404317644913,2.0306331901580483,4.918586567189932,2.9726764181346184,2.826964606953225,2.1140147990970997,1.9396614119523212,3.00601283840221,2.1140147990970997,2.1140147990970997,4.482387632629148,3.26458682669592,6.323472168419705,-1.1048610257711013,-1.1048610257711013,-1.1048610257711013,-1.1048610257711013,-1.1048610257711013,-1.1048610257711013,-1.1048610257711013,-1.1048610257711013,-1.1048610257711013,-1.1048610257711013,-1.1048610257711013,-1.1048610257711013,-1.1048610257711013,-1.1048610257711013,-1.1048610257711013,-1.1048610257711013,-1.1048610257711013,-1.1048610257711013,-1.1048610257711013,-1.1048610257711013,-1.1048610257711013,-1.1048610257711013,-1.1048610257711013,-1.1048610257711013,-1.1048610257711013,-1.1048610257711013,-1.1048610257711013,-1.1048610257711013,-1.1048610257711013,-1.1048610257711013,-1.1048610257711013,-1.1048610257711013,-1.1048610257711013,-1.1048610257711013,-1.1048610257711013,-1.1048610257711013,-1.1048610257711013,-1.1048610257711013,-1.1048610257711013,-1.1048610257711013,-1.1048610257711013,-1.1048610257711013,-1.1048610257711013,-1.1048610257711013,-1.1048610257711013,-1.1048610257711013,-1.1048610257711013,-1.1048610257711013,-1.1048610257711013,-1.1048610257711013,-1.1048610257711013,-1.1048610257711013,-1.1048610257711013,-1.1048610257711013,-1.1048610257711013,-1.1048610257711013,-1.1048610257711013,-1.1048610257711013,-1.1048610257711013,-1.1048610257711013
SRR12148829_merged,1,Pos,PRJNA644054,Poultry,Turkey,,,,,,,,5.351385122026712,7.439483060936364,3.0534260974214487,2.810864460250137,2.9565762714315307,2.640238943219374,1.8234778066922521,2.434386889015225,3.7693879557475647,2.770859125636438,4.110147444380398,3.1417187045671264,0.8249489765811244,3.3898983340426616,3.1131453321230707,2.810864460250137,5.134788869279179,3.222844249379495,6.459228245470352,-1.120961172474189,-1.120961172474189,-1.120961172474189,-1.120961172474189,-1.120961172474189,-1.120961172474189,-1.120961172474189,-1.120961172474189,-1.120961172474189,-1.120961172474189,-1.120961172474189,-1.120961172474189,-1.120961172474189,-1.120961172474189,-1.120961172474189,-1.120961172474189,-1.120961172474189,-1.120961172474189,-1.120961172474189,-1.120961172474189,-1.120961172474189,-1.120961172474189,-1.120961172474189,-1.120961172474189,-1.120961172474189,-1.120961172474189,-1.120961172474189,-1.120961172474189,-1.120961172474189,-1.120961172474189,-1.120961172474189,-1.120961172474189,-1.120961172474189,-1.120961172474189,-1.120961172474189,-1.120961172474189,-1.120961172474189,-1.120961172474189,-1.120961172474189,-1.120961172474189,-1.120961172474189,-1.120961172474189,-1.120961172474189,-1.120961172474189,-1.120961172474189,-1.120961172474189,-1.120961172474189,-1.120961172474189,-1.120961172474189,-1.120961172474189,-1.120961172474189,-1.120961172474189,-1.120961172474189,-1.120961172474189,-1.120961172474189,-1.120961172474189,-1.120961172474189,-1.120961172474189,-1.120961172474189,-1.120961172474189
SRR12148830_merged,1,Pos,PRJNA644054,Poultry,Turkey,,,,,,,,3.8098321555677597,6.447368572342311,2.574644331893899,2.9719461293629026,2.9719461293629026,3.1785603787259022,6.085825670957562,1.5691224662918017,2.1569091311939204,3.004206991581124,4.607275455729745,2.938609709095311,1.8055112443560315,3.8515048519683277,3.3936717583428475,3.1785603787259022,4.433226297367356,3.1237521422309067,6.233190293527378,-1.1389277348104079,-1.1389277348104079,-1.1389277348104079,-1.1389277348104079,-1.1389277348104079,-1.1389277348104079,-1.1389277348104079,-1.1389277348104079,-1.1389277348104079,-1.1389277348104079,-1.1389277348104079,-1.1389277348104079,-1.1389277348104079,-1.1389277348104079,-1.1389277348104079,-1.1389277348104079,-1.1389277348104079,-1.1389277348104079,-1.1389277348104079,-1.1389277348104079,-1.1389277348104079,-1.1389277348104079,-1.1389277348104079,-1.1389277348104079,-1.1389277348104079,-1.1389277348104079,-1.1389277348104079,-1.1389277348104079,-1.1389277348104079,-1.1389277348104079,-1.1389277348104079,-1.1389277348104079,-1.1389277348104079,-1.1389277348104079,-1.1389277348104079,-1.1389277348104079,-1.1389277348104079,-1.1389277348104079,-1.1389277348104079,-1.1389277348104079,-1.1389277348104079,-1.1389277348104079,-1.1389277348104079,-1.1389277348104079,-1.1389277348104079,-1.1389277348104079,-1.1389277348104079,-1.1389277348104079,-1.1389277348104079,-1.1389277348104079,-1.1389277348104079,-1.1389277348104079,-1.1389277348104079,-1.1389277348104079,-1.1389277348104079,-1.1389277348104079,-1.1389277348104079,-1.1389277348104079,-1.1389277348104079,-1.1389277348104079
SRR12148831_merged,1,Pos,PRJNA644054,Poultry,Turkey,,,,,,,,-1.1160392813187228,5.188409521103258,4.048746692604791,3.479080568815867,2.8542526322333988,3.774309846903031,-1.1160392813187228,2.775781016791904,3.9528649209015088,3.96536508366574,4.931332897727556,3.479080568815867,1.4489100761428135,4.28212342019903,3.8606944611018514,3.6288928470445274,6.059450432305499,4.115069335535864,7.350071119868199,-1.1160392813187228,-1.1160392813187228,-1.1160392813187228,-1.1160392813187228,-1.1160392813187228,-1.1160392813187228,-1.1160392813187228,-1.1160392813187228,-1.1160392813187228,-1.1160392813187228,-1.1160392813187228,-1.1160392813187228,-1.1160392813187228,-1.1160392813187228,-1.1160392813187228,-1.1160392813187228,-1.1160392813187228,-1.1160392813187228,-1.1160392813187228,-1.1160392813187228,-1.1160392813187228,-1.1160392813187228,-1.1160392813187228,-1.1160392813187228,-1.1160392813187228,-1.1160392813187228,-1.1160392813187228,-1.1160392813187228,-1.1160392813187228,-1.1160392813187228,-1.1160392813187228,-1.1160392813187228,-1.1160392813187228,-1.1160392813187228,-1.1160392813187228,-1.1160392813187228,-1.1160392813187228,-1.1160392813187228,-1.1160392813187228,-1.1160392813187228,-1.1160392813187228,-1.1160392813187228,-1.1160392813187228,-1.1160392813187228,-1.1160392813187228,-1.1160392813187228,-1.1160392813187228,-1.1160392813187228,-1.1160392813187228,-1.1160392813187228,-1.1160392813187228,-1.1160392813187228,-1.1160392813187228,-1.1160392813187228,-1.1160392813187228,-1.1160392813187228,-1.1160392813187228,-1.1160392813187228,-1.1160392813187228,-1.1160392813187228
SRR12148832_merged,1,Pos,PRJNA644054,Poultry,Turkey,,,,,,,,-0.9159746630003749,7.361691497851129,-0.9159746630003749,1.0299354860549386,2.8906878267699447,3.161562780905345,6.914848332134941,5.10261855149586,3.4534731894666466,4.046869967259532,0.6934632494337256,0.18263762566773512,0.18263762566773512,2.451321166986099,5.489253795030466,1.7920755381018356,2.975845635110252,3.4278307588533092,5.633676079233435,-0.9159746630003749,-0.9159746630003749,-0.9159746630003749,-0.9159746630003749,-0.9159746630003749,-0.9159746630003749,-0.9159746630003749,-0.9159746630003749,-0.9159746630003749,-0.9159746630003749,-0.9159746630003749,-0.9159746630003749,-0.9159746630003749,-0.9159746630003749,-0.9159746630003749,-0.9159746630003749,-0.9159746630003749,-0.9159746630003749,-0.9159746630003749,-0.9159746630003749,-0.9159746630003749,-0.9159746630003749,-0.9159746630003749,-0.9159746630003749,-0.9159746630003749,-0.9159746630003749,-0.9159746630003749,-0.9159746630003749,-0.9159746630003749,-0.9159746630003749,-0.9159746630003749,-0.9159746630003749,-0.9159746630003749,-0.9159746630003749,-0.9159746630003749,-0.9159746630003749,-0.9159746630003749,-0.9159746630003749,-0.9159746630003749,-0.9159746630003749,-0.9159746630003749,-0.9159746630003749,-0.9159746630003749,-0.9159746630003749,-0.9159746630003749,-0.9159746630003749,-0.9159746630003749,-0.9159746630003749,-0.9159746630003749,-0.9159746630003749,-0.9159746630003749,-0.9159746630003749,-0.9159746630003749,-0.9159746630003749,-0.9159746630003749,-0.9159746630003749,-0.9159746630003749,-0.9159746630003749,-0.9159746630003749,-0.9159746630003749
SRR12148833_merged,1,Pos,PRJNA644054,Poultry,Turkey,,,,,,,,4.91036526765442,8.187221458647306,2.416241962761495,1.9536184408133819,1.3176296740933857,2.3392809216253667,4.1638302136764125,1.3176296740933857,2.970552698467225,2.6169126582236464,2.416241962761495,1.5183003695555364,1.0663152458124792,1.685354454218703,2.2558993126863154,1.685354454218703,3.1979425406628854,1.8284552978593762,4.92854758673761,-0.8795949032428343,-0.8795949032428343,-0.8795949032428343,-0.8795949032428343,-0.8795949032428343,-0.8795949032428343,-0.8795949032428343,-0.8795949032428343,-0.8795949032428343,-0.8795949032428343,-0.8795949032428343,-0.8795949032428343,-0.8795949032428343,-0.8795949032428343,-0.8795949032428343,-0.8795949032428343,-0.8795949032428343,-0.8795949032428343,-0.8795949032428343,-0.8795949032428343,-0.8795949032428343,-0.8795949032428343,-0.8795949032428343,-0.8795949032428343,-0.8795949032428343,-0.8795949032428343,-0.8795949032428343,-0.8795949032428343,-0.8795949032428343,-0.8795949032428343,-0.8795949032428343,-0.8795949032428343,-0.8795949032428343,-0.8795949032428343,-0.8795949032428343,-0.8795949032428343,-0.8795949032428343,-0.8795949032428343,-0.8795949032428343,-0.8795949032428343,-0.8795949032428343,-0.8795949032428343,-0.8795949032428343,-0.8795949032428343,-0.8795949032428343,-0.8795949032428343,-0.8795949032428343,-0.8795949032428343,-0.8795949032428343,-0.8795949032428343,-0.8795949032428343,-0.8795949032428343,-0.8795949032428343,-0.8795949032428343,-0.8795949032428343,-0.8795949032428343,-0.8795949032428343,-0.8795949032428343,-0.8795949032428343,-0.8795949032428343
SRR12148834_merged,1,Pos,PRJNA644054,Poultry,Turkey,,,,,,,,3.748510756455583,6.836920144534881,2.616281856988489,1.3506154836572124,3.8430693390805963,2.5636381235030665,7.357192532210961,3.5678407277001014,3.8430693390805963,3.063594075032153,2.3200160408453163,1.3506154836572124,-1.0472797891411574,2.386707415343988,2.386707415343988,2.6662922775631497,4.386442214413082,3.9961453277780885,5.600408584422172,-1.0472797891411574,-1.0472797891411574,-1.0472797891411574,-1.0472797891411574,-1.0472797891411574,-1.0472797891411574,-1.0472797891411574,-1.0472797891411574,-1.0472797891411574,-1.0472797891411574,-1.0472797891411574,-1.0472797891411574,-1.0472797891411574,-1.0472797891411574,-1.0472797891411574,-1.0472797891411574,-1.0472797891411574,-1.0472797891411574,-1.0472797891411574,-1.0472797891411574,-1.0472797891411574,-1.0472797891411574,-1.0472797891411574,-1.0472797891411574,-1.0472797891411574,-1.0472797891411574,-1.0472797891411574,-1.0472797891411574,-1.0472797891411574,-1.0472797891411574,-1.0472797891411574,-1.0472797891411574,-1.0472797891411574,-1.0472797891411574,-1.0472797891411574,-1.0472797891411574,-1.0472797891411574,-1.0472797891411574,-1.0472797891411574,-1.0472797891411574,-1.0472797891411574,-1.0472797891411574,-1.0472797891411574,-1.0472797891411574,-1.0472797891411574,-1.0472797891411574,-1.0472797891411574,-1.0472797891411574,-1.0472797891411574,-1.0472797891411574,-1.0472797891411574,-1.0472797891411574,-1.0472797891411574,-1.0472797891411574,-1.0472797891411574,-1.0472797891411574,-1.0472797891411574,-1.0472797891411574,-1.0472797891411574,-1.0472797891411574
SRR12148835_merged,1,Pos,PRJNA644054,Poultry,Turkey,,,,,,,,-0.9694853533900618,7.182136293579688,2.527022208076419,1.8637279906661544,2.397810476596412,2.249390471478139,6.313275826215531,4.020947233388674,3.204901916505575,2.641432559254163,3.235207266000904,2.0750370843333608,0.6399525590440387,3.0735659144444885,2.166008862539088,3.809638139721468,3.703343481071844,2.3263515126142673,5.70885676126427,-0.9694853533900618,-0.9694853533900618,-0.9694853533900618,-0.9694853533900618,-0.9694853533900618,-0.9694853533900618,-0.9694853533900618,-0.9694853533900618,-0.9694853533900618,-0.9694853533900618,-0.9694853533900618,-0.9694853533900618,-0.9694853533900618,-0.9694853533900618,-0.9694853533900618,-0.9694853533900618,-0.9694853533900618,-0.9694853533900618,-0.9694853533900618,-0.9694853533900618,-0.9694853533900618,-0.9694853533900618,-0.9694853533900618,-0.9694853533900618,-0.9694853533900618,-0.9694853533900618,-0.9694853533900618,-0.9694853533900618,-0.9694853533900618,-0.9694853533900618,-0.9694853533900618,-0.9694853533900618,-0.9694853533900618,-0.9694853533900618,-0.9694853533900618,-0.9694853533900618,-0.9694853533900618,-0.9694853533900618,-0.9694853533900618,-0.9694853533900618,-0.9694853533900618,-0.9694853533900618,-0.9694853533900618,-0.9694853533900618,-0.9694853533900618,-0.9694853533900618,-0.9694853533900618,-0.9694853533900618,-0.9694853533900618,-0.9694853533900618,-0.9694853533900618,-0.9694853533900618,-0.9694853533900618,-0.9694853533900618,-0.9694853533900618,-0.9694853533900618,-0.9694853533900618,-0.9694853533900618,-0.9694853533900618,-0.9694853533900618
SRR12148836_merged,1,Pos,PRJNA644054,Poultry,Turkey,,,,,,,,-0.8684442604273457,7.675001302132957,2.267049955501803,1.3287803169088734,2.3504315644408544,1.529451012371024,6.741913357885491,2.4273926055769826,2.742473652216878,0.23016802824076343,3.597463858227237,2.5655429440577997,1.529451012371024,2.8451278062769614,2.938218229342973,1.3287803169088734,3.1388889248051246,2.267049955501803,5.471915043300406,-0.8684442604273457,-0.8684442604273457,-0.8684442604273457,-0.8684442604273457,-0.8684442604273457,-0.8684442604273457,-0.8684442604273457,-0.8684442604273457,-0.8684442604273457,-0.8684442604273457,-0.8684442604273457,-0.8684442604273457,-0.8684442604273457,-0.8684442604273457,-0.8684442604273457,-0.8684442604273457,-0.8684442604273457,-0.8684442604273457,-0.8684442604273457,-0.8684442604273457,-0.8684442604273457,-0.8684442604273457,-0.8684442604273457,-0.8684442604273457,-0.8684442604273457,-0.8684442604273457,-0.8684442604273457,-0.8684442604273457,-0.8684442604273457,-0.8684442604273457,-0.8684442604273457,-0.8684442604273457,-0.8684442604273457,-0.8684442604273457,-0.8684442604273457,-0.8684442604273457,-0.8684442604273457,-0.8684442604273457,-0.8684442604273457,-0.8684442604273457,-0.8684442604273457,-0.8684442604273457,-0.8684442604273457,-0.8684442604273457,-0.8684442604273457,-0.8684442604273457,-0.8684442604273457,-0.8684442604273457,-0.8684442604273457,-0.8684442604273457,-0.8684442604273457,-0.8684442604273457,-0.8684442604273457,-0.8684442604273457,-0.8684442604273457,-0.8684442604273457,-0.8684442604273457,-0.8684442604273457,-0.8684442604273457,-0.8684442604273457
SRR12148837_merged,1,Pos,PRJNA644054,Poultry,Turkey,,,,,,,,0.3885745401500307,5.613245366529769,3.7278965180940986,3.6991175535440557,4.65687240949557,3.6991175535440557,1.7235756068823713,1.7235756068823713,4.092342606757718,2.9222713541074636,5.0614033746119365,4.092342606757718,3.333013519316471,4.505984375303127,4.388608422900891,4.60513673509638,5.083585430137912,3.1735857823883693,6.7615529745436636,-1.2208633722840698,-1.2208633722840698,-1.2208633722840698,-1.2208633722840698,-1.2208633722840698,-1.2208633722840698,-1.2208633722840698,-1.2208633722840698,-1.2208633722840698,-1.2208633722840698,-1.2208633722840698,-1.2208633722840698,-1.2208633722840698,-1.2208633722840698,-1.2208633722840698,-1.2208633722840698,-1.2208633722840698,-1.2208633722840698,-1.2208633722840698,-1.2208633722840698,-1.2208633722840698,-1.2208633722840698,-1.2208633722840698,-1.2208633722840698,-1.2208633722840698,-1.2208633722840698,-1.2208633722840698,-1.2208633722840698,-1.2208633722840698,-1.2208633722840698,-1.2208633722840698,-1.2208633722840698,-1.2208633722840698,-1.2208633722840698,-1.2208633722840698,-1.2208633722840698,-1.2208633722840698,-1.2208633722840698,-1.2208633722840698,-1.2208633722840698,-1.2208633722840698,-1.2208633722840698,-1.2208633722840698,-1.2208633722840698,-1.2208633722840698,-1.2208633722840698,-1.2208633722840698,-1.2208633722840698,-1.2208633722840698,-1.2208633722840698,-1.2208633722840698,-1.2208633722840698,-1.2208633722840698,-1.2208633722840698,-1.2208633722840698,-1.2208633722840698,-1.2208633722840698,-1.2208633722840698,-1.2208633722840698,-1.2208633722840698
SRR12148839_merged,1,Pos,PRJNA644054,Poultry,Turkey,,,,,,,,2.9723684980509546,7.434541785099885,-0.6385494145932693,0.4600628740748398,2.4059730231301533,0.4600628740748398,6.8903198420489815,5.094791862304476,3.0750226521110378,2.9723684980509546,1.3073607344620433,-0.6385494145932693,-0.6385494145932693,0.4600628740748398,-0.6385494145932693,1.5586751627429498,1.7593458582051005,-0.6385494145932693,4.654755410131223,-0.6385494145932693,-0.6385494145932693,-0.6385494145932693,-0.6385494145932693,-0.6385494145932693,-0.6385494145932693,-0.6385494145932693,-0.6385494145932693,-0.6385494145932693,-0.6385494145932693,-0.6385494145932693,-0.6385494145932693,-0.6385494145932693,-0.6385494145932693,-0.6385494145932693,-0.6385494145932693,-0.6385494145932693,-0.6385494145932693,-0.6385494145932693,-0.6385494145932693,-0.6385494145932693,-0.6385494145932693,-0.6385494145932693,-0.6385494145932693,-0.6385494145932693,-0.6385494145932693,-0.6385494145932693,-0.6385494145932693,-0.6385494145932693,-0.6385494145932693,-0.6385494145932693,-0.6385494145932693,-0.6385494145932693,-0.6385494145932693,-0.6385494145932693,-0.6385494145932693,-0.6385494145932693,-0.6385494145932693,-0.6385494145932693,-0.6385494145932693,-0.6385494145932693,-0.6385494145932693,-0.6385494145932693,-0.6385494145932693,-0.6385494145932693,-0.6385494145932693,-0.6385494145932693,-0.6385494145932693,-0.6385494145932693,-0.6385494145932693,-0.6385494145932693,-0.6385494145932693,-0.6385494145932693,-0.6385494145932693,-0.6385494145932693,-0.6385494145932693,-0.6385494145932693,-0.6385494145932693,-0.6385494145932693,-0.6385494145932693
SRR12148840_merged,1,Pos,PRJNA644054,Poultry,Turkey,,,,,,,,7.20571017493989,6.801661224133094,2.8336823416816106,2.0773562595001334,1.886301022737424,3.0849967699625163,5.1423712176136736,2.949195228803455,4.010766245791215,2.237698909575313,3.204541920612299,1.3397573163693544,1.50681140103252,2.87368767629531,1.6499122446731942,2.0773562595001334,4.183609058630626,3.1162493134666205,5.306612800422895,-1.0581379564290163,-1.0581379564290163,-1.0581379564290163,-1.0581379564290163,-1.0581379564290163,-1.0581379564290163,-1.0581379564290163,-1.0581379564290163,-1.0581379564290163,-1.0581379564290163,-1.0581379564290163,-1.0581379564290163,-1.0581379564290163,-1.0581379564290163,-1.0581379564290163,-1.0581379564290163,-1.0581379564290163,-1.0581379564290163,-1.0581379564290163,-1.0581379564290163,-1.0581379564290163,-1.0581379564290163,-1.0581379564290163,-1.0581379564290163,-1.0581379564290163,-1.0581379564290163,-1.0581379564290163,-1.0581379564290163,-1.0581379564290163,-1.0581379564290163,-1.0581379564290163,-1.0581379564290163,-1.0581379564290163,-1.0581379564290163,-1.0581379564290163,-1.0581379564290163,-1.0581379564290163,-1.0581379564290163,-1.0581379564290163,-1.0581379564290163,-1.0581379564290163,-1.0581379564290163,-1.0581379564290163,-1.0581379564290163,-1.0581379564290163,-1.0581379564290163,-1.0581379564290163,-1.0581379564290163,-1.0581379564290163,-1.0581379564290163,-1.0581379564290163,-1.0581379564290163,-1.0581379564290163,-1.0581379564290163,-1.0581379564290163,-1.0581379564290163,-1.0581379564290163,-1.0581379564290163,-1.0581379564290163,-1.0581379564290163
SRR12148841_merged,1,Pos,PRJNA644054,Poultry,Turkey,,,,,,,,6.98775507945877,6.25004683177808,3.272377958112732,2.848220716992415,2.6845912932106133,1.9224512411637162,4.019592359942953,1.5859790045425033,3.296769411236891,1.2758240762386643,3.64010273823805,2.096804628308494,3.1683882445886846,3.826688693818461,3.5318891535978167,2.6845912932106133,4.971498573485429,2.809754436164619,6.45094605949284,-1.1220711965597072,-1.1220711965597072,-1.1220711965597072,-1.1220711965597072,-1.1220711965597072,-1.1220711965597072,-1.1220711965597072,-1.1220711965597072,-1.1220711965597072,-1.1220711965597072,-1.1220711965597072,-1.1220711965597072,-1.1220711965597072,-1.1220711965597072,-1.1220711965597072,-1.1220711965597072,-1.1220711965597072,-1.1220711965597072,-1.1220711965597072,-1.1220711965597072,-1.1220711965597072,-1.1220711965597072,-1.1220711965597072,-1.1220711965597072,-1.1220711965597072,-1.1220711965597072,-1.1220711965597072,-1.1220711965597072,-1.1220711965597072,-1.1220711965597072,-1.1220711965597072,-1.1220711965597072,-1.1220711965597072,-1.1220711965597072,-1.1220711965597072,-1.1220711965597072,-1.1220711965597072,-1.1220711965597072,-1.1220711965597072,-1.1220711965597072,-1.1220711965597072,-1.1220711965597072,-1.1220711965597072,-1.1220711965597072,-1.1220711965597072,-1.1220711965597072,-1.1220711965597072,-1.1220711965597072,-1.1220711965597072,-1.1220711965597072,-1.1220711965597072,-1.1220711965597072,-1.1220711965597072,-1.1220711965597072,-1.1220711965597072,-1.1220711965597072,-1.1220711965597072,-1.1220711965597072,-1.1220711965597072,-1.1220711965597072
SRR12148845_merged,0,Neg,PRJNA644054,Poultry,Turkey,,,,,,,,6.042956965292918,5.652940341172313,3.6245781672560433,2.7042141099942523,2.7042141099942523,3.717668590322055,4.145112605148995,2.0312696367518264,4.577584914668471,2.8197269971160965,5.2785385361212445,2.8197269971160965,1.0096183892198445,3.017086431274591,2.7442194446079515,3.017086431274591,5.300077830368236,3.539781630595966,6.509969158685968,-1.1876061881163746,-1.1876061881163746,-1.1876061881163746,-1.1876061881163746,-1.1876061881163746,-1.1876061881163746,-1.1876061881163746,-1.1876061881163746,-1.1876061881163746,-1.1876061881163746,-1.1876061881163746,-1.1876061881163746,-1.1876061881163746,-1.1876061881163746,-1.1876061881163746,-1.1876061881163746,-1.1876061881163746,-1.1876061881163746,-1.1876061881163746,-1.1876061881163746,-1.1876061881163746,-1.1876061881163746,-1.1876061881163746,-1.1876061881163746,-1.1876061881163746,-1.1876061881163746,-1.1876061881163746,-1.1876061881163746,-1.1876061881163746,-1.1876061881163746,-1.1876061881163746,-1.1876061881163746,-1.1876061881163746,-1.1876061881163746,-1.1876061881163746,-1.1876061881163746,-1.1876061881163746,-1.1876061881163746,-1.1876061881163746,-1.1876061881163746,-1.1876061881163746,-1.1876061881163746,-1.1876061881163746,-1.1876061881163746,-1.1876061881163746,-1.1876061881163746,-1.1876061881163746,-1.1876061881163746,-1.1876061881163746,-1.1876061881163746,-1.1876061881163746,-1.1876061881163746,-1.1876061881163746,-1.1876061881163746,-1.1876061881163746,-1.1876061881163746,-1.1876061881163746,-1.1876061881163746,-1.1876061881163746,-1.1876061881163746
SRR12148846_merged,0,Neg,PRJNA644054,Poultry,Turkey,,,,,,,,5.825058621887827,6.242434086090907,4.6378417312903295,3.205171208380288,1.6689366999694828,3.4508438727545263,2.499285002042913,1.9712175718424163,5.427397087921925,2.6423858456835863,4.502150044025699,2.1315602219175958,2.4466412685574914,3.254563963709864,1.5437735570154762,3.5452535572256005,4.859170948874299,3.230172510585705,6.77274084542872,-1.1642766440867343,-1.1642766440867343,-1.1642766440867343,-1.1642766440867343,-1.1642766440867343,-1.1642766440867343,-1.1642766440867343,-1.1642766440867343,-1.1642766440867343,-1.1642766440867343,-1.1642766440867343,-1.1642766440867343,-1.1642766440867343,-1.1642766440867343,-1.1642766440867343,-1.1642766440867343,-1.1642766440867343,-1.1642766440867343,-1.1642766440867343,-1.1642766440867343,-1.1642766440867343,-1.1642766440867343,-1.1642766440867343,-1.1642766440867343,-1.1642766440867343,-1.1642766440867343,-1.1642766440867343,-1.1642766440867343,-1.1642766440867343,-1.1642766440867343,-1.1642766440867343,-1.1642766440867343,-1.1642766440867343,-1.1642766440867343,-1.1642766440867343,-1.1642766440867343,-1.1642766440867343,-1.1642766440867343,-1.1642766440867343,-1.1642766440867343,-1.1642766440867343,-1.1642766440867343,-1.1642766440867343,-1.1642766440867343,-1.1642766440867343,-1.1642766440867343,-1.1642766440867343,-1.1642766440867343,-1.1642766440867343,-1.1642766440867343,-1.1642766440867343,-1.1642766440867343,-1.1642766440867343,-1.1642766440867343,-1.1642766440867343,-1.1642766440867343,-1.1642766440867343,-1.1642766440867343,-1.1642766440867343,-1.1642766440867343
SRR12148847_merged,0,Neg,PRJNA644054,Poultry,Turkey,,,,,,,,4.196097641883227,3.3270597948596183,4.810161715649338,3.210649443015207,2.748025921067094,4.461647185986006,2.3127078498092484,1.5242504894449782,5.3996095105015325,2.479761934472415,5.127935097495683,3.4890291228046744,1.8607227260661912,3.2588515448330844,1.7606392675092088,4.205272018159269,5.816534748617999,3.820146594288227,7.218880092970245,-1.1837997116572323,-1.1837997116572323,-1.1837997116572323,-1.1837997116572323,-1.1837997116572323,-1.1837997116572323,-1.1837997116572323,-1.1837997116572323,-1.1837997116572323,-1.1837997116572323,-1.1837997116572323,-1.1837997116572323,-1.1837997116572323,-1.1837997116572323,-1.1837997116572323,-1.1837997116572323,-1.1837997116572323,-1.1837997116572323,-1.1837997116572323,-1.1837997116572323,-1.1837997116572323,-1.1837997116572323,-1.1837997116572323,-1.1837997116572323,-1.1837997116572323,-1.1837997116572323,-1.1837997116572323,-1.1837997116572323,-1.1837997116572323,-1.1837997116572323,-1.1837997116572323,-1.1837997116572323,-1.1837997116572323,-1.1837997116572323,-1.1837997116572323,-1.1837997116572323,-1.1837997116572323,-1.1837997116572323,-1.1837997116572323,-1.1837997116572323,-1.1837997116572323,-1.1837997116572323,-1.1837997116572323,-1.1837997116572323,-1.1837997116572323,-1.1837997116572323,-1.1837997116572323,-1.1837997116572323,-1.1837997116572323,-1.1837997116572323,-1.1837997116572323,-1.1837997116572323,-1.1837997116572323,-1.1837997116572323,-1.1837997116572323,-1.1837997116572323,-1.1837997116572323,-1.1837997116572323,-1.1837997116572323,-1.1837997116572323
SRR12148848_merged,0,Neg,PRJNA644054,Poultry,Turkey,,,,,,,,4.06030279120734,6.9510195551445335,2.4128856307080238,2.5898163388671014,0.588336338656978,2.114392642152027,6.819998191644997,5.410229508156356,4.096892238639633,2.5342464877122914,4.367970156039378,2.0234208639463,-1.0211015737771234,1.686948627325087,2.346194256209351,1.3767936990212482,3.9556321686434517,2.785560915993197,6.166555590337833,-1.0211015737771234,-1.0211015737771234,-1.0211015737771234,-1.0211015737771234,-1.0211015737771234,-1.0211015737771234,-1.0211015737771234,-1.0211015737771234,-1.0211015737771234,-1.0211015737771234,-1.0211015737771234,-1.0211015737771234,-1.0211015737771234,-1.0211015737771234,-1.0211015737771234,-1.0211015737771234,-1.0211015737771234,-1.0211015737771234,-1.0211015737771234,-1.0211015737771234,-1.0211015737771234,-1.0211015737771234,-1.0211015737771234,-1.0211015737771234,-1.0211015737771234,-1.0211015737771234,-1.0211015737771234,-1.0211015737771234,-1.0211015737771234,-1.0211015737771234,-1.0211015737771234,-1.0211015737771234,-1.0211015737771234,-1.0211015737771234,-1.0211015737771234,-1.0211015737771234,-1.0211015737771234,-1.0211015737771234,-1.0211015737771234,-1.0211015737771234,-1.0211015737771234,-1.0211015737771234,-1.0211015737771234,-1.0211015737771234,-1.0211015737771234,-1.0211015737771234,-1.0211015737771234,-1.0211015737771234,-1.0211015737771234,-1.0211015737771234,-1.0211015737771234,-1.0211015737771234,-1.0211015737771234,-1.0211015737771234,-1.0211015737771234,-1.0211015737771234,-1.0211015737771234,-1.0211015737771234,-1.0211015737771234,-1.0211015737771234
SRR12148849_merged,0,Neg,PRJNA644054,Poultry,Turkey,,,,,,,,4.640491742964422,3.2855042864695756,3.9150257711493093,3.1997374647121504,1.939483824487625,2.8017073350915043,0.09365713398929465,0.6044827577552851,2.7562449610147466,2.039567283044607,4.6475340255898345,2.4915524067876644,2.7562449610147466,3.3388502671748683,3.610165362162444,2.965336758873306,5.342434054977195,3.1694321152168214,6.699856768253778,-1.0049551546788162,-1.0049551546788162,-1.0049551546788162,-1.0049551546788162,-1.0049551546788162,-1.0049551546788162,-1.0049551546788162,-1.0049551546788162,-1.0049551546788162,-1.0049551546788162,-1.0049551546788162,-1.0049551546788162,-1.0049551546788162,-1.0049551546788162,-1.0049551546788162,-1.0049551546788162,-1.0049551546788162,-1.0049551546788162,-1.0049551546788162,-1.0049551546788162,-1.0049551546788162,-1.0049551546788162,-1.0049551546788162,-1.0049551546788162,-1.0049551546788162,-1.0049551546788162,-1.0049551546788162,-1.0049551546788162,-1.0049551546788162,-1.0049551546788162,-1.0049551546788162,-1.0049551546788162,-1.0049551546788162,-1.0049551546788162,-1.0049551546788162,-1.0049551546788162,-1.0049551546788162,-1.0049551546788162,-1.0049551546788162,-1.0049551546788162,-1.0049551546788162,-1.0049551546788162,-1.0049551546788162,-1.0049551546788162,-1.0049551546788162,-1.0049551546788162,-1.0049551546788162,-1.0049551546788162,-1.0049551546788162,-1.0049551546788162,-1.0049551546788162,-1.0049551546788162,-1.0049551546788162,-1.0049551546788162,-1.0049551546788162,-1.0049551546788162,-1.0049551546788162,-1.0049551546788162,-1.0049551546788162,-1.0049551546788162
SRR12148850_merged,0,Neg,PRJNA644054,Poultry,Turkey,,,,,,,,7.168432493364664,3.59447202951849,1.249922737425412,-0.6959874116299005,0.9134505008041991,2.5998494543744277,1.5012371657063177,1.7019078611684693,2.8005201498365793,1.5012371657063177,3.836612081523355,-0.6959874116299005,1.7019078611684693,-0.6959874116299005,0.9134505008041991,2.248451567536539,3.5087052077610643,2.5998494543744277,6.007200701610961,-0.6959874116299005,-0.6959874116299005,-0.6959874116299005,-0.6959874116299005,-0.6959874116299005,-0.6959874116299005,-0.6959874116299005,-0.6959874116299005,-0.6959874116299005,-0.6959874116299005,-0.6959874116299005,-0.6959874116299005,-0.6959874116299005,-0.6959874116299005,-0.6959874116299005,-0.6959874116299005,-0.6959874116299005,-0.6959874116299005,-0.6959874116299005,-0.6959874116299005,-0.6959874116299005,-0.6959874116299005,-0.6959874116299005,-0.6959874116299005,-0.6959874116299005,-0.6959874116299005,-0.6959874116299005,-0.6959874116299005,-0.6959874116299005,-0.6959874116299005,-0.6959874116299005,-0.6959874116299005,-0.6959874116299005,-0.6959874116299005,-0.6959874116299005,-0.6959874116299005,-0.6959874116299005,-0.6959874116299005,-0.6959874116299005,-0.6959874116299005,-0.6959874116299005,-0.6959874116299005,-0.6959874116299005,-0.6959874116299005,-0.6959874116299005,-0.6959874116299005,-0.6959874116299005,-0.6959874116299005,-0.6959874116299005,-0.6959874116299005,-0.6959874116299005,-0.6959874116299005,-0.6959874116299005,-0.6959874116299005,-0.6959874116299005,-0.6959874116299005,-0.6959874116299005,-0.6959874116299005,-0.6959874116299005,-0.6959874116299005
SRR12148851_merged,0,Neg,PRJNA644054,Poultry,Turkey,,,,,,,,1.9915852269663787,6.313700300752835,4.108364439083859,3.7312883342383802,3.451210861171819,4.159395919096305,2.074966835905429,0.46552892347132957,3.668275366409646,2.5196526571668754,5.244652416582859,3.090197515634488,3.776071936865354,2.9992257374287616,2.747911309147855,2.8634241962696994,4.536263620054296,3.746440139258983,7.146383602261544,-1.1439089889627718,-1.1439089889627718,-1.1439089889627718,-1.1439089889627718,-1.1439089889627718,-1.1439089889627718,-1.1439089889627718,-1.1439089889627718,-1.1439089889627718,-1.1439089889627718,-1.1439089889627718,-1.1439089889627718,-1.1439089889627718,-1.1439089889627718,-1.1439089889627718,-1.1439089889627718,-1.1439089889627718,-1.1439089889627718,-1.1439089889627718,-1.1439089889627718,-1.1439089889627718,-1.1439089889627718,-1.1439089889627718,-1.1439089889627718,-1.1439089889627718,-1.1439089889627718,-1.1439089889627718,-1.1439089889627718,-1.1439089889627718,-1.1439089889627718,-1.1439089889627718,-1.1439089889627718,-1.1439089889627718,-1.1439089889627718,-1.1439089889627718,-1.1439089889627718,-1.1439089889627718,-1.1439089889627718,-1.1439089889627718,-1.1439089889627718,-1.1439089889627718,-1.1439089889627718,-1.1439089889627718,-1.1439089889627718,-1.1439089889627718,-1.1439089889627718,-1.1439089889627718,-1.1439089889627718,-1.1439089889627718,-1.1439089889627718,-1.1439089889627718,-1.1439089889627718,-1.1439089889627718,-1.1439089889627718,-1.1439089889627718,-1.1439089889627718,-1.1439089889627718,-1.1439089889627718,-1.1439089889627718,-1.1439089889627718
SRR12148852_merged,0,Neg,PRJNA644054,Poultry,Turkey,,,,,,,,2.958182357456079,4.456780288467727,3.977207208205841,3.8377410800615035,3.0814149978800263,4.41182890060546,3.9532539671833478,4.170318472421176,4.3237720452142785,4.012094467206282,3.538656375511911,1.89183093100619,-1.1526915067172334,3.9532539671833478,2.9904432196743,2.5608805599870754,5.579519199749973,3.7225058164839187,6.894498055453269,-1.1526915067172334,-1.1526915067172334,-1.1526915067172334,-1.1526915067172334,-1.1526915067172334,-1.1526915067172334,-1.1526915067172334,-1.1526915067172334,-1.1526915067172334,-1.1526915067172334,-1.1526915067172334,-1.1526915067172334,-1.1526915067172334,-1.1526915067172334,-1.1526915067172334,-1.1526915067172334,-1.1526915067172334,-1.1526915067172334,-1.1526915067172334,-1.1526915067172334,-1.1526915067172334,-1.1526915067172334,-1.1526915067172334,-1.1526915067172334,-1.1526915067172334,-1.1526915067172334,-1.1526915067172334,-1.1526915067172334,-1.1526915067172334,-1.1526915067172334,-1.1526915067172334,-1.1526915067172334,-1.1526915067172334,-1.1526915067172334,-1.1526915067172334,-1.1526915067172334,-1.1526915067172334,-1.1526915067172334,-1.1526915067172334,-1.1526915067172334,-1.1526915067172334,-1.1526915067172334,-1.1526915067172334,-1.1526915067172334,-1.1526915067172334,-1.1526915067172334,-1.1526915067172334,-1.1526915067172334,-1.1526915067172334,-1.1526915067172334,-1.1526915067172334,-1.1526915067172334,-1.1526915067172334,-1.1526915067172334,-1.1526915067172334,-1.1526915067172334,-1.1526915067172334,-1.1526915067172334,-1.1526915067172334,-1.1526915067172334
SRR12148853_merged,0,Neg,PRJNA644054,Poultry,Turkey,,,,,,,,5.688440366569234,4.728737141759765,2.482551737227844,1.7566147338449074,2.0930869704661204,2.482551737227844,4.052510838688157,1.993003511909138,3.5594240392595475,1.245789110078917,3.9083769371043693,1.4464598055410676,1.993003511909138,2.0930869704661204,2.4158603627291715,1.881777876798913,4.44672723426045,2.0930869704661204,6.725038179131854,-0.9514354672573031,-0.9514354672573031,-0.9514354672573031,-0.9514354672573031,-0.9514354672573031,-0.9514354672573031,-0.9514354672573031,-0.9514354672573031,-0.9514354672573031,-0.9514354672573031,-0.9514354672573031,-0.9514354672573031,-0.9514354672573031,-0.9514354672573031,-0.9514354672573031,-0.9514354672573031,-0.9514354672573031,-0.9514354672573031,-0.9514354672573031,-0.9514354672573031,-0.9514354672573031,-0.9514354672573031,-0.9514354672573031,-0.9514354672573031,-0.9514354672573031,-0.9514354672573031,-0.9514354672573031,-0.9514354672573031,-0.9514354672573031,-0.9514354672573031,-0.9514354672573031,-0.9514354672573031,-0.9514354672573031,-0.9514354672573031,-0.9514354672573031,-0.9514354672573031,-0.9514354672573031,-0.9514354672573031,-0.9514354672573031,-0.9514354672573031,-0.9514354672573031,-0.9514354672573031,-0.9514354672573031,-0.9514354672573031,-0.9514354672573031,-0.9514354672573031,-0.9514354672573031,-0.9514354672573031,-0.9514354672573031,-0.9514354672573031,-0.9514354672573031,-0.9514354672573031,-0.9514354672573031,-0.9514354672573031,-0.9514354672573031,-0.9514354672573031,-0.9514354672573031,-0.9514354672573031,-0.9514354672573031,-0.9514354672573031
SRR12148854_merged,0,Neg,PRJNA644054,Poultry,Turkey,,,,,,,,1.616138237299844,2.758235637907693,3.4827990147010173,2.6692881518911964,2.714750525967954,3.3025371908700727,1.7413013802538497,2.6216601029019415,4.992587449272806,3.7832853593987856,4.916901221640229,3.2518934580513177,1.7413013802538497,3.5620483863551575,2.6216601029019415,3.5428170244272694,5.010646630811203,4.160361464244264,7.024505108991838,-1.0919119638023655,-1.0919119638023655,-1.0919119638023655,-1.0919119638023655,-1.0919119638023655,-1.0919119638023655,-1.0919119638023655,-1.0919119638023655,-1.0919119638023655,-1.0919119638023655,-1.0919119638023655,-1.0919119638023655,-1.0919119638023655,-1.0919119638023655,-1.0919119638023655,-1.0919119638023655,-1.0919119638023655,-1.0919119638023655,-1.0919119638023655,-1.0919119638023655,-1.0919119638023655,-1.0919119638023655,-1.0919119638023655,-1.0919119638023655,-1.0919119638023655,-1.0919119638023655,-1.0919119638023655,-1.0919119638023655,-1.0919119638023655,-1.0919119638023655,-1.0919119638023655,-1.0919119638023655,-1.0919119638023655,-1.0919119638023655,-1.0919119638023655,-1.0919119638023655,-1.0919119638023655,-1.0919119638023655,-1.0919119638023655,-1.0919119638023655,-1.0919119638023655,-1.0919119638023655,-1.0919119638023655,-1.0919119638023655,-1.0919119638023655,-1.0919119638023655,-1.0919119638023655,-1.0919119638023655,-1.0919119638023655,-1.0919119638023655,-1.0919119638023655,-1.0919119638023655,-1.0919119638023655,-1.0919119638023655,-1.0919119638023655,-1.0919119638023655,-1.0919119638023655,-1.0919119638023655,-1.0919119638023655,-1.0919119638023655
SRR12148855_merged,0,Neg,PRJNA644054,Poultry,Turkey,,,,,,,,7.175281683167868,5.535584275970655,2.6679925464063103,1.6220239912236227,2.1925688496912352,2.2759504586302866,4.770807439271454,1.8902879778183017,3.6521944838966753,2.0015136129285267,2.720636279891732,1.765124834864296,1.6220239912236227,2.42437046374856,1.2542992110983056,1.002984782817399,4.019919264021993,2.101597071485509,5.880360756117772,-0.9429253662379145,-0.9429253662379145,-0.9429253662379145,-0.9429253662379145,-0.9429253662379145,-0.9429253662379145,-0.9429253662379145,-0.9429253662379145,-0.9429253662379145,-0.9429253662379145,-0.9429253662379145,-0.9429253662379145,-0.9429253662379145,-0.9429253662379145,-0.9429253662379145,-0.9429253662379145,-0.9429253662379145,-0.9429253662379145,-0.9429253662379145,-0.9429253662379145,-0.9429253662379145,-0.9429253662379145,-0.9429253662379145,-0.9429253662379145,-0.9429253662379145,-0.9429253662379145,-0.9429253662379145,-0.9429253662379145,-0.9429253662379145,-0.9429253662379145,-0.9429253662379145,-0.9429253662379145,-0.9429253662379145,-0.9429253662379145,-0.9429253662379145,-0.9429253662379145,-0.9429253662379145,-0.9429253662379145,-0.9429253662379145,-0.9429253662379145,-0.9429253662379145,-0.9429253662379145,-0.9429253662379145,-0.9429253662379145,-0.9429253662379145,-0.9429253662379145,-0.9429253662379145,-0.9429253662379145,-0.9429253662379145,-0.9429253662379145,-0.9429253662379145,-0.9429253662379145,-0.9429253662379145,-0.9429253662379145,-0.9429253662379145,-0.9429253662379145,-0.9429253662379145,-0.9429253662379145,-0.9429253662379145,-0.9429253662379145
SRR12148856_merged,0,Neg,PRJNA644054,Poultry,Turkey,,,,,,,,2.0483023410860532,2.17346548404006,-0.6597478600161573,0.9496900524179441,3.483386866375376,2.77423934446899,-0.6597478600161573,2.4757463559129933,4.999734355743465,-0.6597478600161573,4.825049073474498,-0.6597478600161573,3.602932017025159,1.286162289039157,-0.6597478600161573,-0.6597478600161573,4.215449463184995,2.77423934446899,7.934961773827909,-0.6597478600161573,-0.6597478600161573,-0.6597478600161573,-0.6597478600161573,-0.6597478600161573,-0.6597478600161573,-0.6597478600161573,-0.6597478600161573,-0.6597478600161573,-0.6597478600161573,-0.6597478600161573,-0.6597478600161573,-0.6597478600161573,-0.6597478600161573,-0.6597478600161573,-0.6597478600161573,-0.6597478600161573,-0.6597478600161573,-0.6597478600161573,-0.6597478600161573,-0.6597478600161573,-0.6597478600161573,-0.6597478600161573,-0.6597478600161573,-0.6597478600161573,-0.6597478600161573,-0.6597478600161573,-0.6597478600161573,-0.6597478600161573,-0.6597478600161573,-0.6597478600161573,-0.6597478600161573,-0.6597478600161573,-0.6597478600161573,-0.6597478600161573,-0.6597478600161573,-0.6597478600161573,-0.6597478600161573,-0.6597478600161573,-0.6597478600161573,-0.6597478600161573,-0.6597478600161573,-0.6597478600161573,-0.6597478600161573,-0.6597478600161573,-0.6597478600161573,-0.6597478600161573,-0.6597478600161573,-0.6597478600161573,-0.6597478600161573,-0.6597478600161573,-0.6597478600161573,-0.6597478600161573,-0.6597478600161573,-0.6597478600161573,-0.6597478600161573,-0.6597478600161573,-0.6597478600161573,-0.6597478600161573,-0.6597478600161573
SRR4409218,1,Pos,PRJNA347583,Swan,WhooperSwan,,,,,,,,-0.032467713385587516,2.532481644075949,-0.032467713385587516,-0.032467713385587516,-0.032467713385587516,-0.032467713385587516,-0.032467713385587516,-0.032467713385587516,-0.032467713385587516,-0.032467713385587516,-0.032467713385587516,-0.032467713385587516,-0.032467713385587516,-0.032467713385587516,-0.032467713385587516,-0.032467713385587516,-0.032467713385587516,-0.032467713385587516,-0.032467713385587516,-0.032467713385587516,-0.032467713385587516,-0.032467713385587516,-0.032467713385587516,-0.032467713385587516,-0.032467713385587516,-0.032467713385587516,-0.032467713385587516,-0.032467713385587516,-0.032467713385587516,-0.032467713385587516,-0.032467713385587516,-0.032467713385587516,-0.032467713385587516,-0.032467713385587516,-0.032467713385587516,-0.032467713385587516,-0.032467713385587516,-0.032467713385587516,-0.032467713385587516,-0.032467713385587516,-0.032467713385587516,-0.032467713385587516,-0.032467713385587516,-0.032467713385587516,-0.032467713385587516,-0.032467713385587516,-0.032467713385587516,-0.032467713385587516,-0.032467713385587516,-0.032467713385587516,-0.032467713385587516,-0.032467713385587516,-0.032467713385587516,-0.032467713385587516,-0.032467713385587516,-0.032467713385587516,-0.032467713385587516,-0.032467713385587516,-0.032467713385587516,-0.032467713385587516,-0.032467713385587516,-0.032467713385587516,-0.032467713385587516,-0.032467713385587516,-0.032467713385587516,-0.032467713385587516,-0.032467713385587516,-0.032467713385587516,-0.032467713385587516,-0.032467713385587516,-0.032467713385587516,-0.032467713385587516,-0.032467713385587516,-0.032467713385587516,-0.032467713385587516,-0.032467713385587516,-0.032467713385587516,-0.032467713385587516,-0.032467713385587516
SRR4409219,1,Pos,PRJNA347583,Swan,WhooperSwan,,,,,,,,-0.04873604559126221,3.8014115561187967,-0.04873604559126221,-0.04873604559126221,-0.04873604559126221,-0.04873604559126221,-0.04873604559126221,-0.04873604559126221,-0.04873604559126221,-0.04873604559126221,-0.04873604559126221,-0.04873604559126221,-0.04873604559126221,-0.04873604559126221,-0.04873604559126221,-0.04873604559126221,-0.04873604559126221,-0.04873604559126221,-0.04873604559126221,-0.04873604559126221,-0.04873604559126221,-0.04873604559126221,-0.04873604559126221,-0.04873604559126221,-0.04873604559126221,-0.04873604559126221,-0.04873604559126221,-0.04873604559126221,-0.04873604559126221,-0.04873604559126221,-0.04873604559126221,-0.04873604559126221,-0.04873604559126221,-0.04873604559126221,-0.04873604559126221,-0.04873604559126221,-0.04873604559126221,-0.04873604559126221,-0.04873604559126221,-0.04873604559126221,-0.04873604559126221,-0.04873604559126221,-0.04873604559126221,-0.04873604559126221,-0.04873604559126221,-0.04873604559126221,-0.04873604559126221,-0.04873604559126221,-0.04873604559126221,-0.04873604559126221,-0.04873604559126221,-0.04873604559126221,-0.04873604559126221,-0.04873604559126221,-0.04873604559126221,-0.04873604559126221,-0.04873604559126221,-0.04873604559126221,-0.04873604559126221,-0.04873604559126221,-0.04873604559126221,-0.04873604559126221,-0.04873604559126221,-0.04873604559126221,-0.04873604559126221,-0.04873604559126221,-0.04873604559126221,-0.04873604559126221,-0.04873604559126221,-0.04873604559126221,-0.04873604559126221,-0.04873604559126221,-0.04873604559126221,-0.04873604559126221,-0.04873604559126221,-0.04873604559126221,-0.04873604559126221,-0.04873604559126221,-0.04873604559126221
SRR4409220,0,Neg,PRJNA347583,Swan,WhooperSwan,,,,,,,,-0.0683311734369223,5.329831528080831,-0.0683311734369223,-0.0683311734369223,-0.0683311734369223,-0.0683311734369223,-0.0683311734369223,-0.0683311734369223,-0.0683311734369223,-0.0683311734369223,-0.0683311734369223,-0.0683311734369223,-0.0683311734369223,-0.0683311734369223,-0.0683311734369223,-0.0683311734369223,-0.0683311734369223,-0.0683311734369223,-0.0683311734369223,-0.0683311734369223,-0.0683311734369223,-0.0683311734369223,-0.0683311734369223,-0.0683311734369223,-0.0683311734369223,-0.0683311734369223,-0.0683311734369223,-0.0683311734369223,-0.0683311734369223,-0.0683311734369223,-0.0683311734369223,-0.0683311734369223,-0.0683311734369223,-0.0683311734369223,-0.0683311734369223,-0.0683311734369223,-0.0683311734369223,-0.0683311734369223,-0.0683311734369223,-0.0683311734369223,-0.0683311734369223,-0.0683311734369223,-0.0683311734369223,-0.0683311734369223,-0.0683311734369223,-0.0683311734369223,-0.0683311734369223,-0.0683311734369223,-0.0683311734369223,-0.0683311734369223,-0.0683311734369223,-0.0683311734369223,-0.0683311734369223,-0.0683311734369223,-0.0683311734369223,-0.0683311734369223,-0.0683311734369223,-0.0683311734369223,-0.0683311734369223,-0.0683311734369223,-0.0683311734369223,-0.0683311734369223,-0.0683311734369223,-0.0683311734369223,-0.0683311734369223,-0.0683311734369223,-0.0683311734369223,-0.0683311734369223,-0.0683311734369223,-0.0683311734369223,-0.0683311734369223,-0.0683311734369223,-0.0683311734369223,-0.0683311734369223,-0.0683311734369223,-0.0683311734369223,-0.0683311734369223,-0.0683311734369223,-0.0683311734369223
SRR4409221,0,Neg,PRJNA347583,Swan,WhooperSwan,,,,,,,,-0.05623609185430478,4.386415164636012,-0.05623609185430478,-0.05623609185430478,-0.05623609185430478,-0.05623609185430478,-0.05623609185430478,-0.05623609185430478,-0.05623609185430478,-0.05623609185430478,-0.05623609185430478,-0.05623609185430478,-0.05623609185430478,-0.05623609185430478,-0.05623609185430478,-0.05623609185430478,-0.05623609185430478,-0.05623609185430478,-0.05623609185430478,-0.05623609185430478,-0.05623609185430478,-0.05623609185430478,-0.05623609185430478,-0.05623609185430478,-0.05623609185430478,-0.05623609185430478,-0.05623609185430478,-0.05623609185430478,-0.05623609185430478,-0.05623609185430478,-0.05623609185430478,-0.05623609185430478,-0.05623609185430478,-0.05623609185430478,-0.05623609185430478,-0.05623609185430478,-0.05623609185430478,-0.05623609185430478,-0.05623609185430478,-0.05623609185430478,-0.05623609185430478,-0.05623609185430478,-0.05623609185430478,-0.05623609185430478,-0.05623609185430478,-0.05623609185430478,-0.05623609185430478,-0.05623609185430478,-0.05623609185430478,-0.05623609185430478,-0.05623609185430478,-0.05623609185430478,-0.05623609185430478,-0.05623609185430478,-0.05623609185430478,-0.05623609185430478,-0.05623609185430478,-0.05623609185430478,-0.05623609185430478,-0.05623609185430478,-0.05623609185430478,-0.05623609185430478,-0.05623609185430478,-0.05623609185430478,-0.05623609185430478,-0.05623609185430478,-0.05623609185430478,-0.05623609185430478,-0.05623609185430478,-0.05623609185430478,-0.05623609185430478,-0.05623609185430478,-0.05623609185430478,-0.05623609185430478,-0.05623609185430478,-0.05623609185430478,-0.05623609185430478,-0.05623609185430478,-0.05623609185430478
SRR4409222,0,Neg,PRJNA347583,Swan,WhooperSwan,,,,,,,,-0.08506607791311804,6.635154077222176,-0.08506607791311804,-0.08506607791311804,-0.08506607791311804,-0.08506607791311804,-0.08506607791311804,-0.08506607791311804,-0.08506607791311804,-0.08506607791311804,-0.08506607791311804,-0.08506607791311804,-0.08506607791311804,-0.08506607791311804,-0.08506607791311804,-0.08506607791311804,-0.08506607791311804,-0.08506607791311804,-0.08506607791311804,-0.08506607791311804,-0.08506607791311804,-0.08506607791311804,-0.08506607791311804,-0.08506607791311804,-0.08506607791311804,-0.08506607791311804,-0.08506607791311804,-0.08506607791311804,-0.08506607791311804,-0.08506607791311804,-0.08506607791311804,-0.08506607791311804,-0.08506607791311804,-0.08506607791311804,-0.08506607791311804,-0.08506607791311804,-0.08506607791311804,-0.08506607791311804,-0.08506607791311804,-0.08506607791311804,-0.08506607791311804,-0.08506607791311804,-0.08506607791311804,-0.08506607791311804,-0.08506607791311804,-0.08506607791311804,-0.08506607791311804,-0.08506607791311804,-0.08506607791311804,-0.08506607791311804,-0.08506607791311804,-0.08506607791311804,-0.08506607791311804,-0.08506607791311804,-0.08506607791311804,-0.08506607791311804,-0.08506607791311804,-0.08506607791311804,-0.08506607791311804,-0.08506607791311804,-0.08506607791311804,-0.08506607791311804,-0.08506607791311804,-0.08506607791311804,-0.08506607791311804,-0.08506607791311804,-0.08506607791311804,-0.08506607791311804,-0.08506607791311804,-0.08506607791311804,-0.08506607791311804,-0.08506607791311804,-0.08506607791311804,-0.08506607791311804,-0.08506607791311804,-0.08506607791311804,-0.08506607791311804,-0.08506607791311804,-0.08506607791311804
SRR4409223,0,Neg,PRJNA347583,Swan,WhooperSwan,,,,,,,,-0.08830820342338797,6.888039867024361,-0.08830820342338797,-0.08830820342338797,-0.08830820342338797,-0.08830820342338797,-0.08830820342338797,-0.08830820342338797,-0.08830820342338797,-0.08830820342338797,-0.08830820342338797,-0.08830820342338797,-0.08830820342338797,-0.08830820342338797,-0.08830820342338797,-0.08830820342338797,-0.08830820342338797,-0.08830820342338797,-0.08830820342338797,-0.08830820342338797,-0.08830820342338797,-0.08830820342338797,-0.08830820342338797,-0.08830820342338797,-0.08830820342338797,-0.08830820342338797,-0.08830820342338797,-0.08830820342338797,-0.08830820342338797,-0.08830820342338797,-0.08830820342338797,-0.08830820342338797,-0.08830820342338797,-0.08830820342338797,-0.08830820342338797,-0.08830820342338797,-0.08830820342338797,-0.08830820342338797,-0.08830820342338797,-0.08830820342338797,-0.08830820342338797,-0.08830820342338797,-0.08830820342338797,-0.08830820342338797,-0.08830820342338797,-0.08830820342338797,-0.08830820342338797,-0.08830820342338797,-0.08830820342338797,-0.08830820342338797,-0.08830820342338797,-0.08830820342338797,-0.08830820342338797,-0.08830820342338797,-0.08830820342338797,-0.08830820342338797,-0.08830820342338797,-0.08830820342338797,-0.08830820342338797,-0.08830820342338797,-0.08830820342338797,-0.08830820342338797,-0.08830820342338797,-0.08830820342338797,-0.08830820342338797,-0.08830820342338797,-0.08830820342338797,-0.08830820342338797,-0.08830820342338797,-0.08830820342338797,-0.08830820342338797,-0.08830820342338797,-0.08830820342338797,-0.08830820342338797,-0.08830820342338797,-0.08830820342338797,-0.08830820342338797,-0.08830820342338797,-0.08830820342338797
SRR4409224,0,Neg,PRJNA347583,Swan,WhooperSwan,,,,,,,,-0.0673798731536488,5.25563010598476,-0.0673798731536488,-0.0673798731536488,-0.0673798731536488,-0.0673798731536488,-0.0673798731536488,-0.0673798731536488,-0.0673798731536488,-0.0673798731536488,-0.0673798731536488,-0.0673798731536488,-0.0673798731536488,-0.0673798731536488,-0.0673798731536488,-0.0673798731536488,-0.0673798731536488,-0.0673798731536488,-0.0673798731536488,-0.0673798731536488,-0.0673798731536488,-0.0673798731536488,-0.0673798731536488,-0.0673798731536488,-0.0673798731536488,-0.0673798731536488,-0.0673798731536488,-0.0673798731536488,-0.0673798731536488,-0.0673798731536488,-0.0673798731536488,-0.0673798731536488,-0.0673798731536488,-0.0673798731536488,-0.0673798731536488,-0.0673798731536488,-0.0673798731536488,-0.0673798731536488,-0.0673798731536488,-0.0673798731536488,-0.0673798731536488,-0.0673798731536488,-0.0673798731536488,-0.0673798731536488,-0.0673798731536488,-0.0673798731536488,-0.0673798731536488,-0.0673798731536488,-0.0673798731536488,-0.0673798731536488,-0.0673798731536488,-0.0673798731536488,-0.0673798731536488,-0.0673798731536488,-0.0673798731536488,-0.0673798731536488,-0.0673798731536488,-0.0673798731536488,-0.0673798731536488,-0.0673798731536488,-0.0673798731536488,-0.0673798731536488,-0.0673798731536488,-0.0673798731536488,-0.0673798731536488,-0.0673798731536488,-0.0673798731536488,-0.0673798731536488,-0.0673798731536488,-0.0673798731536488,-0.0673798731536488,-0.0673798731536488,-0.0673798731536488,-0.0673798731536488,-0.0673798731536488,-0.0673798731536488,-0.0673798731536488,-0.0673798731536488,-0.0673798731536488
SRR4409225,1,Pos,PRJNA347583,Swan,WhooperSwan,,,,,,,,-0.07593590584743204,5.9230006560992505,-0.07593590584743204,-0.07593590584743204,-0.07593590584743204,-0.07593590584743204,-0.07593590584743204,-0.07593590584743204,-0.07593590584743204,-0.07593590584743204,-0.07593590584743204,-0.07593590584743204,-0.07593590584743204,-0.07593590584743204,-0.07593590584743204,-0.07593590584743204,-0.07593590584743204,-0.07593590584743204,-0.07593590584743204,-0.07593590584743204,-0.07593590584743204,-0.07593590584743204,-0.07593590584743204,-0.07593590584743204,-0.07593590584743204,-0.07593590584743204,-0.07593590584743204,-0.07593590584743204,-0.07593590584743204,-0.07593590584743204,-0.07593590584743204,-0.07593590584743204,-0.07593590584743204,-0.07593590584743204,-0.07593590584743204,-0.07593590584743204,-0.07593590584743204,-0.07593590584743204,-0.07593590584743204,-0.07593590584743204,-0.07593590584743204,-0.07593590584743204,-0.07593590584743204,-0.07593590584743204,-0.07593590584743204,-0.07593590584743204,-0.07593590584743204,-0.07593590584743204,-0.07593590584743204,-0.07593590584743204,-0.07593590584743204,-0.07593590584743204,-0.07593590584743204,-0.07593590584743204,-0.07593590584743204,-0.07593590584743204,-0.07593590584743204,-0.07593590584743204,-0.07593590584743204,-0.07593590584743204,-0.07593590584743204,-0.07593590584743204,-0.07593590584743204,-0.07593590584743204,-0.07593590584743204,-0.07593590584743204,-0.07593590584743204,-0.07593590584743204,-0.07593590584743204,-0.07593590584743204,-0.07593590584743204,-0.07593590584743204,-0.07593590584743204,-0.07593590584743204,-0.07593590584743204,-0.07593590584743204,-0.07593590584743204,-0.07593590584743204,-0.07593590584743204
SRR4409226,1,Pos,PRJNA347583,Swan,WhooperSwan,,,,,,,,-0.05025685966520932,3.920035053886912,-0.05025685966520932,-0.05025685966520932,-0.05025685966520932,-0.05025685966520932,-0.05025685966520932,-0.05025685966520932,-0.05025685966520932,-0.05025685966520932,-0.05025685966520932,-0.05025685966520932,-0.05025685966520932,-0.05025685966520932,-0.05025685966520932,-0.05025685966520932,-0.05025685966520932,-0.05025685966520932,-0.05025685966520932,-0.05025685966520932,-0.05025685966520932,-0.05025685966520932,-0.05025685966520932,-0.05025685966520932,-0.05025685966520932,-0.05025685966520932,-0.05025685966520932,-0.05025685966520932,-0.05025685966520932,-0.05025685966520932,-0.05025685966520932,-0.05025685966520932,-0.05025685966520932,-0.05025685966520932,-0.05025685966520932,-0.05025685966520932,-0.05025685966520932,-0.05025685966520932,-0.05025685966520932,-0.05025685966520932,-0.05025685966520932,-0.05025685966520932,-0.05025685966520932,-0.05025685966520932,-0.05025685966520932,-0.05025685966520932,-0.05025685966520932,-0.05025685966520932,-0.05025685966520932,-0.05025685966520932,-0.05025685966520932,-0.05025685966520932,-0.05025685966520932,-0.05025685966520932,-0.05025685966520932,-0.05025685966520932,-0.05025685966520932,-0.05025685966520932,-0.05025685966520932,-0.05025685966520932,-0.05025685966520932,-0.05025685966520932,-0.05025685966520932,-0.05025685966520932,-0.05025685966520932,-0.05025685966520932,-0.05025685966520932,-0.05025685966520932,-0.05025685966520932,-0.05025685966520932,-0.05025685966520932,-0.05025685966520932,-0.05025685966520932,-0.05025685966520932,-0.05025685966520932,-0.05025685966520932,-0.05025685966520932,-0.05025685966520932,-0.05025685966520932
SRR4409227,1,Pos,PRJNA347583,Swan,WhooperSwan,,,,,,,,-0.09609312717340135,7.495263919525149,-0.09609312717340135,-0.09609312717340135,-0.09609312717340135,-0.09609312717340135,-0.09609312717340135,-0.09609312717340135,-0.09609312717340135,-0.09609312717340135,-0.09609312717340135,-0.09609312717340135,-0.09609312717340135,-0.09609312717340135,-0.09609312717340135,-0.09609312717340135,-0.09609312717340135,-0.09609312717340135,-0.09609312717340135,-0.09609312717340135,-0.09609312717340135,-0.09609312717340135,-0.09609312717340135,-0.09609312717340135,-0.09609312717340135,-0.09609312717340135,-0.09609312717340135,-0.09609312717340135,-0.09609312717340135,-0.09609312717340135,-0.09609312717340135,-0.09609312717340135,-0.09609312717340135,-0.09609312717340135,-0.09609312717340135,-0.09609312717340135,-0.09609312717340135,-0.09609312717340135,-0.09609312717340135,-0.09609312717340135,-0.09609312717340135,-0.09609312717340135,-0.09609312717340135,-0.09609312717340135,-0.09609312717340135,-0.09609312717340135,-0.09609312717340135,-0.09609312717340135,-0.09609312717340135,-0.09609312717340135,-0.09609312717340135,-0.09609312717340135,-0.09609312717340135,-0.09609312717340135,-0.09609312717340135,-0.09609312717340135,-0.09609312717340135,-0.09609312717340135,-0.09609312717340135,-0.09609312717340135,-0.09609312717340135,-0.09609312717340135,-0.09609312717340135,-0.09609312717340135,-0.09609312717340135,-0.09609312717340135,-0.09609312717340135,-0.09609312717340135,-0.09609312717340135,-0.09609312717340135,-0.09609312717340135,-0.09609312717340135,-0.09609312717340135,-0.09609312717340135,-0.09609312717340135,-0.09609312717340135,-0.09609312717340135,-0.09609312717340135,-0.09609312717340135
SRR4409228,1,Pos,PRJNA347583,Swan,WhooperSwan,,,,,,,,-0.04425958938564367,3.452247972080836,-0.04425958938564367,-0.04425958938564367,-0.04425958938564367,-0.04425958938564367,-0.04425958938564367,-0.04425958938564367,-0.04425958938564367,-0.04425958938564367,-0.04425958938564367,-0.04425958938564367,-0.04425958938564367,-0.04425958938564367,-0.04425958938564367,-0.04425958938564367,-0.04425958938564367,-0.04425958938564367,-0.04425958938564367,-0.04425958938564367,-0.04425958938564367,-0.04425958938564367,-0.04425958938564367,-0.04425958938564367,-0.04425958938564367,-0.04425958938564367,-0.04425958938564367,-0.04425958938564367,-0.04425958938564367,-0.04425958938564367,-0.04425958938564367,-0.04425958938564367,-0.04425958938564367,-0.04425958938564367,-0.04425958938564367,-0.04425958938564367,-0.04425958938564367,-0.04425958938564367,-0.04425958938564367,-0.04425958938564367,-0.04425958938564367,-0.04425958938564367,-0.04425958938564367,-0.04425958938564367,-0.04425958938564367,-0.04425958938564367,-0.04425958938564367,-0.04425958938564367,-0.04425958938564367,-0.04425958938564367,-0.04425958938564367,-0.04425958938564367,-0.04425958938564367,-0.04425958938564367,-0.04425958938564367,-0.04425958938564367,-0.04425958938564367,-0.04425958938564367,-0.04425958938564367,-0.04425958938564367,-0.04425958938564367,-0.04425958938564367,-0.04425958938564367,-0.04425958938564367,-0.04425958938564367,-0.04425958938564367,-0.04425958938564367,-0.04425958938564367,-0.04425958938564367,-0.04425958938564367,-0.04425958938564367,-0.04425958938564367,-0.04425958938564367,-0.04425958938564367,-0.04425958938564367,-0.04425958938564367,-0.04425958938564367,-0.04425958938564367,-0.04425958938564367
SRR4409229,1,Pos,PRJNA347583,Swan,WhooperSwan,,,,,,,,-0.04761012804676046,3.7135899876468024,-0.04761012804676046,-0.04761012804676046,-0.04761012804676046,-0.04761012804676046,-0.04761012804676046,-0.04761012804676046,-0.04761012804676046,-0.04761012804676046,-0.04761012804676046,-0.04761012804676046,-0.04761012804676046,-0.04761012804676046,-0.04761012804676046,-0.04761012804676046,-0.04761012804676046,-0.04761012804676046,-0.04761012804676046,-0.04761012804676046,-0.04761012804676046,-0.04761012804676046,-0.04761012804676046,-0.04761012804676046,-0.04761012804676046,-0.04761012804676046,-0.04761012804676046,-0.04761012804676046,-0.04761012804676046,-0.04761012804676046,-0.04761012804676046,-0.04761012804676046,-0.04761012804676046,-0.04761012804676046,-0.04761012804676046,-0.04761012804676046,-0.04761012804676046,-0.04761012804676046,-0.04761012804676046,-0.04761012804676046,-0.04761012804676046,-0.04761012804676046,-0.04761012804676046,-0.04761012804676046,-0.04761012804676046,-0.04761012804676046,-0.04761012804676046,-0.04761012804676046,-0.04761012804676046,-0.04761012804676046,-0.04761012804676046,-0.04761012804676046,-0.04761012804676046,-0.04761012804676046,-0.04761012804676046,-0.04761012804676046,-0.04761012804676046,-0.04761012804676046,-0.04761012804676046,-0.04761012804676046,-0.04761012804676046,-0.04761012804676046,-0.04761012804676046,-0.04761012804676046,-0.04761012804676046,-0.04761012804676046,-0.04761012804676046,-0.04761012804676046,-0.04761012804676046,-0.04761012804676046,-0.04761012804676046,-0.04761012804676046,-0.04761012804676046,-0.04761012804676046,-0.04761012804676046,-0.04761012804676046,-0.04761012804676046,-0.04761012804676046,-0.04761012804676046
SRR4409230,1,Pos,PRJNA347583,Swan,WhooperSwan,,,,,,,,-0.03427911646963988,2.6737710846325706,-0.03427911646963988,-0.03427911646963988,-0.03427911646963988,-0.03427911646963988,-0.03427911646963988,-0.03427911646963988,-0.03427911646963988,-0.03427911646963988,-0.03427911646963988,-0.03427911646963988,-0.03427911646963988,-0.03427911646963988,-0.03427911646963988,-0.03427911646963988,-0.03427911646963988,-0.03427911646963988,-0.03427911646963988,-0.03427911646963988,-0.03427911646963988,-0.03427911646963988,-0.03427911646963988,-0.03427911646963988,-0.03427911646963988,-0.03427911646963988,-0.03427911646963988,-0.03427911646963988,-0.03427911646963988,-0.03427911646963988,-0.03427911646963988,-0.03427911646963988,-0.03427911646963988,-0.03427911646963988,-0.03427911646963988,-0.03427911646963988,-0.03427911646963988,-0.03427911646963988,-0.03427911646963988,-0.03427911646963988,-0.03427911646963988,-0.03427911646963988,-0.03427911646963988,-0.03427911646963988,-0.03427911646963988,-0.03427911646963988,-0.03427911646963988,-0.03427911646963988,-0.03427911646963988,-0.03427911646963988,-0.03427911646963988,-0.03427911646963988,-0.03427911646963988,-0.03427911646963988,-0.03427911646963988,-0.03427911646963988,-0.03427911646963988,-0.03427911646963988,-0.03427911646963988,-0.03427911646963988,-0.03427911646963988,-0.03427911646963988,-0.03427911646963988,-0.03427911646963988,-0.03427911646963988,-0.03427911646963988,-0.03427911646963988,-0.03427911646963988,-0.03427911646963988,-0.03427911646963988,-0.03427911646963988,-0.03427911646963988,-0.03427911646963988,-0.03427911646963988,-0.03427911646963988,-0.03427911646963988,-0.03427911646963988,-0.03427911646963988,-0.03427911646963988
SRR4409231,1,Pos,PRJNA347583,Swan,WhooperSwan,,,,,,,,-0.07869121646941846,6.137914884615447,-0.07869121646941846,-0.07869121646941846,-0.07869121646941846,-0.07869121646941846,-0.07869121646941846,-0.07869121646941846,-0.07869121646941846,-0.07869121646941846,-0.07869121646941846,-0.07869121646941846,-0.07869121646941846,-0.07869121646941846,-0.07869121646941846,-0.07869121646941846,-0.07869121646941846,-0.07869121646941846,-0.07869121646941846,-0.07869121646941846,-0.07869121646941846,-0.07869121646941846,-0.07869121646941846,-0.07869121646941846,-0.07869121646941846,-0.07869121646941846,-0.07869121646941846,-0.07869121646941846,-0.07869121646941846,-0.07869121646941846,-0.07869121646941846,-0.07869121646941846,-0.07869121646941846,-0.07869121646941846,-0.07869121646941846,-0.07869121646941846,-0.07869121646941846,-0.07869121646941846,-0.07869121646941846,-0.07869121646941846,-0.07869121646941846,-0.07869121646941846,-0.07869121646941846,-0.07869121646941846,-0.07869121646941846,-0.07869121646941846,-0.07869121646941846,-0.07869121646941846,-0.07869121646941846,-0.07869121646941846,-0.07869121646941846,-0.07869121646941846,-0.07869121646941846,-0.07869121646941846,-0.07869121646941846,-0.07869121646941846,-0.07869121646941846,-0.07869121646941846,-0.07869121646941846,-0.07869121646941846,-0.07869121646941846,-0.07869121646941846,-0.07869121646941846,-0.07869121646941846,-0.07869121646941846,-0.07869121646941846,-0.07869121646941846,-0.07869121646941846,-0.07869121646941846,-0.07869121646941846,-0.07869121646941846,-0.07869121646941846,-0.07869121646941846,-0.07869121646941846,-0.07869121646941846,-0.07869121646941846,-0.07869121646941846,-0.07869121646941846,-0.07869121646941846
SRR4409232,1,Pos,PRJNA347583,Swan,WhooperSwan,,,,,,,,6.217248937900877e-15,6.217248937900877e-15,6.217248937900877e-15,6.217248937900877e-15,6.217248937900877e-15,6.217248937900877e-15,6.217248937900877e-15,6.217248937900877e-15,6.217248937900877e-15,6.217248937900877e-15,6.217248937900877e-15,6.217248937900877e-15,6.217248937900877e-15,6.217248937900877e-15,6.217248937900877e-15,6.217248937900877e-15,6.217248937900877e-15,6.217248937900877e-15,6.217248937900877e-15,6.217248937900877e-15,6.217248937900877e-15,6.217248937900877e-15,6.217248937900877e-15,6.217248937900877e-15,6.217248937900877e-15,6.217248937900877e-15,6.217248937900877e-15,6.217248937900877e-15,6.217248937900877e-15,6.217248937900877e-15,6.217248937900877e-15,6.217248937900877e-15,6.217248937900877e-15,6.217248937900877e-15,6.217248937900877e-15,6.217248937900877e-15,6.217248937900877e-15,6.217248937900877e-15,6.217248937900877e-15,6.217248937900877e-15,6.217248937900877e-15,6.217248937900877e-15,6.217248937900877e-15,6.217248937900877e-15,6.217248937900877e-15,6.217248937900877e-15,6.217248937900877e-15,6.217248937900877e-15,6.217248937900877e-15,6.217248937900877e-15,6.217248937900877e-15,6.217248937900877e-15,6.217248937900877e-15,6.217248937900877e-15,6.217248937900877e-15,6.217248937900877e-15,6.217248937900877e-15,6.217248937900877e-15,6.217248937900877e-15,6.217248937900877e-15,6.217248937900877e-15,6.217248937900877e-15,6.217248937900877e-15,6.217248937900877e-15,6.217248937900877e-15,6.217248937900877e-15,6.217248937900877e-15,6.217248937900877e-15,6.217248937900877e-15,6.217248937900877e-15,6.217248937900877e-15,6.217248937900877e-15,6.217248937900877e-15,6.217248937900877e-15,6.217248937900877e-15,6.217248937900877e-15,6.217248937900877e-15,6.217248937900877e-15,6.217248937900877e-15
SRR7146574,1,Pos,PRJNA464410,Duck,Duck,S,A,M,dabbling,Anasplatyrhynchos,"MandevilleIsland,SanJoaquinCounty",8.0,-1.83373067942971,-1.83373067942971,-1.83373067942971,-1.83373067942971,-1.83373067942971,-1.83373067942971,-1.83373067942971,-1.83373067942971,-1.83373067942971,-1.83373067942971,-1.83373067942971,-1.83373067942971,-1.83373067942971,-1.83373067942971,-1.83373067942971,-1.83373067942971,-1.83373067942971,-1.83373067942971,-1.83373067942971,0.3634938979065092,-1.83373067942971,0.3634938979065092,-1.83373067942971,2.370961939961256,-1.83373067942971,-1.83373067942971,-1.83373067942971,0.3634938979065092,3.3424190531441194,1.385145145438491,4.04400510234993,1.3017635364994398,-1.83373067942971,-1.83373067942971,-1.83373067942971,0.7312186780318264,-1.83373067942971,-1.83373067942971,-1.83373067942971,0.7312186780318264,2.1365612341224116,0.5641645933686608,0.5641645933686608,-1.83373067942971,1.385145145438491,-1.83373067942971,-1.83373067942971,0.8743195216725006,-1.83373067942971,2.24380676447601,4.295319530630835,2.0980949532946163,5.084964539590762,-1.83373067942971,2.4289491976116055,5.62503201295125,-1.83373067942971,1.3017635364994398,4.189716913531322,1.5335651505567638,1.3017635364994398,5.365947666261462,-1.83373067942971,0.8743195216725006,-1.83373067942971,5.639906429066496,-1.83373067942971,-1.83373067942971,2.058089618680917,3.353655126411045,4.989555442925978,-1.83373067942971,-1.83373067942971,-1.83373067942971,1.5335651505567638,3.056618448792044,0.7312186780318264,2.456728761718681,-1.83373067942971
SRR7146575,1,Pos,PRJNA464410,Duck,Duck,S,H,M,dabbling,Anasplatyrhynchos,"GrizzlyIslandWildlifeArea(GIWA),SolanoCounty",7.0,-1.5907793691443297,-1.5907793691443297,-1.5907793691443297,-1.5907793691443297,-1.5907793691443297,-1.5907793691443297,-1.5907793691443297,-1.5907793691443297,-1.5907793691443297,-1.5907793691443297,-1.5907793691443297,-1.5907793691443297,-1.5907793691443297,-1.5907793691443297,-1.5907793691443297,-1.5907793691443297,-1.5907793691443297,-1.5907793691443297,-1.5907793691443297,-1.5907793691443297,-1.5907793691443297,-1.5907793691443297,3.5966064366964257,5.869135397096776,5.704277047318301,3.6719108197605563,-1.5907793691443297,-1.5907793691443297,-1.5907793691443297,3.5029708316624326,3.6403292477102576,-1.5907793691443297,2.3410462635799965,-1.5907793691443297,-1.5907793691443297,-1.5907793691443297,-1.5907793691443297,-1.5907793691443297,1.2424339749118865,-1.5907793691443297,0.6064452081918903,-1.5907793691443297,-1.5907793691443297,-1.5907793691443297,1.3536596100221114,-1.5907793691443297,2.8280612386522685,-1.5907793691443297,2.583607900751308,4.8373259035402665,5.275111705739109,-1.5907793691443297,4.8373259035402665,2.48675807476139,4.853351887556111,5.283419126308965,1.1172708319578808,-1.5907793691443297,3.082049465317577,2.0727822769853175,-1.5907793691443297,2.3795125444077927,-1.5907793691443297,-1.5907793691443297,-1.5907793691443297,0.6064452081918903,-1.5907793691443297,4.672618893447295,-1.5907793691443297,-1.5907793691443297,-1.5907793691443297,-1.5907793691443297,-1.5907793691443297,3.0631809810131942,-1.5907793691443297,-1.5907793691443297,-1.5907793691443297,2.8036697855281094,-1.5907793691443297
SRR7146576,0,Neg,PRJNA464410,Duck,Duck,FW,A,M,filter,Anasclypeata,"SacramentoNationalWildlifeRefuge,GlennCounty",1.0,-0.9220273285904899,-0.9220273285904899,-0.9220273285904899,-0.9220273285904899,-0.9220273285904899,-0.9220273285904899,-0.9220273285904899,-0.9220273285904899,-0.9220273285904899,-0.9220273285904899,-0.9220273285904899,-0.9220273285904899,-0.9220273285904899,-0.9220273285904899,-0.9220273285904899,-0.9220273285904899,-0.9220273285904899,-0.9220273285904899,-0.9220273285904899,1.0238828204648227,0.17658496007761926,-0.9220273285904899,-0.9220273285904899,3.155510115315229,-0.9220273285904899,-0.9220273285904899,-0.9220273285904899,-0.9220273285904899,3.252359941305147,1.9111860154657254,2.688890584053734,-0.9220273285904899,1.2751972487457293,-0.9220273285904899,-0.9220273285904899,-0.9220273285904899,-0.9220273285904899,-0.9220273285904899,4.265358477250265,-0.9220273285904899,1.2751972487457293,1.2751972487457293,-0.9220273285904899,4.276469702675335,-0.9220273285904899,-0.9220273285904899,0.17658496007761926,1.9111860154657254,-0.9220273285904899,-0.9220273285904899,-0.9220273285904899,2.8846351611798298,8.19279284152828,-0.9220273285904899,-0.9220273285904899,3.0853058566419804,-0.9220273285904899,1.2751972487457293,0.6874105838436098,0.6874105838436098,-0.9220273285904899,-0.9220273285904899,-0.9220273285904899,-0.9220273285904899,-0.9220273285904899,-0.9220273285904899,-0.9220273285904899,-0.9220273285904899,-0.9220273285904899,-0.9220273285904899,-0.9220273285904899,2.57448023287599,-0.9220273285904899,-0.9220273285904899,0.6874105838436098,-0.9220273285904899,-0.9220273285904899,4.207871386332584,0.6874105838436098
SRR7146577,0,Neg,PRJNA464410,Duck,Duck,FW,H,F,filter,Anasclypeata,"SacramentoNationalWildlifeRefuge,GlennCounty",1.0,-0.5392176418130639,-0.5392176418130639,-0.5392176418130639,-0.5392176418130639,-0.5392176418130639,-0.5392176418130639,-0.5392176418130639,-0.5392176418130639,-0.5392176418130639,-0.5392176418130639,-0.5392176418130639,-0.5392176418130639,-0.5392176418130639,-0.5392176418130639,-0.5392176418130639,-0.5392176418130639,-0.5392176418130639,-0.5392176418130639,-0.5392176418130639,2.0257317156484724,-0.5392176418130639,1.6580069355231553,-0.5392176418130639,-0.5392176418130639,-0.5392176418130639,-0.5392176418130639,-0.5392176418130639,-0.5392176418130639,-0.5392176418130639,-0.5392176418130639,4.648168164027691,-0.5392176418130639,1.4066925072422487,-0.5392176418130639,-0.5392176418130639,-0.5392176418130639,1.858677630985306,-0.5392176418130639,-0.5392176418130639,-0.5392176418130639,1.858677630985306,1.4066925072422487,-0.5392176418130639,-0.5392176418130639,2.4052213373533764,-0.5392176418130639,-0.5392176418130639,-0.5392176418130639,-0.5392176418130639,-0.5392176418130639,-0.5392176418130639,4.205714486550185,8.62664824006129,-0.5392176418130639,-0.5392176418130639,2.596276574116086,-0.5392176418130639,-0.5392176418130639,-0.5392176418130639,-0.5392176418130639,-0.5392176418130639,-0.5392176418130639,-0.5392176418130639,3.4310742717390577,-0.5392176418130639,-0.5392176418130639,-0.5392176418130639,-0.5392176418130639,-0.5392176418130639,-0.5392176418130639,-0.5392176418130639,-0.5392176418130639,-0.5392176418130639,-0.5392176418130639,-0.5392176418130639,-0.5392176418130639,-0.5392176418130639,-0.5392176418130639,-0.5392176418130639
SRR7146578,1,Pos,PRJNA464410,Duck,Duck,S,H,M,dabbling,Anasplatyrhynchos,"SuisunMarsh/Sunrise,SolanoCounty",7.0,-0.7367965180287666,-0.7367965180287666,-0.7367965180287666,-0.7367965180287666,-0.7367965180287666,-0.7367965180287666,-0.7367965180287666,-0.7367965180287666,-0.7367965180287666,-0.7367965180287666,-0.7367965180287666,-0.7367965180287666,-0.7367965180287666,-0.7367965180287666,-0.7367965180287666,-0.7367965180287666,-0.7367965180287666,-0.7367965180287666,-0.7367965180287666,-0.7367965180287666,-0.7367965180287666,-0.7367965180287666,-0.7367965180287666,-0.7367965180287666,-0.7367965180287666,-0.7367965180287666,-0.7367965180287666,-0.7367965180287666,5.352248357418079,5.530404030512596,3.467896101362199,-0.7367965180287666,3.374077346144544,-0.7367965180287666,-0.7367965180287666,-0.7367965180287666,-0.7367965180287666,3.233495395523355,7.214410638444204,-0.7367965180287666,-0.7367965180287666,-0.7367965180287666,1.4604280593074526,-0.7367965180287666,1.209113631026546,-0.7367965180287666,-0.7367965180287666,-0.7367965180287666,-0.7367965180287666,-0.7367965180287666,-0.7367965180287666,-0.7367965180287666,7.8093727816239875,5.959002399029725,-0.7367965180287666,-0.7367965180287666,-0.7367965180287666,-0.7367965180287666,-0.7367965180287666,-0.7367965180287666,-0.7367965180287666,-0.7367965180287666,-0.7367965180287666,-0.7367965180287666,-0.7367965180287666,1.8281528394327697,-0.7367965180287666,-0.7367965180287666,2.9267651281008797,-0.7367965180287666,-0.7367965180287666,-0.7367965180287666,-0.7367965180287666,-0.7367965180287666,-0.7367965180287666,-0.7367965180287666,-0.7367965180287666,-0.7367965180287666,-0.7367965180287666
SRR7146580,0,Neg,PRJNA464410,Duck,Duck,S,H,F,dabbling,Anasplatyrhynchos,"GrizzlyIslandWildlifeArea(GIWA),SolanoCounty",7.0,-1.2589723044155283,-1.2589723044155283,-1.2589723044155283,-1.2589723044155283,-1.2589723044155283,-1.2589723044155283,-1.2589723044155283,-1.2589723044155283,-1.2589723044155283,-1.2589723044155283,-1.2589723044155283,-1.2589723044155283,-1.2589723044155283,-1.2589723044155283,-1.2589723044155283,-1.2589723044155283,-1.2589723044155283,-1.2589723044155283,-1.2589723044155283,-1.2589723044155283,-1.2589723044155283,-1.2589723044155283,-1.2589723044155283,-1.2589723044155283,-1.2589723044155283,-1.2589723044155283,1.5742410396406878,0.6869378446397851,5.304883222116599,-1.2589723044155283,1.1389229683828423,-1.2589723044155283,-1.2589723044155283,-1.2589723044155283,-1.2589723044155283,-1.2589723044155283,-1.2589723044155283,-1.2589723044155283,1.7855501333078942,-1.2589723044155283,-1.2589723044155283,-1.2589723044155283,0.3504656080185713,-1.2589723044155283,-1.2589723044155283,-1.2589723044155283,-1.2589723044155283,-1.2589723044155283,-1.2589723044155283,-1.2589723044155283,2.036864561588801,1.8765219115136214,6.660747456509046,-1.2589723044155283,-1.2589723044155283,5.243817741500095,-1.2589723044155283,0.9382522729206908,2.404589341714118,-1.2589723044155283,-1.2589723044155283,4.667953721554882,2.4545997622887787,1.8765219115136214,-1.2589723044155283,6.573438622772391,-1.2589723044155283,-1.2589723044155283,1.5742410396406878,-1.2589723044155283,4.977397285788176,-1.2589723044155283,5.7173757660322195,-1.2589723044155283,2.672853328308797,2.2963757570738847,3.717761438005046,3.972136312439058,-1.2589723044155283
SRR7146581,0,Neg,PRJNA464410,Duck,Duck,S,H,F,dabbling,Anasplatyrhynchos,"GrizzlyIslandWildlifeArea(GIWA),SolanoCounty",7.0,-1.2847323300258333,-1.2847323300258333,-1.2847323300258333,-1.2847323300258333,-1.2847323300258333,-1.2847323300258333,-1.2847323300258333,-1.2847323300258333,-1.2847323300258333,-1.2847323300258333,-1.2847323300258333,-1.2847323300258333,-1.2847323300258333,-1.2847323300258333,-1.2847323300258333,-1.2847323300258333,-1.2847323300258333,-1.2847323300258333,-1.2847323300258333,-1.2847323300258333,-1.2847323300258333,-1.2847323300258333,-1.2847323300258333,-1.2847323300258333,-1.2847323300258333,-1.2847323300258333,-1.2847323300258333,3.8332614823909212,3.3103875201087565,-1.2847323300258333,2.3261855826183906,-1.2847323300258333,2.6070879680847927,3.05907309182785,-1.2847323300258333,3.109716824646605,-1.2847323300258333,1.8507618859033164,7.503251066171966,-1.2847323300258333,0.6611778190294793,-1.2847323300258333,2.011104535978496,-1.2847323300258333,0.3247055824082663,-1.2847323300258333,-0.1861200413577242,1.7597901076975893,-1.2847323300258333,-1.2847323300258333,-1.2847323300258333,2.3261855826183906,5.477997176906046,-1.2847323300258333,-1.2847323300258333,3.732547506789091,-1.2847323300258333,-1.2847323300258333,-1.2847323300258333,0.6611778190294793,-1.2847323300258333,4.346479451795532,-1.2847323300258333,-1.2847323300258333,-1.2847323300258333,2.378829316103813,2.2706157314635798,-1.2847323300258333,2.0825634999606404,-1.2847323300258333,-1.2847323300258333,5.647715561546675,4.264343754869386,-1.2847323300258333,0.3247055824082663,-1.2847323300258333,-1.2847323300258333,3.692001412394741,-1.2847323300258333
SRR7146582,0,Neg,PRJNA464410,Duck,Duck,S,H,F,dabbling,Anasplatyrhynchos,"GrizzlyIslandWildlifeArea(GIWA),SolanoCounty",7.0,-1.074172437376987,-1.074172437376987,-1.074172437376987,-1.074172437376987,-1.074172437376987,-1.074172437376987,-1.074172437376987,-1.074172437376987,-1.074172437376987,-1.074172437376987,-1.074172437376987,-1.074172437376987,-1.074172437376987,-1.074172437376987,-1.074172437376987,-1.074172437376987,-1.074172437376987,-1.074172437376987,-1.074172437376987,-1.074172437376987,-1.074172437376987,-1.074172437376987,-1.074172437376987,0.02443985129112214,-1.074172437376987,-1.074172437376987,-1.074172437376987,-1.074172437376987,1.6338777637252226,-1.074172437376987,0.5352654750571126,0.5352654750571126,-1.074172437376987,1.8702665417894533,-1.074172437376987,0.5352654750571126,-1.074172437376987,2.2931233926094867,6.378809892088473,-1.074172437376987,-1.074172437376987,-1.074172437376987,0.5352654750571126,-1.074172437376987,-1.074172437376987,-1.074172437376987,0.5352654750571126,-1.074172437376987,-1.074172437376987,-1.074172437376987,-1.074172437376987,3.368478819113329,7.513851934799842,0.02443985129112214,-1.074172437376987,4.4270857731677395,-1.074172437376987,-1.074172437376987,-1.074172437376987,-1.074172437376987,-1.074172437376987,3.10021483251865,1.4907769200845493,0.02443985129112214,-1.074172437376987,-1.074172437376987,1.1230521399592321,-1.074172437376987,1.8702665417894533,-1.074172437376987,4.209031291361001,4.672030753163166,4.043821375039768,-1.074172437376987,1.9703500003464356,-1.074172437376987,-1.074172437376987,6.364799155018875,-1.074172437376987
SRR7146583,0,Neg,PRJNA464410,Duck,Duck,S,H,F,dabbling,Anasplatyrhynchos,"GrizzlyIslandWildlifeArea(GIWA),SolanoCounty",7.0,-1.7165891898223826,-1.7165891898223826,-1.7165891898223826,-1.7165891898223826,-1.7165891898223826,-1.7165891898223826,-1.7165891898223826,-1.7165891898223826,-1.7165891898223826,-1.7165891898223826,-1.7165891898223826,-1.7165891898223826,-1.7165891898223826,-1.7165891898223826,-1.7165891898223826,-1.7165891898223826,-1.7165891898223826,-1.7165891898223826,-1.7165891898223826,0.4806353875138374,-1.7165891898223826,2.7022514179742156,-1.7165891898223826,0.9914610112798279,-1.7165891898223826,-1.7165891898223826,1.2278497893440585,3.8706594685778675,3.2601445525981925,-1.7165891898223826,5.832493520989904,-1.7165891898223826,1.3279332479010408,4.989049905037621,1.7173980146627645,-1.7165891898223826,3.6905825816377367,4.061063133400275,0.22932095923293172,0.22932095923293172,2.918139798407254,3.907428316364957,-1.7165891898223826,-1.7165891898223826,3.7083608276590208,2.6778599648500574,-1.7165891898223826,-1.7165891898223826,-1.7165891898223826,-1.7165891898223826,-1.7165891898223826,-1.7165891898223826,3.4928969630190387,-1.7165891898223826,-1.7165891898223826,1.5792476761819474,-1.7165891898223826,-1.7165891898223826,-1.7165891898223826,-1.7165891898223826,-1.7165891898223826,4.923286644004154,1.9469724563072646,3.0955951655500353,0.8483601676391546,2.3942846743509296,2.7022514179742156,-1.7165891898223826,-0.10715127738828123,-1.7165891898223826,3.616129603442987,-1.7165891898223826,6.537419400742462,-1.7165891898223826,-1.7165891898223826,-1.7165891898223826,-1.7165891898223826,1.8943287228218422,1.650706640164092
SRR7146584,0,Neg,PRJNA464410,Duck,Duck,S,H,M,dabbling,Anasplatyrhynchos,"GrizzlyIslandWildlifeArea(GIWA),SolanoCounty",7.0,-1.8438070077059798,-1.8438070077059798,-1.8438070077059798,-1.8438070077059798,-1.8438070077059798,-1.8438070077059798,-1.8438070077059798,-1.8438070077059798,-1.8438070077059798,-1.8438070077059798,-1.8438070077059798,-1.8438070077059798,-1.8438070077059798,-1.8438070077059798,-1.8438070077059798,-1.8438070077059798,-1.8438070077059798,-1.8438070077059798,-1.8438070077059798,-1.8438070077059798,-1.8438070077059798,-1.8438070077059798,-1.8438070077059798,-0.7451947190378689,-1.8438070077059798,-1.8438070077059798,-1.8438070077059798,2.1992442601285704,5.316262199890147,0.7211423497555574,2.0880186250183463,-0.7451947190378689,0.10210314134933363,1.767110904938245,-1.8438070077059798,-1.8438070077059798,-0.23436909527187932,-1.8438070077059798,4.384703995885204,-1.8438070077059798,-1.8438070077059798,0.10210314134933363,2.598844248784337,0.8642431933962307,-0.23436909527187932,-1.8438070077059798,-1.8438070077059798,0.10210314134933363,-1.8438070077059798,-1.8438070077059798,-0.23436909527187932,4.798679793661277,5.826154987767597,-1.8438070077059798,-1.8438070077059798,4.861832087154023,-1.8438070077059798,-1.8438070077059798,-1.8438070077059798,-0.7451947190378689,2.829021826755927,4.072395054901456,0.3534175696302402,2.1264849058461426,3.2250971945142517,2.0880186250183463,-0.7451947190378689,-1.8438070077059798,2.790921980523656,1.1006319714604613,4.315288380785954,4.0560903458765125,3.8156752080536416,-1.8438070077059798,4.165006177736616,-1.8438070077059798,3.772964089960592,5.311589294190755,3.2124387976423288
SRR7146585,0,Neg,PRJNA464410,Duck,Duck,S,H,F,dabbling,Anasplatyrhynchos,"GrizzlyIslandWildlifeArea(GIWA),SolanoCounty",7.0,-1.2883462992343624,-1.2883462992343624,-1.2883462992343624,-1.2883462992343624,-1.2883462992343624,-1.2883462992343624,-1.2883462992343624,-1.2883462992343624,-1.2883462992343624,-1.2883462992343624,-1.2883462992343624,-1.2883462992343624,-1.2883462992343624,-1.2883462992343624,-1.2883462992343624,-1.2883462992343624,-1.2883462992343624,-1.2883462992343624,-1.2883462992343624,-1.2883462992343624,-1.2883462992343624,-1.2883462992343624,-1.2883462992343624,-1.2883462992343624,-1.2883462992343624,-1.2883462992343624,-1.2883462992343624,-1.2883462992343624,-1.2883462992343624,4.879170191653979,2.974333577806953,1.9305295256338386,-1.2883462992343624,3.95340071582528,-1.2883462992343624,2.754704968600188,-1.2883462992343624,0.6575638498209511,3.3844825352275443,-1.2883462992343624,-1.2883462992343624,-1.2883462992343624,2.822527564938949,-1.2883462992343624,-1.2883462992343624,-1.2883462992343624,-1.2883462992343624,-1.2883462992343624,-1.2883462992343624,-1.2883462992343624,-1.2883462992343624,-1.2883462992343624,3.1543049572559543,0.9088782781018576,-1.2883462992343624,6.300989523936255,-1.2883462992343624,-1.2883462992343624,6.0255405323991,-1.2883462992343624,-1.2883462992343624,4.75428653444802,-1.2883462992343624,1.8471479166947882,2.643479333489964,2.3225716134098624,4.4449949776633835,-1.2883462992343624,6.034824418709108,-1.2883462992343624,6.566810706646983,-1.2883462992343624,4.818676588507892,-1.2883462992343624,-1.2883462992343624,-1.2883462992343624,-1.2883462992343624,1.5448670448218538,-1.2883462992343624
SRR7146587,0,Neg,PRJNA464410,Duck,Duck,S,H,M,dabbling,Anasplatyrhynchos,"GrizzlyIslandWildlifeArea(GIWA),SolanoCounty",7.0,-1.2409444420255866,-1.2409444420255866,-1.2409444420255866,-1.2409444420255866,-1.2409444420255866,-1.2409444420255866,-1.2409444420255866,-1.2409444420255866,-1.2409444420255866,-1.2409444420255866,-1.2409444420255866,-1.2409444420255866,-1.2409444420255866,-1.2409444420255866,-1.2409444420255866,-1.2409444420255866,-1.2409444420255866,-1.2409444420255866,-1.2409444420255866,1.156950830772785,-1.2409444420255866,-1.2409444420255866,-1.2409444420255866,7.723367506098929,1.5922689020306304,-1.2409444420255866,-1.2409444420255866,3.0765436715107244,1.7034945371408545,-1.2409444420255866,3.0765436715107244,-1.2409444420255866,1.9779313828426153,3.6935294911051058,0.7049657070297277,-1.2409444420255866,0.7049657070297277,2.369973470618639,-1.2409444420255866,-1.2409444420255866,1.8035779956978368,1.4671057590766239,0.7049657070297277,-1.2409444420255866,0.9562801353106334,2.1930427624595605,-1.2409444420255866,-1.2409444420255866,-1.2409444420255866,3.201706814464731,-1.2409444420255866,-1.2409444420255866,4.459499131365101,-1.2409444420255866,-1.2409444420255866,1.8035779956978368,-1.2409444420255866,-1.2409444420255866,-1.2409444420255866,-0.14233215335747573,-1.2409444420255866,2.993162062571674,-1.2409444420255866,1.3240049154359514,-1.2409444420255866,3.224963676628998,-1.2409444420255866,4.806427737020693,-1.2409444420255866,-1.2409444420255866,4.590938035257931,-1.2409444420255866,4.602599975005774,-1.2409444420255866,-1.2409444420255866,-1.2409444420255866,-1.2409444420255866,-1.2409444420255866,-1.2409444420255866
SRR7146588,1,Pos,PRJNA464410,Duck,Duck,FW,U,F,dabbling,Anasplatyrhynchos,"ConawayRanch,YoloCounty",12.0,-2.2939646206455224,-2.2939646206455224,-2.2939646206455224,-2.2939646206455224,-2.2939646206455224,-2.2939646206455224,-2.2939646206455224,-2.2939646206455224,-2.2939646206455224,-2.2939646206455224,-2.2939646206455224,-2.2939646206455224,-2.2939646206455224,-2.2939646206455224,-2.2939646206455224,-2.2939646206455224,-2.2939646206455224,-2.2939646206455224,-2.2939646206455224,-2.2939646206455224,-2.2939646206455224,-2.2939646206455224,-2.2939646206455224,3.122135781558898,-2.2939646206455224,-2.2939646206455224,-2.2939646206455224,2.0498408012081617,3.9656168434194012,3.42634715596189,3.009340287413554,-2.2939646206455224,1.3169532919987024,3.113207150814597,0.5392487234106946,1.1400225838396247,1.3169532919987024,1.4672354950480404,4.087851396760577,-2.2939646206455224,-2.2939646206455224,-2.2939646206455224,2.915521532195899,0.6504743585209187,-2.2939646206455224,-2.2939646206455224,0.27098473681601476,1.4672354950480404,0.4140855804566881,1.7133685645869488,2.124875987151076,1.4196074460587864,5.0603977097759545,0.9249112042226786,-2.2939646206455224,5.452336041585918,-2.2939646206455224,0.10393065215284913,3.8085939739680468,1.2025429408209583,-2.2939646206455224,4.032184852509578,1.6763272929066,2.1004845340269167,-2.2939646206455224,2.238634872507734,1.7835728232601973,1.849170105746011,2.4155655806668124,-2.2939646206455224,-2.2939646206455224,3.7996051493996137,4.371719097136887,-2.2939646206455224,1.4672354950480404,3.6222374419619134,0.6504743585209187,2.7233152161694028,0.6504743585209187
SRR7146589,1,Pos,PRJNA464410,Duck,Duck,FW,U,M,dabbling,Anasplatyrhynchos,"ConawayRanch,YoloCounty",12.0,-1.2586097983182833,-1.2586097983182833,-1.2586097983182833,-1.2586097983182833,-1.2586097983182833,-1.2586097983182833,-1.2586097983182833,-1.2586097983182833,-1.2586097983182833,-1.2586097983182833,-1.2586097983182833,-1.2586097983182833,-1.2586097983182833,-1.2586097983182833,-1.2586097983182833,-1.2586097983182833,-1.2586097983182833,-1.2586097983182833,-1.2586097983182833,-1.2586097983182833,-1.2586097983182833,-1.2586097983182833,-1.2586097983182833,-1.2586097983182833,-1.2586097983182833,-1.2586097983182833,-1.2586097983182833,2.037227067686045,5.584073483920138,-1.2586097983182833,3.273989694834972,-1.2586097983182833,-0.15999750965017423,0.9386147790179349,-1.2586097983182833,0.9386147790179349,-1.2586097983182833,2.175377406166862,3.9287760075224707,-1.2586097983182833,-1.2586097983182833,-1.2586097983182833,-1.2586097983182833,1.9602660265499168,-1.2586097983182833,-1.2586097983182833,-1.2586097983182833,-1.2586097983182833,-1.2586097983182833,-1.2586097983182833,-1.2586097983182833,2.9157774715773526,7.418488910607576,-1.2586097983182833,-1.2586097983182833,5.774014462709722,-1.2586097983182833,-1.2586097983182833,1.574603545737932,-1.2586097983182833,-0.15999750965017423,2.404951847811362,2.2967382631711297,2.591537803391774,-1.2586097983182833,2.6332104997923427,-1.2586097983182833,-1.2586097983182833,-1.2586097983182833,-1.2586097983182833,-1.2586097983182833,1.8768844176108654,3.1108380541487373,-1.2586097983182833,4.635793035946566,5.417213423316564,2.3523081143259406,3.7042348319416227,-1.2586097983182833
SRR7146590,1,Pos,PRJNA464410,Duck,Duck,FW,U,M,dabbling,Anasplatyrhynchos,"ConawayRanch,YoloCounty",12.0,-1.494004806387176,-1.494004806387176,-1.494004806387176,-1.494004806387176,-1.494004806387176,-1.494004806387176,-1.494004806387176,-1.494004806387176,-1.494004806387176,-1.494004806387176,-1.494004806387176,-1.494004806387176,-1.494004806387176,-1.494004806387176,-1.494004806387176,-1.494004806387176,-1.494004806387176,-1.494004806387176,-1.494004806387176,2.3561427953228833,-1.494004806387176,-1.494004806387176,-1.494004806387176,1.339208537669041,-1.494004806387176,-1.494004806387176,-1.494004806387176,2.5490464614473742,6.448002002102681,-1.494004806387176,4.975245510408596,-1.494004806387176,-1.494004806387176,2.43782082633715,-1.494004806387176,0.4519053426681374,1.801832059617154,4.192970549952644,5.0921668484675,-1.494004806387176,2.513328378845295,-1.494004806387176,4.349539610644184,-1.494004806387176,2.5835326375185437,-1.494004806387176,-1.494004806387176,-1.494004806387176,-1.494004806387176,-1.494004806387176,2.0025027550793046,-1.494004806387176,6.532492132558237,1.2140453947150345,-1.494004806387176,2.849800615466508,-1.494004806387176,-1.494004806387176,-1.494004806387176,-1.494004806387176,3.3963443218345786,3.3343089309151255,-1.494004806387176,-1.494004806387176,-1.494004806387176,-1.494004806387176,1.9399823980979711,-1.494004806387176,1.6414894095419745,-1.494004806387176,3.4404691267435163,-1.494004806387176,4.165477409372446,-1.494004806387176,5.005782234268679,-1.494004806387176,-1.494004806387176,4.062823255312362,-1.494004806387176
SRR7146591,1,Pos,PRJNA464410,Duck,Duck,FW,H,U,dabbling,Anasamericana,"SacramentoNationalWildlifeRefuge,GlennCounty",10.0,-0.8298482574457768,-0.8298482574457768,-0.8298482574457768,-0.8298482574457768,-0.8298482574457768,-0.8298482574457768,-0.8298482574457768,-0.8298482574457768,-0.8298482574457768,-0.8298482574457768,-0.8298482574457768,-0.8298482574457768,-0.8298482574457768,-0.8298482574457768,-0.8298482574457768,-0.8298482574457768,-0.8298482574457768,-0.8298482574457768,-0.8298482574457768,-0.8298482574457768,-0.8298482574457768,-0.8298482574457768,3.564600897226663,5.470937537217468,3.9323256773519804,-0.8298482574457768,-0.8298482574457768,-0.8298482574457768,-0.8298482574457768,-0.8298482574457768,1.1160618916095375,-0.8298482574457768,-0.8298482574457768,-0.8298482574457768,-0.8298482574457768,-0.8298482574457768,-0.8298482574457768,-0.8298482574457768,2.8337133886838703,-0.8298482574457768,-0.8298482574457768,-0.8298482574457768,-0.8298482574457768,-0.8298482574457768,-0.8298482574457768,-0.8298482574457768,-0.8298482574457768,-0.8298482574457768,0.7795896549883246,2.883723809258532,1.8782019436564337,1.3673763198904432,5.778152367850311,3.8614996247833675,-0.8298482574457768,2.465988608558553,-0.8298482574457768,-0.8298482574457768,-0.8298482574457768,-0.8298482574457768,-0.8298482574457768,0.26876403122233405,-0.8298482574457768,-0.8298482574457768,-0.8298482574457768,-0.8298482574457768,-0.8298482574457768,1.1160618916095375,-0.8298482574457768,1.8782019436564337,-0.8298482574457768,-0.8298482574457768,0.26876403122233405,-0.8298482574457768,8.179965853081606,-0.8298482574457768,-0.8298482574457768,2.9768142323245437,-0.8298482574457768
SRR7146592,1,Pos,PRJNA464410,Duck,Duck,FW,U,M,dabbling,Anasacuta,"ConawayRanch,YoloCounty",11.0,-0.8794325802737646,-0.8794325802737646,-0.8794325802737646,-0.8794325802737646,-0.8794325802737646,-0.8794325802737646,-0.8794325802737646,-0.8794325802737646,-0.8794325802737646,-0.8794325802737646,-0.8794325802737646,-0.8794325802737646,-0.8794325802737646,-0.8794325802737646,-0.8794325802737646,-0.8794325802737646,-0.8794325802737646,-0.8794325802737646,-0.8794325802737646,-0.8794325802737646,-0.8794325802737646,-0.8794325802737646,-0.8794325802737646,2.3394432445944364,2.256061635655385,0.7300053321603359,-0.8794325802737646,-0.8794325802737646,4.707816078126485,-0.8794325802737646,0.21917970839434453,-0.8794325802737646,-0.8794325802737646,-0.8794325802737646,-0.8794325802737646,-0.8794325802737646,-0.8794325802737646,0.21917970839434453,0.21917970839434453,-0.8794325802737646,0.21917970839434453,-0.8794325802737646,-0.8794325802737646,3.0523930524505616,0.7300053321603359,-0.8794325802737646,-0.8794325802737646,-0.8794325802737646,-0.8794325802737646,-0.8794325802737646,-0.8794325802737646,1.0664775687815489,8.035327947123497,1.6855167771877726,-0.8794325802737646,5.478409686234335,-0.8794325802737646,-0.8794325802737646,0.7300053321603359,-0.8794325802737646,-0.8794325802737646,2.0650063988926757,-0.8794325802737646,-0.8794325802737646,-0.8794325802737646,-0.8794325802737646,-0.8794325802737646,-0.8794325802737646,-0.8794325802737646,1.828617620828446,0.7300053321603359,-0.8794325802737646,0.21917970839434453,0.7300053321603359,6.332124153040037,-0.8794325802737646,-0.8794325802737646,3.490015272193257,2.165089857449659
SRR7146593,1,Pos,PRJNA464410,Duck,Duck,FW,U,F,dabbling,Anasplatyrhynchos,"ConawayRanch,YoloCounty",11.0,-0.47757200144624257,-0.47757200144624257,-0.47757200144624257,-0.47757200144624257,-0.47757200144624257,-0.47757200144624257,-0.47757200144624257,-0.47757200144624257,-0.47757200144624257,-0.47757200144624257,-0.47757200144624257,-0.47757200144624257,-0.47757200144624257,-0.47757200144624257,-0.47757200144624257,-0.47757200144624257,-0.47757200144624257,-0.47757200144624257,-0.47757200144624257,-0.47757200144624257,-0.47757200144624257,-0.47757200144624257,-0.47757200144624257,-0.47757200144624257,-0.47757200144624257,-0.47757200144624257,-0.47757200144624257,-0.47757200144624257,1.131865910987857,-0.47757200144624257,0.6210402872218665,-0.47757200144624257,-0.47757200144624257,-0.47757200144624257,-0.47757200144624257,-0.47757200144624257,0.6210402872218665,-0.47757200144624257,-0.47757200144624257,-0.47757200144624257,0.6210402872218665,-0.47757200144624257,-0.47757200144624257,1.7196525758899766,-0.47757200144624257,-0.47757200144624257,-0.47757200144624257,-0.47757200144624257,-0.47757200144624257,-0.47757200144624257,-0.47757200144624257,5.094582030731521,8.697244814460893,-0.47757200144624257,-0.47757200144624257,2.657922214482907,-0.47757200144624257,-0.47757200144624257,0.6210402872218665,-0.47757200144624257,-0.47757200144624257,-0.47757200144624257,-0.47757200144624257,-0.47757200144624257,-0.47757200144624257,-0.47757200144624257,-0.47757200144624257,-0.47757200144624257,-0.47757200144624257,-0.47757200144624257,1.131865910987857,-0.47757200144624257,0.6210402872218665,-0.47757200144624257,2.230478199655967,2.0873773560152937,0.6210402872218665,2.0873773560152937,-0.47757200144624257
SRR7146595,1,Pos,PRJNA464410,Duck,Duck,FW,U,F,dabbling,Anasplatyrhynchos,"ConawayRanch,YoloCounty",11.0,-0.6325816737922185,-0.6325816737922185,-0.6325816737922185,-0.6325816737922185,-0.6325816737922185,-0.6325816737922185,-0.6325816737922185,-0.6325816737922185,-0.6325816737922185,-0.6325816737922185,-0.6325816737922185,-0.6325816737922185,-0.6325816737922185,-0.6325816737922185,-0.6325816737922185,-0.6325816737922185,-0.6325816737922185,-0.6325816737922185,-0.6325816737922185,-0.6325816737922185,-0.6325816737922185,-0.6325816737922185,0.9768562386418811,2.075468527309991,-0.6325816737922185,-0.6325816737922185,-0.6325816737922185,-0.6325816737922185,3.0309799723374278,-0.6325816737922185,-0.6325816737922185,-0.6325816737922185,-0.6325816737922185,-0.6325816737922185,-0.6325816737922185,-0.6325816737922185,-0.6325816737922185,-0.6325816737922185,2.502912542136931,-0.6325816737922185,-0.6325816737922185,-0.6325816737922185,-0.6325816737922185,3.2592386243184075,-0.6325816737922185,-0.6325816737922185,-0.6325816737922185,-0.6325816737922185,-0.6325816737922185,-0.6325816737922185,-0.6325816737922185,7.8983171646801305,7.792276906421223,0.9768562386418811,-0.6325816737922185,4.27269310464621,-0.6325816737922185,-0.6325816737922185,-0.6325816737922185,-0.6325816737922185,-0.6325816737922185,-0.6325816737922185,-0.6325816737922185,-0.6325816737922185,-0.6325816737922185,3.4449557701135003,-0.6325816737922185,-0.6325816737922185,-0.6325816737922185,-0.6325816737922185,2.075468527309991,-0.6325816737922185,-0.6325816737922185,-0.6325816737922185,2.9783362388520054,-0.6325816737922185,-0.6325816737922185,0.4660306148758906,-0.6325816737922185
SRR7146596,1,Pos,PRJNA464410,Duck,Duck,FW,U,M,dabbling,Anascarolinensis,"ConawayRanch,YoloCounty",11.0,-1.3272332332479682,-1.3272332332479682,-1.3272332332479682,-1.3272332332479682,-1.3272332332479682,-1.3272332332479682,-1.3272332332479682,-1.3272332332479682,-1.3272332332479682,-1.3272332332479682,-1.3272332332479682,-1.3272332332479682,-1.3272332332479682,-1.3272332332479682,-1.3272332332479682,-1.3272332332479682,-1.3272332332479682,-1.3272332332479682,-1.3272332332479682,-1.3272332332479682,-1.3272332332479682,-1.3272332332479682,-1.3272332332479682,1.7172892044754553,-1.3272332332479682,3.1836262732688825,-1.3272332332479682,2.0400625967385064,3.9457663253157795,-1.3272332332479682,3.3822969680643666,-1.3272332332479682,-1.3272332332479682,2.2836846793962566,-1.3272332332479682,-1.3272332332479682,0.8699913440882519,1.8082609826811824,1.8916425916202337,-1.3272332332479682,-1.3272332332479682,0.6186769158073462,-1.3272332332479682,-1.3272332332479682,1.505980110808249,-1.3272332332479682,-1.3272332332479682,-1.3272332332479682,-1.3272332332479682,-1.3272332332479682,0.28220467918613323,4.588968829359468,7.238940580389892,0.8699913440882519,-1.3272332332479682,3.871263798017858,-1.3272332332479682,-1.3272332332479682,1.3808169678542423,-1.3272332332479682,-1.3272332332479682,2.4794292565223524,0.28220467918613323,-1.3272332332479682,-1.3272332332479682,5.654701443908421,0.28220467918613323,-1.3272332332479682,0.8699913440882519,2.106753971237179,2.1692743282185125,-1.3272332332479682,3.3455956012139385,-1.3272332332479682,2.336328412881679,-1.3272332332479682,-1.3272332332479682,6.400742308857591,0.28220467918613323
SRR7146598,1,Pos,PRJNA464410,Duck,Duck,FW,H,M,dabbling,Anasacuta,"ConawayRanch,YoloCounty",11.0,-1.034493177529324,-1.034493177529324,-1.034493177529324,-1.034493177529324,-1.034493177529324,-1.034493177529324,-1.034493177529324,-1.034493177529324,-1.034493177529324,-1.034493177529324,-1.034493177529324,-1.034493177529324,-1.034493177529324,-1.034493177529324,-1.034493177529324,-1.034493177529324,-1.034493177529324,-1.034493177529324,-1.034493177529324,-1.034493177529324,-1.034493177529324,-1.034493177529324,0.5749447349047765,4.441970374402187,3.4541431922028156,3.1086415488622086,-1.034493177529324,-1.034493177529324,-1.034493177529324,-1.034493177529324,1.162731399806895,-1.034493177529324,-1.034493177529324,-1.034493177529324,-1.034493177529324,-1.034493177529324,-1.034493177529324,1.7987201665268922,5.46529386312653,-1.034493177529324,-1.034493177529324,-1.034493177529324,-1.034493177529324,-1.034493177529324,-1.034493177529324,-1.034493177529324,-1.034493177529324,-1.034493177529324,1.9099458016371162,1.3634020952690467,1.7987201665268922,1.7987201665268922,7.3654918129813725,-1.034493177529324,0.0641191111387851,1.5304561799322132,-1.034493177529324,-1.034493177529324,0.5749447349047765,-1.034493177529324,-1.034493177529324,0.9114169715259894,-1.034493177529324,-1.034493177529324,-1.034493177529324,1.162731399806895,-1.034493177529324,-1.034493177529324,-1.034493177529324,2.184382647338877,0.0641191111387851,-1.034493177529324,1.6735570235728865,2.184382647338877,7.2272915019854285,0.0641191111387851,-1.034493177529324,5.0128790015169535,-1.034493177529324
SRR7146599,1,Pos,PRJNA464410,Duck,Duck,FW,U,M,dabbling,Anasplatyrhynchos,"ConawayRanch,YoloCounty",11.0,-1.002409157261381,-1.002409157261381,-1.002409157261381,-1.002409157261381,-1.002409157261381,-1.002409157261381,-1.002409157261381,-1.002409157261381,-1.002409157261381,-1.002409157261381,-1.002409157261381,-1.002409157261381,-1.002409157261381,-1.002409157261381,-1.002409157261381,-1.002409157261381,-1.002409157261381,-1.002409157261381,-1.002409157261381,-1.002409157261381,-1.002409157261381,-1.002409157261381,-1.002409157261381,2.364886672725093,1.1948154200748382,-1.002409157261381,-1.002409157261381,0.9435009917939317,5.441722099439059,1.7056410438408287,-1.002409157261381,-1.002409157261381,-1.002409157261381,0.9435009917939317,-1.002409157261381,-1.002409157261381,-1.002409157261381,-1.002409157261381,1.1948154200748382,-1.002409157261381,-1.002409157261381,-1.002409157261381,0.0962031314067282,2.9678827562907406,-1.002409157261381,-1.002409157261381,-1.002409157261381,-1.002409157261381,-1.002409157261381,-1.002409157261381,-1.002409157261381,6.966256543204854,7.6375324994139095,2.6611524888682654,-1.002409157261381,3.632319830968254,-1.002409157261381,-1.002409157261381,1.5625402002001554,-1.002409157261381,-1.002409157261381,-1.002409157261381,-1.002409157261381,-1.002409157261381,-1.002409157261381,-1.002409157261381,-1.002409157261381,-1.002409157261381,1.3954861155369889,-1.002409157261381,1.9420298219050594,-1.002409157261381,1.7056410438408287,0.6070287551727187,3.670419677200525,4.8919936770034695,-1.002409157261381,1.3954861155369889,2.216466667606819
SRR7146601,1,Pos,PRJNA464410,Duck,Duck,FW,H,F,dabbling,Anascarolinensis,"ConawayRanch,YoloCounty",10.0,-0.7874060337143156,-0.7874060337143156,-0.7874060337143156,-0.7874060337143156,-0.7874060337143156,-0.7874060337143156,-0.7874060337143156,-0.7874060337143156,-0.7874060337143156,-0.7874060337143156,-0.7874060337143156,-0.7874060337143156,-0.7874060337143156,-0.7874060337143156,-0.7874060337143156,-0.7874060337143156,-0.7874060337143156,-0.7874060337143156,-0.7874060337143156,-0.7874060337143156,-0.7874060337143156,-0.7874060337143156,-0.7874060337143156,0.3112062549537935,-0.7874060337143156,-0.7874060337143156,-0.7874060337143156,1.6104892390840542,1.6104892390840542,-0.7874060337143156,2.5084308322900135,-0.7874060337143156,-0.7874060337143156,2.0458073103418997,-0.7874060337143156,-0.7874060337143156,-0.7874060337143156,-0.7874060337143156,5.196530246972875,-0.7874060337143156,0.3112062549537935,-0.7874060337143156,-0.7874060337143156,-0.7874060337143156,-0.7874060337143156,-0.7874060337143156,-0.7874060337143156,-0.7874060337143156,-0.7874060337143156,-0.7874060337143156,-0.7874060337143156,5.739088825856474,8.171519904980627,1.4098185436219035,-0.7874060337143156,2.5084308322900135,-0.7874060337143156,-0.7874060337143156,-0.7874060337143156,-0.7874060337143156,-0.7874060337143156,1.920644167387894,-0.7874060337143156,-0.7874060337143156,-0.7874060337143156,1.158504115340997,0.3112062549537935,-0.7874060337143156,-0.7874060337143156,-0.7874060337143156,-0.7874060337143156,-0.7874060337143156,3.290131410191403,-0.7874060337143156,5.0847117557611,-0.7874060337143156,-0.7874060337143156,5.630958902221895,-0.7874060337143156
SRR7146602,1,Pos,PRJNA464410,Duck,Duck,FW,H,M,dabbling,Anasamericana,"SacramentoNationalWildlifeRefuge,GlennCounty",10.0,-0.47598898422235614,-0.47598898422235614,-0.47598898422235614,-0.47598898422235614,-0.47598898422235614,-0.47598898422235614,-0.47598898422235614,-0.47598898422235614,-0.47598898422235614,-0.47598898422235614,-0.47598898422235614,-0.47598898422235614,-0.47598898422235614,-0.47598898422235614,-0.47598898422235614,-0.47598898422235614,-0.47598898422235614,-0.47598898422235614,-0.47598898422235614,-0.47598898422235614,-0.47598898422235614,-0.47598898422235614,-0.47598898422235614,0.622623304445753,0.622623304445753,-0.47598898422235614,-0.47598898422235614,-0.47598898422235614,-0.47598898422235614,-0.47598898422235614,-0.47598898422235614,-0.47598898422235614,-0.47598898422235614,-0.47598898422235614,-0.47598898422235614,-0.47598898422235614,-0.47598898422235614,-0.47598898422235614,4.268943144140893,-0.47598898422235614,-0.47598898422235614,-0.47598898422235614,-0.47598898422235614,-0.47598898422235614,-0.47598898422235614,-0.47598898422235614,-0.47598898422235614,-0.47598898422235614,-0.47598898422235614,-0.47598898422235614,-0.47598898422235614,-0.47598898422235614,7.462456566942431,-0.47598898422235614,-0.47598898422235614,1.721235593113862,-0.47598898422235614,1.1334489282117435,-0.47598898422235614,-0.47598898422235614,-0.47598898422235614,-0.47598898422235614,-0.47598898422235614,-0.47598898422235614,-0.47598898422235614,-0.47598898422235614,3.3741586174877014,-0.47598898422235614,-0.47598898422235614,-0.47598898422235614,1.1334489282117435,-0.47598898422235614,-0.47598898422235614,-0.47598898422235614,8.365169991722908,-0.47598898422235614,-0.47598898422235614,4.139131532618903,-0.47598898422235614
SRR7146603,0,Neg,PRJNA464410,Duck,Duck,FW,U,M,filter,Anasclypeata,"SacramentoNationalWildlifeRefuge,GlennCounty",1.0,-0.9586001497442318,-0.9586001497442318,-0.9586001497442318,-0.9586001497442318,-0.9586001497442318,-0.9586001497442318,-0.9586001497442318,-0.9586001497442318,-0.9586001497442318,-0.9586001497442318,-0.9586001497442318,-0.9586001497442318,-0.9586001497442318,-0.9586001497442318,-0.9586001497442318,-0.9586001497442318,-0.9586001497442318,-0.9586001497442318,-0.9586001497442318,-0.9586001497442318,-0.9586001497442318,-0.9586001497442318,0.14001213892387732,2.933220148366395,1.6063492077173054,-0.9586001497442318,-0.9586001497442318,-0.9586001497442318,6.635781092807585,0.6508377626898687,1.7494500513579787,-0.9586001497442318,-0.9586001497442318,-0.9586001497442318,-0.9586001497442318,-0.9586001497442318,-0.9586001497442318,-0.9586001497442318,2.848062340026088,-0.9586001497442318,-0.9586001497442318,-0.9586001497442318,-0.9586001497442318,3.1522737144290796,-0.9586001497442318,-0.9586001497442318,-0.9586001497442318,-0.9586001497442318,-0.9586001497442318,0.9873099993110817,-0.9586001497442318,1.2386244275919882,7.809662995627055,-0.9586001497442318,-0.9586001497442318,2.0859222879791917,-0.9586001497442318,-0.9586001497442318,1.9858388294222094,-0.9586001497442318,-0.9586001497442318,-0.9586001497442318,-0.9586001497442318,-0.9586001497442318,-0.9586001497442318,-0.9586001497442318,-0.9586001497442318,-0.9586001497442318,3.4108477027227897,-0.9586001497442318,1.8746131943119844,-0.9586001497442318,-0.9586001497442318,0.9873099993110817,4.849542340236212,5.722254529045983,2.7049614963854145,3.1845345766473008,-0.9586001497442318
SRR7146604,0,Neg,PRJNA464410,Duck,Duck,FW,U,M,filter,Anasclypeata,"SacramentoNationalWildlifeRefuge,GlennCounty",1.0,-1.231141466733133,-1.231141466733133,-1.231141466733133,-1.231141466733133,-1.231141466733133,-1.231141466733133,-1.231141466733133,-1.231141466733133,-1.231141466733133,-1.231141466733133,-1.231141466733133,-1.231141466733133,-1.231141466733133,-1.231141466733133,-1.231141466733133,-1.231141466733133,-1.231141466733133,-1.231141466733133,-1.231141466733133,1.333807890728404,-1.231141466733133,1.1667538060652385,-1.231141466733133,1.9877343581350688,-1.231141466733133,1.602071877323084,-1.231141466733133,-1.231141466733133,4.897908743327413,-1.231141466733133,3.2347666519214515,-1.231141466733133,-1.231141466733133,-1.231141466733133,-1.231141466733133,-0.13252917806502218,-1.231141466733133,1.1667538060652385,-1.231141466733133,1.8133809709902904,1.602071877323084,0.3782964457009683,-1.231141466733133,5.395576282515892,1.4769087343690774,-0.13252917806502218,-1.231141466733133,-1.231141466733133,-1.231141466733133,-1.231141466733133,-1.231141466733133,6.009508227522334,6.879886371460547,-1.231141466733133,-1.231141466733133,4.202580536821108,-1.231141466733133,-1.231141466733133,1.9043527491960175,-1.231141466733133,-1.231141466733133,-1.231141466733133,-1.231141466733133,1.602071877323084,3.3227354248674086,1.333807890728404,-1.231141466733133,-1.231141466733133,2.3797764459110917,-1.231141466733133,1.333807890728404,-1.231141466733133,-1.231141466733133,-1.231141466733133,2.432420179396514,-1.231141466733133,1.1667538060652385,-1.231141466733133,6.891823248500929
SRR7146605,0,Neg,PRJNA464410,Duck,Duck,FW,U,M,dabbling,Anasacuta,"SacramentoNationalWildlifeRefuge,GlennCounty",1.0,-0.7719893209266839,-0.7719893209266839,-0.7719893209266839,-0.7719893209266839,-0.7719893209266839,-0.7719893209266839,-0.7719893209266839,-0.7719893209266839,-0.7719893209266839,-0.7719893209266839,-0.7719893209266839,-0.7719893209266839,-0.7719893209266839,-0.7719893209266839,-0.7719893209266839,-0.7719893209266839,-0.7719893209266839,-0.7719893209266839,-0.7719893209266839,-0.7719893209266839,-0.7719893209266839,-0.7719893209266839,-0.7719893209266839,0.32662296774142696,-0.7719893209266839,-0.7719893209266839,-0.7719893209266839,-0.7719893209266839,3.4327032984642827,-0.7719893209266839,2.3635048950024666,-0.7719893209266839,-0.7719893209266839,-0.7719893209266839,-0.7719893209266839,-0.7719893209266839,-0.7719893209266839,-0.7719893209266839,-0.7719893209266839,-0.7719893209266839,-0.7719893209266839,-0.7719893209266839,2.7245182405397967,1.7929600365348533,0.32662296774142696,-0.7719893209266839,1.1739208281286304,1.425235256409536,-0.7719893209266839,-0.7719893209266839,-0.7719893209266839,-0.7719893209266839,8.104415594080256,-0.7719893209266839,-0.7719893209266839,3.518470120221708,-0.7719893209266839,-0.7719893209266839,-0.7719893209266839,0.32662296774142696,-0.7719893209266839,-0.7719893209266839,-0.7719893209266839,1.1739208281286304,-0.7719893209266839,-0.7719893209266839,6.917381786603007,-0.7719893209266839,-0.7719893209266839,-0.7719893209266839,-0.7719893209266839,3.9193585613024604,1.7929600365348533,-0.7719893209266839,2.061224023129533,4.873457576716555,-0.7719893209266839,0.8374485915074175,-0.7719893209266839
SRR7146606,0,Neg,PRJNA464410,Duck,Duck,FW,U,M,dabbling,Anasacuta,"SacramentoNationalWildlifeRefuge,GlennCounty",1.0,-1.3270980952342883,-1.3270980952342883,-1.3270980952342883,-1.3270980952342883,-1.3270980952342883,-1.3270980952342883,-1.3270980952342883,-1.3270980952342883,-1.3270980952342883,-1.3270980952342883,-1.3270980952342883,-1.3270980952342883,-1.3270980952342883,-1.3270980952342883,-1.3270980952342883,-1.3270980952342883,-1.3270980952342883,-1.3270980952342883,-1.3270980952342883,-1.3270980952342883,-1.3270980952342883,-1.3270980952342883,-1.3270980952342883,5.101007177450308,1.7174243424891351,-1.3270980952342883,-1.3270980952342883,3.1615382744978513,3.9662067294902044,-1.3270980952342883,1.2378512622272488,-1.3270980952342883,-1.3270980952342883,3.2476128832690945,-1.3270980952342883,-1.3270980952342883,-1.3270980952342883,1.9687387707700408,4.696349497726745,-1.3270980952342883,-1.3270980952342883,-1.3270980952342883,-1.3270980952342883,-1.3270980952342883,0.6188120538210251,-1.3270980952342883,-1.3270980952342883,-1.3270980952342883,-1.3270980952342883,-1.3270980952342883,0.8701264821019317,-1.3270980952342883,6.747239598855225,-1.3270980952342883,-1.3270980952342883,4.58369854880624,-1.3270980952342883,-1.3270980952342883,3.4850862601381296,-1.3270980952342883,-1.3270980952342883,3.8602877106064666,-0.22848580656617923,-1.3270980952342883,-1.3270980952342883,1.8917777296339127,0.8701264821019317,-1.3270980952342883,0.28233981719981216,-1.3270980952342883,4.3733454781563985,-1.3270980952342883,5.1786859648939405,-1.3270980952342883,4.681715090208307,5.664078791886921,-1.3270980952342883,6.341930193355394,-1.3270980952342883
SRR7146607,0,Neg,PRJNA464410,Duck,Duck,FW,U,M,filter,Anasclypeata,"SacramentoNationalWildlifeRefuge,GlennCounty",1.0,-1.4860600402709956,-1.4860600402709956,-1.4860600402709956,-1.4860600402709956,-1.4860600402709956,-1.4860600402709956,-1.4860600402709956,-1.4860600402709956,-1.4860600402709956,-1.4860600402709956,-1.4860600402709956,-1.4860600402709956,-1.4860600402709956,-1.4860600402709956,-1.4860600402709956,-1.4860600402709956,-1.4860600402709956,-1.4860600402709956,-1.4860600402709956,-1.4860600402709956,-1.4860600402709956,-1.4860600402709956,4.297765142058742,6.592007841544442,3.6900896923028332,-1.4860600402709956,-1.4860600402709956,-1.4860600402709956,4.467183294016788,2.556991227563554,2.883387812196025,-1.4860600402709956,-1.4860600402709956,-1.4860600402709956,-1.4860600402709956,-1.4860600402709956,-1.4860600402709956,-1.4860600402709956,1.221990160831214,-1.4860600402709956,-1.4860600402709956,0.7111645370652226,-1.4860600402709956,-1.4860600402709956,-1.4860600402709956,-1.4860600402709956,-1.4860600402709956,-1.4860600402709956,5.867021880244436,3.631933772145759,3.205287841958147,-1.4860600402709956,5.611488810343796,-1.4860600402709956,3.419214738167433,3.8562742116938145,-1.4860600402709956,-1.4860600402709956,2.776619836770319,-1.4860600402709956,-1.4860600402709956,-1.4860600402709956,-1.4860600402709956,-1.4860600402709956,1.0788893171905407,-1.4860600402709956,-1.4860600402709956,3.643838674652077,2.0692880212184175,-1.4860600402709956,2.776619836770319,-1.4860600402709956,-1.4860600402709956,-1.4860600402709956,2.932780567525602,4.584677687731494,2.0692880212184175,2.1248578723732283,5.66464141732153
SRR7146608,0,Neg,PRJNA464410,Duck,Duck,FW,U,M,filter,Anasclypeata,"SacramentoNationalWildlifeRefuge,GlennCounty",1.0,-0.4637207505644554,-0.4637207505644554,-0.4637207505644554,-0.4637207505644554,-0.4637207505644554,-0.4637207505644554,-0.4637207505644554,-0.4637207505644554,-0.4637207505644554,-0.4637207505644554,-0.4637207505644554,-0.4637207505644554,-0.4637207505644554,-0.4637207505644554,-0.4637207505644554,-0.4637207505644554,-0.4637207505644554,-0.4637207505644554,-0.4637207505644554,-0.4637207505644554,-0.4637207505644554,-0.4637207505644554,-0.4637207505644554,1.7335038267717637,-0.4637207505644554,-0.4637207505644554,-0.4637207505644554,-0.4637207505644554,-0.4637207505644554,-0.4637207505644554,1.4821893984908572,-0.4637207505644554,-0.4637207505644554,-0.4637207505644554,-0.4637207505644554,-0.4637207505644554,-0.4637207505644554,-0.4637207505644554,1.7335038267717637,-0.4637207505644554,1.7335038267717637,-0.4637207505644554,-0.4637207505644554,2.7551550743037447,-0.4637207505644554,-0.4637207505644554,-0.4637207505644554,-0.4637207505644554,-0.4637207505644554,-0.4637207505644554,-0.4637207505644554,3.543612434668015,8.72692698806599,-0.4637207505644554,-0.4637207505644554,3.0916273109249577,-0.4637207505644554,-0.4637207505644554,1.1457171618696442,-0.4637207505644554,-0.4637207505644554,-0.4637207505644554,-0.4637207505644554,-0.4637207505644554,-0.4637207505644554,-0.4637207505644554,-0.4637207505644554,-0.4637207505644554,-0.4637207505644554,-0.4637207505644554,-0.4637207505644554,-0.4637207505644554,-0.4637207505644554,-0.4637207505644554,2.7551550743037447,-0.4637207505644554,-0.4637207505644554,-0.4637207505644554,2.8321161154398737
SRR7146610,0,Neg,PRJNA464410,Duck,Duck,FW,U,M,dabbling,Anasacuta,"SacramentoNationalWildlifeRefuge,GlennCounty",1.0,-1.4785697897275494,-1.4785697897275494,-1.4785697897275494,-1.4785697897275494,-1.4785697897275494,-1.4785697897275494,-1.4785697897275494,-1.4785697897275494,-1.4785697897275494,-1.4785697897275494,-1.4785697897275494,-1.4785697897275494,-1.4785697897275494,-1.4785697897275494,-1.4785697897275494,-1.4785697897275494,-1.4785697897275494,-1.4785697897275494,-1.4785697897275494,-1.4785697897275494,-1.4785697897275494,-1.4785697897275494,0.13086812270655113,6.187652135935176,4.393547999747867,4.619504492438692,-1.4785697897275494,0.4673403593277641,5.0653420558372435,4.510391627162314,-0.3799575010594385,-1.4785697897275494,-1.4785697897275494,-1.4785697897275494,-1.4785697897275494,-1.4785697897275494,-1.4785697897275494,-1.4785697897275494,4.474673544560235,-1.4785697897275494,-1.4785697897275494,-1.4785697897275494,-1.4785697897275494,-1.4785697897275494,-1.4785697897275494,-1.4785697897275494,-1.4785697897275494,-1.4785697897275494,1.7403060351406516,2.664564936663984,3.349743947574752,3.0322897167893013,6.791443272546237,-1.4785697897275494,1.0863795677339878,3.317220755869192,0.13086812270655113,-1.4785697897275494,3.4981639526930257,0.7186547876086706,-1.4785697897275494,-1.4785697897275494,-1.4785697897275494,-1.4785697897275494,-1.4785697897275494,-1.4785697897275494,-1.4785697897275494,2.1323481229166754,2.0767782717618646,1.955417414757597,2.1323481229166754,-1.4785697897275494,-1.4785697897275494,1.3546435543286668,3.3005537033839802,4.693130807683366,-1.4785697897275494,3.4414111361005757,-1.4785697897275494
SRR7146611,0,Neg,PRJNA464410,Duck,Duck,FW,U,M,dabbling,Anasacuta,"SacramentoNationalWildlifeRefuge,GlennCounty",1.0,-0.9075881672150583,-0.9075881672150583,-0.9075881672150583,-0.9075881672150583,-0.9075881672150583,-0.9075881672150583,-0.9075881672150583,-0.9075881672150583,-0.9075881672150583,-0.9075881672150583,-0.9075881672150583,-0.9075881672150583,-0.9075881672150583,-0.9075881672150583,-0.9075881672150583,-0.9075881672150583,-0.9075881672150583,-0.9075881672150583,-0.9075881672150583,-0.9075881672150583,-0.9075881672150583,-0.9075881672150583,-0.9075881672150583,3.355091709826257,2.036850811951382,1.0383219818402543,-0.9075881672150583,-0.9075881672150583,5.917871869040248,3.2971044521759074,-0.9075881672150583,-0.9075881672150583,-0.9075881672150583,-0.9075881672150583,-0.9075881672150583,-0.9075881672150583,-0.9075881672150583,-0.9075881672150583,0.7018497452190413,-0.9075881672150583,-0.9075881672150583,-0.9075881672150583,-0.9075881672150583,0.1910241214530508,-0.9075881672150583,-0.9075881672150583,-0.9075881672150583,-0.9075881672150583,-0.9075881672150583,-0.9075881672150583,-0.9075881672150583,-0.9075881672150583,7.157991260067034,-0.9075881672150583,-0.9075881672150583,3.2355465591764743,-0.9075881672150583,-0.9075881672150583,-0.9075881672150583,-0.9075881672150583,-0.9075881672150583,1.2896364101211608,-0.9075881672150583,-0.9075881672150583,-0.9075881672150583,1.0383219818402543,0.7018497452190413,-0.9075881672150583,-0.9075881672150583,1.4903071055833115,3.135463100619492,-0.9075881672150583,3.2667991026805785,-0.9075881672150583,6.079902079785932,7.461337007532076,-0.9075881672150583,3.967609155986093,-0.9075881672150583
SRR7146612,1,Pos,PRJNA464410,Duck,Duck,S,H,F,dabbling,Anasplatyrhynchos,"GrizzlyIslandWildlifeArea(GIWA),SolanoCounty",8.0,-0.9347808954004915,-0.9347808954004915,-0.9347808954004915,-0.9347808954004915,-0.9347808954004915,-0.9347808954004915,-0.9347808954004915,-0.9347808954004915,-0.9347808954004915,-0.9347808954004915,-0.9347808954004915,-0.9347808954004915,-0.9347808954004915,-0.9347808954004915,-0.9347808954004915,-0.9347808954004915,-0.9347808954004915,-0.9347808954004915,-0.9347808954004915,-0.9347808954004915,-0.9347808954004915,-0.9347808954004915,-0.9347808954004915,-0.9347808954004915,-0.9347808954004915,-0.9347808954004915,-0.9347808954004915,2.8264192202930705,2.200713320528658,-0.9347808954004915,1.011129253654822,-0.9347808954004915,-0.9347808954004915,3.327898981640824,-0.9347808954004915,-0.9347808954004915,-0.9347808954004915,3.072552289831979,-0.9347808954004915,-0.9347808954004915,-0.9347808954004915,2.009658083765949,-0.9347808954004915,-0.9347808954004915,-0.9347808954004915,-0.9347808954004915,2.997044737323834,3.4090245264531918,-0.9347808954004915,-0.9347808954004915,-0.9347808954004915,-0.9347808954004915,7.946360723920977,-0.9347808954004915,-0.9347808954004915,6.446098140163625,-0.9347808954004915,-0.9347808954004915,-0.9347808954004915,-0.9347808954004915,-0.9347808954004915,3.9996930377302,2.728780750729155,2.499206309084655,-0.9347808954004915,2.7787911713038165,3.844342597711038,-0.9347808954004915,-0.9347808954004915,-0.9347808954004915,-0.9347808954004915,-0.9347808954004915,5.22853390863415,-0.9347808954004915,-0.9347808954004915,-0.9347808954004915,-0.9347808954004915,1.6301684620610448,-0.9347808954004915
SRR7146613,1,Pos,PRJNA464410,Duck,Duck,FW,H,M,filter,Anasclypeata,"SacramentoNationalWildlifeRefuge,GlennCounty",10.0,-1.0013587268836446,-1.0013587268836446,-1.0013587268836446,-1.0013587268836446,-1.0013587268836446,-1.0013587268836446,-1.0013587268836446,-1.0013587268836446,-1.0013587268836446,-1.0013587268836446,-1.0013587268836446,-1.0013587268836446,-1.0013587268836446,-1.0013587268836446,-1.0013587268836446,-1.0013587268836446,-1.0013587268836446,-1.0013587268836446,-1.0013587268836446,-1.0013587268836446,-1.0013587268836446,-1.0013587268836446,-1.0013587268836446,2.134135489045505,-1.0013587268836446,-1.0013587268836446,-1.0013587268836446,1.1958658504525745,-1.0013587268836446,-1.0013587268836446,3.203333892507321,-1.0013587268836446,-1.0013587268836446,1.706691474218565,-1.0013587268836446,-1.0013587268836446,-1.0013587268836446,5.4427725298167955,2.6095591857605793,-1.0013587268836446,1.5635906305778917,-1.0013587268836446,0.608079185550455,-1.0013587268836446,-1.0013587268836446,-1.0013587268836446,-1.0013587268836446,-1.0013587268836446,-1.0013587268836446,-1.0013587268836446,4.208127425957776,-1.0013587268836446,7.846719694285022,-1.0013587268836446,-1.0013587268836446,4.725489020703552,-1.0013587268836446,-1.0013587268836446,-1.0013587268836446,-1.0013587268836446,-1.0013587268836446,3.2891007142647464,2.043163710839778,-1.0013587268836446,-1.0013587268836446,3.0416925409509057,1.1958658504525745,-1.0013587268836446,-1.0013587268836446,3.2891007142647464,-1.0013587268836446,-1.0013587268836446,3.794431818713096,-1.0013587268836446,6.240723632373317,-1.0013587268836446,-1.0013587268836446,1.9430802522827957,-1.0013587268836446
SRR7146614,0,Neg,PRJNA464410,Duck,Duck,S,H,U,dabbling,Anasplatyrhynchos,"GrizzlyIslandWildlifeArea(GIWA),SolanoCounty",7.0,-0.663796628455648,-0.663796628455648,-0.663796628455648,-0.663796628455648,-0.663796628455648,-0.663796628455648,-0.663796628455648,-0.663796628455648,-0.663796628455648,-0.663796628455648,-0.663796628455648,-0.663796628455648,-0.663796628455648,-0.663796628455648,-0.663796628455648,-0.663796628455648,-0.663796628455648,-0.663796628455648,-0.663796628455648,-0.663796628455648,-0.663796628455648,-0.663796628455648,-0.663796628455648,-0.663796628455648,-0.663796628455648,-0.663796628455648,1.2821135205996645,1.7340986443427218,0.4348156602124611,-0.663796628455648,2.555079196412552,-0.663796628455648,-0.663796628455648,2.3807258092677746,-0.663796628455648,-0.663796628455648,0.4348156602124611,2.947121284188576,-0.663796628455648,-0.663796628455648,-0.663796628455648,-0.663796628455648,-0.663796628455648,-0.663796628455648,-0.663796628455648,-0.663796628455648,0.4348156602124611,-0.663796628455648,-0.663796628455648,-0.663796628455648,-0.663796628455648,-0.663796628455648,8.373974478169258,-0.663796628455648,-0.663796628455648,6.491599673441086,-0.663796628455648,-0.663796628455648,-0.663796628455648,-0.663796628455648,-0.663796628455648,3.7788546280346678,-0.663796628455648,-0.663796628455648,-0.663796628455648,2.632040237548681,2.3807258092677746,-0.663796628455648,-0.663796628455648,-0.663796628455648,1.533427948880571,-0.663796628455648,3.4793380979358846,-0.663796628455648,-0.663796628455648,-0.663796628455648,-0.663796628455648,0.9456412839784516,-0.663796628455648
SRR7146615,0,Neg,PRJNA464410,Duck,Duck,S,H,M,dabbling,Anasplatyrhynchos,"GrizzlyIslandWildlifeArea(GIWA),SolanoCounty",7.0,-1.2814962100786573,-1.2814962100786573,-1.2814962100786573,-1.2814962100786573,-1.2814962100786573,-1.2814962100786573,-1.2814962100786573,-1.2814962100786573,-1.2814962100786573,-1.2814962100786573,-1.2814962100786573,-1.2814962100786573,-1.2814962100786573,-1.2814962100786573,-1.2814962100786573,-1.2814962100786573,-1.2814962100786573,-1.2814962100786573,-1.2814962100786573,-1.2814962100786573,-1.2814962100786573,-1.2814962100786573,-1.2814962100786573,-1.2814962100786573,-1.2814962100786573,-1.2814962100786573,-1.2814962100786573,5.806077495479315,4.089141818049004,-1.2814962100786573,5.033861791443677,-1.2814962100786573,-1.2814962100786573,5.136868725857553,-1.2814962100786573,-1.2814962100786573,1.8539980058504915,5.41182745819129,2.3294217025655666,2.650329422645668,3.0089632310697327,2.725836975153813,-1.2814962100786573,-1.2814962100786573,1.662942769087782,-1.2814962100786573,-1.2814962100786573,-1.2814962100786573,-1.2814962100786573,-1.2814962100786573,-1.2814962100786573,-1.2814962100786573,4.687211349906708,-1.2814962100786573,-1.2814962100786573,2.9231964093123075,-1.2814962100786573,-1.2814962100786573,-1.2814962100786573,-1.2814962100786573,-1.2814962100786573,5.964871870023803,3.1844119085759255,-1.2814962100786573,-1.2814962100786573,4.532634321746408,4.520622165298405,-1.2814962100786573,-1.2814962100786573,-1.2814962100786573,-1.2814962100786573,-1.2814962100786573,6.834920862715546,-1.2814962100786573,-1.2814962100786573,-1.2814962100786573,-1.2814962100786573,4.532634321746408,-1.2814962100786573
SRR7146616,1,Pos,PRJNA464410,Duck,Duck,S,H,M,dabbling,Anasplatyrhynchos,"GrizzlyIslandWildlifeArea(GIWA),SolanoCounty",7.0,-1.295726582096746,-1.295726582096746,-1.295726582096746,-1.295726582096746,-1.295726582096746,-1.295726582096746,-1.295726582096746,-1.295726582096746,-1.295726582096746,-1.295726582096746,-1.295726582096746,-1.295726582096746,-1.295726582096746,-1.295726582096746,-1.295726582096746,-1.295726582096746,-1.295726582096746,-1.295726582096746,-1.295726582096746,0.3137113303373553,-1.295726582096746,-1.295726582096746,-1.295726582096746,0.6501835669585683,-1.295726582096746,0.3137113303373553,-1.295726582096746,-1.295726582096746,5.669353763504661,3.3771022523651606,3.681007160323829,-1.295726582096746,4.488098600232992,-1.295726582096746,-1.295726582096746,3.3771022523651606,-0.19711429342863518,-1.295726582096746,6.642718969068043,-0.19711429342863518,0.6501835669585683,-1.295726582096746,3.2581503095037956,-1.295726582096746,0.9014979952394739,-1.295726582096746,-1.295726582096746,0.6501835669585683,-1.295726582096746,-1.295726582096746,-1.295726582096746,2.000110283907584,7.003559324800529,-1.295726582096746,-1.295726582096746,4.027283397041662,-1.295726582096746,-1.295726582096746,2.596093716013881,1.7487958556266774,-1.295726582096746,-1.295726582096746,-1.295726582096746,0.3137113303373553,-1.295726582096746,-1.295726582096746,-1.295726582096746,-1.295726582096746,4.57639120737867,-1.295726582096746,4.784206612998845,2.8474081442947874,-1.295726582096746,-1.295726582096746,3.548460504361846,-1.295726582096746,1.648712397069695,-1.295726582096746,-1.295726582096746
SRR7146617,1,Pos,PRJNA464410,Duck,Duck,S,H,M,dabbling,Anasplatyrhynchos,"GrizzlyIslandWildlifeArea(GIWA),SolanoCounty",7.0,-1.5464228571113896,-1.5464228571113896,-1.5464228571113896,-1.5464228571113896,-1.5464228571113896,-1.5464228571113896,-1.5464228571113896,-1.5464228571113896,-1.5464228571113896,-1.5464228571113896,-1.5464228571113896,-1.5464228571113896,-1.5464228571113896,-1.5464228571113896,-1.5464228571113896,-1.5464228571113896,-1.5464228571113896,-1.5464228571113896,-1.5464228571113896,2.1171387890182567,1.2867904869448266,1.16162734399082,4.237402325218348,6.742362953315539,4.347979977153461,-1.5464228571113896,-1.5464228571113896,-1.5464228571113896,0.6508017202248295,-1.5464228571113896,5.604278600481137,5.0882105007502965,-1.5464228571113896,-1.5464228571113896,0.39948729194392385,-1.5464228571113896,2.8480262975610495,0.8514724156869811,-1.5464228571113896,-1.5464228571113896,3.281890880190912,2.596711869280143,1.7494140088929395,-1.5464228571113896,3.5349815078730735,-1.5464228571113896,-1.5464228571113896,-1.5464228571113896,2.3854027756129366,1.8875643473737567,0.6508017202248295,-1.5464228571113896,4.965322472533338,4.14730928169131,-1.5464228571113896,3.522481345108842,-1.5464228571113896,-1.5464228571113896,4.754362937551854,2.596711869280143,5.017432669420738,-1.5464228571113896,-1.5464228571113896,1.820872972875084,-1.5464228571113896,-1.5464228571113896,-1.5464228571113896,-1.5464228571113896,-1.5464228571113896,-1.5464228571113896,-1.5464228571113896,-1.5464228571113896,2.1671492095929183,-1.5464228571113896,-1.5464228571113896,-1.5464228571113896,-1.5464228571113896,-1.5464228571113896,-1.5464228571113896
SRR7146618,1,Pos,PRJNA464410,Duck,Duck,S,H,M,dabbling,Anasplatyrhynchos,"GrizzlyIslandWildlifeArea(GIWA),SolanoCounty",7.0,-1.1508811866519615,-1.1508811866519615,-1.1508811866519615,-1.1508811866519615,-1.1508811866519615,-1.1508811866519615,-1.1508811866519615,-1.1508811866519615,-1.1508811866519615,-1.1508811866519615,-1.1508811866519615,-1.1508811866519615,-1.1508811866519615,-1.1508811866519615,-1.1508811866519615,-1.1508811866519615,-1.1508811866519615,-1.1508811866519615,-1.1508811866519615,2.655781303118359,-1.1508811866519615,-1.1508811866519615,-1.1508811866519615,5.426980171069086,2.216414643334513,-1.1508811866519615,-1.1508811866519615,-1.1508811866519615,-1.1508811866519615,-1.1508811866519615,6.85981035247834,-1.1508811866519615,-1.1508811866519615,-1.1508811866519615,-1.1508811866519615,-1.1508811866519615,1.6823321574042556,2.2831060178331857,6.260675101159203,0.795028962403352,4.036504619188794,-1.1508811866519615,-1.1508811866519615,-1.1508811866519615,3.5940509417112896,-1.1508811866519615,-1.1508811866519615,-1.1508811866519615,-1.1508811866519615,5.5374735272948,4.562851618857408,-1.1508811866519615,5.979217323473617,-1.1508811866519615,-1.1508811866519615,5.504559163715687,-1.1508811866519615,-1.1508811866519615,-1.1508811866519615,-1.1508811866519615,2.7409391114586654,-1.1508811866519615,-1.1508811866519615,-1.1508811866519615,-1.1508811866519615,2.7809444460723647,-1.1508811866519615,3.905364618696347,-1.1508811866519615,3.381718306501295,-1.1508811866519615,-1.1508811866519615,-1.1508811866519615,-1.1508811866519615,-1.1508811866519615,-1.1508811866519615,-1.1508811866519615,-1.1508811866519615,-1.1508811866519615
SRR7146619,1,Pos,PRJNA464410,Duck,Duck,S,H,M,dabbling,Anasplatyrhynchos,"SuisunMarsh/ArnoldRanch,SolanoCounty",7.0,-1.146337532660473,-1.146337532660473,-1.146337532660473,-1.146337532660473,-1.146337532660473,-1.146337532660473,-1.146337532660473,-1.146337532660473,-1.146337532660473,-1.146337532660473,-1.146337532660473,-1.146337532660473,-1.146337532660473,-1.146337532660473,-1.146337532660473,-1.146337532660473,-1.146337532660473,-1.146337532660473,-1.146337532660473,-0.047725243992363886,-1.146337532660473,-1.146337532660473,-1.146337532660473,5.818742812940933,-1.146337532660473,3.9835611822626005,-1.146337532660473,-1.146337532660473,-1.146337532660473,-1.146337532660473,5.176227707266811,-1.146337532660473,4.85259902928621,-1.146337532660473,-1.146337532660473,-1.146337532660473,1.9891566832686767,-1.146337532660473,-1.146337532660473,-1.146337532660473,1.8981849050629496,0.4631003797736266,2.567234534043834,-1.146337532660473,2.072538292207727,-1.146337532660473,-1.146337532660473,-1.146337532660473,-1.146337532660473,-1.146337532660473,1.6868758113957423,2.40901052882894,6.587783770667832,-1.146337532660473,1.6868758113957423,6.208024797761003,-1.146337532660473,-1.146337532660473,-1.146337532660473,-1.146337532660473,-1.146337532660473,2.2876496718246733,-1.146337532660473,-1.146337532660473,-1.146337532660473,2.931199911245246,-1.146337532660473,-1.146337532660473,3.697849553798118,-1.146337532660473,6.962285735694121,-1.146337532660473,-1.146337532660473,-1.146337532660473,4.402738552234746,-1.146337532660473,-1.146337532660473,-1.146337532660473,-1.146337532660473
SRR7146620,1,Pos,PRJNA464410,Duck,Duck,S,H,M,dabbling,Anasplatyrhynchos,"GrizzlyIslandWildlifeArea(GIWA),SolanoCounty",7.0,-1.156625795602011,-1.156625795602011,-1.156625795602011,-1.156625795602011,-1.156625795602011,-1.156625795602011,-1.156625795602011,-1.156625795602011,-1.156625795602011,-1.156625795602011,-1.156625795602011,-1.156625795602011,-1.156625795602011,-1.156625795602011,-1.156625795602011,-1.156625795602011,-1.156625795602011,-1.156625795602011,-1.156625795602011,-1.156625795602011,-1.156625795602011,-1.156625795602011,1.8878966421214125,3.237823359070428,-1.156625795602011,-1.156625795602011,-1.156625795602011,-1.156625795602011,6.1067038218748255,4.780910409480416,3.9493196782985702,-1.156625795602011,-1.156625795602011,-1.156625795602011,-1.156625795602011,3.8996200097462976,0.45281211683208955,2.735194502508616,7.351122936986227,-1.156625795602011,0.7892843534533025,-1.156625795602011,2.398722265887403,-1.156625795602011,-1.156625795602011,-1.156625795602011,-1.156625795602011,-1.156625795602011,-1.156625795602011,-1.156625795602011,-1.156625795602011,2.139211070402318,2.9209116483037088,-1.156625795602011,-1.156625795602011,3.0774807089952487,2.2773614088831353,-1.156625795602011,4.945932799011558,3.0480668237889557,1.5514244055001996,-1.156625795602011,-1.156625795602011,-1.156625795602011,-1.156625795602011,-1.156625795602011,-1.156625795602011,-1.156625795602011,4.392450289293209,-1.156625795602011,6.29867269008128,-1.156625795602011,-1.156625795602011,-1.156625795602011,-1.156625795602011,-1.156625795602011,-1.156625795602011,-1.156625795602011,-1.156625795602011
SRR7146622,1,Pos,PRJNA464410,Duck,Duck,S,H,F,dabbling,Anasplatyrhynchos,"GrizzlyIslandWildlifeArea(GIWA),SolanoCounty",7.0,-1.169624893887141,-1.169624893887141,-1.169624893887141,-1.169624893887141,-1.169624893887141,-1.169624893887141,-1.169624893887141,-1.169624893887141,-1.169624893887141,-1.169624893887141,-1.169624893887141,-1.169624893887141,-1.169624893887141,-1.169624893887141,-1.169624893887141,-1.169624893887141,-1.169624893887141,-1.169624893887141,-1.169624893887141,1.7748140852792984,1.5384253072150686,-1.169624893887141,-1.169624893887141,2.7622007388371843,1.9658693220420078,-1.169624893887141,-1.169624893887141,-1.169624893887141,-1.169624893887141,2.2643623105980044,5.583813024710638,-1.169624893887141,2.4939367522425044,-1.169624893887141,-1.169624893887141,3.7648490392435505,-1.169624893887141,-1.169624893887141,2.326882667579339,2.049250930981059,3.0350677255038248,1.9658693220420078,4.072122121172501,-1.169624893887141,3.004762376008496,-1.169624893887141,-1.169624893887141,-1.169624893887141,-1.169624893887141,-1.169624893887141,-1.169624893887141,2.326882667579339,7.827646012346306,-1.169624893887141,1.0275996834490781,1.9658693220420078,-1.169624893887141,-1.169624893887141,-1.169624893887141,-1.169624893887141,-1.169624893887141,-1.169624893887141,-1.169624893887141,1.5384253072150686,-1.169624893887141,0.7762852551681716,-1.169624893887141,-1.169624893887141,3.3629745992661144,-1.169624893887141,2.9735098325043907,-1.169624893887141,1.6635884501690743,-1.169624893887141,2.2643623105980044,-1.169624893887141,-1.169624893887141,-1.169624893887141,-1.169624893887141
SRR7146623,1,Pos,PRJNA464410,Duck,Duck,S,H,F,dabbling,Anasplatyrhynchos,"GrizzlyIslandWildlifeArea(GIWA),SolanoCounty",7.0,-1.2665965636929206,-1.2665965636929206,-1.2665965636929206,-1.2665965636929206,-1.2665965636929206,-1.2665965636929206,-1.2665965636929206,-1.2665965636929206,-1.2665965636929206,-1.2665965636929206,-1.2665965636929206,-1.2665965636929206,-1.2665965636929206,-1.2665965636929206,-1.2665965636929206,-1.2665965636929206,-1.2665965636929206,-1.2665965636929206,-1.2665965636929206,-1.2665965636929206,-1.2665965636929206,-1.2665965636929206,-1.2665965636929206,1.441453637409289,-1.2665965636929206,1.868897652236229,-1.2665965636929206,-1.2665965636929206,6.230610659510396,1.2983527937686157,0.9306280136432985,-1.2665965636929206,2.6252237344177054,-1.2665965636929206,-1.2665965636929206,3.1522440441036768,-1.2665965636929206,0.342841348741179,3.3873637864646025,-1.2665965636929206,-1.2665965636929206,-1.2665965636929206,2.996083313348395,-1.2665965636929206,-1.2665965636929206,-1.2665965636929206,-1.2665965636929206,-0.1679842750248115,-1.2665965636929206,-1.2665965636929206,-1.2665965636929206,0.9306280136432985,7.083124273779568,2.3443213489513033,-1.2665965636929206,5.316812658465844,-1.2665965636929206,0.342841348741179,4.992984900372003,2.0292403023114085,-0.1679842750248115,-1.2665965636929206,-1.2665965636929206,-1.2665965636929206,-1.2665965636929206,-1.2665965636929206,-1.2665965636929206,-1.2665965636929206,4.835962030920648,-1.2665965636929206,5.368036794168765,-1.2665965636929206,-1.2665965636929206,-1.2665965636929206,5.205749730807979,-1.2665965636929206,4.69182812933686,2.583551038017138,-1.2665965636929206
SRR7146624,1,Pos,PRJNA464410,Duck,Duck,S,H,F,dabbling,Anasplatyrhynchos,"GrizzlyIslandWildlifeArea(GIWA),SolanoCounty",7.0,-0.9807033779492347,-0.9807033779492347,-0.9807033779492347,-0.9807033779492347,-0.9807033779492347,-0.9807033779492347,-0.9807033779492347,-0.9807033779492347,-0.9807033779492347,-0.9807033779492347,-0.9807033779492347,-0.9807033779492347,-0.9807033779492347,-0.9807033779492347,-0.9807033779492347,-0.9807033779492347,-0.9807033779492347,-0.9807033779492347,-0.9807033779492347,-0.9807033779492347,-0.9807033779492347,0.6287345344848667,-0.9807033779492347,-0.9807033779492347,-0.9807033779492347,-0.9807033779492347,-0.9807033779492347,-0.9807033779492347,7.912869340680071,3.4381372298473645,3.798420115162296,-0.9807033779492347,-0.9807033779492347,-0.9807033779492347,-0.9807033779492347,2.63021453469499,0.9652067711060797,1.5842459795123025,2.8694442237608246,-0.9807033779492347,0.6287345344848667,-0.9807033779492347,2.63021453469499,-0.9807033779492347,2.238172446918967,-0.9807033779492347,-0.9807033779492347,0.9652067711060797,-0.9807033779492347,-0.9807033779492347,-0.9807033779492347,3.3367847355870763,3.3631020439044503,-0.9807033779492347,-0.9807033779492347,-0.9807033779492347,-0.9807033779492347,-0.9807033779492347,4.5123580653913145,1.4171918948491369,2.238172446918967,-0.9807033779492347,-0.9807033779492347,-0.9807033779492347,-0.9807033779492347,-0.9807033779492347,-0.9807033779492347,-0.9807033779492347,5.724935716910769,-0.9807033779492347,6.014146607883837,-0.9807033779492347,-0.9807033779492347,-0.9807033779492347,0.9652067711060797,-0.9807033779492347,-0.9807033779492347,-0.9807033779492347,-0.9807033779492347
SRR7146625,1,Pos,PRJNA464410,Duck,Duck,S,H,F,dabbling,Anasplatyrhynchos,"GrizzlyIslandWildlifeArea(GIWA),SolanoCounty",7.0,-1.3679328640195978,-1.3679328640195978,-1.3679328640195978,-1.3679328640195978,-1.3679328640195978,-1.3679328640195978,-1.3679328640195978,-1.3679328640195978,-1.3679328640195978,-1.3679328640195978,-1.3679328640195978,-1.3679328640195978,-1.3679328640195978,-1.3679328640195978,-1.3679328640195978,-1.3679328640195978,-1.3679328640195978,-1.3679328640195978,-1.3679328640195978,1.4652804800366193,-1.3679328640195978,0.2415050484145036,-1.3679328640195978,0.2415050484145036,-1.3679328640195978,-1.3679328640195978,-1.3679328640195978,-1.3679328640195978,5.524708777152492,2.6394003212128743,4.048167538184823,2.866173640577662,3.522416264202157,-1.3679328640195978,-1.3679328640195978,3.266796124210039,-1.3679328640195978,-1.3679328640195978,5.392481827063831,-0.2693205753514869,0.5779772850357165,0.2415050484145036,2.393267251673965,-1.3679328640195978,1.4652804800366193,-1.3679328640195978,-1.3679328640195978,-1.3679328640195978,-1.3679328640195978,-1.3679328640195978,-1.3679328640195978,4.403508259110419,7.156235941133065,0.8292917133166222,-1.3679328640195978,3.0015149884474246,-1.3679328640195978,-1.3679328640195978,-1.3679328640195978,3.142926642497253,3.4762542224389943,-1.3679328640195978,-1.3679328640195978,0.2415050484145036,-1.3679328640195978,2.187415197469817,-1.3679328640195978,-1.3679328640195978,3.5808270263585715,-1.3679328640195978,5.9683527960017,-1.3679328640195978,-1.3679328640195978,-1.3679328640195978,3.286027486137926,0.2415050484145036,-1.3679328640195978,-1.3679328640195978,-1.3679328640195978
SRR7146626,1,Pos,PRJNA464410,Duck,Duck,S,H,F,dabbling,Anasplatyrhynchos,"GrizzlyIslandWildlifeArea(GIWA),SolanoCounty",7.0,-1.1391134433967327,-1.1391134433967327,-1.1391134433967327,-1.1391134433967327,-1.1391134433967327,-1.1391134433967327,-1.1391134433967327,-1.1391134433967327,-1.1391134433967327,-1.1391134433967327,-1.1391134433967327,-1.1391134433967327,-1.1391134433967327,-1.1391134433967327,-1.1391134433967327,-1.1391134433967327,-1.1391134433967327,-1.1391134433967327,-1.1391134433967327,-1.1391134433967327,-1.1391134433967327,0.8067967056585807,-1.1391134433967327,-1.1391134433967327,-1.1391134433967327,-1.1391134433967327,-1.1391134433967327,-1.1391134433967327,7.144633303709398,-1.1391134433967327,4.9129757255276845,-1.1391134433967327,3.035273826498905,-1.1391134433967327,-1.1391134433967327,2.2948737610884136,1.258781829401638,-1.1391134433967327,2.62208667229683,-1.1391134433967327,2.357394118069748,-1.1391134433967327,2.2948737610884136,-1.1391134433967327,2.7927121893275935,1.258781829401638,-1.1391134433967327,-1.1391134433967327,-1.1391134433967327,-1.1391134433967327,-1.1391134433967327,-1.1391134433967327,3.456006406737857,-1.1391134433967327,-1.1391134433967327,-0.04050115472862359,-1.1391134433967327,-1.1391134433967327,3.766161335041697,2.9039378244378176,4.808921545783914,-1.1391134433967327,-1.1391134433967327,-1.1391134433967327,-1.1391134433967327,-1.1391134433967327,-1.1391134433967327,-1.1391134433967327,6.334523665099473,-1.1391134433967327,6.606322166877648,-1.1391134433967327,-1.1391134433967327,-1.1391134433967327,5.0409032102558395,-1.1391134433967327,-1.1391134433967327,3.5522344388324107,-1.1391134433967327
SRR7146627,0,Neg,PRJNA464410,Duck,Duck,S,H,F,dabbling,Anasplatyrhynchos,"GrizzlyIslandWildlifeArea(GIWA),SolanoCounty",7.0,-1.1754679024883306,-1.1754679024883306,-1.1754679024883306,-1.1754679024883306,-1.1754679024883306,-1.1754679024883306,-1.1754679024883306,-1.1754679024883306,-1.1754679024883306,-1.1754679024883306,-1.1754679024883306,-1.1754679024883306,-1.1754679024883306,-1.1754679024883306,-1.1754679024883306,-1.1754679024883306,-1.1754679024883306,-1.1754679024883306,-1.1754679024883306,3.966195654014329,3.029224716902635,2.258519301996815,-1.1754679024883306,2.674679699221728,-1.1754679024883306,-1.1754679024883306,-1.1754679024883306,-1.1754679024883306,5.371317508272193,-1.1754679024883306,7.628556999924848,-1.1754679024883306,-1.1754679024883306,-1.1754679024883306,-1.1754679024883306,-1.1754679024883306,2.93540596168498,2.93540596168498,-1.1754679024883306,2.7563577302359947,4.9622591515979035,0.770442246566982,2.9020695414173883,-1.1754679024883306,4.756777284959679,0.43397000994576906,-1.1754679024883306,-1.1754679024883306,-1.1754679024883306,-1.1754679024883306,-1.1754679024883306,-1.1754679024883306,4.309329031002324,-1.1754679024883306,-1.1754679024883306,-1.1754679024883306,-1.1754679024883306,-1.1754679024883306,2.4354500101558934,-1.1754679024883306,1.0217566748478886,2.191827927498143,-1.1754679024883306,-1.1754679024883306,-1.1754679024883306,-1.1754679024883306,-1.1754679024883306,-1.1754679024883306,2.93540596168498,-1.1754679024883306,5.185834575084664,-1.1754679024883306,2.7163523956222955,-1.1754679024883306,-1.1754679024883306,-1.1754679024883306,-1.1754679024883306,-1.1754679024883306,-1.1754679024883306
SRR7146628,1,Pos,PRJNA464410,Duck,Duck,S,H,F,dabbling,Anasplatyrhynchos,"GrizzlyIslandWildlifeArea(GIWA),SolanoCounty",7.0,-1.4390639838155117,-1.4390639838155117,-1.4390639838155117,-1.4390639838155117,-1.4390639838155117,-1.4390639838155117,-1.4390639838155117,-1.4390639838155117,-1.4390639838155117,-1.4390639838155117,-1.4390639838155117,-1.4390639838155117,-1.4390639838155117,-1.4390639838155117,-1.4390639838155117,-1.4390639838155117,-1.4390639838155117,-1.4390639838155117,-1.4390639838155117,-1.4390639838155117,-1.4390639838155117,-0.3404516951474026,-1.4390639838155117,2.1162840776739014,0.1703739286185879,-1.4390639838155117,-1.4390639838155117,-1.4390639838155117,5.671632139163315,4.698663070270722,2.53122792973661,2.6718098803577988,3.7025995726871477,-1.4390639838155117,-1.4390639838155117,3.4207484205461602,-1.4390639838155117,-1.4390639838155117,5.307348144757862,-1.4390639838155117,0.5068461652398009,-1.4390639838155117,4.086388955316272,-1.4390639838155117,0.1703739286185879,-1.4390639838155117,-0.3404516951474026,2.1162840776739014,-1.4390639838155117,-1.4390639838155117,-1.4390639838155117,0.5068461652398009,6.252136113707351,0.9588312889828581,-1.4390639838155117,4.564823083291027,0.5068461652398009,-1.4390639838155117,4.793384032735011,1.3941493602407036,-1.4390639838155117,-1.4390639838155117,-1.4390639838155117,-1.4390639838155117,-1.4390639838155117,-1.4390639838155117,-1.4390639838155117,-1.4390639838155117,4.38101894653685,-1.4390639838155117,5.7972753589388315,-1.4390639838155117,-1.4390639838155117,-1.4390639838155117,5.72410840703113,-1.4390639838155117,-1.4390639838155117,4.90129531991224,-1.4390639838155117
SRR7146629,0,Neg,PRJNA464410,Duck,Duck,FW,A,M,filter,Anasclypeata,"SacramentoNationalWildlifeRefuge,GlennCounty",1.0,-0.9672467323419944,-0.9672467323419944,-0.9672467323419944,-0.9672467323419944,-0.9672467323419944,-0.9672467323419944,-0.9672467323419944,-0.9672467323419944,-0.9672467323419944,-0.9672467323419944,-0.9672467323419944,-0.9672467323419944,-0.9672467323419944,-0.9672467323419944,-0.9672467323419944,-0.9672467323419944,-0.9672467323419944,-0.9672467323419944,-0.9672467323419944,-0.9672467323419944,-0.9672467323419944,0.13136555632611469,-0.9672467323419944,0.978663416713319,1.5977026251195428,-0.9672467323419944,-0.9672467323419944,-0.9672467323419944,3.1102907115637253,-0.9672467323419944,3.4272024223304447,-0.9672467323419944,-0.9672467323419944,-0.9672467323419944,1.2299778449942256,-0.9672467323419944,1.5977026251195428,-0.9672467323419944,-0.9672467323419944,-0.9672467323419944,0.13136555632611469,-0.9672467323419944,-0.9672467323419944,3.0400864528904767,0.6421911800921061,-0.9672467323419944,-0.9672467323419944,-0.9672467323419944,-0.9672467323419944,2.40004909764448,0.6421911800921061,5.7601849925088615,8.051812061468723,-0.9672467323419944,0.13136555632611469,5.276920168321742,-0.9672467323419944,0.6421911800921061,-0.9672467323419944,-0.9672467323419944,-0.9672467323419944,-0.9672467323419944,0.13136555632611469,1.740803468760216,-0.9672467323419944,-0.9672467323419944,-0.9672467323419944,1.4306485404563762,1.5977026251195428,2.1682474835871552,-0.9672467323419944,-0.9672467323419944,-0.9672467323419944,-0.9672467323419944,1.5977026251195428,2.077275705381429,-0.9672467323419944,1.5977026251195428,0.13136555632611469
SRR7146630,0,Neg,PRJNA464410,Duck,Duck,FW,U,M,dabbling,Anasacuta,"SacramentoNationalWildlifeRefuge,GlennCounty",1.0,-0.786958658887114,-0.786958658887114,-0.786958658887114,-0.786958658887114,-0.786958658887114,-0.786958658887114,-0.786958658887114,-0.786958658887114,-0.786958658887114,-0.786958658887114,-0.786958658887114,-0.786958658887114,-0.786958658887114,-0.786958658887114,-0.786958658887114,-0.786958658887114,-0.786958658887114,-0.786958658887114,-0.786958658887114,-0.786958658887114,-0.786958658887114,-0.786958658887114,-0.786958658887114,1.7779906985744232,0.3116536297809951,-0.786958658887114,-0.786958658887114,-0.786958658887114,5.236488934073918,2.926613407817194,0.8224792535469865,-0.786958658887114,-0.786958658887114,-0.786958658887114,-0.786958658887114,-0.786958658887114,-0.786958658887114,-0.786958658887114,5.950008299114741,-0.786958658887114,-0.786958658887114,-0.786958658887114,-0.786958658887114,-0.786958658887114,-0.786958658887114,-0.786958658887114,-0.786958658887114,-0.786958658887114,-0.786958658887114,-0.786958658887114,-0.786958658887114,-0.786958658887114,7.922011248093833,-0.786958658887114,-0.786958658887114,4.475731530017772,-0.786958658887114,-0.786958658887114,-0.786958658887114,-0.786958658887114,-0.786958658887114,-0.786958658887114,-0.786958658887114,-0.786958658887114,-0.786958658887114,-0.786958658887114,-0.786958658887114,-0.786958658887114,2.8766029872425323,-0.786958658887114,-0.786958658887114,2.046254685169102,0.8224792535469865,-0.786958658887114,4.433397166191211,6.735441572500011,-0.786958658887114,4.815160161992587,-0.786958658887114
SRR7146631,1,Pos,PRJNA464410,Duck,Duck,S,H,F,dabbling,Anasplatyrhynchos,"GrizzlyIslandWildlifeArea(GIWA),SolanoCounty",7.0,-1.5420540905734823,-1.5420540905734823,-1.5420540905734823,-1.5420540905734823,-1.5420540905734823,-1.5420540905734823,-1.5420540905734823,-1.5420540905734823,-1.5420540905734823,-1.5420540905734823,-1.5420540905734823,-1.5420540905734823,-1.5420540905734823,-1.5420540905734823,-1.5420540905734823,-1.5420540905734823,-1.5420540905734823,-1.5420540905734823,-1.5420540905734823,2.2646083991968364,1.022895266888054,1.5024683471499403,-1.5420540905734823,4.794771640572958,-0.4434418019053732,-1.5420540905734823,-1.5420540905734823,-1.5420540905734823,-1.5420540905734823,-1.5420540905734823,5.792927788298331,-1.5420540905734823,5.581618694631125,-1.5420540905734823,-1.5420540905734823,1.5934401253556665,3.377926835254642,-1.5420540905734823,1.8252417394129914,1.753782775430846,3.0730664262677765,0.6551704867627368,3.149293791655661,-1.5420540905734823,2.2646083991968364,-1.5420540905734823,-1.5420540905734823,2.5354833533322365,1.891933113911663,3.5013710263457636,1.402384888592957,-1.5420540905734823,6.5203787010097125,5.497606259288593,-1.5420540905734823,4.586996119487062,-1.5420540905734823,-1.5420540905734823,-1.5420540905734823,-1.5420540905734823,3.656442940692343,-1.5420540905734823,-1.5420540905734823,1.402384888592957,-1.5420540905734823,3.2701302647989348,-1.5420540905734823,0.40385605848183026,4.9115709083192085,-1.5420540905734823,-1.5420540905734823,-1.5420540905734823,-1.5420540905734823,-1.5420540905734823,-1.5420540905734823,-1.5420540905734823,-1.5420540905734823,0.8558411822248875,-1.5420540905734823
SRR7146632,0,Neg,PRJNA464410,Duck,Duck,FW,A,M,filter,Anasclypeata,"SacramentoNationalWildlifeRefuge,GlennCounty",1.0,-1.3391683810501451,-1.3391683810501451,-1.3391683810501451,-1.3391683810501451,-1.3391683810501451,-1.3391683810501451,-1.3391683810501451,-1.3391683810501451,-1.3391683810501451,-1.3391683810501451,-1.3391683810501451,-1.3391683810501451,-1.3391683810501451,-1.3391683810501451,-1.3391683810501451,-1.3391683810501451,-1.3391683810501451,-1.3391683810501451,-1.3391683810501451,-1.3391683810501451,-1.3391683810501451,-1.3391683810501451,-1.3391683810501451,4.058994320467606,-1.3391683810501451,-1.3391683810501451,-1.3391683810501451,-1.3391683810501451,3.7907303338729275,-1.3391683810501451,3.4566221645465953,-1.3391683810501451,-1.3391683810501451,-1.3391683810501451,2.552651917060481,-1.3391683810501451,-1.3391683810501451,-1.3391683810501451,-1.3391683810501451,-1.3391683810501451,1.4940449630060701,1.2257809764113912,-1.3391683810501451,-1.3391683810501451,1.7053540566732774,-1.3391683810501451,-1.3391683810501451,-1.3391683810501451,-1.3391683810501451,-1.3391683810501451,-1.3391683810501451,3.1494679886819936,6.702244528342901,-1.3391683810501451,-1.3391683810501451,4.763390213563423,-1.3391683810501451,0.2702695313839545,2.4674941087201736,-1.3391683810501451,-1.3391683810501451,1.7053540566732774,-1.3391683810501451,4.076932021154274,1.956668484954183,5.6049188271793815,-1.3391683810501451,-1.3391683810501451,2.0948188234350003,5.400168246307028,1.7963258348790037,-1.3391683810501451,-1.3391683810501451,-1.3391683810501451,6.170166884966446,3.3336604534117606,-1.3391683810501451,1.3688818200520645,5.84848878306481
SRR7146633,1,Pos,PRJNA464410,Duck,Duck,FW,U,M,filter,Anasclypeata,"SacramentoNationalWildlifeRefuge,GlennCounty",12.0,-1.2669484973718177,-1.2669484973718177,-1.2669484973718177,-1.2669484973718177,-1.2669484973718177,-1.2669484973718177,-1.2669484973718177,-1.2669484973718177,-1.2669484973718177,-1.2669484973718177,-1.2669484973718177,-1.2669484973718177,-1.2669484973718177,-1.2669484973718177,-1.2669484973718177,-1.2669484973718177,-1.2669484973718177,-1.2669484973718177,-1.2669484973718177,-1.2669484973718177,-1.2669484973718177,-1.2669484973718177,-1.2669484973718177,2.539713992398501,-1.2669484973718177,-0.16833620870370858,0.9302760799644005,0.9302760799644005,2.907438772523818,-1.2669484973718177,3.874715059130841,-1.2669484973718177,-1.2669484973718177,1.9519273274963824,-1.2669484973718177,2.0288883686325105,-1.2669484973718177,3.4425817039405153,5.737025639350861,-1.2669484973718177,-1.2669484973718177,-1.2669484973718177,-1.2669484973718177,-1.2669484973718177,1.130946775426552,-1.2669484973718177,-1.2669484973718177,-1.2669484973718177,-1.2669484973718177,-1.2669484973718177,-1.2669484973718177,1.2980008600897186,6.233580988023476,3.1518921104247797,-1.2669484973718177,3.5928639069898534,-1.2669484973718177,-1.2669484973718177,1.6774904817946217,0.3424894150622819,-1.2669484973718177,-1.2669484973718177,-1.2669484973718177,2.343969415272406,-1.2669484973718177,-1.2669484973718177,6.768654195546763,-1.2669484973718177,-1.2669484973718177,3.1275006573006205,-1.2669484973718177,-1.2669484973718177,3.623400630849935,-1.2669484973718177,4.977218403291918,-1.2669484973718177,-1.2669484973718177,6.560691048994604,0.6789616516834949
SRR7146635,0,Neg,PRJNA464410,Duck,Duck,FW,U,M,dabbling,Anasacuta,"SacramentoNationalWildlifeRefuge,GlennCounty",1.0,-1.6893299495758036,-1.6893299495758036,-1.6893299495758036,-1.6893299495758036,-1.6893299495758036,-1.6893299495758036,-1.6893299495758036,-1.6893299495758036,-1.6893299495758036,-1.6893299495758036,-1.6893299495758036,-1.6893299495758036,-1.6893299495758036,-1.6893299495758036,-1.6893299495758036,-1.6893299495758036,-1.6893299495758036,-1.6893299495758036,-1.6893299495758036,-1.6893299495758036,-1.6893299495758036,-1.6893299495758036,-1.6893299495758036,1.8660181119136094,-1.6893299495758036,-1.6893299495758036,-1.6893299495758036,3.6039748751486886,3.4980558562649513,-1.6893299495758036,3.9418818322455618,-1.6893299495758036,2.77657816907878,4.783016344925096,-1.6893299495758036,-1.6893299495758036,1.018720251526406,3.1858673736253476,2.515362669815162,-1.6893299495758036,1.6065069164285255,-1.6893299495758036,0.25658019947950983,-1.6893299495758036,1.67796588041067,-1.6893299495758036,0.8756194078857327,-1.6893299495758036,-1.6893299495758036,-1.6893299495758036,-1.6893299495758036,3.681308078551859,6.757655346796937,2.2024903485348224,-1.6893299495758036,4.30960661237088,0.708565323222567,0.5078946277604155,2.0718701661177583,1.8071776118906762,-1.6893299495758036,4.786102767128286,1.355192488147619,2.0718701661177583,-1.6893299495758036,-1.6893299495758036,3.8979187088244456,-1.6893299495758036,1.355192488147619,-1.6893299495758036,-1.6893299495758036,4.566420092177563,5.2814001285677215,-1.6893299495758036,1.9742316965538427,-1.6893299495758036,-1.6893299495758036,3.83612298955598,-1.6893299495758036
SRR7146636,0,Neg,PRJNA464410,Duck,Duck,FW,U,M,dabbling,Anasacuta,"SacramentoNationalWildlifeRefuge,GlennCounty",1.0,-1.5448730101027115,-1.5448730101027115,-1.5448730101027115,-1.5448730101027115,-1.5448730101027115,-1.5448730101027115,-1.5448730101027115,-1.5448730101027115,-1.5448730101027115,-1.5448730101027115,-1.5448730101027115,-1.5448730101027115,-1.5448730101027115,-1.5448730101027115,-1.5448730101027115,-1.5448730101027115,-1.5448730101027115,-1.5448730101027115,-1.5448730101027115,-1.5448730101027115,-1.5448730101027115,-1.5448730101027115,-1.5448730101027115,2.8495761445697267,1.6740028147654886,1.6740028147654886,-1.5448730101027115,1.2883403339535047,4.667733085648807,2.8495761445697267,1.5906212058264382,-1.5448730101027115,-1.5448730101027115,-1.5448730101027115,0.40103713895260196,1.3995659690637288,-1.5448730101027115,0.8530222626956592,6.667695388131433,-1.5448730101027115,-1.5448730101027115,0.6523515672335076,-1.5448730101027115,-1.5448730101027115,-1.5448730101027115,-1.5448730101027115,1.8224228198837622,1.2883403339535047,-1.5448730101027115,-1.5448730101027115,-1.5448730101027115,-1.5448730101027115,5.128424957664942,-1.5448730101027115,-1.5448730101027115,3.485564911289724,1.0200763473588248,1.2883403339535047,5.199186176208635,2.3469472880079145,-1.5448730101027115,1.499649427620711,-1.5448730101027115,1.7509638559016176,-1.5448730101027115,0.8530222626956592,-1.5448730101027115,-1.5448730101027115,2.118688636026935,-1.5448730101027115,4.714708453962212,-1.5448730101027115,2.305274591607347,0.40103713895260196,4.525864717899778,6.236265499742304,-1.5448730101027115,3.146474872126432,-1.5448730101027115
SRR7146637,1,Pos,PRJNA464410,Duck,Duck,FW,U,F,dabbling,Anasacuta,"SacramentoNationalWildlifeRefuge,GlennCounty",12.0,-1.7908182929587078,-1.7908182929587078,-1.7908182929587078,-1.7908182929587078,-1.7908182929587078,-1.7908182929587078,-1.7908182929587078,-1.7908182929587078,-1.7908182929587078,-1.7908182929587078,-1.7908182929587078,-1.7908182929587078,-1.7908182929587078,-1.7908182929587078,-1.7908182929587078,-1.7908182929587078,-1.7908182929587078,-1.7908182929587078,-1.7908182929587078,0.9172319081435027,-1.7908182929587078,-1.7908182929587078,-1.7908182929587078,2.2522329748758434,-1.7908182929587078,-1.7908182929587078,0.9172319081435027,1.970381822734855,5.178032085383241,-1.7908182929587078,4.798108184574812,-1.7908182929587078,-1.7908182929587078,2.286719150947013,-1.7908182929587078,0.9172319081435027,1.922753773745601,2.720041213558143,3.7660097687408305,-1.7908182929587078,2.3523164334328257,-1.7908182929587078,0.9172319081435027,-1.7908182929587078,2.6978180767734328,-0.18138038052460637,-1.7908182929587078,-1.7908182929587078,-1.7908182929587078,1.1536206862077334,1.0423950510975093,1.705689268507773,6.19840311585657,0.40640628437751225,0.15509185609660658,5.872589371934772,-1.7908182929587078,-1.7908182929587078,-1.7908182929587078,-1.7908182929587078,-1.7908182929587078,3.068994111402965,1.4280575319094941,2.286719150947013,-1.7908182929587078,1.5050185730456223,3.068994111402965,-1.7908182929587078,-0.18138038052460637,0.40640628437751225,2.804301557175883,-1.7908182929587078,4.417771733137922,-1.7908182929587078,4.538902612563989,-1.7908182929587078,-0.18138038052460637,4.750211706231196,0.9172319081435027
SRR7146638,1,Pos,PRJNA464410,Duck,Duck,FW,U,F,dabbling,Anasacuta,"SacramentoNationalWildlifeRefuge,GlennCounty",12.0,-1.525085324916419,-1.525085324916419,-1.525085324916419,-1.525085324916419,-1.525085324916419,-1.525085324916419,-1.525085324916419,-1.525085324916419,-1.525085324916419,-1.525085324916419,-1.525085324916419,-1.525085324916419,-1.525085324916419,-1.525085324916419,-1.525085324916419,-1.525085324916419,-1.525085324916419,-1.525085324916419,-1.525085324916419,-1.525085324916419,-1.525085324916419,-1.525085324916419,0.08435258751768249,2.649301944979219,-1.525085324916419,-0.426473036248308,-1.525085324916419,-1.525085324916419,2.8937552828801794,-1.525085324916419,3.6952705001619064,-1.525085324916419,-1.525085324916419,1.9089018795687283,-1.525085324916419,2.366734973194208,-1.525085324916419,3.219846803446832,5.351179286974348,-1.525085324916419,1.1829648761857916,-1.525085324916419,-1.525085324916419,-1.525085324916419,0.8728099478819527,-1.525085324916419,-1.525085324916419,-1.525085324916419,0.42082482413889544,-1.525085324916419,0.42082482413889544,-1.525085324916419,6.585942513277262,4.906245757017061,-1.525085324916419,3.5563190400680442,0.6721392524198011,-1.525085324916419,1.3081280191397981,-1.525085324916419,2.8937552828801794,3.319101761542173,2.236114790777144,2.18848674178789,-1.525085324916419,3.6952705001619064,2.18848674178789,-1.525085324916419,-1.525085324916419,-1.525085324916419,-1.525085324916419,-1.525085324916419,3.9259531286492826,0.42082482413889544,5.748007271083104,-1.525085324916419,-1.525085324916419,6.126985421200064,1.8422105050700557
SRR7146639,1,Pos,PRJNA464410,Duck,Duck,FW,U,F,filter,Anasclypeata,"SacramentoNationalWildlifeRefuge,GlennCounty",12.0,-1.3012729004564125,-1.3012729004564125,-1.3012729004564125,-1.3012729004564125,-1.3012729004564125,-1.3012729004564125,-1.3012729004564125,-1.3012729004564125,-1.3012729004564125,-1.3012729004564125,-1.3012729004564125,-1.3012729004564125,-1.3012729004564125,-1.3012729004564125,-1.3012729004564125,-1.3012729004564125,-1.3012729004564125,-1.3012729004564125,-1.3012729004564125,-1.3012729004564125,-1.3012729004564125,-1.3012729004564125,1.096622372341959,5.245512510304112,3.06817495201061,3.187363469275728,-1.3012729004564125,-1.3012729004564125,0.8959516768798075,1.5319404435998045,3.187363469275728,-1.3012729004564125,-1.3012729004564125,-1.3012729004564125,-1.3012729004564125,0.30816501197768886,-1.3012729004564125,-1.3012729004564125,2.66901901309571,-1.3012729004564125,1.406777300645798,-1.3012729004564125,-1.3012729004564125,-0.20266061178830164,1.2636764570051247,-1.3012729004564125,-1.3012729004564125,-1.3012729004564125,-1.3012729004564125,1.9945639655479175,4.183524033034243,2.961406976584904,7.498238000912456,-1.3012729004564125,0.30816501197768886,5.2738029401432085,-1.3012729004564125,-1.3012729004564125,-1.3012729004564125,-1.3012729004564125,-1.3012729004564125,1.406777300645798,0.6446372485989009,1.096622372341959,2.6305527322679136,1.2636764570051247,-1.3012729004564125,-1.3012729004564125,-1.3012729004564125,5.5328358383574265,-1.3012729004564125,-1.3012729004564125,0.8959516768798075,2.7060602847760586,2.903419718934554,-1.3012729004564125,-1.3012729004564125,1.406777300645798,-1.3012729004564125
SRR7146640,1,Pos,PRJNA464410,Duck,Duck,FW,U,M,filter,Anasclypeata,"SacramentoNationalWildlifeRefuge,GlennCounty",1.0,-1.4504421376352026,-1.4504421376352026,-1.4504421376352026,-1.4504421376352026,-1.4504421376352026,-1.4504421376352026,-1.4504421376352026,-1.4504421376352026,-1.4504421376352026,-1.4504421376352026,-1.4504421376352026,-1.4504421376352026,-1.4504421376352026,-1.4504421376352026,-1.4504421376352026,-1.4504421376352026,-1.4504421376352026,-1.4504421376352026,-1.4504421376352026,0.49546801142011,-1.4504421376352026,-1.4504421376352026,-1.4504421376352026,-1.4504421376352026,-1.4504421376352026,-1.4504421376352026,0.15899577479889704,3.240905744593941,3.2035182125223205,-1.4504421376352026,4.351676237741859,1.9168536923512711,-1.4504421376352026,4.034354795855452,-1.4504421376352026,-1.4504421376352026,1.59408030008822,2.399705464074856,3.4093702667264694,-1.4504421376352026,1.7684336872329975,-1.4504421376352026,-1.4504421376352026,2.812237739406113,0.49546801142011,-1.4504421376352026,-1.4504421376352026,-1.4504421376352026,-1.4504421376352026,-1.4504421376352026,-1.4504421376352026,2.723945132260434,7.249905596878881,2.356220352135117,-1.4504421376352026,2.2631299290691045,-1.4504421376352026,-1.4504421376352026,0.7467824397010165,-1.4504421376352026,-1.4504421376352026,4.497592851545443,-1.4504421376352026,1.7684336872329975,-1.4504421376352026,1.9835450668499437,2.8670459759011075,-1.4504421376352026,1.59408030008822,-1.4504421376352026,-1.4504421376352026,0.49546801142011,5.576872376404573,-1.4504421376352026,5.4421995035368855,-1.4504421376352026,-1.4504421376352026,2.2631299290691045,2.2631299290691045
SRR7146641,0,Neg,PRJNA464410,Duck,Duck,S,H,M,dabbling,Anasplatyrhynchos,"SuisunMarsh/Balboa,SolanoCounty",7.0,-1.4119369365236416,-1.4119369365236416,-1.4119369365236416,-1.4119369365236416,-1.4119369365236416,-1.4119369365236416,-1.4119369365236416,-1.4119369365236416,-1.4119369365236416,-1.4119369365236416,-1.4119369365236416,-1.4119369365236416,-1.4119369365236416,-1.4119369365236416,-1.4119369365236416,-1.4119369365236416,-1.4119369365236416,-1.4119369365236416,-1.4119369365236416,-1.4119369365236416,-1.4119369365236416,-1.4119369365236416,-1.4119369365236416,-1.4119369365236416,-1.4119369365236416,-1.4119369365236416,-1.4119369365236416,4.747158451968291,2.5953962487088287,-1.4119369365236416,3.9399211969524246,-1.4119369365236416,3.183182913610948,4.0645266154078685,-1.4119369365236416,-1.4119369365236416,1.296113264578568,3.120662556629614,-1.4119369365236416,-1.4119369365236416,3.203183580317617,1.8069388883445585,1.8838999294806866,-1.4119369365236416,1.8838999294806866,1.8069388883445585,1.5325020426427987,-1.4119369365236416,-1.4119369365236416,-1.4119369365236416,-1.4119369365236416,-1.4119369365236416,2.665600507382077,-1.4119369365236416,-1.4119369365236416,5.724546272066606,-1.4119369365236416,-1.4119369365236416,-1.4119369365236416,2.0220502679615047,1.1530124209378947,4.870329810372365,3.819171680330945,-1.4119369365236416,-1.4119369365236416,3.536822953854526,2.5198886962006837,-1.4119369365236416,3.644308868824666,-1.4119369365236416,7.139657681609927,-1.4119369365236416,5.496817842791579,-1.4119369365236416,-1.4119369365236416,-1.4119369365236416,-1.4119369365236416,-1.4119369365236416,-1.4119369365236416
SRR7146642,1,Pos,PRJNA464410,Duck,Duck,S,H,M,dabbling,Anasplatyrhynchos,"SuisunMarsh/Balboa,SolanoCounty",7.0,-1.0812222909772267,-1.0812222909772267,-1.0812222909772267,-1.0812222909772267,-1.0812222909772267,-1.0812222909772267,-1.0812222909772267,-1.0812222909772267,-1.0812222909772267,-1.0812222909772267,-1.0812222909772267,-1.0812222909772267,-1.0812222909772267,-1.0812222909772267,-1.0812222909772267,-1.0812222909772267,-1.0812222909772267,-1.0812222909772267,-1.0812222909772267,-1.0812222909772267,-1.0812222909772267,-1.0812222909772267,-1.0812222909772267,-1.0812222909772267,-1.0812222909772267,-1.0812222909772267,-1.0812222909772267,-1.0812222909772267,-1.0812222909772267,7.0988184325129335,3.181457586064089,-1.0812222909772267,5.4826332355549,-1.0812222909772267,-1.0812222909772267,2.725440198793093,-1.0812222909772267,-1.0812222909772267,6.157992682802579,-1.0812222909772267,-1.0812222909772267,-1.0812222909772267,5.2869648953732655,-1.0812222909772267,-1.0812222909772267,-1.0812222909772267,-1.0812222909772267,-1.0812222909772267,-1.0812222909772267,-1.0812222909772267,-1.0812222909772267,3.3376183168193707,4.942225301983806,2.996315152928492,0.528215621456873,1.3166729818211431,2.996315152928492,-1.0812222909772267,6.253759587894587,3.610125591251917,-1.0812222909772267,-1.0812222909772267,-1.0812222909772267,-1.0812222909772267,-1.0812222909772267,-1.0812222909772267,-1.0812222909772267,-1.0812222909772267,3.429637215539623,-1.0812222909772267,-1.0812222909772267,6.06476217673716,-1.0812222909772267,-1.0812222909772267,1.626827910124983,-1.0812222909772267,-1.0812222909772267,-1.0812222909772267,-1.0812222909772267
SRR7146643,0,Neg,PRJNA464410,Duck,Duck,S,H,M,dabbling,Anasplatyrhynchos,"SuisunMarsh/Balboa,SolanoCounty",7.0,-1.2276301487919268,-1.2276301487919268,-1.2276301487919268,-1.2276301487919268,-1.2276301487919268,-1.2276301487919268,-1.2276301487919268,-1.2276301487919268,-1.2276301487919268,-1.2276301487919268,-1.2276301487919268,-1.2276301487919268,-1.2276301487919268,-1.2276301487919268,-1.2276301487919268,-1.2276301487919268,-1.2276301487919268,-1.2276301487919268,-1.2276301487919268,-1.2276301487919268,-1.2276301487919268,-1.2276301487919268,-1.2276301487919268,2.6225174529181317,-1.2276301487919268,-1.2276301487919268,-1.2276301487919268,2.0682067172124023,5.4405980996254755,-1.2276301487919268,0.7182800002633858,-1.2276301487919268,1.7168088303745135,-1.2276301487919268,-1.2276301487919268,-1.2276301487919268,-1.2276301487919268,4.188470253412493,6.590397789738802,-1.2276301487919268,0.9695944285442923,-1.2276301487919268,-1.2276301487919268,-1.2276301487919268,0.38180776364217284,-1.2276301487919268,-1.2276301487919268,-1.2276301487919268,-1.2276301487919268,-1.2276301487919268,-1.2276301487919268,3.9256614457058516,6.165632945971911,6.725688197768504,-1.2276301487919268,4.725613185495857,1.7168088303745135,-1.2276301487919268,4.914407256795429,1.3373192086696095,-1.2276301487919268,1.9912456760762733,-1.2276301487919268,-1.2276301487919268,-1.2276301487919268,-1.2276301487919268,1.170265124006443,-1.2276301487919268,3.347080829711456,-1.2276301487919268,-1.2276301487919268,-1.2276301487919268,3.283229357724923,-1.2276301487919268,5.257005086843325,-1.2276301487919268,-1.2276301487919268,0.7182800002633858,-1.2276301487919268
SRR7146644,1,Pos,PRJNA464410,Duck,Duck,S,H,F,dabbling,Anasplatyrhynchos,"GrizzlyIslandWildlifeArea(GIWA),SolanoCounty",7.0,-1.3153647496621472,-1.3153647496621472,-1.3153647496621472,-1.3153647496621472,-1.3153647496621472,-1.3153647496621472,-1.3153647496621472,-1.3153647496621472,-1.3153647496621472,-1.3153647496621472,-1.3153647496621472,-1.3153647496621472,-1.3153647496621472,-1.3153647496621472,-1.3153647496621472,-1.3153647496621472,-1.3153647496621472,-1.3153647496621472,-1.3153647496621472,0.6305453993931662,-1.3153647496621472,1.249584607799389,-1.3153647496621472,3.2797551004724426,-1.3153647496621472,4.055273278465515,-1.3153647496621472,-1.3153647496621472,6.45232252752476,3.028440672191536,4.769134663413023,-1.3153647496621472,1.629074229504293,-1.3153647496621472,-1.3153647496621472,1.8201294662670024,-1.3153647496621472,-0.2167524609940381,7.2504281115901525,-0.2167524609940381,1.8201294662670024,0.8818598276740719,-1.3153647496621472,-1.3153647496621472,1.8201294662670024,-0.2167524609940381,-1.3153647496621472,-1.3153647496621472,-1.3153647496621472,-1.3153647496621472,-1.3153647496621472,0.8818598276740719,5.412066975188708,1.517848594394069,-1.3153647496621472,1.3926854514400624,-1.3153647496621472,-1.3153647496621472,0.2940731627719533,1.517848594394069,2.0519310803243265,-1.3153647496621472,-1.3153647496621472,2.576455548448479,-1.3153647496621472,1.3926854514400624,-1.3153647496621472,-1.3153647496621472,4.091807021797971,-1.3153647496621472,-1.3153647496621472,3.2593462288412356,-1.3153647496621472,-1.3153647496621472,3.559832573539004,-0.2167524609940381,-1.3153647496621472,-1.3153647496621472,-1.3153647496621472
SRR7146645,0,Neg,PRJNA464410,Duck,Duck,S,H,F,dabbling,Anasplatyrhynchos,"SuisunMarsh/Balboa,SolanoCounty",7.0,-1.4368772289385783,-1.4368772289385783,-1.4368772289385783,-1.4368772289385783,-1.4368772289385783,-1.4368772289385783,-1.4368772289385783,-1.4368772289385783,-1.4368772289385783,-1.4368772289385783,-1.4368772289385783,-1.4368772289385783,-1.4368772289385783,-1.4368772289385783,-1.4368772289385783,-1.4368772289385783,-1.4368772289385783,-1.4368772289385783,-1.4368772289385783,1.7819985959296236,-1.4368772289385783,-1.4368772289385783,-1.4368772289385783,-1.4368772289385783,-1.4368772289385783,-1.4368772289385783,1.8589596370657517,5.750779935176379,4.256854909864122,-1.4368772289385783,3.1978517592910585,-1.4368772289385783,-1.4368772289385783,4.201477440395168,-1.4368772289385783,2.3697852608317422,3.9054570230262335,4.700849825147657,-1.4368772289385783,-1.4368772289385783,3.0739822775782724,-1.4368772289385783,-1.4368772289385783,-1.4368772289385783,-1.4368772289385783,-1.4368772289385783,-1.4368772289385783,-1.4368772289385783,-1.4368772289385783,-1.4368772289385783,-1.4368772289385783,-1.4368772289385783,4.194334552882788,3.4534718992831763,-1.4368772289385783,5.774679504375223,1.8589596370657517,-1.4368772289385783,-1.4368772289385783,-1.4368772289385783,-1.4368772289385783,5.574336758411789,1.9304186010478963,-1.4368772289385783,-1.4368772289385783,4.70945202873032,5.41218905369488,-1.4368772289385783,2.7972292756586823,-1.4368772289385783,1.7819985959296236,-1.4368772289385783,6.38436485458498,-1.4368772289385783,-1.4368772289385783,-1.4368772289385783,-1.4368772289385783,2.932570623528444,-1.4368772289385783
SRR7146646,0,Neg,PRJNA464410,Duck,Duck,FW,H,F,dabbling,Anasamericana,"SacramentoNationalWildlifeRefuge,GlennCounty",1.0,-0.9571718588834681,-0.9571718588834681,-0.9571718588834681,-0.9571718588834681,-0.9571718588834681,-0.9571718588834681,-0.9571718588834681,-0.9571718588834681,-0.9571718588834681,-0.9571718588834681,-0.9571718588834681,-0.9571718588834681,-0.9571718588834681,-0.9571718588834681,-0.9571718588834681,-0.9571718588834681,-0.9571718588834681,-0.9571718588834681,-0.9571718588834681,1.240052718452752,-0.9571718588834681,-0.9571718588834681,3.2769346457137916,7.122755911874807,2.706389787246178,-0.9571718588834681,-0.9571718588834681,-0.9571718588834681,-0.9571718588834681,1.240052718452752,3.1537020052898432,-0.9571718588834681,-0.9571718588834681,-0.9571718588834681,1.240052718452752,-0.9571718588834681,-0.9571718588834681,-0.9571718588834681,2.338665007120861,-0.9571718588834681,-0.9571718588834681,-0.9571718588834681,-0.9571718588834681,-0.9571718588834681,1.240052718452752,-0.9571718588834681,-0.9571718588834681,-0.9571718588834681,3.1859628675080645,3.333287582264923,2.261703965984733,-0.9571718588834681,5.700839186987281,-0.9571718588834681,2.338665007120861,2.1783223570456816,-0.9571718588834681,-0.9571718588834681,-0.9571718588834681,-0.9571718588834681,-0.9571718588834681,-0.9571718588834681,-0.9571718588834681,-0.9571718588834681,-0.9571718588834681,-0.9571718588834681,-0.9571718588834681,-0.9571718588834681,-0.9571718588834681,5.085460974798913,-0.9571718588834681,-0.9571718588834681,-0.9571718588834681,3.1859628675080645,7.558620351617141,-0.9571718588834681,-0.9571718588834681,-0.9571718588834681,-0.9571718588834681
SRR7146648,1,Pos,PRJNA464410,Duck,Duck,FW,U,M,dabbling,Anascarolinensis,"ConawayRanch,YoloCounty",12.0,-1.2915281453913492,-1.2915281453913492,-1.2915281453913492,-1.2915281453913492,-1.2915281453913492,-1.2915281453913492,-1.2915281453913492,-1.2915281453913492,-1.2915281453913492,-1.2915281453913492,-1.2915281453913492,-1.2915281453913492,-1.2915281453913492,-1.2915281453913492,-1.2915281453913492,-1.2915281453913492,-1.2915281453913492,-1.2915281453913492,-1.2915281453913492,1.652910833775092,-1.2915281453913492,0.9056964319448708,-1.2915281453913492,-0.1929158567232383,-1.2915281453913492,-1.2915281453913492,-1.2915281453913492,2.678763768160773,4.904915982403173,-0.1929158567232383,4.295720513008901,-1.2915281453913492,-1.2915281453913492,2.142459059093798,-1.2915281453913492,-1.2915281453913492,1.2734212120701889,-1.2915281453913492,4.303183234210491,1.5416851986648679,1.7529942923320743,0.3179097670427522,-1.2915281453913492,-1.2915281453913492,2.6002921527192786,-1.2915281453913492,-1.2915281453913492,-1.2915281453913492,-1.2915281453913492,-1.2915281453913492,-1.2915281453913492,-1.2915281453913492,7.314957153503651,1.2734212120701889,-1.2915281453913492,3.99167558334664,-1.2915281453913492,-1.2915281453913492,-1.2915281453913492,-1.2915281453913492,-1.2915281453913492,3.9711620435135373,-1.2915281453913492,-1.2915281453913492,-1.2915281453913492,2.142459059093798,1.5416851986648679,-1.2915281453913492,0.3179097670427522,-1.2915281453913492,0.3179097670427522,-1.2915281453913492,4.727065069104887,-1.2915281453913492,3.814417328509232,6.186641548768437,-1.2915281453913492,4.867567243100584,-1.2915281453913492
SRR7146649,0,Neg,PRJNA464410,Duck,Duck,S,H,M,dabbling,Anasplatyrhynchos,"GrizzlyIslandWildlifeArea(GIWA),SolanoCounty",8.0,-1.2387511372263331,-1.2387511372263331,-1.2387511372263331,-1.2387511372263331,-1.2387511372263331,-1.2387511372263331,-1.2387511372263331,-1.2387511372263331,-1.2387511372263331,-1.2387511372263331,-1.2387511372263331,-1.2387511372263331,-1.2387511372263331,-1.2387511372263331,-1.2387511372263331,-1.2387511372263331,-1.2387511372263331,-1.2387511372263331,-1.2387511372263331,1.326198220235204,-1.2387511372263331,-1.2387511372263331,-1.2387511372263331,4.43457212994516,-1.2387511372263331,1.8057713004970903,0.9584734401098869,2.9043835891652003,1.705687841940108,-1.2387511372263331,4.229309003908799,-1.2387511372263331,-1.2387511372263331,3.765195168719127,-1.2387511372263331,-1.2387511372263331,1.9801246876418688,3.293848355926924,-1.2387511372263331,-0.14013884855822223,2.2577564242401476,3.4886366814860086,-1.2387511372263331,-1.2387511372263331,2.1285446927601415,2.3721667754178926,-1.2387511372263331,-1.2387511372263331,-1.2387511372263331,-1.2387511372263331,-0.14013884855822223,-1.2387511372263331,1.326198220235204,-1.2387511372263331,-1.2387511372263331,7.681637922854026,-1.2387511372263331,-1.2387511372263331,-1.2387511372263331,-1.2387511372263331,-1.2387511372263331,4.7846964557347,1.4692990638758774,3.452596745002811,-1.2387511372263331,4.43457212994516,2.057085728777997,-1.2387511372263331,-1.2387511372263331,-1.2387511372263331,-1.2387511372263331,-1.2387511372263331,4.945397753711151,-1.2387511372263331,-1.2387511372263331,-1.2387511372263331,-1.2387511372263331,0.37068677520776827,-1.2387511372263331
SRR7146650,0,Neg,PRJNA464410,Duck,Duck,S,H,F,dabbling,Anasplatyrhynchos,"GrizzlyIslandWildlifeArea(GIWA),SolanoCounty",8.0,-1.2863051477313876,-1.2863051477313876,-1.2863051477313876,-1.2863051477313876,-1.2863051477313876,-1.2863051477313876,-1.2863051477313876,-1.2863051477313876,-1.2863051477313876,-1.2863051477313876,-1.2863051477313876,-1.2863051477313876,-1.2863051477313876,-1.2863051477313876,-1.2863051477313876,-1.2863051477313876,-1.2863051477313876,-1.2863051477313876,-1.2863051477313876,-1.2863051477313876,-1.2863051477313876,-1.2863051477313876,-1.2863051477313876,-1.2863051477313876,0.3231327647027129,-1.2863051477313876,-1.2863051477313876,0.3231327647027129,3.202331222000753,-1.2863051477313876,3.878480826192127,-1.2863051477313876,-1.2863051477313876,3.0041542934170042,0.3231327647027129,-1.2863051477313876,1.6581338314350536,4.0269008313103996,0.6596050013239259,-1.2863051477313876,1.2786442097301496,-0.1876928590632767,-1.2863051477313876,-1.2863051477313876,1.2786442097301496,-1.2863051477313876,-1.2863051477313876,-1.2863051477313876,1.6581338314350536,4.938253281543973,1.849189068197762,-1.2863051477313876,3.3676552024261364,-1.2863051477313876,-1.2863051477313876,4.756327685950994,-1.2863051477313876,-1.2863051477313876,-1.2863051477313876,-1.2863051477313876,-1.2863051477313876,4.872790240760546,1.6581338314350536,2.080990682255087,-1.2863051477313876,2.4748949679621752,3.3484238404982483,7.516217350553034,-1.2863051477313876,1.111590125066983,-1.2863051477313876,-1.2863051477313876,5.297104074427377,-1.2863051477313876,-1.2863051477313876,-1.2863051477313876,-1.2863051477313876,1.2786442097301496,0.9109194296048324
SRR7146651,1,Pos,PRJNA464410,Duck,Duck,S,H,M,dabbling,Anasplatyrhynchos,"GrizzlyIslandWildlifeArea(GIWA),SolanoCounty",8.0,-1.0620971729174613,-1.0620971729174613,-1.0620971729174613,-1.0620971729174613,-1.0620971729174613,-1.0620971729174613,-1.0620971729174613,-1.0620971729174613,-1.0620971729174613,-1.0620971729174613,-1.0620971729174613,-1.0620971729174613,-1.0620971729174613,-1.0620971729174613,-1.0620971729174613,-1.0620971729174613,-1.0620971729174613,-1.0620971729174613,-1.0620971729174613,0.03651511575064781,-1.0620971729174613,0.8838129761378521,-1.0620971729174613,0.5473407395166392,-1.0620971729174613,-1.0620971729174613,-1.0620971729174613,-1.0620971729174613,3.2553909406188497,-1.0620971729174613,4.019307192067002,-1.0620971729174613,2.869728459806865,-1.0620971729174613,-1.0620971729174613,0.8838129761378521,0.8838129761378521,-1.0620971729174613,4.83780018066503,-1.0620971729174613,0.03651511575064781,-1.0620971729174613,2.1567786519507397,-1.0620971729174613,0.8838129761378521,-1.0620971729174613,2.233739693086868,-1.0620971729174613,-1.0620971729174613,-1.0620971729174613,-1.0620971729174613,6.539305161666272,7.698982930950886,-1.0620971729174613,-1.0620971729174613,4.40596296821767,0.8838129761378521,-1.0620971729174613,-1.0620971729174613,0.5473407395166392,0.8838129761378521,1.1351274044187587,-1.0620971729174613,-1.0620971729174613,-1.0620971729174613,1.882341806248979,-1.0620971729174613,-1.0620971729174613,1.882341806248979,-1.0620971729174613,4.019307192067002,-1.0620971729174613,-1.0620971729174613,-1.0620971729174613,5.008640555085028,-1.0620971729174613,-1.0620971729174613,-1.0620971729174613,-1.0620971729174613
SRR7146653,1,Pos,PRJNA464410,Duck,Duck,S,H,M,dabbling,Anasplatyrhynchos,"GrizzlyIslandWildlifeArea(GIWA),SolanoCounty",8.0,-1.4592174061068466,-1.4592174061068466,-1.4592174061068466,-1.4592174061068466,-1.4592174061068466,-1.4592174061068466,-1.4592174061068466,-1.4592174061068466,-1.4592174061068466,-1.4592174061068466,-1.4592174061068466,-1.4592174061068466,-1.4592174061068466,-1.4592174061068466,-1.4592174061068466,-1.4592174061068466,-1.4592174061068466,-1.4592174061068466,-1.4592174061068466,-0.36060511743873747,-1.4592174061068466,-1.4592174061068466,-1.4592174061068466,3.0516421004100023,-1.4592174061068466,-1.4592174061068466,-1.4592174061068466,-1.4592174061068466,0.9386778666915232,-1.4592174061068466,3.670681308816226,-1.4592174061068466,2.3019827095867154,-1.4592174061068466,-1.4592174061068466,0.9386778666915232,0.15022050632725303,-1.4592174061068466,3.9389452954109054,-1.4592174061068466,-1.4592174061068466,-1.4592174061068466,0.9386778666915232,-1.4592174061068466,0.7380071712293717,-1.4592174061068466,-1.4592174061068466,-1.4592174061068466,-1.4592174061068466,0.486692742948466,4.807983142434515,4.142901414772854,7.416349285883704,-1.4592174061068466,1.6762768098223022,4.18622949153639,1.1057319513546897,-1.4592174061068466,3.1154935723965353,1.4852215730595928,3.8735013871585218,0.9386778666915232,-1.4592174061068466,-1.4592174061068466,2.683917320284685,2.5481157791256237,-1.4592174061068466,2.0961306553825665,0.9386778666915232,4.04204080443788,3.9389452954109054,-1.4592174061068466,-1.4592174061068466,1.1057319513546897,1.3739959379493687,-1.4592174061068466,-1.4592174061068466,3.232130476122296,-1.4592174061068466
SRR7146654,0,Neg,PRJNA464410,Duck,Duck,S,H,M,dabbling,Anasplatyrhynchos,"GrizzlyIslandWildlifeArea(GIWA),SolanoCounty",8.0,-1.298332969915375,-1.298332969915375,-1.298332969915375,-1.298332969915375,-1.298332969915375,-1.298332969915375,-1.298332969915375,-1.298332969915375,-1.298332969915375,-1.298332969915375,-1.298332969915375,-1.298332969915375,-1.298332969915375,-1.298332969915375,-1.298332969915375,-1.298332969915375,-1.298332969915375,-1.298332969915375,-1.298332969915375,-1.298332969915375,-0.19972068124726583,-1.298332969915375,-1.298332969915375,-1.298332969915375,-1.298332969915375,-1.298332969915375,1.4097172311868356,3.0711148825516466,2.7792044739903448,-1.298332969915375,2.6334926628089512,-1.298332969915375,0.8988916074208451,2.257015091574039,-1.298332969915375,-0.19972068124726583,0.31110494251872556,3.3930149123137685,7.362267684795592,-1.298332969915375,0.31110494251872556,-1.298332969915375,1.4097172311868356,-1.298332969915375,-1.298332969915375,-1.298332969915375,1.8371612460137747,-0.19972068124726583,-1.298332969915375,-1.298332969915375,-1.298332969915375,1.7461894678080485,6.647222458338114,1.2666163875461622,-1.298332969915375,3.4807905231961547,-1.298332969915375,-1.298332969915375,0.31110494251872556,2.8125408942579364,-1.298332969915375,3.6504269204627935,1.2666163875461622,0.8988916074208451,-1.298332969915375,2.31258494272885,-1.298332969915375,-1.298332969915375,-1.298332969915375,-1.298332969915375,-1.298332969915375,3.900164061350451,4.4087772948335004,-1.298332969915375,2.0689628600710996,-1.298332969915375,-1.298332969915375,3.0711148825516466,-1.298332969915375
SRR7146655,0,Neg,PRJNA464410,Duck,Duck,S,H,M,dabbling,Anasplatyrhynchos,"GrizzlyIslandWildlifeArea(GIWA),SolanoCounty",8.0,-1.2755784564263024,-1.2755784564263024,-1.2755784564263024,-1.2755784564263024,-1.2755784564263024,-1.2755784564263024,-1.2755784564263024,-1.2755784564263024,-1.2755784564263024,-1.2755784564263024,-1.2755784564263024,-1.2755784564263024,-1.2755784564263024,-1.2755784564263024,-1.2755784564263024,-1.2755784564263024,-1.2755784564263024,-1.2755784564263024,-1.2755784564263024,2.158408748058843,-1.2755784564263024,0.9216461209099167,-1.2755784564263024,-1.2755784564263024,-1.2755784564263024,-1.2755784564263024,-1.2755784564263024,6.178562621720376,4.007625272311685,-1.2755784564263024,5.310593198428371,3.2130579133058372,-1.2755784564263024,5.057701171713387,-1.2755784564263024,-1.2755784564263024,-1.2755784564263024,4.71338296046356,2.574569145283756,-1.2755784564263024,0.9216461209099167,3.093869396040718,-1.2755784564263024,-1.2755784564263024,2.0917173735601713,-1.2755784564263024,-1.2755784564263024,-1.2755784564263024,-1.2755784564263024,-1.2755784564263024,-1.2755784564263024,-1.2755784564263024,4.972464418082126,-1.2755784564263024,-1.2755784564263024,2.9585280481709564,-1.2755784564263024,-1.2755784564263024,-1.2755784564263024,-1.2755784564263024,-1.2755784564263024,6.51470392427718,4.12258424509145,-1.2755784564263024,-1.2755784564263024,4.3338933387586565,3.944777368652022,-1.2755784564263024,-1.2755784564263024,-1.2755784564263024,-1.2755784564263024,-1.2755784564263024,6.500537020672439,-1.2755784564263024,-1.2755784564263024,-1.2755784564263024,1.6688605227401379,-1.2755784564263024,-1.2755784564263024
SRR7146656,0,Neg,PRJNA464410,Duck,Duck,S,H,F,dabbling,Anasplatyrhynchos,"GrizzlyIslandWildlifeArea(GIWA),SolanoCounty",8.0,-1.425238686004037,-1.425238686004037,-1.425238686004037,-1.425238686004037,-1.425238686004037,-1.425238686004037,-1.425238686004037,-1.425238686004037,-1.425238686004037,-1.425238686004037,-1.425238686004037,-1.425238686004037,-1.425238686004037,-1.425238686004037,-1.425238686004037,-1.425238686004037,-1.425238686004037,-1.425238686004037,-1.425238686004037,-1.425238686004037,-1.425238686004037,-1.425238686004037,-1.425238686004037,0.9726565867943329,-1.425238686004037,-1.425238686004037,0.1841992264300627,1.7936371388641632,4.95318749764755,-1.425238686004037,1.2828115150981727,-1.425238686004037,-1.425238686004037,2.9936019217925605,-1.425238686004037,0.7719858913321822,-1.425238686004037,2.2383229601256085,2.0087485184811085,-1.425238686004037,-1.425238686004037,-1.425238686004037,-1.425238686004037,-1.425238686004037,-1.425238686004037,-1.425238686004037,-1.425238686004037,-1.425238686004037,-1.425238686004037,-1.425238686004037,0.5206714630512757,1.7936371388641632,7.027735933085549,2.0087485184811085,-1.425238686004037,5.4153078432846495,-1.425238686004037,-1.425238686004037,1.7936371388641632,-1.425238686004037,2.466581612106589,3.3369352487937185,1.8705981800002913,-1.425238686004037,-1.425238686004037,5.923992138609297,2.0087485184811085,-1.425238686004037,1.5192002931624025,-1.425238686004037,3.9170955659607736,-1.425238686004037,3.434573718357635,-1.425238686004037,3.017412570486279,2.185679226640187,4.2202082116392,4.452497095775602,-1.425238686004037
SRR7146657,1,Pos,PRJNA464410,Duck,Duck,S,H,M,dabbling,Anasplatyrhynchos,"GrizzlyIslandWildlifeArea(GIWA),SolanoCounty",8.0,-1.342205463098452,-1.342205463098452,-1.342205463098452,-1.342205463098452,-1.342205463098452,-1.342205463098452,-1.342205463098452,-1.342205463098452,-1.342205463098452,-1.342205463098452,-1.342205463098452,-1.342205463098452,-1.342205463098452,-1.342205463098452,-1.342205463098452,-1.342205463098452,-1.342205463098452,-1.342205463098452,-1.342205463098452,-1.342205463098452,-1.342205463098452,0.8550191142377672,-1.342205463098452,0.6037046859568607,0.8550191142377672,-1.342205463098452,-1.342205463098452,-0.24359317443034278,-1.342205463098452,-1.342205463098452,3.0015999587552313,3.8562915681673733,-1.342205463098452,-1.342205463098452,-0.24359317443034278,1.4910078809577634,0.8550191142377672,-1.342205463098452,6.135964231061333,-1.342205463098452,1.0556898096999179,0.8550191142377672,2.735331980807267,-1.342205463098452,1.3658447380037577,0.2672324493356477,1.7023169746249707,3.123702655556132,-1.342205463098452,0.6037046859568607,-1.342205463098452,-1.342205463098452,4.733140567990231,0.6037046859568607,-1.342205463098452,7.016460820089548,-0.24359317443034278,-1.342205463098452,4.206870621796767,3.292523525131183,-1.342205463098452,-1.342205463098452,-1.342205463098452,0.6037046859568607,-1.342205463098452,-1.342205463098452,-1.342205463098452,1.2227438943630844,4.3649048016504235,-1.342205463098452,6.388408602965288,-1.342205463098452,1.0556898096999179,-1.342205463098452,-1.342205463098452,-1.342205463098452,-1.342205463098452,2.549614835012174,-0.24359317443034278
SRR7146658,1,Pos,PRJNA464410,Duck,Duck,S,H,M,dabbling,Anasplatyrhynchos,"GrizzlyIslandWildlifeArea(GIWA),SolanoCounty",8.0,-1.1720795601937848,-1.1720795601937848,-1.1720795601937848,-1.1720795601937848,-1.1720795601937848,-1.1720795601937848,-1.1720795601937848,-1.1720795601937848,-1.1720795601937848,-1.1720795601937848,-1.1720795601937848,-1.1720795601937848,-1.1720795601937848,-1.1720795601937848,-1.1720795601937848,-1.1720795601937848,-1.1720795601937848,-1.1720795601937848,-1.1720795601937848,-1.1720795601937848,-1.1720795601937848,0.4373583522403166,-1.1720795601937848,-1.1720795601937848,-1.1720795601937848,-1.1720795601937848,-1.1720795601937848,-1.1720795601937848,-1.1720795601937848,-1.1720795601937848,4.015306245646971,1.2258157126045868,2.7982123533583376,-1.1720795601937848,-1.1720795601937848,5.075963314314645,-1.1720795601937848,-1.1720795601937848,6.686947419557754,-1.1720795601937848,0.4373583522403166,-0.0734672715256739,1.3928697972677524,-1.1720795601937848,1.0251450171424352,-1.1720795601937848,-1.1720795601937848,-1.1720795601937848,-1.1720795601937848,-1.1720795601937848,2.324428001272696,4.216992169622717,7.4185499492956355,4.760165627254226,-1.1720795601937848,3.1973682922732376,-1.1720795601937848,-1.1720795601937848,2.7982123533583376,-1.1720795601937848,-1.1720795601937848,3.1717258616598993,-1.1720795601937848,1.0251450171424352,-1.1720795601937848,2.19521626979269,-1.1720795601937848,-1.1720795601937848,1.2258157126045868,1.9634146557353658,-1.1720795601937848,-1.1720795601937848,-1.1720795601937848,-1.1720795601937848,1.3928697972677524,-1.1720795601937848,-1.1720795601937848,4.216992169622717,1.5359706409084257
SRR7146659,1,Pos,PRJNA464410,Duck,Duck,FW,U,M,dabbling,Anasacuta,"GrizzlyIslandWildlifeArea(GIWA),SolanoCounty",10.0,-1.5760089983480503,-1.5760089983480503,-1.5760089983480503,-1.5760089983480503,-1.5760089983480503,-1.5760089983480503,-1.5760089983480503,-1.5760089983480503,-1.5760089983480503,-1.5760089983480503,-1.5760089983480503,-1.5760089983480503,-1.5760089983480503,-1.5760089983480503,-1.5760089983480503,-1.5760089983480503,-1.5760089983480503,-1.5760089983480503,-1.5760089983480503,1.8579782061370969,-1.5760089983480503,2.1375630683562576,-1.5760089983480503,1.1320412027541602,-1.5760089983480503,-1.5760089983480503,2.394282915204072,-1.5760089983480503,4.4522695218826485,-1.5760089983480503,5.648744407419922,-1.5760089983480503,3.115338883881094,-1.5760089983480503,-1.5760089983480503,1.7198278676562797,2.355816634376276,4.3926985616373155,4.189182104436794,1.7198278676562797,2.9778678932524913,2.6580975062492094,1.4685134393753732,-1.5760089983480503,3.644346826730275,1.7198278676562797,-1.5760089983480503,-1.5760089983480503,-1.5760089983480503,-1.5760089983480503,-1.5760089983480503,-1.5760089983480503,6.856279685977744,-1.5760089983480503,-1.5760089983480503,3.588776975575464,-1.5760089983480503,-1.5760089983480503,2.686670878693266,1.9204985631184304,0.9889403591134869,-1.5760089983480503,3.0391115184932094,2.087552647781597,-1.5760089983480503,-1.5760089983480503,-1.5760089983480503,-1.5760089983480503,1.2572043457081667,-1.5760089983480503,-1.5760089983480503,1.3684299808183908,3.2838034060136225,-1.5760089983480503,-1.5760089983480503,-1.5760089983480503,-1.5760089983480503,5.714965779794932,-1.5760089983480503
SRR7146660,1,Pos,PRJNA464410,Duck,Duck,FW,U,M,filter,Anasclypeata,"GrizzlyIslandWildlifeArea(GIWA),SolanoCounty",10.0,-2.125180016825963,-2.125180016825963,-2.125180016825963,-2.125180016825963,-2.125180016825963,-2.125180016825963,-2.125180016825963,-2.125180016825963,-2.125180016825963,-2.125180016825963,-2.125180016825963,-2.125180016825963,-2.125180016825963,-2.125180016825963,-2.125180016825963,-2.125180016825963,-2.125180016825963,-2.125180016825963,-2.125180016825963,1.170656849178366,-2.125180016825963,0.9193424208974603,-2.125180016825963,5.158954789369242,2.566167865403181,1.4301680446634508,-2.125180016825963,-2.125180016825963,3.838399326792483,1.882153168406508,3.5752635565647237,-2.125180016825963,0.5828701842762474,-2.125180016825963,-2.125180016825963,3.1165669982336794,0.5828701842762474,0.27271525597240753,5.563275339723981,0.43976934063557405,1.3713275446405175,0.27271525597240753,2.670610528770778,2.0492072530696746,1.5383816293036832,-2.125180016825963,-2.125180016825963,0.07204456051025687,2.1089264877712965,2.218625405027721,3.5343021989336583,2.192308096710348,5.333582675554997,1.170656849178366,1.170656849178366,4.477407875363374,2.0795126025650035,-2.125180016825963,-2.125180016825963,-2.125180016825963,-2.125180016825963,-2.125180016825963,-2.125180016825963,0.5828701842762474,1.2421158131605115,-2.125180016825963,-2.125180016825963,3.207538776439406,1.6814824729443565,-2.125180016825963,1.4301680446634508,-2.125180016825963,-2.125180016825963,0.27271525597240753,3.4316480448735747,1.7249675848840953,-2.125180016825963,4.256636000580135,3.817619358300738
SRR7146661,1,Pos,PRJNA464410,Duck,Duck,FW,H,F,filter,Anasclypeata,"SacramentoNationalWildlifeRefuge,GlennCounty",10.0,-0.3714777421750668,-0.3714777421750668,-0.3714777421750668,-0.3714777421750668,-0.3714777421750668,-0.3714777421750668,-0.3714777421750668,-0.3714777421750668,-0.3714777421750668,-0.3714777421750668,-0.3714777421750668,-0.3714777421750668,-0.3714777421750668,-0.3714777421750668,-0.3714777421750668,-0.3714777421750668,-0.3714777421750668,-0.3714777421750668,-0.3714777421750668,-0.3714777421750668,-0.3714777421750668,-0.3714777421750668,-0.3714777421750668,-0.3714777421750668,-0.3714777421750668,-0.3714777421750668,-0.3714777421750668,-0.3714777421750668,-0.3714777421750668,-0.3714777421750668,1.5744324068802458,-0.3714777421750668,-0.3714777421750668,-0.3714777421750668,-0.3714777421750668,1.2379601702590328,-0.3714777421750668,-0.3714777421750668,-0.3714777421750668,-0.3714777421750668,-0.3714777421750668,-0.3714777421750668,-0.3714777421750668,-0.3714777421750668,-0.3714777421750668,-0.3714777421750668,-0.3714777421750668,-0.3714777421750668,-0.3714777421750668,-0.3714777421750668,-0.3714777421750668,6.794788231958571,8.694414725435243,-0.3714777421750668,-0.3714777421750668,2.6730446955483558,-0.3714777421750668,-0.3714777421750668,-0.3714777421750668,-0.3714777421750668,-0.3714777421750668,0.7271345464930423,-0.3714777421750668,-0.3714777421750668,0.7271345464930423,-0.3714777421750668,-0.3714777421750668,-0.3714777421750668,-0.3714777421750668,-0.3714777421750668,-0.3714777421750668,-0.3714777421750668,1.2379601702590328,-0.3714777421750668,-0.3714777421750668,-0.3714777421750668,-0.3714777421750668,-0.3714777421750668,2.336572458927143
SRR7146662,1,Pos,PRJNA464410,Duck,Duck,FW,A,M,filter,Anasclypeata,"SacramentoNationalWildlifeRefuge,GlennCounty",11.0,-1.4576929547173219,-1.4576929547173219,-1.4576929547173219,-1.4576929547173219,-1.4576929547173219,-1.4576929547173219,-1.4576929547173219,-1.4576929547173219,-1.4576929547173219,-1.4576929547173219,-1.4576929547173219,-1.4576929547173219,-1.4576929547173219,-1.4576929547173219,-1.4576929547173219,-1.4576929547173219,-1.4576929547173219,-1.4576929547173219,-1.4576929547173219,-1.4576929547173219,-1.4576929547173219,-1.4576929547173219,-1.4576929547173219,1.6778012612118278,-1.4576929547173219,1.3755203893388943,0.15174495771677865,1.2503572463848887,1.5868294830061016,1.2503572463848887,2.776413549879938,2.038814606749159,-1.4576929547173219,3.4475818237211078,-1.4576929547173219,-1.4576929547173219,-1.4576929547173219,-1.4576929547173219,4.043565255827406,-1.4576929547173219,-1.4576929547173219,-1.4576929547173219,0.9402023180810488,-1.4576929547173219,-1.4576929547173219,-1.4576929547173219,-1.4576929547173219,-1.4576929547173219,4.043565255827406,2.303507160976241,4.236039184085378,2.434127343393305,7.372703846380775,1.4867460244491184,1.2503572463848887,2.9367561999551173,-1.4576929547173219,-1.4576929547173219,1.3755203893388943,1.5868294830061016,-1.4576929547173219,3.949478816742797,-1.4576929547173219,1.2503572463848887,-1.4576929547173219,2.7469996646736448,2.2058686914123253,-1.4576929547173219,-1.4576929547173219,0.15174495771677865,-1.4576929547173219,-1.4576929547173219,4.15907814294925,-1.4576929547173219,5.393491972776421,-1.4576929547173219,-1.4576929547173219,3.462287971110803,-1.4576929547173219
SRR7146663,1,Pos,PRJNA464410,Duck,Duck,FW,H,F,dabbling,Anasamericana,"SacramentoNationalWildlifeRefuge,GlennCounty",11.0,-0.5390091214909098,-0.5390091214909098,-0.5390091214909098,-0.5390091214909098,-0.5390091214909098,-0.5390091214909098,-0.5390091214909098,-0.5390091214909098,-0.5390091214909098,-0.5390091214909098,-0.5390091214909098,-0.5390091214909098,-0.5390091214909098,-0.5390091214909098,-0.5390091214909098,-0.5390091214909098,-0.5390091214909098,-0.5390091214909098,-0.5390091214909098,-0.5390091214909098,-0.5390091214909098,-0.5390091214909098,-0.5390091214909098,1.0704287909431898,1.85888615130746,-0.5390091214909098,-0.5390091214909098,-0.5390091214909098,-0.5390091214909098,-0.5390091214909098,-0.5390091214909098,-0.5390091214909098,-0.5390091214909098,-0.5390091214909098,-0.5390091214909098,-0.5390091214909098,-0.5390091214909098,-0.5390091214909098,4.289304615811391,-0.5390091214909098,-0.5390091214909098,-0.5390091214909098,-0.5390091214909098,-0.5390091214909098,-0.5390091214909098,-0.5390091214909098,-0.5390091214909098,-0.5390091214909098,0.5596031671771993,2.1690410796112998,-0.5390091214909098,2.4054298576755304,5.200783790688324,1.85888615130746,-0.5390091214909098,1.0704287909431898,-0.5390091214909098,-0.5390091214909098,-0.5390091214909098,-0.5390091214909098,-0.5390091214909098,-0.5390091214909098,-0.5390091214909098,-0.5390091214909098,-0.5390091214909098,-0.5390091214909098,-0.5390091214909098,-0.5390091214909098,-0.5390091214909098,1.4069010275644027,-0.5390091214909098,-0.5390091214909098,1.4069010275644027,-0.5390091214909098,8.61232406990524,-0.5390091214909098,-0.5390091214909098,3.665683497900056,-0.5390091214909098
SRR7146665,1,Pos,PRJNA464410,Duck,Duck,S,H,F,dabbling,Anasplatyrhynchos,"GrizzlyIslandWildlifeArea(GIWA),SolanoCounty",7.0,-1.2678639663345157,-1.2678639663345157,-1.2678639663345157,-1.2678639663345157,-1.2678639663345157,-1.2678639663345157,-1.2678639663345157,-1.2678639663345157,-1.2678639663345157,-1.2678639663345157,-1.2678639663345157,-1.2678639663345157,-1.2678639663345157,-1.2678639663345157,-1.2678639663345157,-1.2678639663345157,-1.2678639663345157,-1.2678639663345157,-1.2678639663345157,0.3415739460995857,-1.2678639663345157,0.3415739460995857,-1.2678639663345157,3.6521169594936103,-1.2678639663345157,-1.2678639663345157,-1.2678639663345157,-1.2678639663345157,7.069005670950441,-1.2678639663345157,4.575680450696845,-1.2678639663345157,4.174553744187278,-1.2678639663345157,-1.2678639663345157,3.722568620444221,0.6780461827207986,-1.2678639663345157,5.278921444426009,-1.2678639663345157,-1.2678639663345157,0.3415739460995857,1.9510118585336862,-1.2678639663345157,1.7766584713889078,-1.2678639663345157,0.6780461827207986,3.198044152320069,-1.2678639663345157,-1.2678639663345157,-1.2678639663345157,-1.2678639663345157,3.0496241472017953,1.1300313064638559,-1.2678639663345157,2.099431863651959,-1.2678639663345157,-1.2678639663345157,5.868619242255733,-1.2678639663345157,2.906523303561122,-1.2678639663345157,0.3415739460995857,-1.2678639663345157,-1.2678639663345157,-1.2678639663345157,-1.2678639663345157,0.3415739460995857,5.147232992837081,-1.2678639663345157,6.3474343734913,-1.2678639663345157,1.7766584713889078,-1.2678639663345157,-1.2678639663345157,-1.2678639663345157,1.6765750128319254,-1.2678639663345157,-1.2678639663345157
SRR7146666,0,Neg,PRJNA464410,Duck,Duck,S,H,F,dabbling,Anasplatyrhynchos,"GrizzlyIslandWildlifeArea(GIWA),SolanoCounty",7.0,-0.4973721737731829,-0.4973721737731829,-0.4973721737731829,-0.4973721737731829,-0.4973721737731829,-0.4973721737731829,-0.4973721737731829,-0.4973721737731829,-0.4973721737731829,-0.4973721737731829,-0.4973721737731829,-0.4973721737731829,-0.4973721737731829,-0.4973721737731829,-0.4973721737731829,-0.4973721737731829,-0.4973721737731829,-0.4973721737731829,-0.4973721737731829,-0.4973721737731829,-0.4973721737731829,-0.4973721737731829,-0.4973721737731829,-0.4973721737731829,-0.4973721737731829,-0.4973721737731829,-0.4973721737731829,-0.4973721737731829,1.900523099025187,-0.4973721737731829,3.3527754279368756,-0.4973721737731829,-0.4973721737731829,-0.4973721737731829,-0.4973721737731829,-0.4973721737731829,1.1120657386609167,8.660094708595931,-0.4973721737731829,-0.4973721737731829,-0.4973721737731829,-0.4973721737731829,-0.4973721737731829,-0.4973721737731829,-0.4973721737731829,-0.4973721737731829,-0.4973721737731829,-0.4973721737731829,-0.4973721737731829,-0.4973721737731829,-0.4973721737731829,-0.4973721737731829,4.392976954448571,-0.4973721737731829,-0.4973721737731829,-0.4973721737731829,-0.4973721737731829,-0.4973721737731829,-0.4973721737731829,-0.4973721737731829,-0.4973721737731829,4.281751319338346,-0.4973721737731829,3.793087267375208,-0.4973721737731829,-0.4973721737731829,-0.4973721737731829,-0.4973721737731829,-0.4973721737731829,-0.4973721737731829,-0.4973721737731829,-0.4973721737731829,4.013487332743667,-0.4973721737731829,3.3092903159971367,-0.4973721737731829,-0.4973721737731829,-0.4973721737731829,-0.4973721737731829
SRR7146667,0,Neg,PRJNA464410,Duck,Duck,S,H,F,dabbling,Anasplatyrhynchos,"GrizzlyIslandWildlifeArea(GIWA),SolanoCounty",7.0,-1.3842969679414194,-1.3842969679414194,-1.3842969679414194,-1.3842969679414194,-1.3842969679414194,-1.3842969679414194,-1.3842969679414194,-1.3842969679414194,-1.3842969679414194,-1.3842969679414194,-1.3842969679414194,-1.3842969679414194,-1.3842969679414194,-1.3842969679414194,-1.3842969679414194,-1.3842969679414194,-1.3842969679414194,-1.3842969679414194,-1.3842969679414194,-1.3842969679414194,-1.3842969679414194,-1.3842969679414194,-1.3842969679414194,1.1806523895201178,-1.3842969679414194,-1.3842969679414194,2.2792646781882278,5.075607486436116,1.9115398980629106,-1.3842969679414194,4.787403629469496,-1.3842969679414194,-1.3842969679414194,3.7918527646324103,0.22514094449268107,-1.3842969679414194,1.323753233160791,6.189748037430781,3.307050914287725,-1.3842969679414194,3.8989067607965695,1.323753233160791,-1.3842969679414194,-1.3842969679414194,2.7900903019542183,1.1806523895201178,-1.3842969679414194,-1.3842969679414194,-1.3842969679414194,-1.3842969679414194,-1.3842969679414194,-1.3842969679414194,3.7216485059591617,-1.3842969679414194,-1.3842969679414194,1.5601420112250217,-1.3842969679414194,-1.3842969679414194,-1.3842969679414194,-1.3842969679414194,-1.3842969679414194,4.852072622262286,2.422365521828901,6.629046213445253,-1.3842969679414194,3.39482652517011,3.081611150713165,-1.3842969679414194,-1.3842969679414194,-1.3842969679414194,-1.3842969679414194,-1.3842969679414194,6.306903129581444,-1.3842969679414194,2.2792646781882278,-1.3842969679414194,-1.3842969679414194,2.6230362172910517,-1.3842969679414194
SRR7146668,0,Neg,PRJNA464410,Duck,Duck,S,H,M,dabbling,Anasplatyrhynchos,"GrizzlyIslandWildlifeArea(GIWA),SolanoCounty",7.0,-0.9280600224793378,-0.9280600224793378,-0.9280600224793378,-0.9280600224793378,-0.9280600224793378,-0.9280600224793378,-0.9280600224793378,-0.9280600224793378,-0.9280600224793378,-0.9280600224793378,-0.9280600224793378,-0.9280600224793378,-0.9280600224793378,-0.9280600224793378,-0.9280600224793378,-0.9280600224793378,-0.9280600224793378,-0.9280600224793378,-0.9280600224793378,-0.9280600224793378,-0.9280600224793378,-0.9280600224793378,-0.9280600224793378,-0.9280600224793378,-0.9280600224793378,-0.9280600224793378,3.1828138416939735,5.850724875205839,3.8168721058839123,-0.9280600224793378,4.540000118655794,-0.9280600224793378,-0.9280600224793378,5.944068078859647,-0.9280600224793378,-0.9280600224793378,-0.9280600224793378,6.095698932259105,-0.9280600224793378,-0.9280600224793378,2.5059271820058084,-0.9280600224793378,-0.9280600224793378,-0.9280600224793378,-0.9280600224793378,-0.9280600224793378,-0.9280600224793378,-0.9280600224793378,-0.9280600224793378,-0.9280600224793378,-0.9280600224793378,-0.9280600224793378,-0.9280600224793378,-0.9280600224793378,-0.9280600224793378,-0.9280600224793378,-0.9280600224793378,-0.9280600224793378,-0.9280600224793378,-0.9280600224793378,-0.9280600224793378,6.4082256375419595,3.0422318910727837,3.0792731627531333,-0.9280600224793378,5.426310018318013,3.977214755959092,-0.9280600224793378,-0.9280600224793378,-0.9280600224793378,-0.9280600224793378,-0.9280600224793378,7.3826008834278865,-0.9280600224793378,-0.9280600224793378,-0.9280600224793378,-0.9280600224793378,-0.9280600224793378,-0.9280600224793378
SRR7146671,0,Neg,PRJNA464410,Duck,Duck,S,H,M,dabbling,Anasplatyrhynchos,"GrizzlyIslandWildlifeArea(GIWA),SolanoCounty",7.0,-1.4065350095071745,-1.4065350095071745,-1.4065350095071745,-1.4065350095071745,-1.4065350095071745,-1.4065350095071745,-1.4065350095071745,-1.4065350095071745,-1.4065350095071745,-1.4065350095071745,-1.4065350095071745,-1.4065350095071745,-1.4065350095071745,-1.4065350095071745,-1.4065350095071745,-1.4065350095071745,-1.4065350095071745,-1.4065350095071745,-1.4065350095071745,-1.4065350095071745,-1.4065350095071745,-1.4065350095071745,-1.4065350095071745,-1.4065350095071745,-1.4065350095071745,-1.4065350095071745,2.7981576098837913,5.230723021777282,4.35865609327767,-1.4065350095071745,5.119959850063616,-1.4065350095071745,-1.4065350095071745,5.655656622779382,-1.4065350095071745,-1.4065350095071745,1.9607608204793001,5.222828243930275,-1.4065350095071745,-1.4065350095071745,-1.4065350095071745,-1.4065350095071745,-1.4065350095071745,-1.4065350095071745,3.036116246983142,2.089972551959306,-1.4065350095071745,-1.4065350095071745,-1.4065350095071745,-1.4065350095071745,-1.4065350095071745,-1.4065350095071745,3.7919620217586516,-1.4065350095071745,-1.4065350095071745,0.9913602632911962,-1.4065350095071745,-1.4065350095071745,2.962912842959847,-1.4065350095071745,-1.4065350095071745,5.6435875107618845,3.5134459163209506,3.082101360224965,-1.4065350095071745,3.8664645490565723,5.832679964272631,-1.4065350095071745,-1.4065350095071745,-1.4065350095071745,3.4056493458652435,-1.4065350095071745,6.403412076969616,-1.4065350095071745,2.962912842959847,-1.4065350095071745,-1.4065350095071745,3.649710795841134,-1.4065350095071745
SRR7146672,1,Pos,PRJNA464410,Duck,Duck,S,A,F,dabbling,Anasplatyrhynchos,"GrizzlyIslandWildlifeArea(GIWA),SolanoCounty",7.0,-1.4871597683393825,-1.4871597683393825,-1.4871597683393825,-1.4871597683393825,-1.4871597683393825,-1.4871597683393825,-1.4871597683393825,-1.4871597683393825,-1.4871597683393825,-1.4871597683393825,-1.4871597683393825,-1.4871597683393825,-1.4871597683393825,-1.4871597683393825,-1.4871597683393825,-1.4871597683393825,-1.4871597683393825,-1.4871597683393825,-1.4871597683393825,0.4587503807159301,1.0777895891221538,-1.4871597683393825,-1.4871597683393825,-1.4871597683393825,-1.4871597683393825,-1.4871597683393825,-1.4871597683393825,-1.4871597683393825,6.761107679107517,5.77054790882066,4.717397994229307,-1.4871597683393825,-1.4871597683393825,-1.4871597683393825,0.9107355044589873,3.1279607485018763,2.7469467362578763,-1.4871597683393825,3.257772360023867,-1.4871597683393825,2.623714095833928,0.9107355044589873,4.219950496409493,-1.4871597683393825,2.319502721430937,1.0777895891221538,-1.4871597683393825,1.6483344475897672,-1.4871597683393825,-1.4871597683393825,-1.4871597683393825,-1.4871597683393825,5.803815009803599,-1.4871597683393825,-1.4871597683393825,2.6872275015562543,0.9107355044589873,0.7100648089968367,2.520173416893088,-1.4871597683393825,-1.4871597683393825,2.2264122983649246,-1.4871597683393825,-1.4871597683393825,-1.4871597683393825,-1.4871597683393825,-1.4871597683393825,-1.4871597683393825,4.641890441721163,-1.4871597683393825,5.425583052153794,-1.4871597683393825,2.362987833370676,-1.4871597683393825,-1.4871597683393825,3.204188113889761,-1.4871597683393825,3.989303783592128,1.2208904327628272
SRR7146674,1,Pos,PRJNA464410,Duck,Duck,FW,U,F,dabbling,Anascarolinensis,"GrizzlyIslandWildlifeArea(GIWA),SolanoCounty",10.0,-1.0871614286087308,-1.0871614286087308,-1.0871614286087308,-1.0871614286087308,-1.0871614286087308,-1.0871614286087308,-1.0871614286087308,-1.0871614286087308,-1.0871614286087308,-1.0871614286087308,-1.0871614286087308,-1.0871614286087308,-1.0871614286087308,-1.0871614286087308,-1.0871614286087308,-1.0871614286087308,-1.0871614286087308,-1.0871614286087308,-1.0871614286087308,2.9201717566237404,2.1317143962594702,3.8473125045219616,-1.0871614286087308,-1.0871614286087308,-1.0871614286087308,-1.0871614286087308,-1.0871614286087308,-1.0871614286087308,-1.0871614286087308,-1.0871614286087308,7.38147157219213,-1.0871614286087308,-1.0871614286087308,-1.0871614286087308,-1.0871614286087308,-1.0871614286087308,3.6750125061890255,-1.0871614286087308,-1.0871614286087308,3.2303266849275802,4.823635215431796,3.6041864536204136,2.40934613285775,-1.0871614286087308,5.803447691538436,-1.0871614286087308,-1.0871614286087308,-1.0871614286087308,-1.0871614286087308,-1.0871614286087308,-1.0871614286087308,-1.0871614286087308,5.213624366054514,-1.0871614286087308,-1.0871614286087308,6.6031245920680375,-1.0871614286087308,-1.0871614286087308,2.9201717566237404,4.274130737100695,-1.0871614286087308,0.8587487204465827,-1.0871614286087308,2.048332787320419,-1.0871614286087308,-1.0871614286087308,-1.0871614286087308,-1.0871614286087308,-1.0871614286087308,-1.0871614286087308,-1.0871614286087308,-1.0871614286087308,2.523756484035494,-1.0871614286087308,-1.0871614286087308,-1.0871614286087308,-1.0871614286087308,2.048332787320419,-1.0871614286087308
SRR7146675,0,Neg,PRJNA464410,Duck,Duck,S,H,F,dabbling,Anasplatyrhynchos,"SuisunMarsh/Balboa,SolanoCounty",7.0,-0.7173280252578209,-0.7173280252578209,-0.7173280252578209,-0.7173280252578209,-0.7173280252578209,-0.7173280252578209,-0.7173280252578209,-0.7173280252578209,-0.7173280252578209,-0.7173280252578209,-0.7173280252578209,-0.7173280252578209,-0.7173280252578209,-0.7173280252578209,-0.7173280252578209,-0.7173280252578209,-0.7173280252578209,-0.7173280252578209,-0.7173280252578209,-0.7173280252578209,-0.7173280252578209,-0.7173280252578209,-0.7173280252578209,-0.7173280252578209,-0.7173280252578209,-0.7173280252578209,-0.7173280252578209,-0.7173280252578209,1.2285821237974917,3.2529638882943006,0.3812842634102882,-0.7173280252578209,-0.7173280252578209,-0.7173280252578209,-0.7173280252578209,-0.7173280252578209,-0.7173280252578209,1.4798965520783982,6.065997175346139,-0.7173280252578209,-0.7173280252578209,-0.7173280252578209,3.2529638882943006,-0.7173280252578209,-0.7173280252578209,-0.7173280252578209,-0.7173280252578209,-0.7173280252578209,-0.7173280252578209,-0.7173280252578209,-0.7173280252578209,2.893589887386403,8.363700610238022,3.0893344645124987,-0.7173280252578209,1.4798965520783982,1.2285821237974917,-0.7173280252578209,3.043872090435741,1.2285821237974917,-0.7173280252578209,-0.7173280252578209,-0.7173280252578209,-0.7173280252578209,-0.7173280252578209,1.2285821237974917,-0.7173280252578209,-0.7173280252578209,0.8921098871762787,-0.7173280252578209,2.9462336208718254,-0.7173280252578209,2.4181661906713288,-0.7173280252578209,-0.7173280252578209,-0.7173280252578209,-0.7173280252578209,-0.7173280252578209,-0.7173280252578209
SRR7146676,0,Neg,PRJNA464410,Duck,Duck,FW,U,M,filter,Anasclypeata,"SacramentoNationalWildlifeRefuge,GlennCounty",1.0,-0.7215220826301909,-0.7215220826301909,-0.7215220826301909,-0.7215220826301909,-0.7215220826301909,-0.7215220826301909,-0.7215220826301909,-0.7215220826301909,-0.7215220826301909,-0.7215220826301909,-0.7215220826301909,-0.7215220826301909,-0.7215220826301909,-0.7215220826301909,-0.7215220826301909,-0.7215220826301909,-0.7215220826301909,-0.7215220826301909,-0.7215220826301909,0.3770902060379182,-0.7215220826301909,-0.7215220826301909,-0.7215220826301909,-0.7215220826301909,-0.7215220826301909,-0.7215220826301909,-0.7215220826301909,-0.7215220826301909,-0.7215220826301909,-0.7215220826301909,4.057601410481338,-0.7215220826301909,-0.7215220826301909,-0.7215220826301909,0.3770902060379182,-0.7215220826301909,-0.7215220826301909,0.3770902060379182,4.308915838762244,-0.7215220826301909,0.8879158298039087,0.8879158298039087,-0.7215220826301909,4.541168106274695,0.8879158298039087,-0.7215220826301909,-0.7215220826301909,-0.7215220826301909,-0.7215220826301909,-0.7215220826301909,-0.7215220826301909,4.658375270910268,8.392637730872023,1.6763731901681789,-0.7215220826301909,4.295757754184733,-0.7215220826301909,-0.7215220826301909,-0.7215220826301909,0.3770902060379182,-0.7215220826301909,-0.7215220826301909,-0.7215220826301909,-0.7215220826301909,0.8879158298039087,-0.7215220826301909,-0.7215220826301909,-0.7215220826301909,0.3770902060379182,-0.7215220826301909,2.3230003550932317,-0.7215220826301909,-0.7215220826301909,-0.7215220826301909,2.7124651218549554,-0.7215220826301909,-0.7215220826301909,0.8879158298039087,-0.7215220826301909
SRR7146677,0,Neg,PRJNA464410,Duck,Duck,FW,U,M,filter,Anasclypeata,"SacramentoNationalWildlifeRefuge,GlennCounty",1.0,-1.6318056044466642,-1.6318056044466642,-1.6318056044466642,-1.6318056044466642,-1.6318056044466642,-1.6318056044466642,-1.6318056044466642,-1.6318056044466642,-1.6318056044466642,-1.6318056044466642,-1.6318056044466642,-1.6318056044466642,-1.6318056044466642,-1.6318056044466642,-1.6318056044466642,-1.6318056044466642,-1.6318056044466642,-1.6318056044466642,-1.6318056044466642,1.9235424570427497,-1.6318056044466642,0.933143753014873,2.787035003349934,5.008070229379872,3.302668328684028,-1.6318056044466642,-1.6318056044466642,-1.6318056044466642,-1.6318056044466642,-1.6318056044466642,4.80274091434079,-1.6318056044466642,-1.6318056044466642,-1.6318056044466642,-1.6318056044466642,-1.6318056044466642,2.7376422480203573,-1.6318056044466642,-1.6318056044466642,1.8647019570198164,2.8108456520436524,1.802181600038482,1.664031261557665,0.7660896683517064,3.212381482011927,1.201407739609552,-1.6318056044466642,-1.6318056044466642,5.195823630056188,4.834339119790956,4.034621083665769,4.946055753274383,4.284396458160771,-1.6318056044466642,4.0819272010627055,2.338486309105458,-1.6318056044466642,-1.6318056044466642,0.7660896683517064,-1.6318056044466642,-1.6318056044466642,-1.6318056044466642,-1.6318056044466642,2.8790539020701864,5.862068282336895,-1.6318056044466642,-1.6318056044466642,4.13338549833818,-1.6318056044466642,-1.6318056044466642,-1.6318056044466642,-1.6318056044466642,-1.6318056044466642,1.312633374719777,-1.6318056044466642,-1.6318056044466642,-1.6318056044466642,-1.6318056044466642,5.368528855828567
SRR7146678,0,Neg,PRJNA464410,Duck,Duck,FW,U,M,filter,Anasclypeata,"SacramentoNationalWildlifeRefuge,GlennCounty",1.0,-0.6844023992873556,-0.6844023992873556,-0.6844023992873556,-0.6844023992873556,-0.6844023992873556,-0.6844023992873556,-0.6844023992873556,-0.6844023992873556,-0.6844023992873556,-0.6844023992873556,-0.6844023992873556,-0.6844023992873556,-0.6844023992873556,-0.6844023992873556,-0.6844023992873556,-0.6844023992873556,-0.6844023992873556,-0.6844023992873556,-0.6844023992873556,-0.6844023992873556,-0.6844023992873556,0.925035513146744,-0.6844023992873556,2.9791592468422907,-0.6844023992873556,-0.6844023992873556,-0.6844023992873556,-0.6844023992873556,-0.6844023992873556,-0.6844023992873556,2.682893430699118,0.41420988938075354,-0.6844023992873556,-0.6844023992873556,-0.6844023992873556,-0.6844023992873556,0.925035513146744,-0.6844023992873556,4.902846259112893,-0.6844023992873556,-0.6844023992873556,-0.6844023992873556,-0.6844023992873556,0.41420988938075354,1.261507749767957,0.925035513146744,-0.6844023992873556,-0.6844023992873556,0.41420988938075354,0.41420988938075354,-0.6844023992873556,2.8709456622020575,8.462039246838595,-0.6844023992873556,-0.6844023992873556,4.0777715355104,-0.6844023992873556,-0.6844023992873556,-0.6844023992873556,-0.6844023992873556,-0.6844023992873556,-0.6844023992873556,-0.6844023992873556,2.682893430699118,-0.6844023992873556,-0.6844023992873556,-0.6844023992873556,-0.6844023992873556,-0.6844023992873556,-0.6844023992873556,-0.6844023992873556,-0.6844023992873556,-0.6844023992873556,-0.6844023992873556,1.7134928735110142,-0.6844023992873556,-0.6844023992873556,3.3229307859451147,2.360120038436067
SRR7146679,0,Neg,PRJNA464410,Duck,Duck,FW,U,M,filter,Anasclypeata,"SacramentoNationalWildlifeRefuge,GlennCounty",1.0,-1.2275370567625545,-1.2275370567625545,-1.2275370567625545,-1.2275370567625545,-1.2275370567625545,-1.2275370567625545,-1.2275370567625545,-1.2275370567625545,-1.2275370567625545,-1.2275370567625545,-1.2275370567625545,-1.2275370567625545,-1.2275370567625545,-1.2275370567625545,-1.2275370567625545,-1.2275370567625545,-1.2275370567625545,-1.2275370567625545,-1.2275370567625545,1.6056762872936607,-1.2275370567625545,-1.2275370567625545,-1.2275370567625545,5.080561384746975,-1.2275370567625545,-1.2275370567625545,-1.2275370567625545,-1.2275370567625545,4.79105615773368,-1.2275370567625545,4.105181736502814,-1.2275370567625545,-1.2275370567625545,-1.2275370567625545,-1.2275370567625545,-1.2275370567625545,3.238371061892029,-1.2275370567625545,5.278247003365673,-1.2275370567625545,0.9696875205736646,1.3374123006989818,0.718373092292758,-1.2275370567625545,3.8029008646298808,2.2064501477225917,1.480513144339655,-1.2275370567625545,-1.2275370567625545,-1.2275370567625545,-1.2275370567625545,4.445786210408937,7.61304313172624,-1.2275370567625545,-1.2275370567625545,4.13375510894687,-1.2275370567625545,-1.2275370567625545,3.3471739217408283,2.3278110047268585,-1.2275370567625545,-1.2275370567625545,-1.2275370567625545,-1.2275370567625545,1.3374123006989818,-1.2275370567625545,-1.2275370567625545,-1.2275370567625545,3.191303551034043,-1.2275370567625545,-1.2275370567625545,-1.2275370567625545,-1.2275370567625545,-1.2275370567625545,3.141910795704467,-1.2275370567625545,-1.2275370567625545,2.5336630589310074,3.283322449754295
SRR7146680,1,Pos,PRJNA464410,Duck,Duck,S,H,F,dabbling,Anasplatyrhynchos,"GrizzlyIslandWildlifeArea(GIWA),SolanoCounty",7.0,-0.657737550435332,-0.657737550435332,-0.657737550435332,-0.657737550435332,-0.657737550435332,-0.657737550435332,-0.657737550435332,-0.657737550435332,-0.657737550435332,-0.657737550435332,-0.657737550435332,-0.657737550435332,-0.657737550435332,-0.657737550435332,-0.657737550435332,-0.657737550435332,-0.657737550435332,-0.657737550435332,-0.657737550435332,-0.657737550435332,-0.657737550435332,-0.657737550435332,-0.657737550435332,-0.657737550435332,-0.657737550435332,-0.657737550435332,-0.657737550435332,-0.657737550435332,-0.657737550435332,-0.657737550435332,2.7762496540498143,-0.657737550435332,1.9072118070262043,-0.657737550435332,-0.657737550435332,-0.657737550435332,-0.657737550435332,-0.657737550435332,5.049372714313543,-0.657737550435332,-0.657737550435332,-0.657737550435332,-0.657737550435332,-0.657737550435332,-0.657737550435332,-0.657737550435332,-0.657737550435332,-0.657737550435332,-0.657737550435332,-0.657737550435332,-0.657737550435332,-0.657737550435332,8.290588495837648,1.7401577223630378,-0.657737550435332,4.584009464624311,-0.657737550435332,-0.657737550435332,4.015091284026574,0.9517003619987676,-0.657737550435332,-0.657737550435332,-0.657737550435332,-0.657737550435332,-0.657737550435332,1.2881725986199806,-0.657737550435332,-0.657737550435332,1.5394870269008871,-0.657737550435332,-0.657737550435332,5.530526572647258,-0.657737550435332,-0.657737550435332,6.395848176758344,-0.657737550435332,-0.657737550435332,-0.657737550435332,-0.657737550435332
SRR7146683,0,Neg,PRJNA464410,Duck,Duck,FW,U,M,dabbling,Anasacuta,"SacramentoNationalWildlifeRefuge,GlennCounty",1.0,-0.9912887843759943,-0.9912887843759943,-0.9912887843759943,-0.9912887843759943,-0.9912887843759943,-0.9912887843759943,-0.9912887843759943,-0.9912887843759943,-0.9912887843759943,-0.9912887843759943,-0.9912887843759943,-0.9912887843759943,-0.9912887843759943,-0.9912887843759943,-0.9912887843759943,-0.9912887843759943,-0.9912887843759943,-0.9912887843759943,-0.9912887843759943,-0.9912887843759943,-0.9912887843759943,-0.9912887843759943,0.6181491280581053,3.804501761220746,1.573660573085542,-0.9912887843759943,2.1442054315531553,-0.9912887843759943,0.6181491280581053,-0.9912887843759943,1.2059357929602248,0.9546213646793182,-0.9912887843759943,-0.9912887843759943,-0.9912887843759943,1.2059357929602248,-0.9912887843759943,1.841924559680221,-0.9912887843759943,-0.9912887843759943,-0.9912887843759943,-0.9912887843759943,1.2059357929602248,-0.9912887843759943,1.2059357929602248,-0.9912887843759943,-0.9912887843759943,-0.9912887843759943,-0.9912887843759943,1.4066064884223755,0.6181491280581053,-0.9912887843759943,8.117572418650335,-0.9912887843759943,-0.9912887843759943,4.557787300519225,-0.9912887843759943,1.2059357929602248,3.5195707221408554,2.304548081628335,-0.9912887843759943,-0.9912887843759943,0.6181491280581053,-0.9912887843759943,-0.9912887843759943,-0.9912887843759943,-0.9912887843759943,-0.9912887843759943,-0.9912887843759943,-0.9912887843759943,-0.9912887843759943,4.459749669189706,1.573660573085542,1.7167614167262153,2.6196291282682296,-0.9912887843759943,1.573660573085542,2.858858817334064,-0.9912887843759943
SRR7146684,0,Neg,PRJNA464410,Duck,Duck,FW,U,M,dabbling,Anasacuta,"SacramentoNationalWildlifeRefuge,GlennCounty",1.0,-0.9892125228931192,-0.9892125228931192,-0.9892125228931192,-0.9892125228931192,-0.9892125228931192,-0.9892125228931192,-0.9892125228931192,-0.9892125228931192,-0.9892125228931192,-0.9892125228931192,-0.9892125228931192,-0.9892125228931192,-0.9892125228931192,-0.9892125228931192,-0.9892125228931192,-0.9892125228931192,-0.9892125228931192,-0.9892125228931192,-0.9892125228931192,-0.9892125228931192,-0.9892125228931192,-0.9892125228931192,-0.9892125228931192,-0.9892125228931192,1.7188376782090904,-0.9892125228931192,-0.9892125228931192,-0.9892125228931192,6.2427978087716385,-0.9892125228931192,-0.9892125228931192,-0.9892125228931192,-0.9892125228931192,-0.9892125228931192,-0.9892125228931192,0.6202253895409804,-0.9892125228931192,-0.9892125228931192,3.4534387335971966,-0.9892125228931192,-0.9892125228931192,0.9566976261621933,-0.9892125228931192,-0.9892125228931192,-0.9892125228931192,-0.9892125228931192,-0.9892125228931192,0.6202253895409804,-0.9892125228931192,1.2080120544431,-0.9892125228931192,-0.9892125228931192,6.717400391071077,-0.9892125228931192,-0.9892125228931192,7.437837118670152,0.10939976577498989,0.6202253895409804,3.8391012144091814,-0.9892125228931192,1.2080120544431,-0.9892125228931192,-0.9892125228931192,-0.9892125228931192,-0.9892125228931192,-0.9892125228931192,-0.9892125228931192,-0.9892125228931192,1.7188376782090904,0.6202253895409804,4.054212594026127,-0.9892125228931192,2.1462816930360304,0.9566976261621933,-0.9892125228931192,6.059173885828763,2.902607775217507,4.164079071604659,-0.9892125228931192
SRR7146685,0,Neg,PRJNA464410,Duck,Duck,FW,U,M,filter,Anasclypeata,"SacramentoNationalWildlifeRefuge,GlennCounty",1.0,-0.8687878801490729,-0.8687878801490729,-0.8687878801490729,-0.8687878801490729,-0.8687878801490729,-0.8687878801490729,-0.8687878801490729,-0.8687878801490729,-0.8687878801490729,-0.8687878801490729,-0.8687878801490729,-0.8687878801490729,-0.8687878801490729,-0.8687878801490729,-0.8687878801490729,-0.8687878801490729,-0.8687878801490729,-0.8687878801490729,-0.8687878801490729,-0.8687878801490729,-0.8687878801490729,-0.8687878801490729,-0.8687878801490729,3.642071626367776,1.9644254639071423,-0.8687878801490729,-0.8687878801490729,-0.8687878801490729,2.68656018134034,-0.8687878801490729,2.9813597215609846,-0.8687878801490729,-0.8687878801490729,-0.8687878801490729,-0.8687878801490729,-0.8687878801490729,0.22982440851903618,-0.8687878801490729,3.726331969985516,-0.8687878801490729,1.0771222689062396,-0.8687878801490729,-0.8687878801490729,4.57362983037272,1.0771222689062396,0.22982440851903618,-0.8687878801490729,-0.8687878801490729,0.22982440851903618,-0.8687878801490729,-0.8687878801490729,2.1757345575743487,8.263266573428565,-0.8687878801490729,-0.8687878801490729,3.023032417961553,-0.8687878801490729,-0.8687878801490729,-0.8687878801490729,-0.8687878801490729,-0.8687878801490729,-0.8687878801490729,-0.8687878801490729,-0.8687878801490729,-0.8687878801490729,-0.8687878801490729,-0.8687878801490729,1.0771222689062396,0.22982440851903618,-0.8687878801490729,1.3284366971871453,-0.8687878801490729,-0.8687878801490729,-0.8687878801490729,2.4270489858552553,2.892412235544489,1.5291073926492968,1.5291073926492968,2.627719681317407
SRR7146686,1,Pos,PRJNA464410,Duck,Duck,S,H,F,dabbling,Anasplatyrhynchos,"GrizzlyIslandWildlifeArea(GIWA),SolanoCounty",8.0,-1.3437631587882377,-1.3437631587882377,-1.3437631587882377,-1.3437631587882377,-1.3437631587882377,-1.3437631587882377,-1.3437631587882377,-1.3437631587882377,-1.3437631587882377,-1.3437631587882377,-1.3437631587882377,-1.3437631587882377,-1.3437631587882377,-1.3437631587882377,-1.3437631587882377,-1.3437631587882377,-1.3437631587882377,-1.3437631587882377,-1.3437631587882377,-1.3437631587882377,-1.3437631587882377,-1.3437631587882377,-0.2451508701201286,2.023532671198236,-1.3437631587882377,0.2656747536458619,-1.3437631587882377,-1.3437631587882377,6.337335842748121,-1.3437631587882377,2.860929460602728,-1.3437631587882377,2.50638444292182,-1.3437631587882377,-1.3437631587882377,-1.3437631587882377,-1.3437631587882377,-1.3437631587882377,2.023532671198236,-1.3437631587882377,0.8534614185479814,-1.3437631587882377,1.364287042313972,-1.3437631587882377,0.6021469902670749,-1.3437631587882377,-1.3437631587882377,0.8534614185479814,-1.3437631587882377,-1.3437631587882377,-1.3437631587882377,6.145648924720481,6.404265365644138,-0.2451508701201286,-1.3437631587882377,4.6300464530810235,-1.3437631587882377,-1.3437631587882377,4.6988696748941425,2.4174369569053242,-1.3437631587882377,5.366759950664189,-1.3437631587882377,-1.3437631587882377,3.1888363343650177,3.230947819715144,-1.3437631587882377,-1.3437631587882377,2.733774285117481,-1.3437631587882377,-1.3437631587882377,5.366759950664189,1.054132114010132,-1.3437631587882377,-1.3437631587882377,-1.3437631587882377,-1.3437631587882377,5.074601777147973,3.0506859958842005
SRR7146687,1,Pos,PRJNA464410,Duck,Duck,S,H,M,dabbling,Anasplatyrhynchos,"GrizzlyIslandWildlifeArea(GIWA),SolanoCounty",8.0,-1.4577006305089917,-1.4577006305089917,-1.4577006305089917,-1.4577006305089917,-1.4577006305089917,-1.4577006305089917,-1.4577006305089917,-1.4577006305089917,-1.4577006305089917,-1.4577006305089917,-1.4577006305089917,-1.4577006305089917,-1.4577006305089917,-1.4577006305089917,-1.4577006305089917,-1.4577006305089917,-1.4577006305089917,-1.4577006305089917,-1.4577006305089917,1.9762865739761546,-1.4577006305089917,-1.4577006305089917,-1.4577006305089917,-1.4577006305089917,-1.4577006305089917,-1.4577006305089917,-1.4577006305089917,-1.4577006305089917,-1.4577006305089917,-1.4577006305089917,5.38498265172943,-1.4577006305089917,1.7611751943592084,-1.4577006305089917,1.677793585420158,2.3924469712010668,1.8381362354953374,-1.4577006305089917,3.4622802953191325,1.4867383486574486,2.0976474309804214,1.4867383486574486,2.2058610156206546,-1.4577006305089917,3.030935739223148,-1.4577006305089917,4.903601847064003,-1.4577006305089917,-1.4577006305089917,-1.4577006305089917,1.250349570593218,-1.4577006305089917,5.2231540482812235,-1.4577006305089917,-1.4577006305089917,4.944216566218193,-1.4577006305089917,2.2058610156206546,5.2479384643510105,6.155624349031648,6.2946345327932995,3.8152989280547547,-1.4577006305089917,-1.4577006305089917,-1.4577006305089917,1.677793585420158,-1.4577006305089917,-1.4577006305089917,-1.4577006305089917,-1.4577006305089917,5.163705021255143,-1.4577006305089917,-1.4577006305089917,-1.4577006305089917,-1.4577006305089917,-1.4577006305089917,-1.4577006305089917,4.490334358671654,-1.4577006305089917
SRR7146688,0,Neg,PRJNA464410,Duck,Duck,S,H,M,dabbling,Anasplatyrhynchos,"SuisunMarsh/Balboa,SolanoCounty",7.0,-1.5101358007673449,-1.5101358007673449,-1.5101358007673449,-1.5101358007673449,-1.5101358007673449,-1.5101358007673449,-1.5101358007673449,-1.5101358007673449,-1.5101358007673449,-1.5101358007673449,-1.5101358007673449,-1.5101358007673449,-1.5101358007673449,-1.5101358007673449,-1.5101358007673449,-1.5101358007673449,-1.5101358007673449,-1.5101358007673449,-1.5101358007673449,-1.5101358007673449,-1.5101358007673449,-1.5101358007673449,-1.5101358007673449,1.9238514037178014,-1.5101358007673449,1.0548135566941914,-1.5101358007673449,1.4343031783990954,5.531275863027465,-1.5101358007673449,3.104984716073914,-1.5101358007673449,3.666013931806484,3.217252017944995,2.780323640381046,2.1534258453623014,-1.5101358007673449,3.199394400544989,1.4343031783990954,-1.5101358007673449,-1.5101358007673449,-1.5101358007673449,0.09930211166675473,-1.5101358007673449,0.8877594720310249,-1.5101358007673449,0.8877594720310249,-1.5101358007673449,-1.5101358007673449,-1.5101358007673449,0.6870887765688742,-1.5101358007673449,6.566690230531463,-1.5101358007673449,-1.5101358007673449,1.8571600292191288,3.6315277557353145,-1.5101358007673449,5.534769316362025,-1.5101358007673449,0.6870887765688742,4.298006689213098,-1.5101358007673449,-1.5101358007673449,-1.5101358007673449,2.045212260722068,2.664251469128292,-1.5101358007673449,5.364062694685948,-1.5101358007673449,5.688047776334598,-1.5101358007673449,5.1059293843654725,-1.5101358007673449,-1.5101358007673449,-1.5101358007673449,-1.5101358007673449,3.0224636923859105,-1.5101358007673449
SRR7146690,1,Pos,PRJNA464410,Duck,Duck,S,H,M,dabbling,Anasplatyrhynchos,"GrizzlyIslandWildlifeArea(GIWA),SolanoCounty",8.0,-1.2227916822543143,-1.2227916822543143,-1.2227916822543143,-1.2227916822543143,-1.2227916822543143,-1.2227916822543143,-1.2227916822543143,-1.2227916822543143,-1.2227916822543143,-1.2227916822543143,-1.2227916822543143,-1.2227916822543143,-1.2227916822543143,-1.2227916822543143,-1.2227916822543143,-1.2227916822543143,-1.2227916822543143,-1.2227916822543143,-1.2227916822543143,3.711682250876378,3.5221404461089367,1.7216472969121268,-1.2227916822543143,-1.2227916822543143,-1.2227916822543143,-1.2227916822543143,-1.2227916822543143,-1.2227916822543143,-1.2227916822543143,-1.2227916822543143,6.727005533907539,5.940380708592329,3.0113148223429462,-1.2227916822543143,-1.2227916822543143,0.723118466801,3.8206334346649333,-1.2227916822543143,6.854655467076885,-1.2227916822543143,4.184380089205805,1.6104216618019027,5.374354019632338,-1.2227916822543143,4.815079237667824,-1.2227916822543143,-1.2227916822543143,-1.2227916822543143,-1.2227916822543143,-1.2227916822543143,1.3421576752072228,2.3881262303899105,4.810294539544488,-1.2227916822543143,-1.2227916822543143,2.2737158792121663,-1.2227916822543143,-1.2227916822543143,-1.2227916822543143,-1.2227916822543143,-1.2227916822543143,1.8217307554691091,-1.2227916822543143,-1.2227916822543143,-1.2227916822543143,-1.2227916822543143,-1.2227916822543143,-1.2227916822543143,-1.2227916822543143,-1.2227916822543143,-1.2227916822543143,-1.2227916822543143,-1.2227916822543143,-1.2227916822543143,1.1751035905440572,-1.2227916822543143,-1.2227916822543143,2.2737158792121663,2.820259585580237
SRR7146691,1,Pos,PRJNA464410,Duck,Duck,S,H,M,dabbling,Anasplatyrhynchos,"GrizzlyIslandWildlifeArea(GIWA),SolanoCounty",8.0,-1.316132741934732,-1.316132741934732,-1.316132741934732,-1.316132741934732,-1.316132741934732,-1.316132741934732,-1.316132741934732,-1.316132741934732,-1.316132741934732,-1.316132741934732,-1.316132741934732,-1.316132741934732,-1.316132741934732,-1.316132741934732,-1.316132741934732,-1.316132741934732,-1.316132741934732,-1.316132741934732,-1.316132741934732,-1.316132741934732,-1.316132741934732,0.6297774071205824,-1.316132741934732,-1.316132741934732,-1.316132741934732,-1.316132741934732,-1.316132741934732,4.232943342960489,-1.316132741934732,-1.316132741934732,4.185125468609996,-1.316132741934732,2.2947851707094937,2.7947411222385803,-1.316132741934732,-1.316132741934732,0.881091835401488,-1.316132741934732,3.1725036277974086,-1.316132741934732,2.2947851707094937,0.881091835401488,-1.316132741934732,-1.316132741934732,1.6283062372317092,-0.21752045326662106,1.6283062372317092,-1.316132741934732,-1.316132741934732,-1.316132741934732,1.3919174591674786,-1.316132741934732,7.552139767063078,2.3474289041949152,1.2488166155268061,3.102707865861867,-1.316132741934732,-1.316132741934732,5.085784454792455,1.7283896957886915,-1.316132741934732,3.9568668166290157,-1.316132741934732,1.0817625308636396,-1.316132741934732,2.2947851707094937,-1.316132741934732,-1.316132741934732,2.2947851707094937,3.765271623049732,4.492009748045713,-1.316132741934732,5.006432497992552,-1.316132741934732,-1.316132741934732,-1.316132741934732,-1.316132741934732,-1.316132741934732,-1.316132741934732
SRR7146692,0,Neg,PRJNA464410,Duck,Duck,S,H,F,dabbling,Anasplatyrhynchos,"GrizzlyIslandWildlifeArea(GIWA),SolanoCounty",8.0,-1.1742257899754112,-1.1742257899754112,-1.1742257899754112,-1.1742257899754112,-1.1742257899754112,-1.1742257899754112,-1.1742257899754112,-1.1742257899754112,-1.1742257899754112,-1.1742257899754112,-1.1742257899754112,-1.1742257899754112,-1.1742257899754112,-1.1742257899754112,-1.1742257899754112,-1.1742257899754112,-1.1742257899754112,-1.1742257899754112,-1.1742257899754112,-1.1742257899754112,-1.1742257899754112,-1.1742257899754112,-1.1742257899754112,-1.1742257899754112,-1.1742257899754112,-1.1742257899754112,-1.1742257899754112,5.2441391459607996,0.7716843590799014,-1.1742257899754112,1.022998787360808,-1.1742257899754112,-1.1742257899754112,3.220223364697027,-1.1742257899754112,0.7716843590799014,-1.1742257899754112,2.121611076028918,5.968601611186209,-1.1742257899754112,-1.1742257899754112,-1.1742257899754112,0.43521212245868846,-1.1742257899754112,-1.1742257899754112,-1.1742257899754112,-0.07561350130730204,-1.1742257899754112,-1.1742257899754112,-1.1742257899754112,-1.1742257899754112,3.6215647556213293,7.533422458131502,1.022998787360808,-1.1742257899754112,3.637958565397006,-1.1742257899754112,0.43521212245868846,-1.1742257899754112,-1.1742257899754112,-1.1742257899754112,3.2684254665149046,1.8702966477480114,-1.1742257899754112,-1.1742257899754112,2.586974325718151,1.5338244111267985,-1.1742257899754112,1.2236694828229586,-1.1742257899754112,2.259761414509735,2.9366480741978993,5.483785255895336,-1.1742257899754112,2.4366921226688127,-1.1742257899754112,-1.1742257899754112,5.250643233929976,-1.1742257899754112
SRR7146693,1,Pos,PRJNA464410,Duck,Duck,S,H,M,dabbling,Anasplatyrhynchos,"GrizzlyIslandWildlifeArea(GIWA),SolanoCounty",8.0,-1.6118137390422147,-1.6118137390422147,-1.6118137390422147,-1.6118137390422147,-1.6118137390422147,-1.6118137390422147,-1.6118137390422147,-1.6118137390422147,-1.6118137390422147,-1.6118137390422147,-1.6118137390422147,-1.6118137390422147,-1.6118137390422147,-1.6118137390422147,-1.6118137390422147,-1.6118137390422147,-1.6118137390422147,-1.6118137390422147,-1.6118137390422147,-1.6118137390422147,-0.5132014503741056,0.33409641001309787,-1.6118137390422147,-0.0023758266081150836,-1.6118137390422147,0.33409641001309787,-1.6118137390422147,0.7860815337561551,3.1503601957555407,-1.6118137390422147,3.997658056142744,1.2213996050140006,1.523680476886934,-1.6118137390422147,-1.6118137390422147,0.5854108382940035,0.33409641001309787,-1.6118137390422147,5.074047208026144,0.5854108382940035,2.6786457021061754,1.2213996050140006,-0.5132014503741056,1.2213996050140006,2.238333862667843,-1.6118137390422147,-1.6118137390422147,-1.6118137390422147,-1.6118137390422147,-1.6118137390422147,-1.6118137390422147,2.358478174509907,6.659734635713299,1.6070620858259854,-0.0023758266081150836,4.458923988960274,-1.6118137390422147,0.5854108382940035,0.9531356184193216,0.7860815337561551,1.884693822424265,2.899045767474635,-1.6118137390422147,1.2213996050140006,-1.6118137390422147,4.449643179885802,-1.6118137390422147,-1.6118137390422147,1.8221734654429307,-0.5132014503741056,-1.6118137390422147,4.490744855571354,-1.6118137390422147,-1.6118137390422147,4.896955397929466,0.5854108382940035,-1.6118137390422147,2.9628972394611672,1.3326252401242247
SRR7146694,1,Pos,PRJNA464410,Duck,Duck,S,H,M,dabbling,Anasplatyrhynchos,"GrizzlyIslandWildlifeArea(GIWA),SolanoCounty",8.0,-1.4992908332211492,-1.4992908332211492,-1.4992908332211492,-1.4992908332211492,-1.4992908332211492,-1.4992908332211492,-1.4992908332211492,-1.4992908332211492,-1.4992908332211492,-1.4992908332211492,-1.4992908332211492,-1.4992908332211492,-1.4992908332211492,-1.4992908332211492,-1.4992908332211492,-1.4992908332211492,-1.4992908332211492,-1.4992908332211492,-1.4992908332211492,1.5452316045022743,-1.4992908332211492,2.3925294648894777,-1.4992908332211492,1.065658524240388,1.065658524240388,-1.4992908332211492,-1.4992908332211492,-1.4992908332211492,6.8327768740684,-1.4992908332211492,4.92557819068424,-1.4992908332211492,2.89515832145129,-1.4992908332211492,-1.4992908332211492,3.6187029791956062,1.934696371263998,-1.4992908332211492,3.569613368999083,-1.4992908332211492,1.065658524240388,-1.4992908332211492,1.6362033827080014,-1.4992908332211492,1.7965460327831808,-1.4992908332211492,2.471001080330973,-1.4992908332211492,-1.4992908332211492,-1.4992908332211492,-1.4992908332211492,-1.4992908332211492,3.245641295142102,1.7965460327831808,-1.4992908332211492,4.332591644062369,1.445148145945292,2.611583030952163,5.092382898787509,2.7054017861698174,-1.4992908332211492,1.065658524240388,-1.4992908332211492,1.065658524240388,1.445148145945292,-1.4992908332211492,-1.4992908332211492,-1.4992908332211492,3.2280969854911916,-1.4992908332211492,6.473519950900255,-1.4992908332211492,-1.4992908332211492,-1.4992908332211492,-1.4992908332211492,-1.4992908332211492,-1.4992908332211492,1.7965460327831808,3.344896253237443
SRR7146696,1,Pos,PRJNA464410,Duck,Duck,S,H,M,dabbling,Anasplatyrhynchos,"GrizzlyIslandWildlifeArea(GIWA),SolanoCounty",8.0,-1.338920513975328,-1.338920513975328,-1.338920513975328,-1.338920513975328,-1.338920513975328,-1.338920513975328,-1.338920513975328,-1.338920513975328,-1.338920513975328,-1.338920513975328,-1.338920513975328,-1.338920513975328,-1.338920513975328,-1.338920513975328,-1.338920513975328,-1.338920513975328,-1.338920513975328,-1.338920513975328,-1.338920513975328,1.3691296871268825,-1.338920513975328,-1.338920513975328,-1.338920513975328,-1.338920513975328,-1.338920513975328,-1.338920513975328,-1.338920513975328,-1.338920513975328,-1.338920513975328,-1.338920513975328,4.510404265971532,2.951538927173064,-1.338920513975328,-1.338920513975328,-1.338920513975328,1.0589747588230436,1.3691296871268825,-1.338920513975328,4.943346232920679,-0.24030822530721707,0.27051739845877343,0.858304063360892,2.422279601718235,-1.338920513975328,0.858304063360892,0.27051739845877343,2.0283753160111466,3.370609687337007,-1.338920513975328,0.6069896350799864,-1.338920513975328,1.22602884348621,4.186532425156457,-1.338920513975328,-1.338920513975328,6.463697549467344,-1.338920513975328,1.956916352029002,5.409839033516352,1.6055184651911132,-1.338920513975328,-1.338920513975328,-1.338920513975328,1.0589747588230436,-1.338920513975328,-1.338920513975328,-1.338920513975328,-1.338920513975328,3.913352914071303,-1.338920513975328,-1.338920513975328,6.142635187934189,-1.338920513975328,-1.338920513975328,-1.338920513975328,-1.338920513975328,6.655711797456498,4.086029503506076,0.27051739845877343
SRR7146697,0,Neg,PRJNA464410,Duck,Duck,S,H,F,dabbling,Anasplatyrhynchos,"GrizzlyIslandWildlifeArea(GIWA),SolanoCounty",8.0,-1.8603032176349643,-1.8603032176349643,-1.8603032176349643,-1.8603032176349643,-1.8603032176349643,-1.8603032176349643,-1.8603032176349643,-1.8603032176349643,-1.8603032176349643,-1.8603032176349643,-1.8603032176349643,-1.8603032176349643,-1.8603032176349643,-1.8603032176349643,-1.8603032176349643,-1.8603032176349643,-1.8603032176349643,-1.8603032176349643,-1.8603032176349643,-1.8603032176349643,-1.8603032176349643,-1.8603032176349643,-1.8603032176349643,-1.8603032176349643,-1.8603032176349643,-1.8603032176349643,0.08560693142035003,-1.8603032176349643,5.186344060213792,-0.2508653052008629,2.7744257705946724,-1.8603032176349643,-1.8603032176349643,2.250570646538348,2.182748050199587,-1.8603032176349643,0.7046461398265729,1.0841357615314768,4.660317909923732,-1.8603032176349643,0.3369213597012557,-1.8603032176349643,2.182748050199587,-1.8603032176349643,0.5375920551634072,0.08560693142035003,-1.8603032176349643,0.5375920551634072,-1.8603032176349643,-1.8603032176349643,0.08560693142035003,3.245642256265617,5.949643868841827,-1.8603032176349643,-1.8603032176349643,5.5548718919783315,-1.8603032176349643,-1.8603032176349643,-1.8603032176349643,0.7046461398265729,1.989844384075095,3.1301293691437726,-0.2508653052008629,4.017432564144675,3.528768512181537,1.4355336483693657,1.4355336483693657,-1.8603032176349643,2.402376659406352,0.5375920551634072,3.3158465149388654,2.7744257705946724,3.853429587874406,-1.8603032176349643,4.205804872468784,-1.8603032176349643,2.935487327961778,5.261756663994179,3.3814437974246787
SRR7146698,1,Pos,PRJNA464410,Duck,Duck,S,H,F,dabbling,Anasplatyrhynchos,"GrizzlyIslandWildlifeArea(GIWA),SolanoCounty",8.0,-1.358313020386742,-1.358313020386742,-1.358313020386742,-1.358313020386742,-1.358313020386742,-1.358313020386742,-1.358313020386742,-1.358313020386742,-1.358313020386742,-1.358313020386742,-1.358313020386742,-1.358313020386742,-1.358313020386742,-1.358313020386742,-1.358313020386742,-1.358313020386742,-1.358313020386742,-1.358313020386742,-1.358313020386742,2.252604892257483,-1.358313020386742,1.4749003236694742,-1.358313020386742,-1.358313020386742,-1.358313020386742,-1.358313020386742,-1.358313020386742,-1.358313020386742,2.7192244235189778,-1.358313020386742,5.174021271835608,-1.358313020386742,1.860562804481459,-1.358313020386742,-1.358313020386742,-1.358313020386742,2.0756741840984043,-1.358313020386742,2.573512612337584,1.0395822524116287,2.932146420761649,-1.358313020386742,0.5875971286685715,2.1381945410797387,3.351217180925592,-1.358313020386742,2.7192244235189778,2.197035041102672,-1.358313020386742,-1.358313020386742,-1.358313020386742,2.3052486257429043,6.279403412278057,-1.358313020386742,-1.358313020386742,5.71580379581062,-1.358313020386742,-1.358313020386742,-1.358313020386742,2.0089828095997326,-1.358313020386742,4.473569456896775,-1.358313020386742,0.5875971286685715,-1.358313020386742,7.063029845372662,-1.358313020386742,-1.358313020386742,3.4374775252099994,-1.358313020386742,3.7105911818334896,-1.358313020386742,-1.358313020386742,-1.358313020386742,-1.358313020386742,-1.358313020386742,0.5875971286685715,4.084104690135051,-1.358313020386742
SRR7146699,1,Pos,PRJNA464410,Duck,Duck,S,H,F,dabbling,Anasplatyrhynchos,"GrizzlyIslandWildlifeArea(GIWA),SolanoCounty",8.0,-1.3301231639127655,-1.3301231639127655,-1.3301231639127655,-1.3301231639127655,-1.3301231639127655,-1.3301231639127655,-1.3301231639127655,-1.3301231639127655,-1.3301231639127655,-1.3301231639127655,-1.3301231639127655,-1.3301231639127655,-1.3301231639127655,-1.3301231639127655,-1.3301231639127655,-1.3301231639127655,-1.3301231639127655,-1.3301231639127655,-1.3301231639127655,-1.3301231639127655,-1.3301231639127655,0.615786985142547,-1.3301231639127655,2.037172666073708,-1.3301231639127655,-1.3301231639127655,-1.3301231639127655,-1.3301231639127655,4.569774189669726,-1.3301231639127655,3.879362988928655,-1.3301231639127655,3.3238371862447575,-1.3301231639127655,-1.3301231639127655,-1.3301231639127655,1.0677721088856043,-1.3301231639127655,5.801575346554145,-1.3301231639127655,2.4310769517807964,-1.3301231639127655,1.9657137020915636,-1.3301231639127655,1.5030901801434498,0.2793147485213341,2.037172666073708,-1.3301231639127655,-1.3301231639127655,-1.3301231639127655,-1.3301231639127655,3.3238371862447575,6.491118919610792,1.8887526609554346,-1.3301231639127655,6.0692749194185875,0.2793147485213341,-1.3301231639127655,5.655518653726443,3.0643259907596727,-1.3301231639127655,1.5030901801434498,-1.3301231639127655,0.8671014134234536,-1.3301231639127655,2.9603362772356254,-1.3301231639127655,-1.3301231639127655,-1.3301231639127655,-1.3301231639127655,5.745685700065621,-1.3301231639127655,-1.3301231639127655,-1.3301231639127655,-1.3301231639127655,-1.3301231639127655,5.796767644986042,-1.3301231639127655,-1.3301231639127655
SRR7146700,1,Pos,PRJNA464410,Duck,Duck,S,H,F,dabbling,Anasplatyrhynchos,"GrizzlyIslandWildlifeArea(GIWA),SolanoCounty",8.0,-1.2535327564652716,-1.2535327564652716,-1.2535327564652716,-1.2535327564652716,-1.2535327564652716,-1.2535327564652716,-1.2535327564652716,-1.2535327564652716,-1.2535327564652716,-1.2535327564652716,-1.2535327564652716,-1.2535327564652716,-1.2535327564652716,-1.2535327564652716,-1.2535327564652716,-1.2535327564652716,-1.2535327564652716,-1.2535327564652716,-1.2535327564652716,-1.2535327564652716,-1.2535327564652716,1.3114166009962647,-1.2535327564652716,-1.2535327564652716,-1.2535327564652716,-1.2535327564652716,-1.2535327564652716,-1.2535327564652716,7.12784071180843,-1.2535327564652716,2.9208545134303643,-1.2535327564652716,4.098325377010794,-1.2535327564652716,-1.2535327564652716,2.6782928762590537,0.6923773925900409,-1.2535327564652716,1.1443625163330982,-1.2535327564652716,-1.2535327564652716,-1.2535327564652716,2.7538004287671987,-1.2535327564652716,1.6909062227011677,-1.2535327564652716,3.0639553570710376,-1.2535327564652716,-1.2535327564652716,-1.2535327564652716,-1.2535327564652716,3.212375362189311,5.275886081796953,-1.2535327564652716,-1.2535327564652716,4.440199382337427,-1.2535327564652716,-1.2535327564652716,-1.2535327564652716,2.7895185113692778,4.765060458030963,6.040164964136165,-1.2535327564652716,1.8819614594638772,-1.2535327564652716,4.963073344619593,-1.2535327564652716,-1.2535327564652716,3.651742021973157,-1.2535327564652716,6.02233184408126,-1.2535327564652716,-1.2535327564652716,-1.2535327564652716,-1.2535327564652716,-1.2535327564652716,-1.2535327564652716,2.1804544480198738,-1.2535327564652716
SRR7146701,1,Pos,PRJNA464410,Duck,Duck,S,H,F,dabbling,Anasplatyrhynchos,"SuisunMarsh/ArnoldRanch,SolanoCounty",7.0,-1.2529987168914616,-1.2529987168914616,-1.2529987168914616,-1.2529987168914616,-1.2529987168914616,-1.2529987168914616,-1.2529987168914616,-1.2529987168914616,-1.2529987168914616,-1.2529987168914616,-1.2529987168914616,-1.2529987168914616,-1.2529987168914616,-1.2529987168914616,-1.2529987168914616,-1.2529987168914616,-1.2529987168914616,-1.2529987168914616,-1.2529987168914616,1.6914402622749796,-1.2529987168914616,-1.2529987168914616,-1.2529987168914616,-1.2529987168914616,-1.2529987168914616,-1.2529987168914616,-1.2529987168914616,-1.2529987168914616,5.437843560527103,-1.2529987168914616,5.206905737486074,-1.2529987168914616,3.257860789625389,-1.2529987168914616,-1.2529987168914616,2.1809884875936856,-1.2529987168914616,0.3564391955426398,3.235637652840679,-1.2529987168914616,2.717293196660661,-1.2529987168914616,6.145175376079004,-0.1543864282233507,1.7915237208319619,-1.2529987168914616,-1.2529987168914616,0.6929114321638528,-1.2529987168914616,-1.2529987168914616,-1.2529987168914616,2.5082013988021012,6.018704989995907,2.4105629292381856,-1.2529987168914616,3.4743891018208792,-1.2529987168914616,-1.2529987168914616,-1.2529987168914616,-1.2529987168914616,4.6577979271490655,5.550506540716877,-1.2529987168914616,-1.2529987168914616,2.1809884875936856,6.898046228793563,-1.2529987168914616,-1.2529987168914616,2.981107787705798,-1.2529987168914616,-1.2529987168914616,-1.2529987168914616,-1.2529987168914616,-1.2529987168914616,-1.2529987168914616,-1.2529987168914616,-1.2529987168914616,-1.2529987168914616,2.1809884875936856
SRR7146702,1,Pos,PRJNA464410,Duck,Duck,FW,U,F,filter,Anasclypeata,"GrizzlyIslandWildlifeArea(GIWA),SolanoCounty",10.0,-1.1803290256258183,-1.1803290256258183,-1.1803290256258183,-1.1803290256258183,-1.1803290256258183,-1.1803290256258183,-1.1803290256258183,-1.1803290256258183,-1.1803290256258183,-1.1803290256258183,-1.1803290256258183,-1.1803290256258183,-1.1803290256258183,-1.1803290256258183,-1.1803290256258183,-1.1803290256258183,-1.1803290256258183,-1.1803290256258183,-1.1803290256258183,-0.0817167369577092,-1.1803290256258183,-1.1803290256258183,-1.1803290256258183,5.4463887236232065,-1.1803290256258183,-1.1803290256258183,-1.1803290256258183,-1.1803290256258183,5.2732959732668725,-1.1803290256258183,3.3083073441063213,-1.1803290256258183,4.3918250065519455,-1.1803290256258183,-1.1803290256258183,4.450882756195547,-1.1803290256258183,-1.1803290256258183,2.5332430410784896,-1.1803290256258183,0.4291088868082822,0.7655811234294951,2.3750190358635948,7.362726825316146,-0.0817167369577092,0.4291088868082822,-1.1803290256258183,-1.1803290256258183,-1.1803290256258183,-1.1803290256258183,-1.1803290256258183,2.115507840378511,6.013356792769294,-1.1803290256258183,1.384620331835718,4.871760143298598,-1.1803290256258183,2.862722242208732,5.138639088120616,-1.1803290256258183,-1.1803290256258183,-1.1803290256258183,-1.1803290256258183,0.7655811234294951,-1.1803290256258183,-1.1803290256258183,-1.1803290256258183,-1.1803290256258183,3.1101304155225726,-1.1803290256258183,4.414382353976021,-1.1803290256258183,-1.1803290256258183,-1.1803290256258183,-1.1803290256258183,-1.1803290256258183,-1.1803290256258183,-1.1803290256258183,-1.1803290256258183
SRR7146703,1,Pos,PRJNA464410,Duck,Duck,FW,U,F,dabbling,Anasamericana,"GrizzlyIslandWildlifeArea(GIWA),SolanoCounty",10.0,-1.1973994824125684,-1.1973994824125684,-1.1973994824125684,-1.1973994824125684,-1.1973994824125684,-1.1973994824125684,-1.1973994824125684,-1.1973994824125684,-1.1973994824125684,-1.1973994824125684,-1.1973994824125684,-1.1973994824125684,-1.1973994824125684,-1.1973994824125684,-1.1973994824125684,-1.1973994824125684,-1.1973994824125684,-1.1973994824125684,-1.1973994824125684,-1.1973994824125684,-1.1973994824125684,-1.1973994824125684,-1.1973994824125684,6.823856697731429,4.001097548853258,-1.1973994824125684,-1.1973994824125684,-1.1973994824125684,-1.1973994824125684,2.0984373835917607,5.073588949445732,2.0214763424556326,-1.1973994824125684,-1.1973994824125684,-1.1973994824125684,-1.1973994824125684,1.7470394967538727,-1.1973994824125684,5.442476351413967,1.9380947335165812,2.169896347573906,-1.1973994824125684,-1.1973994824125684,-1.1973994824125684,2.0984373835917607,1.510650718689642,-1.1973994824125684,-1.1973994824125684,4.994963007062304,4.218700919791852,6.445124651820334,-1.1973994824125684,4.663386741053298,-1.1973994824125684,4.32005341405214,4.994963007062304,-1.1973994824125684,-1.1973994824125684,-1.1973994824125684,2.945735243978964,-1.1973994824125684,-1.1973994824125684,-1.1973994824125684,-1.1973994824125684,-1.1973994824125684,-1.1973994824125684,-1.1973994824125684,1.9380947335165812,-1.1973994824125684,-1.1973994824125684,-1.1973994824125684,-1.1973994824125684,-1.1973994824125684,-1.1973994824125684,-1.1973994824125684,1.2004957903858022,-1.1973994824125684,-1.1973994824125684,-1.1973994824125684
SRR7146704,1,Pos,PRJNA464410,Duck,Duck,FW,U,M,filter,Anasclypeata,"GrizzlyIslandWildlifeArea(GIWA),SolanoCounty",10.0,-1.2849046326022453,-1.2849046326022453,-1.2849046326022453,-1.2849046326022453,-1.2849046326022453,-1.2849046326022453,-1.2849046326022453,-1.2849046326022453,-1.2849046326022453,-1.2849046326022453,-1.2849046326022453,-1.2849046326022453,-1.2849046326022453,-1.2849046326022453,-1.2849046326022453,-1.2849046326022453,-1.2849046326022453,-1.2849046326022453,-1.2849046326022453,-1.2849046326022453,-1.2849046326022453,1.9339711922659566,-1.2849046326022453,-1.2849046326022453,-1.2849046326022453,1.1129906401961263,-1.2849046326022453,-1.2849046326022453,2.3260132800419795,-1.2849046326022453,4.951464957601459,4.224483704025733,5.428051568074825,-1.2849046326022453,-1.2849046326022453,0.3245332798318561,1.6595343465641959,-1.2849046326022453,3.4942188605092843,-0.1862923439341344,2.722428552630226,-1.2849046326022453,1.4231455684999652,-1.2849046326022453,2.758146635232306,-1.2849046326022453,-1.2849046326022453,2.4286674341020635,-1.2849046326022453,1.5483087114539718,-0.1862923439341344,0.661005516453069,7.402031333401087,1.1129906401961263,-1.2849046326022453,1.5483087114539718,-1.2849046326022453,-1.2849046326022453,-1.2849046326022453,-1.2849046326022453,1.9339711922659566,-1.2849046326022453,-1.2849046326022453,0.3245332798318561,1.1129906401961263,-1.2849046326022453,-1.2849046326022453,-1.2849046326022453,-1.2849046326022453,-1.2849046326022453,6.1853195032977215,-1.2849046326022453,1.4231455684999652,-1.2849046326022453,-1.2849046326022453,-0.1862923439341344,-0.1862923439341344,3.8912450999715844,3.058900789251439
SRR7146705,1,Pos,PRJNA464410,Duck,Duck,FW,U,F,dabbling,Anascarolinensis,"GrizzlyIslandWildlifeArea(GIWA),SolanoCounty",10.0,-0.4625141237520509,-0.4625141237520509,-0.4625141237520509,-0.4625141237520509,-0.4625141237520509,-0.4625141237520509,-0.4625141237520509,-0.4625141237520509,-0.4625141237520509,-0.4625141237520509,-0.4625141237520509,-0.4625141237520509,-0.4625141237520509,-0.4625141237520509,-0.4625141237520509,-0.4625141237520509,-0.4625141237520509,-0.4625141237520509,-0.4625141237520509,1.1469237886820487,1.7347104535841682,-0.4625141237520509,-0.4625141237520509,-0.4625141237520509,-0.4625141237520509,-0.4625141237520509,-0.4625141237520509,-0.4625141237520509,-0.4625141237520509,-0.4625141237520509,4.997071390392108,-0.4625141237520509,-0.4625141237520509,-0.4625141237520509,-0.4625141237520509,-0.4625141237520509,1.1469237886820487,-0.4625141237520509,4.191446226405472,-0.4625141237520509,1.4833960253032616,-0.4625141237520509,-0.4625141237520509,-0.4625141237520509,1.1469237886820487,-0.4625141237520509,-0.4625141237520509,-0.4625141237520509,-0.4625141237520509,-0.4625141237520509,-0.4625141237520509,5.13960469712765,8.680938302682499,-0.4625141237520509,-0.4625141237520509,1.1469237886820487,-0.4625141237520509,-0.4625141237520509,-0.4625141237520509,-0.4625141237520509,-0.4625141237520509,-0.4625141237520509,-0.4625141237520509,-0.4625141237520509,-0.4625141237520509,-0.4625141237520509,-0.4625141237520509,-0.4625141237520509,-0.4625141237520509,-0.4625141237520509,-0.4625141237520509,-0.4625141237520509,-0.4625141237520509,-0.4625141237520509,0.6360981649160582,-0.4625141237520509,-0.4625141237520509,-0.4625141237520509,-0.4625141237520509
SRR7146707,1,Pos,PRJNA464410,Duck,Duck,S,A,M,dabbling,Anasplatyrhynchos,"GrizzlyIslandWildlifeArea(GIWA),SolanoCounty",7.0,-0.9167683959525874,-0.9167683959525874,-0.9167683959525874,-0.9167683959525874,-0.9167683959525874,-0.9167683959525874,-0.9167683959525874,-0.9167683959525874,-0.9167683959525874,-0.9167683959525874,-0.9167683959525874,-0.9167683959525874,-0.9167683959525874,-0.9167683959525874,-0.9167683959525874,-0.9167683959525874,-0.9167683959525874,-0.9167683959525874,-0.9167683959525874,-0.9167683959525874,-0.9167683959525874,-0.9167683959525874,-0.9167683959525874,6.313794757456705,4.8913740940278565,-0.9167683959525874,-0.9167683959525874,-0.9167683959525874,-0.9167683959525874,2.3021074289156136,5.423590907775165,-0.9167683959525874,-0.9167683959525874,-0.9167683959525874,-0.9167683959525874,-0.9167683959525874,-0.9167683959525874,7.464146777171023,-0.9167683959525874,-0.9167683959525874,2.0276705832138537,-0.9167683959525874,-0.9167683959525874,-0.9167683959525874,3.287924223438379,-0.9167683959525874,-0.9167683959525874,-0.9167683959525874,2.0276705832138537,-0.9167683959525874,-0.9167683959525874,-0.9167683959525874,2.8444317197409754,0.692669516481514,-0.9167683959525874,-0.9167683959525874,-0.9167683959525874,-0.9167683959525874,-0.9167683959525874,-0.9167683959525874,4.534270057613114,2.218725819976563,-0.9167683959525874,1.2804561813836326,2.9750519021580395,6.955305583914287,-0.9167683959525874,-0.9167683959525874,-0.9167683959525874,-0.9167683959525874,-0.9167683959525874,-0.9167683959525874,-0.9167683959525874,-0.9167683959525874,-0.9167683959525874,-0.9167683959525874,-0.9167683959525874,-0.9167683959525874,2.5172188085325597
SRR7146710,1,Pos,PRJNA464410,Duck,Duck,S,H,M,dabbling,Anasplatyrhynchos,"GrizzlyIslandWildlifeArea(GIWA),SolanoCounty",8.0,-1.3115387260868303,-1.3115387260868303,-1.3115387260868303,-1.3115387260868303,-1.3115387260868303,-1.3115387260868303,-1.3115387260868303,-1.3115387260868303,-1.3115387260868303,-1.3115387260868303,-1.3115387260868303,-1.3115387260868303,-1.3115387260868303,-1.3115387260868303,-1.3115387260868303,-1.3115387260868303,-1.3115387260868303,-1.3115387260868303,-1.3115387260868303,0.6343714229684831,-1.3115387260868303,-1.3115387260868303,-1.3115387260868303,-1.3115387260868303,-1.3115387260868303,-0.2129264374187212,-1.3115387260868303,-1.3115387260868303,1.7329837116365931,-1.3115387260868303,2.5802815720237966,3.0059493874494807,-1.3115387260868303,-1.3115387260868303,-1.3115387260868303,2.4951237636834893,1.0863565467115404,-1.3115387260868303,5.154605998150789,-1.3115387260868303,0.6343714229684831,-1.3115387260868303,1.2534106313747069,-1.3115387260868303,0.8856858512493897,-1.3115387260868303,2.9789207150615606,-1.3115387260868303,-1.3115387260868303,-1.3115387260868303,-1.3115387260868303,3.7447070792614783,6.72211970179932,-1.3115387260868303,-1.3115387260868303,5.1942453340413985,3.806455086329925,-1.3115387260868303,5.9902836160511015,2.8315960003047023,0.8856858512493897,1.9073370987813707,-1.3115387260868303,0.2978991863472702,-1.3115387260868303,-1.3115387260868303,-1.3115387260868303,-1.3115387260868303,4.478421444810424,-1.3115387260868303,-1.3115387260868303,6.661272058034574,-1.3115387260868303,-1.3115387260868303,-1.3115387260868303,-1.3115387260868303,-1.3115387260868303,2.4951237636834893,3.5788104021349234
SRR7146711,0,Neg,PRJNA464410,Duck,Duck,S,H,F,dabbling,Anasplatyrhynchos,"GrizzlyIslandWildlifeArea(GIWA),SolanoCounty",7.0,-0.44796042456015783,-0.44796042456015783,-0.44796042456015783,-0.44796042456015783,-0.44796042456015783,-0.44796042456015783,-0.44796042456015783,-0.44796042456015783,-0.44796042456015783,-0.44796042456015783,-0.44796042456015783,-0.44796042456015783,-0.44796042456015783,-0.44796042456015783,-0.44796042456015783,-0.44796042456015783,-0.44796042456015783,-0.44796042456015783,-0.44796042456015783,-0.44796042456015783,-0.44796042456015783,-0.44796042456015783,-0.44796042456015783,6.770949283058902,-0.44796042456015783,5.80008244994827,-0.44796042456015783,-0.44796042456015783,-0.44796042456015783,-0.44796042456015783,-0.44796042456015783,-0.44796042456015783,-0.44796042456015783,-0.44796042456015783,-0.44796042456015783,-0.44796042456015783,-0.44796042456015783,8.516351523564357,-0.44796042456015783,-0.44796042456015783,-0.44796042456015783,-0.44796042456015783,-0.44796042456015783,-0.44796042456015783,-0.44796042456015783,-0.44796042456015783,-0.44796042456015783,-0.44796042456015783,-0.44796042456015783,-0.44796042456015783,-0.44796042456015783,-0.44796042456015783,4.186768563669477,-0.44796042456015783,-0.44796042456015783,-0.44796042456015783,-0.44796042456015783,-0.44796042456015783,-0.44796042456015783,-0.44796042456015783,-0.44796042456015783,-0.44796042456015783,-0.44796042456015783,-0.44796042456015783,-0.44796042456015783,4.739425381280597,-0.44796042456015783,-0.44796042456015783,-0.44796042456015783,-0.44796042456015783,-0.44796042456015783,-0.44796042456015783,2.687533791368992,-0.44796042456015783,-0.44796042456015783,-0.44796042456015783,-0.44796042456015783,-0.44796042456015783,-0.44796042456015783
SRR7146713,1,Pos,PRJNA464410,Duck,Duck,S,H,M,dabbling,Anasplatyrhynchos,"GrizzlyIslandWildlifeArea(GIWA),SolanoCounty",8.0,-1.1093811807050749,-1.1093811807050749,-1.1093811807050749,-1.1093811807050749,-1.1093811807050749,-1.1093811807050749,-1.1093811807050749,-1.1093811807050749,-1.1093811807050749,-1.1093811807050749,-1.1093811807050749,-1.1093811807050749,-1.1093811807050749,-1.1093811807050749,-1.1093811807050749,-1.1093811807050749,-1.1093811807050749,-1.1093811807050749,-1.1093811807050749,-1.1093811807050749,-1.1093811807050749,-1.1093811807050749,-1.1093811807050749,1.5986690203971348,-1.1093811807050749,-1.1093811807050749,-1.1093811807050749,-1.1093811807050749,6.385605053245458,-1.1093811807050749,3.6355509476581744,-1.1093811807050749,2.782439117405551,-1.1093811807050749,-1.1093811807050749,1.8350577984613654,-1.1093811807050749,1.288514092093295,7.286096252027066,-1.1093811807050749,1.7238321633511404,-1.1093811807050749,5.691901853766545,-1.1093811807050749,2.026113035224075,-1.1093811807050749,-1.1093811807050749,-0.010768892036965738,-1.1093811807050749,-0.010768892036965738,-1.1093811807050749,-1.1093811807050749,6.126958162049268,-1.1093811807050749,-1.1093811807050749,4.306719221499344,-1.1093811807050749,-1.1093811807050749,3.2600666717619466,2.1094946441631253,-1.1093811807050749,-1.1093811807050749,-1.1093811807050749,-1.1093811807050749,-1.1093811807050749,-1.1093811807050749,-1.1093811807050749,-1.1093811807050749,3.181078260443316,-1.1093811807050749,5.2825359326875265,-1.1093811807050749,-1.1093811807050749,-1.1093811807050749,-1.1093811807050749,-1.1093811807050749,4.213628798433334,2.7407664210049836,-1.1093811807050749
SRR7146714,0,Neg,PRJNA464410,Duck,Duck,FW,U,F,dabbling,Anasacuta,"ConawayRanch,YoloCounty",10.0,-1.3449405728729493,-1.3449405728729493,-1.3449405728729493,-1.3449405728729493,-1.3449405728729493,-1.3449405728729493,-1.3449405728729493,-1.3449405728729493,-1.3449405728729493,-1.3449405728729493,-1.3449405728729493,-1.3449405728729493,-1.3449405728729493,-1.3449405728729493,-1.3449405728729493,-1.3449405728729493,-1.3449405728729493,-1.3449405728729493,-1.3449405728729493,-1.3449405728729493,-1.3449405728729493,-1.3449405728729493,-1.3449405728729493,2.586885059851376,2.698110694961601,-1.3449405728729493,-1.3449405728729493,3.049508581799489,3.875415252205375,-1.3449405728729493,2.2659773397712746,0.2644973395611512,-1.3449405728729493,4.3884007040247965,0.8522840044632698,-1.3449405728729493,-1.3449405728729493,4.49278987429299,3.024507279594072,-1.3449405728729493,0.6009695761823641,-1.3449405728729493,-1.3449405728729493,-1.3449405728729493,1.4882727711832668,-1.3449405728729493,-1.3449405728729493,-1.3449405728729493,0.8522840044632698,-1.3449405728729493,-1.3449405728729493,1.7905536430562004,7.495639615615845,3.968265406168838,-1.3449405728729493,3.1209675457816344,-1.3449405728729493,-1.3449405728729493,-1.3449405728729493,-1.3449405728729493,-1.3449405728729493,4.234789253113273,2.2659773397712746,-1.3449405728729493,-1.3449405728729493,2.7981941535185832,3.1209675457816344,-1.3449405728729493,-1.3449405728729493,-1.3449405728729493,-1.3449405728729493,0.2644973395611512,4.818374231161691,-1.3449405728729493,4.26453122231201,-1.3449405728729493,-1.3449405728729493,4.044131156943552,-1.3449405728729493
SRR7146716,0,Neg,PRJNA464410,Duck,Duck,FW,U,U,dabbling,Anascarolinensis,"ConawayRanch,YoloCounty",10.0,-1.2238295447712382,-1.2238295447712382,-1.2238295447712382,-1.2238295447712382,-1.2238295447712382,-1.2238295447712382,-1.2238295447712382,-1.2238295447712382,-1.2238295447712382,-1.2238295447712382,-1.2238295447712382,-1.2238295447712382,-1.2238295447712382,-1.2238295447712382,-1.2238295447712382,-1.2238295447712382,-1.2238295447712382,-1.2238295447712382,-1.2238295447712382,-0.12521725610312728,-0.12521725610312728,-1.2238295447712382,-1.2238295447712382,2.6679907533393887,-1.2238295447712382,3.4108994434583986,-1.2238295447712382,1.9950462800969637,3.58835481060118,-1.2238295447712382,2.5828329449990823,-1.2238295447712382,-1.2238295447712382,2.9193051816202953,-1.2238295447712382,-1.2238295447712382,-1.2238295447712382,1.720609434395203,1.6093837992849789,-1.2238295447712382,-1.2238295447712382,-1.2238295447712382,-1.2238295447712382,-1.2238295447712382,0.7220806042840762,-1.2238295447712382,-1.2238295447712382,-1.2238295447712382,-1.2238295447712382,-1.2238295447712382,-1.2238295447712382,4.309559943956282,7.397903825918924,0.9733950325649818,-1.2238295447712382,3.2648068249609024,-1.2238295447712382,-1.2238295447712382,1.341119812690299,-1.2238295447712382,-1.2238295447712382,3.195011063025361,1.1740657280271334,-1.2238295447712382,-1.2238295447712382,5.672864786851475,1.341119812690299,-1.2238295447712382,-1.2238295447712382,2.1434662852152364,1.4842206563309723,-1.2238295447712382,4.1088892484941315,-1.2238295447712382,2.210157659713909,-1.2238295447712382,-1.2238295447712382,6.504145997334321,-1.2238295447712382
SRR7146717,0,Neg,PRJNA464410,Duck,Duck,FW,U,F,dabbling,Anasacuta,"ConawayRanch,YoloCounty",10.0,-1.2976720022631536,-1.2976720022631536,-1.2976720022631536,-1.2976720022631536,-1.2976720022631536,-1.2976720022631536,-1.2976720022631536,-1.2976720022631536,-1.2976720022631536,-1.2976720022631536,-1.2976720022631536,-1.2976720022631536,-1.2976720022631536,-1.2976720022631536,-1.2976720022631536,-1.2976720022631536,-1.2976720022631536,-1.2976720022631536,-1.2976720022631536,-1.2976720022631536,-1.2976720022631536,-1.2976720022631536,-1.2976720022631536,1.9981648637411764,1.837822213665997,1.6467669769032875,-1.2976720022631536,1.7468504354602699,-1.2976720022631536,-1.2976720022631536,3.0967771524092855,0.6482381467921607,-1.2976720022631536,3.297447847871437,-1.2976720022631536,0.6482381467921607,-1.2976720022631536,3.6510878881150157,3.985531726474836,-1.2976720022631536,-1.2976720022631536,0.3117659101709478,-1.2976720022631536,-1.2976720022631536,-1.2976720022631536,1.100223270535218,-1.2976720022631536,-1.2976720022631536,-1.2976720022631536,-1.2976720022631536,-1.2976720022631536,3.071775850203869,7.258164812745289,3.3562883478943704,-1.2976720022631536,3.144979254227164,-1.2976720022631536,-1.2976720022631536,1.100223270535218,-1.2976720022631536,-1.2976720022631536,1.7468504354602699,1.5355413417930635,-1.2976720022631536,-1.2976720022631536,1.9981648637411764,2.907020617127813,-1.2976720022631536,-1.2976720022631536,1.100223270535218,2.4159000644411552,-1.2976720022631536,4.161913511881005,-1.2976720022631536,6.782874963561345,-1.2976720022631536,-1.2976720022631536,4.227780936868631,-1.2976720022631536
SRR7146718,0,Neg,PRJNA464410,Duck,Duck,FW,U,F,dabbling,Anasacuta,"ConawayRanch,YoloCounty",10.0,-1.7268761922328943,-1.7268761922328943,-1.7268761922328943,-1.7268761922328943,-1.7268761922328943,-1.7268761922328943,-1.7268761922328943,-1.7268761922328943,-1.7268761922328943,-1.7268761922328943,-1.7268761922328943,-1.7268761922328943,-1.7268761922328943,-1.7268761922328943,-1.7268761922328943,-1.7268761922328943,-1.7268761922328943,-1.7268761922328943,-1.7268761922328943,-1.7268761922328943,-1.7268761922328943,-1.7268761922328943,-1.7268761922328943,5.492033515386166,2.691964415563704,3.221883698145274,0.8380731652286428,3.5148708228267482,2.0343239234606685,-1.7268761922328943,2.8882443246083653,1.1063371518233218,-1.7268761922328943,3.3165489246863524,-1.7268761922328943,0.2190339568224191,-1.7268761922328943,2.416258534158639,-1.7268761922328943,-1.7268761922328943,1.3176462454905291,-1.7268761922328943,0.6710190805654763,2.0343239234606685,0.8380731652286428,-1.7268761922328943,-1.7268761922328943,-1.7268761922328943,-1.7268761922328943,-1.7268761922328943,-1.7268761922328943,3.101437545069407,5.456235509510387,1.4086180236962553,-1.7268761922328943,5.0964099301227925,0.8380731652286428,-1.7268761922328943,4.465486297241978,-1.7268761922328943,-1.7268761922328943,4.325212976691523,0.47034838510332566,1.6404196377535802,-1.7268761922328943,2.7839833142839563,2.9826540090794404,-1.7268761922328943,0.6710190805654763,0.6710190805654763,-1.7268761922328943,-1.7268761922328943,5.547603366540977,-1.7268761922328943,5.532239935864206,-1.7268761922328943,-1.7268761922328943,5.298662122405627,-1.7268761922328943
SRR7146719,0,Neg,PRJNA464410,Duck,Duck,FW,U,U,dabbling,Anascarolinensis,"ConawayRanch,YoloCounty",10.0,-2.1195472604152865,-2.1195472604152865,-2.1195472604152865,-2.1195472604152865,-2.1195472604152865,-2.1195472604152865,-2.1195472604152865,-2.1195472604152865,-2.1195472604152865,-2.1195472604152865,-2.1195472604152865,-2.1195472604152865,-2.1195472604152865,-2.1195472604152865,-2.1195472604152865,-2.1195472604152865,-2.1195472604152865,-2.1195472604152865,-2.1195472604152865,0.07767731692093349,-2.1195472604152865,-2.1195472604152865,-2.1195472604152865,4.96467916168263,3.9135389613835154,4.932308362540608,1.247748569571188,3.941909658512731,1.4913706522289383,2.054840009480351,3.340038253728873,-2.1195472604152865,-2.1195472604152865,3.746920796518011,1.015946955513864,-2.1195472604152865,1.3769603010511942,3.056602472158543,2.346360858239298,-2.1195472604152865,0.8248917187511546,1.3144399440698606,-2.1195472604152865,-2.1195472604152865,2.249900592051735,-2.1195472604152865,-2.1195472604152865,-2.1195472604152865,0.8248917187511546,3.241744905294139,3.0103514545077874,-2.1195472604152865,2.143132616626029,-2.1195472604152865,-2.1195472604152865,2.8708853263634504,-2.1195472604152865,1.4913706522289383,2.5151817278143493,-2.1195472604152865,-2.1195472604152865,4.089042765681343,2.249900592051735,-0.17363711135997306,-2.1195472604152865,2.708766476887015,2.55328157404662,1.687115229355034,-2.1195472604152865,3.340038253728873,4.864242704842848,-2.1195472604152865,5.246265576794186,3.0789497708505396,1.7722730376953404,-2.1195472604152865,-2.1195472604152865,1.7306003412947728,-2.1195472604152865
SRR7146720,0,Neg,PRJNA464410,Duck,Duck,FW,U,F,dabbling,Anascarolinensis,"ConawayRanch,YoloCounty",10.0,-1.6587581740389057,-1.6587581740389057,-1.6587581740389057,-1.6587581740389057,-1.6587581740389057,-1.6587581740389057,-1.6587581740389057,-1.6587581740389057,-1.6587581740389057,-1.6587581740389057,-1.6587581740389057,-1.6587581740389057,-1.6587581740389057,-1.6587581740389057,-1.6587581740389057,-1.6587581740389057,-1.6587581740389057,-1.6587581740389057,-1.6587581740389057,-0.04932026160480607,-1.6587581740389057,0.2871519750164069,-1.6587581740389057,1.049292027063304,0.7391370987594641,-1.6587581740389057,-0.04932026160480607,1.9521597386053182,-1.6587581740389057,-1.6587581740389057,3.5935152540077238,1.049292027063304,-1.6587581740389057,3.169555563263395,-1.6587581740389057,-1.6587581740389057,1.5601176508292944,-1.6587581740389057,5.741862403332229,-1.6587581740389057,1.2856808051275346,1.3857642636845169,0.5384664032973134,-1.6587581740389057,2.418779269866813,-1.6587581740389057,0.9061911834226306,-1.6587581740389057,1.837749387427574,-1.6587581740389057,-1.6587581740389057,3.050772027273428,4.350055011403689,1.049292027063304,-0.5601458853707966,6.183127754945717,1.049292027063304,1.708537655947568,4.007668514073526,0.7391370987594641,-1.6587581740389057,3.0861739543243436,-1.6587581740389057,-1.6587581740389057,-1.6587581740389057,1.476736041890244,-0.04932026160480607,-1.6587581740389057,0.7391370987594641,1.2856808051275346,3.7922802795267945,-1.6587581740389057,4.207709882894391,0.7391370987594641,6.516789421982121,-1.6587581740389057,-1.6587581740389057,0.5384664032973134,-1.6587581740389057
SRR7146721,0,Neg,PRJNA464410,Duck,Duck,FW,U,F,dabbling,Anascarolinensis,"ConawayRanch,YoloCounty",10.0,-1.4804596254786757,-1.4804596254786757,-1.4804596254786757,-1.4804596254786757,-1.4804596254786757,-1.4804596254786757,-1.4804596254786757,-1.4804596254786757,-1.4804596254786757,-1.4804596254786757,-1.4804596254786757,-1.4804596254786757,-1.4804596254786757,-1.4804596254786757,-1.4804596254786757,-1.4804596254786757,-1.4804596254786757,-1.4804596254786757,-1.4804596254786757,-1.4804596254786757,0.46545052357663685,-1.4804596254786757,-1.4804596254786757,2.0748884360107374,-1.4804596254786757,0.1289782869554239,-1.4804596254786757,5.091822917215332,5.550397850637444,-1.4804596254786757,2.753646879118583,-1.4804596254786757,-0.3818473368105666,4.631007714024003,-1.4804596254786757,-1.4804596254786757,-1.4804596254786757,2.985448493175908,2.3696879762313827,-1.4804596254786757,1.0844897319828606,-1.4804596254786757,-1.4804596254786757,-1.4804596254786757,0.7167649518575434,-1.4804596254786757,-1.4804596254786757,-1.4804596254786757,-1.4804596254786757,-1.4804596254786757,-1.4804596254786757,3.409889502743078,4.206515730861144,-1.4804596254786757,-1.4804596254786757,5.0193274151771785,2.5625916423558746,-1.4804596254786757,0.1289782869554239,-1.4804596254786757,-1.4804596254786757,5.296047366893507,2.8099998156697152,2.2331124412256314,-1.4804596254786757,1.655034590450474,4.179022590280946,-1.4804596254786757,0.7167649518575434,-1.4804596254786757,3.832746353563111,-1.4804596254786757,6.89999704236409,-1.4804596254786757,4.48824793450669,-1.4804596254786757,-1.4804596254786757,2.0748884360107374,-1.4804596254786757
SRR7146723,0,Neg,PRJNA464410,Duck,Duck,FW,U,U,dabbling,Anascarolinensis,"ConawayRanch,YoloCounty",10.0,-1.3839557735405856,-1.3839557735405856,-1.3839557735405856,-1.3839557735405856,-1.3839557735405856,-1.3839557735405856,-1.3839557735405856,-1.3839557735405856,-1.3839557735405856,-1.3839557735405856,-1.3839557735405856,-1.3839557735405856,-1.3839557735405856,-1.3839557735405856,-1.3839557735405856,-1.3839557735405856,-1.3839557735405856,-1.3839557735405856,-1.3839557735405856,1.9118810924637435,-1.3839557735405856,1.013939499257785,-1.3839557735405856,-1.3839557735405856,-1.3839557735405856,-1.3839557735405856,2.226962139103639,4.53762264610323,2.9065036676078053,-1.3839557735405856,6.512224835074906,-1.3839557735405856,-1.3839557735405856,5.001238625457139,-1.3839557735405856,-1.3839557735405856,4.7960608801119875,4.553580431541841,-1.3839557735405856,1.3240944275616249,4.117302437004142,2.422706716229734,-1.3839557735405856,-1.3839557735405856,4.634637440955649,2.6233774116918855,-1.3839557735405856,-1.3839557735405856,-1.3839557735405856,-1.3839557735405856,-1.3839557735405856,-1.3839557735405856,-1.3839557735405856,-1.3839557735405856,-1.3839557735405856,-1.3839557735405856,-1.3839557735405856,-1.3839557735405856,-1.3839557735405856,1.013939499257785,-1.3839557735405856,5.490242721912709,3.3782181612571707,3.8145412577252404,-1.3839557735405856,4.023215997919533,4.323154491208291,-1.3839557735405856,-1.3839557735405856,-1.3839557735405856,-1.3839557735405856,-1.3839557735405856,6.508496269979767,-1.3839557735405856,1.751538442388564,-1.3839557735405856,-1.3839557735405856,-1.3839557735405856,-1.3839557735405856
SRR7146724,0,Neg,PRJNA464410,Duck,Duck,FW,U,U,dabbling,Anascarolinensis,"ConawayRanch,YoloCounty",10.0,-1.449606856831032,-1.449606856831032,-1.449606856831032,-1.449606856831032,-1.449606856831032,-1.449606856831032,-1.449606856831032,-1.449606856831032,-1.449606856831032,-1.449606856831032,-1.449606856831032,-1.449606856831032,-1.449606856831032,-1.449606856831032,-1.449606856831032,-1.449606856831032,-1.449606856831032,-1.449606856831032,-1.449606856831032,-1.449606856831032,-0.3509945681629212,-1.449606856831032,-1.449606856831032,0.15983105560306932,-1.449606856831032,-1.449606856831032,-1.449606856831032,-0.3509945681629212,3.1042700347695096,-1.449606856831032,2.969233750965566,1.7692689680371698,-1.449606856831032,1.5949155808923914,-0.3509945681629212,-1.449606856831032,1.383606487225185,1.2584433442711784,3.1655136600102285,-1.449606856831032,1.9176889731554425,-1.449606856831032,-1.449606856831032,-1.449606856831032,1.6858873590981185,-1.449606856831032,2.2639652098732768,0.7476177205051879,-1.449606856831032,-0.3509945681629212,-1.449606856831032,3.554339449114428,5.504077354039506,-1.449606856831032,-1.449606856831032,5.465124035887531,0.7476177205051879,1.494832122335409,4.935587542166694,3.540825729947705,-1.449606856831032,2.9198409956359903,0.9482884159673395,-1.449606856831032,-1.449606856831032,-1.449606856831032,-0.3509945681629212,-1.449606856831032,0.7476177205051879,-1.449606856831032,5.367129023763937,-1.449606856831032,3.3295166362804975,-1.449606856831032,7.141765732759458,-1.449606856831032,2.5206850567210903,-0.3509945681629212,-1.449606856831032
SRR7146725,0,Neg,PRJNA464410,Duck,Duck,S,A,F,dabbling,Anasplatyrhynchos,"SuisunMarsh/Balboa,SolanoCounty",7.0,-1.0507001557983724,-1.0507001557983724,-1.0507001557983724,-1.0507001557983724,-1.0507001557983724,-1.0507001557983724,-1.0507001557983724,-1.0507001557983724,-1.0507001557983724,-1.0507001557983724,-1.0507001557983724,-1.0507001557983724,-1.0507001557983724,-1.0507001557983724,-1.0507001557983724,-1.0507001557983724,-1.0507001557983724,-1.0507001557983724,-1.0507001557983724,-1.0507001557983724,-1.0507001557983724,-1.0507001557983724,-1.0507001557983724,-1.0507001557983724,-1.0507001557983724,-1.0507001557983724,-1.0507001557983724,4.34746254571938,2.992351112036178,2.881125476925953,0.5587377566357272,-1.0507001557983724,-1.0507001557983724,2.5602177568458515,-1.0507001557983724,-1.0507001557983724,-1.0507001557983724,-1.0507001557983724,-1.0507001557983724,-1.0507001557983724,0.5587377566357272,-1.0507001557983724,3.4379362139337672,-1.0507001557983724,-1.0507001557983724,-1.0507001557983724,-1.0507001557983724,-1.0507001557983724,-1.0507001557983724,-1.0507001557983724,-1.0507001557983724,2.7104999598951895,8.014730044382002,-1.0507001557983724,-1.0507001557983724,3.1236871140972644,-1.0507001557983724,-1.0507001557983724,2.2451367102059567,-1.0507001557983724,-1.0507001557983724,2.5046479056910407,1.7825131882578429,-1.0507001557983724,-1.0507001557983724,1.7825131882578429,-1.0507001557983724,-1.0507001557983724,1.514249201663164,-1.0507001557983724,2.3165956741881013,-1.0507001557983724,4.982386066000428,-1.0507001557983724,3.745090389798368,3.343748998874066,1.3471951169999974,1.1465244215378467,1.9938222819250502
SRR7146726,0,Neg,PRJNA464410,Duck,Duck,S,H,M,dabbling,Anasplatyrhynchos,"SuisunMarsh/Balboa,SolanoCounty",7.0,-1.4313974110822603,-1.4313974110822603,-1.4313974110822603,-1.4313974110822603,-1.4313974110822603,-1.4313974110822603,-1.4313974110822603,-1.4313974110822603,-1.4313974110822603,-1.4313974110822603,-1.4313974110822603,-1.4313974110822603,-1.4313974110822603,-1.4313974110822603,-1.4313974110822603,-1.4313974110822603,-1.4313974110822603,-1.4313974110822603,-1.4313974110822603,-1.4313974110822603,-1.4313974110822603,-1.4313974110822603,-1.4313974110822603,5.224042939285386,-1.4313974110822603,-1.4313974110822603,-1.4313974110822603,1.7874784137859399,1.133551946379276,5.4833334816363015,2.6461400328234586,-1.4313974110822603,2.232164235047386,2.0651101503842195,-1.4313974110822603,1.9358984189042134,-1.4313974110822603,1.6131250266411623,7.231971890491578,-1.4313974110822603,-1.4313974110822603,-1.4313974110822603,0.5145127379730523,1.7874784137859399,0.5145127379730523,-1.4313974110822603,-1.4313974110822603,-1.4313974110822603,-1.4313974110822603,2.282174655622047,1.9358984189042134,3.0345107075723234,4.781208684669258,2.418750190627798,0.7658271662539589,-1.4313974110822603,-1.4313974110822603,-1.4313974110822603,4.671161183531308,-1.4313974110822603,-1.4313974110822603,2.57593577415021,0.7658271662539589,-1.4313974110822603,-1.4313974110822603,-1.4313974110822603,0.9664978617161104,0.7658271662539589,-1.4313974110822603,4.117678673812959,-1.4313974110822603,-1.4313974110822603,2.9380504413847612,1.9358984189042134,-1.4313974110822603,-1.4313974110822603,-1.4313974110822603,4.87670103042727,-1.4313974110822603
SRR7146727,1,Pos,PRJNA464410,Duck,Duck,FW,U,M,dabbling,Anasplatyrhynchos,"ConawayRanch,YoloCounty",12.0,-1.235498993108731,-1.235498993108731,-1.235498993108731,-1.235498993108731,-1.235498993108731,-1.235498993108731,-1.235498993108731,-1.235498993108731,-1.235498993108731,-1.235498993108731,-1.235498993108731,-1.235498993108731,-1.235498993108731,-1.235498993108731,-1.235498993108731,-1.235498993108731,-1.235498993108731,-1.235498993108731,-1.235498993108731,-1.235498993108731,-1.235498993108731,-1.235498993108731,-1.235498993108731,3.9177926013890474,1.4725512079934786,1.8999952228204187,2.375418919535493,1.3294503643528053,4.69142703286168,-1.235498993108731,3.05496044803966,-1.235498993108731,-1.235498993108731,-1.235498993108731,-1.235498993108731,-1.235498993108731,-1.235498993108731,2.938888276786906,4.2325611480264005,-0.1368867044406219,0.9617255842274881,-1.235498993108731,-1.235498993108731,-1.235498993108731,-1.235498993108731,-1.235498993108731,-1.235498993108731,-1.235498993108731,-1.235498993108731,-1.235498993108731,1.4725512079934786,2.6146486086013274,7.351033676386119,-1.235498993108731,-1.235498993108731,2.656321305001895,-1.235498993108731,-1.235498993108731,1.1623962796896397,-1.235498993108731,-1.235498993108731,1.4725512079934786,0.7104111559465824,0.9617255842274881,-1.235498993108731,0.7104111559465824,-1.235498993108731,0.7104111559465824,1.1623962796896397,-0.1368867044406219,-1.235498993108731,-0.1368867044406219,2.6963266396155943,1.4725512079934786,6.875528845084949,2.5711634966615886,0.7104111559465824,-1.235498993108731,-1.235498993108731
SRR7146728,1,Pos,PRJNA464410,Duck,Duck,S,H,F,dabbling,Anasplatyrhynchos,"SuisunMarsh/Sunrise,SolanoCounty",7.0,-1.0084682066339123,-1.0084682066339123,-1.0084682066339123,-1.0084682066339123,-1.0084682066339123,-1.0084682066339123,-1.0084682066339123,-1.0084682066339123,-1.0084682066339123,-1.0084682066339123,-1.0084682066339123,-1.0084682066339123,-1.0084682066339123,-1.0084682066339123,-1.0084682066339123,-1.0084682066339123,-1.0084682066339123,-1.0084682066339123,-1.0084682066339123,-1.0084682066339123,1.1887563707023068,-1.0084682066339123,-1.0084682066339123,4.190028824631913,-1.0084682066339123,1.3894270661644574,0.6009697058001873,2.2104076182342878,5.390126727901295,-1.0084682066339123,4.2438052214127175,-1.0084682066339123,2.841679395076146,-1.0084682066339123,-1.0084682066339123,1.8247451374223038,1.3894270661644574,0.6009697058001873,-1.0084682066339123,-1.0084682066339123,2.5468798548555007,-1.0084682066339123,1.3894270661644574,-1.0084682066339123,2.287368659370417,-1.0084682066339123,-1.0084682066339123,-1.0084682066339123,-1.0084682066339123,-1.0084682066339123,2.2104076182342878,-1.0084682066339123,6.49757397188421,-1.0084682066339123,-1.0084682066339123,4.524921282093608,-1.0084682066339123,-1.0084682066339123,-1.0084682066339123,-1.0084682066339123,1.8247451374223038,-1.0084682066339123,0.6009697058001873,-1.0084682066339123,-1.0084682066339123,-1.0084682066339123,-1.0084682066339123,-1.0084682066339123,3.5023912998829374,-1.0084682066339123,3.9402916837442556,-1.0084682066339123,2.287368659370417,-1.0084682066339123,-1.0084682066339123,-1.0084682066339123,-1.0084682066339123,-1.0084682066339123,-1.0084682066339123
SRR7146729,1,Pos,PRJNA464410,Duck,Duck,S,H,F,dabbling,Anasplatyrhynchos,"SuisunMarsh/ArnoldRanch,SolanoCounty",7.0,-1.0487964789036255,-1.0487964789036255,-1.0487964789036255,-1.0487964789036255,-1.0487964789036255,-1.0487964789036255,-1.0487964789036255,-1.0487964789036255,-1.0487964789036255,-1.0487964789036255,-1.0487964789036255,-1.0487964789036255,-1.0487964789036255,-1.0487964789036255,-1.0487964789036255,-1.0487964789036255,-1.0487964789036255,-1.0487964789036255,-1.0487964789036255,-1.0487964789036255,-1.0487964789036255,1.1484280984325945,-1.0487964789036255,1.1484280984325945,-1.0487964789036255,1.1484280984325945,-1.0487964789036255,-1.0487964789036255,7.5660677396860585,-1.0487964789036255,3.9416361078751114,-1.0487964789036255,-1.0487964789036255,-1.0487964789036255,-1.0487964789036255,2.757866010866694,-1.0487964789036255,-1.0487964789036255,1.5161528785579117,0.897113670151688,1.8956425002628148,-1.0487964789036255,2.2470403871007036,1.1484280984325945,2.318499351082849,-1.0487964789036255,-1.0487964789036255,-1.0487964789036255,-1.0487964789036255,-1.0487964789036255,-1.0487964789036255,1.659253722198585,3.185310025693634,-1.0487964789036255,-1.0487964789036255,6.955903031645924,-1.0487964789036255,-1.0487964789036255,4.753321896473437,-1.0487964789036255,-1.0487964789036255,1.659253722198585,-1.0487964789036255,0.560641433530475,-1.0487964789036255,2.614765167226021,-1.0487964789036255,-1.0487964789036255,3.417111639750958,-1.0487964789036255,-1.0487964789036255,-1.0487964789036255,-1.0487964789036255,-1.0487964789036255,1.8956425002628148,-1.0487964789036255,-1.0487964789036255,5.346465119211825,-1.0487964789036255
SRR7146730,1,Pos,PRJNA464410,Duck,Duck,FW,H,M,filter,Anasclypeata,"SacramentoNationalWildlifeRefuge,GlennCounty",10.0,-0.9549692351238939,-0.9549692351238939,-0.9549692351238939,-0.9549692351238939,-0.9549692351238939,-0.9549692351238939,-0.9549692351238939,-0.9549692351238939,-0.9549692351238939,-0.9549692351238939,-0.9549692351238939,-0.9549692351238939,-0.9549692351238939,-0.9549692351238939,-0.9549692351238939,-0.9549692351238939,-0.9549692351238939,-0.9549692351238939,-0.9549692351238939,-0.9549692351238939,-0.9549692351238939,-0.9549692351238939,0.14364305354421525,5.71579708572198,-0.9549692351238939,2.4790179693612515,-0.9549692351238939,-0.9549692351238939,-0.9549692351238939,-0.9549692351238939,-0.9549692351238939,-0.9549692351238939,-0.9549692351238939,-0.9549692351238939,-0.9549692351238939,-0.9549692351238939,-0.9549692351238939,1.442926037674476,2.0895532025995287,-0.9549692351238939,-0.9549692351238939,-0.9549692351238939,-0.9549692351238939,-0.9549692351238939,-0.9549692351238939,-0.9549692351238939,-0.9549692351238939,-0.9549692351238939,-0.9549692351238939,2.8516932546464258,7.394751602348594,-0.9549692351238939,3.857215120248523,-0.9549692351238939,2.41232659486258,5.62843998703487,-0.9549692351238939,-0.9549692351238939,-0.9549692351238939,-0.9549692351238939,-0.9549692351238939,-0.9549692351238939,-0.9549692351238939,-0.9549692351238939,-0.9549692351238939,-0.9549692351238939,-0.9549692351238939,3.219418034771743,0.9909409139314187,5.835128000390011,-0.9549692351238939,2.180524980805255,1.2422553422123253,1.8782441089323214,7.01300394453904,-0.9549692351238939,-0.9549692351238939,1.8782441089323214,-0.9549692351238939
SRR7146731,1,Pos,PRJNA464410,Duck,Duck,S,H,M,dabbling,Anasplatyrhynchos,"SuisunMarsh/Sunrise,SolanoCounty",7.0,-0.7654880343487953,-0.7654880343487953,-0.7654880343487953,-0.7654880343487953,-0.7654880343487953,-0.7654880343487953,-0.7654880343487953,-0.7654880343487953,-0.7654880343487953,-0.7654880343487953,-0.7654880343487953,-0.7654880343487953,-0.7654880343487953,-0.7654880343487953,-0.7654880343487953,-0.7654880343487953,-0.7654880343487953,-0.7654880343487953,-0.7654880343487953,-0.7654880343487953,0.3331242543193138,-0.7654880343487953,-0.7654880343487953,-0.7654880343487953,-0.7654880343487953,-0.7654880343487953,-0.7654880343487953,-0.7654880343487953,5.470881555854909,-0.7654880343487953,3.653352573447803,-0.7654880343487953,2.530348831655534,-0.7654880343487953,-0.7654880343487953,-0.7654880343487953,1.1804221147065181,3.7883888572517455,4.5075115242149515,-0.7654880343487953,1.4317365429874247,-0.7654880343487953,-0.7654880343487953,-0.7654880343487953,1.9425621667534152,-0.7654880343487953,-0.7654880343487953,-0.7654880343487953,-0.7654880343487953,-0.7654880343487953,-0.7654880343487953,4.829223345253044,8.288081561677439,2.3700061815803544,-0.7654880343487953,4.443998118492626,-0.7654880343487953,-0.7654880343487953,-0.7654880343487953,-0.7654880343487953,-0.7654880343487953,-0.7654880343487953,-0.7654880343487953,-0.7654880343487953,-0.7654880343487953,-0.7654880343487953,-0.7654880343487953,-0.7654880343487953,2.7898600271406186,-0.7654880343487953,-0.7654880343487953,-0.7654880343487953,-0.7654880343487953,-0.7654880343487953,1.4317365429874247,-0.7654880343487953,-0.7654880343487953,-0.7654880343487953,-0.7654880343487953
SRR7146732,1,Pos,PRJNA464410,Duck,Duck,S,H,M,dabbling,Anasplatyrhynchos,"SuisunMarsh/ArnoldRanch,SolanoCounty",7.0,-1.6260022833160006,-1.6260022833160006,-1.6260022833160006,-1.6260022833160006,-1.6260022833160006,-1.6260022833160006,-1.6260022833160006,-1.6260022833160006,-1.6260022833160006,-1.6260022833160006,-1.6260022833160006,-1.6260022833160006,-1.6260022833160006,-1.6260022833160006,-1.6260022833160006,-1.6260022833160006,-1.6260022833160006,-1.6260022833160006,-1.6260022833160006,-1.6260022833160006,0.7718929894823692,-1.6260022833160006,-1.6260022833160006,2.037559362813645,-1.6260022833160006,0.7718929894823692,-1.6260022833160006,2.0875697833883065,1.3184366958504388,-1.6260022833160006,4.652519140849844,3.735289882393424,2.989118233525258,2.9487086951873813,-1.6260022833160006,-1.6260022833160006,1.8705052781504792,1.9293457781734125,3.550147449257828,-1.6260022833160006,2.906597209837255,-1.6260022833160006,4.3324224097137805,2.816648973174315,-1.6260022833160006,-0.01656437088190099,-1.6260022833160006,0.7718929894823692,-1.6260022833160006,-1.6260022833160006,3.6051063335385853,5.526266572716538,5.588502130835142,-1.6260022833160006,-1.6260022833160006,3.615744731743641,-1.6260022833160006,-1.6260022833160006,-1.6260022833160006,-1.6260022833160006,-1.6260022833160006,6.687114419503252,1.8079849211691448,3.5613835225247534,-1.6260022833160006,4.503047926744544,-1.6260022833160006,-1.6260022833160006,2.180660206454318,2.7928383244805968,-1.6260022833160006,-1.6260022833160006,3.58348386952542,-1.6260022833160006,-1.6260022833160006,-1.6260022833160006,-1.6260022833160006,-1.6260022833160006,-1.6260022833160006
SRR7146733,1,Pos,PRJNA464410,Duck,Duck,S,H,M,dabbling,Anasplatyrhynchos,"SuisunMarsh/Sunrise,SolanoCounty",7.0,-1.3310451970588728,-1.3310451970588728,-1.3310451970588728,-1.3310451970588728,-1.3310451970588728,-1.3310451970588728,-1.3310451970588728,-1.3310451970588728,-1.3310451970588728,-1.3310451970588728,-1.3310451970588728,-1.3310451970588728,-1.3310451970588728,-1.3310451970588728,-1.3310451970588728,-1.3310451970588728,-1.3310451970588728,-1.3310451970588728,-1.3310451970588728,-1.3310451970588728,-0.23243290839076192,0.8661793802773472,1.5021681469973442,2.5191024046511865,-1.3310451970588728,2.165462364407608,-1.3310451970588728,-1.3310451970588728,4.355930159280948,0.6148649519964415,3.3603026851702715,-1.3310451970588728,2.382526869645436,-1.3310451970588728,-1.3310451970588728,0.2783927153752286,1.0668500757394987,-1.3310451970588728,5.492240925296815,-1.3310451970588728,1.6133937821075683,0.6148649519964415,-1.3310451970588728,-1.3310451970588728,1.3770050040433377,-1.3310451970588728,-1.3310451970588728,0.8661793802773472,-0.23243290839076192,2.873647422332094,2.224302864430542,3.972259711000204,7.4161479864680615,-1.3310451970588728,1.5021681469973442,3.588935728769253,-1.3310451970588728,-1.3310451970588728,2.382526869645436,1.0668500757394987,-1.3310451970588728,-1.3310451970588728,-1.3310451970588728,0.6148649519964415,-1.3310451970588728,-1.3310451970588728,-1.3310451970588728,0.6148649519964415,2.6392467164932496,-1.3310451970588728,1.7134772406645506,-1.3310451970588728,-1.3310451970588728,-1.3310451970588728,-1.3310451970588728,-1.3310451970588728,-1.3310451970588728,6.00132400887019,-1.3310451970588728
SRR7146734,1,Pos,PRJNA464410,Duck,Duck,S,H,F,dabbling,Anasplatyrhynchos,"SuisunMarsh/ArnoldRanch,SolanoCounty",7.0,-1.0490863484690287,-1.0490863484690287,-1.0490863484690287,-1.0490863484690287,-1.0490863484690287,-1.0490863484690287,-1.0490863484690287,-1.0490863484690287,-1.0490863484690287,-1.0490863484690287,-1.0490863484690287,-1.0490863484690287,-1.0490863484690287,-1.0490863484690287,-1.0490863484690287,-1.0490863484690287,-1.0490863484690287,-1.0490863484690287,-1.0490863484690287,2.561831564175196,1.658963852633181,-1.0490863484690287,-1.0490863484690287,-1.0490863484690287,-1.0490863484690287,-1.0490863484690287,-1.0490863484690287,-1.0490863484690287,-1.0490863484690287,-1.0490863484690287,5.509111454343239,-1.0490863484690287,4.044663852337734,-1.0490863484690287,-1.0490863484690287,-1.0490863484690287,3.320361503997993,-1.0490863484690287,-1.0490863484690287,-1.0490863484690287,2.3849008560161176,1.348808924329342,2.1697894763991723,3.9276473939515455,3.2135935285722868,-1.0490863484690287,-1.0490863484690287,-1.0490863484690287,-1.0490863484690287,-1.0490863484690287,-1.0490863484690287,6.958946498500279,7.4655034570770935,-1.0490863484690287,-1.0490863484690287,4.019817853751203,-1.0490863484690287,-1.0490863484690287,-1.0490863484690287,1.1481382288671904,-1.0490863484690287,4.418973792666103,0.04952594019908041,-1.0490863484690287,-1.0490863484690287,4.339985381347472,-1.0490863484690287,-1.0490863484690287,2.318209481517445,-1.0490863484690287,-1.0490863484690287,-1.0490863484690287,-1.0490863484690287,-1.0490863484690287,2.086407867460121,-1.0490863484690287,-1.0490863484690287,-1.0490863484690287,-1.0490863484690287
SRR7146735,1,Pos,PRJNA464410,Duck,Duck,S,H,M,dabbling,Anasplatyrhynchos,"SuisunMarsh/ArnoldRanch,SolanoCounty",7.0,-1.5553306709872023,-1.5553306709872023,-1.5553306709872023,-1.5553306709872023,-1.5553306709872023,-1.5553306709872023,-1.5553306709872023,-1.5553306709872023,-1.5553306709872023,-1.5553306709872023,-1.5553306709872023,-1.5553306709872023,-1.5553306709872023,-1.5553306709872023,-1.5553306709872023,-1.5553306709872023,-1.5553306709872023,-1.5553306709872023,-1.5553306709872023,2.0555872416570216,-1.5553306709872023,1.1527195301150073,-1.5553306709872023,-1.5553306709872023,-1.5553306709872023,-1.5553306709872023,-1.5553306709872023,-1.5553306709872023,4.752767770522328,3.4351019157915337,4.704250793077721,-1.5553306709872023,-1.5553306709872023,-1.5553306709872023,-1.5553306709872023,1.6635451538809978,2.452002514245268,-1.5553306709872023,4.164981105620209,-1.5553306709872023,3.0397891791473874,0.8425646018111683,5.9916434465293245,-1.5553306709872023,3.53841952981956,-1.5553306709872023,-1.5553306709872023,-0.45671838231909323,-1.5553306709872023,-1.5553306709872023,-1.5553306709872023,6.109015961111415,6.080456190408381,3.9127294701479287,-1.5553306709872023,5.120492550647645,-1.5553306709872023,1.1527195301150073,-1.5553306709872023,2.7351287701611886,3.7479742370718734,2.7621574425491078,-1.5553306709872023,1.878656533497944,-1.5553306709872023,3.0597898458540564,-1.5553306709872023,-1.5553306709872023,3.8696193464942,-1.5553306709872023,3.824566682553257,-1.5553306709872023,0.8425646018111683,-1.5553306709872023,-1.5553306709872023,-1.5553306709872023,-1.5553306709872023,-1.5553306709872023,-1.5553306709872023
SRR7146736,1,Pos,PRJNA464410,Duck,Duck,FW,H,F,dabbling,Anasacuta,"SacramentoNationalWildlifeRefuge,GlennCounty",11.0,-0.9369218061874411,-0.9369218061874411,-0.9369218061874411,-0.9369218061874411,-0.9369218061874411,-0.9369218061874411,-0.9369218061874411,-0.9369218061874411,-0.9369218061874411,-0.9369218061874411,-0.9369218061874411,-0.9369218061874411,-0.9369218061874411,-0.9369218061874411,-0.9369218061874411,-0.9369218061874411,-0.9369218061874411,-0.9369218061874411,-0.9369218061874411,-0.9369218061874411,-0.9369218061874411,-0.9369218061874411,-0.9369218061874411,4.169023667713139,0.6725161062466585,-0.9369218061874411,-0.9369218061874411,-0.9369218061874411,1.4609734666109286,-0.9369218061874411,1.0089883428678714,-0.9369218061874411,-0.9369218061874411,-0.9369218061874411,-0.9369218061874411,-0.9369218061874411,-0.9369218061874411,-0.9369218061874411,3.2374654637081948,-0.9369218061874411,-0.9369218061874411,-0.9369218061874411,-0.9369218061874411,-0.9369218061874411,-0.9369218061874411,-0.9369218061874411,-0.9369218061874411,0.6725161062466585,1.0089883428678714,-0.9369218061874411,3.457527348484997,-0.9369218061874411,7.622372561247431,3.6169550854130987,-0.9369218061874411,4.672549988997518,-0.9369218061874411,-0.9369218061874411,-0.9369218061874411,0.6725161062466585,-0.9369218061874411,4.6870956999998965,-0.9369218061874411,-0.9369218061874411,-0.9369218061874411,3.637789172315941,-0.9369218061874411,-0.9369218061874411,1.0089883428678714,-0.9369218061874411,-0.9369218061874411,2.6739961064567828,0.16169048248066797,1.6280275512740952,3.5956776869658142,-0.9369218061874411,-0.9369218061874411,-0.9369218061874411,5.612728936046368
SRR7146738,1,Pos,PRJNA464410,Duck,Duck,FW,H,U,filter,Anasclypeata,"SacramentoNationalWildlifeRefuge,GlennCounty",11.0,-0.9533584156402295,-0.9533584156402295,-0.9533584156402295,-0.9533584156402295,-0.9533584156402295,-0.9533584156402295,-0.9533584156402295,-0.9533584156402295,-0.9533584156402295,-0.9533584156402295,-0.9533584156402295,-0.9533584156402295,-0.9533584156402295,-0.9533584156402295,-0.9533584156402295,-0.9533584156402295,-0.9533584156402295,-0.9533584156402295,-0.9533584156402295,-0.9533584156402295,-0.9533584156402295,-0.9533584156402295,-0.9533584156402295,2.89678918606983,1.2438661616959905,-0.9533584156402295,-0.9533584156402295,0.9925517334150848,0.6560794967938719,-0.9533584156402295,1.444536857158142,-0.9533584156402295,-0.9533584156402295,-0.9533584156402295,-0.9533584156402295,-0.9533584156402295,-0.9533584156402295,1.444536857158142,0.6560794967938719,-0.9533584156402295,0.6560794967938719,-0.9533584156402295,-0.9533584156402295,3.7006019345172945,-0.9533584156402295,-0.9533584156402295,-0.9533584156402295,-0.9533584156402295,-0.9533584156402295,1.8798549284159876,0.1452538730278814,5.4907728410602115,7.927505194227128,-0.9533584156402295,-0.9533584156402295,3.8908286708183626,-0.9533584156402295,-0.9533584156402295,-0.9533584156402295,-0.9533584156402295,-0.9533584156402295,-0.9533584156402295,-0.9533584156402295,-0.9533584156402295,3.416089436826793,-0.9533584156402295,0.9925517334150848,-0.9533584156402295,-0.9533584156402295,-0.9533584156402295,-0.9533584156402295,3.825765077471301,2.091164022083194,-0.9533584156402295,5.201499678376189,-0.9533584156402295,-0.9533584156402295,0.6560794967938719,6.086301934221847
SRR7146739,0,Neg,PRJNA464410,Duck,Duck,S,H,M,dabbling,Anasplatyrhynchos,"SuisunMarsh/Balboa,SolanoCounty",7.0,-1.254624319267811,-1.254624319267811,-1.254624319267811,-1.254624319267811,-1.254624319267811,-1.254624319267811,-1.254624319267811,-1.254624319267811,-1.254624319267811,-1.254624319267811,-1.254624319267811,-1.254624319267811,-1.254624319267811,-1.254624319267811,-1.254624319267811,-1.254624319267811,-1.254624319267811,-1.254624319267811,-1.254624319267811,-1.254624319267811,-1.254624319267811,-1.254624319267811,-1.254624319267811,0.3548135931662886,-1.254624319267811,-1.254624319267811,-1.254624319267811,-1.254624319267811,6.037712856906066,4.0683856598705965,1.3103250381937253,-1.254624319267811,-1.254624319267811,-1.254624319267811,-1.254624319267811,0.3548135931662886,-0.15601203059970192,1.3103250381937253,6.292349798248715,-1.254624319267811,-1.254624319267811,0.3548135931662886,6.853396902108935,-1.254624319267811,-1.254624319267811,-1.254624319267811,-0.15601203059970192,-1.254624319267811,-1.254624319267811,-1.254624319267811,-1.254624319267811,3.472763499444529,5.792022958580944,3.2992525723327297,-1.254624319267811,3.4367235629613324,2.1793628852173352,-0.15601203059970192,2.8562495449054994,2.356293593376413,-1.254624319267811,-1.254624319267811,-1.254624319267811,2.041212546736518,-1.254624319267811,-1.254624319267811,-1.254624319267811,-1.254624319267811,4.2466338912769155,-1.254624319267811,5.31204811053543,-1.254624319267811,2.6772013134565142,-1.254624319267811,4.865673099683139,-1.254624319267811,-1.254624319267811,-1.254624319267811,-1.254624319267811
SRR7146740,1,Pos,PRJNA464410,Duck,Duck,FW,A,M,filter,Anasclypeata,"SacramentoNationalWildlifeRefuge,GlennCounty",11.0,-1.2935037370197051,-1.2935037370197051,-1.2935037370197051,-1.2935037370197051,-1.2935037370197051,-1.2935037370197051,-1.2935037370197051,-1.2935037370197051,-1.2935037370197051,-1.2935037370197051,-1.2935037370197051,-1.2935037370197051,-1.2935037370197051,-1.2935037370197051,-1.2935037370197051,-1.2935037370197051,-1.2935037370197051,-1.2935037370197051,-1.2935037370197051,0.3159341754143963,-1.2935037370197051,-1.2935037370197051,-1.2935037370197051,-1.2935037370197051,-1.2935037370197051,-1.2935037370197051,0.3159341754143963,0.6524064120356092,2.556643864690354,-1.2935037370197051,3.9268520880586206,-1.2935037370197051,-1.2935037370197051,2.638321895704621,-1.2935037370197051,1.1043915357786664,-1.2935037370197051,1.7510187007037183,1.650935242146736,-1.2935037370197051,-1.2935037370197051,0.9037208403165149,-1.2935037370197051,5.227117390538991,-1.2935037370197051,-1.2935037370197051,-1.2935037370197051,-1.2935037370197051,-1.2935037370197051,-1.2935037370197051,-1.2935037370197051,3.824490075397051,7.375036206891057,-1.2935037370197051,-1.2935037370197051,6.154830123877771,-1.2935037370197051,-1.2935037370197051,3.1724043816348795,-1.2935037370197051,-1.2935037370197051,2.638321895704621,-0.19489144835159422,1.1043915357786664,-1.2935037370197051,1.9253720878484968,1.539709607036512,-1.2935037370197051,1.271445620441833,-1.2935037370197051,-1.2935037370197051,4.795541138427142,3.3793250974422016,-1.2935037370197051,2.3174141756245206,-1.2935037370197051,-1.2935037370197051,4.44628917515953,3.7627420683286035
SRR7146741,0,Neg,PRJNA464410,Duck,Duck,FW,A,M,dabbling,Anasamericana,"SacramentoNationalWildlifeRefuge,GlennCounty",1.0,-1.8270182580868344,-1.8270182580868344,-1.8270182580868344,-1.8270182580868344,-1.8270182580868344,-1.8270182580868344,-1.8270182580868344,-1.8270182580868344,-1.8270182580868344,-1.8270182580868344,-1.8270182580868344,-1.8270182580868344,-1.8270182580868344,-1.8270182580868344,-1.8270182580868344,-1.8270182580868344,-1.8270182580868344,-1.8270182580868344,-1.8270182580868344,2.4634411830615566,2.180314927145637,3.107455675043858,-1.8270182580868344,2.6388898605677493,-1.8270182580868344,2.4070882465104253,-1.8270182580868344,-1.8270182580868344,5.075724479071758,-1.8270182580868344,5.743940325082177,-1.8270182580868344,-1.8270182580868344,-1.8270182580868344,2.9851660972855836,-1.8270182580868344,3.505700535178535,-1.8270182580868344,1.3084759578423153,-1.8270182580868344,3.6240201954788662,2.435661618954481,2.283855606086477,-1.8270182580868344,2.7476927204165484,-1.8270182580868344,3.107455675043858,2.435661618954481,-1.8270182580868344,-1.8270182580868344,0.37020631924938563,2.6616181116453053,5.994223825436723,-1.8270182580868344,-1.8270182580868344,5.511869875752045,1.5402775718996402,2.023129343623224,5.079736520561719,2.7476927204165484,-1.8270182580868344,-1.8270182580868344,-1.8270182580868344,2.2505191858188853,-1.8270182580868344,-1.8270182580868344,1.217504179636589,-1.8270182580868344,1.9796442316834852,2.4904698554494766,-1.8270182580868344,-1.8270182580868344,-1.8270182580868344,-1.8270182580868344,1.5402775718996402,2.023129343623224,-1.8270182580868344,2.216033009747716,-1.8270182580868344
SRR7146743,1,Pos,PRJNA464410,Duck,Duck,S,H,M,dabbling,Anasplatyrhynchos,"SuisunMarsh/ArnoldRanch,SolanoCounty",7.0,-0.7493647502750846,-0.7493647502750846,-0.7493647502750846,-0.7493647502750846,-0.7493647502750846,-0.7493647502750846,-0.7493647502750846,-0.7493647502750846,-0.7493647502750846,-0.7493647502750846,-0.7493647502750846,-0.7493647502750846,-0.7493647502750846,-0.7493647502750846,-0.7493647502750846,-0.7493647502750846,-0.7493647502750846,-0.7493647502750846,-0.7493647502750846,-0.7493647502750846,-0.7493647502750846,-0.7493647502750846,-0.7493647502750846,-0.7493647502750846,-0.7493647502750846,-0.7493647502750846,-0.7493647502750846,-0.7493647502750846,7.245941870015738,-0.7493647502750846,4.523634808288662,-0.7493647502750846,0.34924753839302447,-0.7493647502750846,-0.7493647502750846,-0.7493647502750846,0.8600731621590159,-0.7493647502750846,-0.7493647502750846,-0.7493647502750846,2.386129465654065,-0.7493647502750846,7.538415276813348,-0.7493647502750846,1.9586854508271259,-0.7493647502750846,0.34924753839302447,-0.7493647502750846,-0.7493647502750846,-0.7493647502750846,-0.7493647502750846,-0.7493647502750846,2.0838485937811315,-0.7493647502750846,-0.7493647502750846,6.640199203402551,-0.7493647502750846,-0.7493647502750846,-0.7493647502750846,-0.7493647502750846,5.25944843516751,-0.7493647502750846,-0.7493647502750846,-0.7493647502750846,-0.7493647502750846,-0.7493647502750846,-0.7493647502750846,-0.7493647502750846,2.8059833112143293,-0.7493647502750846,5.847780951611567,-0.7493647502750846,-0.7493647502750846,-0.7493647502750846,-0.7493647502750846,-0.7493647502750846,-0.7493647502750846,0.8600731621590159,-0.7493647502750846
SRR7146744,1,Pos,PRJNA464410,Duck,Duck,FW,U,F,dabbling,Anasplatyrhynchos,"ConawayRanch,YoloCounty",12.0,-1.07239801961963,-1.07239801961963,-1.07239801961963,-1.07239801961963,-1.07239801961963,-1.07239801961963,-1.07239801961963,-1.07239801961963,-1.07239801961963,-1.07239801961963,-1.07239801961963,-1.07239801961963,-1.07239801961963,-1.07239801961963,-1.07239801961963,-1.07239801961963,-1.07239801961963,-1.07239801961963,-1.07239801961963,-1.07239801961963,-1.07239801961963,-1.07239801961963,-1.07239801961963,3.218061421528761,-1.07239801961963,3.4602014735336253,-1.07239801961963,2.361589184865516,4.260320773645739,-1.07239801961963,2.2948978103668436,-1.07239801961963,-1.07239801961963,2.0630961963095196,-1.07239801961963,-1.07239801961963,0.5370398928144704,4.370019690902163,1.124826557716589,-1.07239801961963,-1.07239801961963,-1.07239801961963,-1.07239801961963,1.124826557716589,-1.07239801961963,-1.07239801961963,-1.07239801961963,-1.07239801961963,-1.07239801961963,-1.07239801961963,-1.07239801961963,4.298240008508032,7.73701692429042,-1.07239801961963,-1.07239801961963,5.902080891405415,-1.07239801961963,-1.07239801961963,-1.07239801961963,-1.07239801961963,-1.07239801961963,2.7342644701506895,2.591163626510016,-1.07239801961963,-1.07239801961963,-1.07239801961963,-1.07239801961963,-1.07239801961963,2.482950041869783,-1.07239801961963,-1.07239801961963,-1.07239801961963,4.021352181187132,-1.07239801961963,4.080893574878148,-1.07239801961963,-1.07239801961963,5.681039898978149,-1.07239801961963
SRR7146745,1,Pos,PRJNA464410,Duck,Duck,S,H,F,dabbling,Anasplatyrhynchos,"SuisunMarsh/ArnoldRanch,SolanoCounty",7.0,-0.7637536918868957,-0.7637536918868957,-0.7637536918868957,-0.7637536918868957,-0.7637536918868957,-0.7637536918868957,-0.7637536918868957,-0.7637536918868957,-0.7637536918868957,-0.7637536918868957,-0.7637536918868957,-0.7637536918868957,-0.7637536918868957,-0.7637536918868957,-0.7637536918868957,-0.7637536918868957,-0.7637536918868957,-0.7637536918868957,-0.7637536918868957,-0.7637536918868957,-0.7637536918868957,-0.7637536918868957,-0.7637536918868957,2.8998079542427506,-0.7637536918868957,-0.7637536918868957,-0.7637536918868957,-0.7637536918868957,6.729006609035483,-0.7637536918868957,-0.7637536918868957,-0.7637536918868957,-0.7637536918868957,-0.7637536918868957,-0.7637536918868957,-0.7637536918868957,-0.7637536918868957,-0.7637536918868957,4.354240120529859,-0.7637536918868957,-0.7637536918868957,-0.7637536918868957,1.8011956655746406,-0.7637536918868957,-0.7637536918868957,-0.7637536918868957,-0.7637536918868957,1.4334708854493234,-0.7637536918868957,-0.7637536918868957,-0.7637536918868957,2.371740524042254,7.977382731014115,3.042908797883424,-0.7637536918868957,5.464757311704288,-0.7637536918868957,-0.7637536918868957,-0.7637536918868957,-0.7637536918868957,-0.7637536918868957,-0.7637536918868957,-0.7637536918868957,-0.7637536918868957,-0.7637536918868957,-0.7637536918868957,-0.7637536918868957,-0.7637536918868957,0.8456842205472039,-0.7637536918868957,2.5320831741174334,-0.7637536918868957,-0.7637536918868957,-0.7637536918868957,5.038364683490167,-0.7637536918868957,-0.7637536918868957,5.9171009869033195,-0.7637536918868957
SRR7146746,1,Pos,PRJNA464410,Duck,Duck,S,H,M,dabbling,Anasplatyrhynchos,"SuisunMarsh/ArnoldRanch,SolanoCounty",7.0,-1.2700908268819981,-1.2700908268819981,-1.2700908268819981,-1.2700908268819981,-1.2700908268819981,-1.2700908268819981,-1.2700908268819981,-1.2700908268819981,-1.2700908268819981,-1.2700908268819981,-1.2700908268819981,-1.2700908268819981,-1.2700908268819981,-1.2700908268819981,-1.2700908268819981,-1.2700908268819981,-1.2700908268819981,-1.2700908268819981,-1.2700908268819981,1.563122517174218,-1.2700908268819981,1.7744316108414244,3.2185455428501415,3.8946951470415154,-1.2700908268819981,-1.2700908268819981,-1.2700908268819981,-1.2700908268819981,7.250895162772935,5.827458023732794,4.286737234817539,2.5800567748280603,3.7733342900372486,-1.2700908268819981,-1.2700908268819981,-1.2700908268819981,1.4379593742202115,-1.2700908268819981,-1.2700908268819981,-1.2700908268819981,1.948784997986202,-1.2700908268819981,-1.2700908268819981,-1.2700908268819981,1.4379593742202115,-1.2700908268819981,-1.2700908268819981,1.1278044459163725,-1.2700908268819981,-1.2700908268819981,0.927133750454221,1.2948585305795381,3.8832007676157803,2.025746039122331,1.563122517174218,6.338283647498785,-1.2700908268819981,-1.2700908268819981,-1.2700908268819981,3.9502649981963267,0.927133750454221,-1.2700908268819981,-1.2700908268819981,-1.2700908268819981,-1.2700908268819981,-1.2700908268819981,-1.2700908268819981,2.9042964430136387,4.791366092046019,-1.2700908268819981,-1.2700908268819981,-1.2700908268819981,-1.2700908268819981,-1.2700908268819981,-1.2700908268819981,-1.2700908268819981,-1.2700908268819981,1.1278044459163725,-1.2700908268819981
SRR7146747,1,Pos,PRJNA464410,Duck,Duck,S,H,M,dabbling,Anasplatyrhynchos,"SuisunMarsh/ArnoldRanch,SolanoCounty",7.0,-0.4539012866821839,-0.4539012866821839,-0.4539012866821839,-0.4539012866821839,-0.4539012866821839,-0.4539012866821839,-0.4539012866821839,-0.4539012866821839,-0.4539012866821839,-0.4539012866821839,-0.4539012866821839,-0.4539012866821839,-0.4539012866821839,-0.4539012866821839,-0.4539012866821839,-0.4539012866821839,-0.4539012866821839,-0.4539012866821839,-0.4539012866821839,-0.4539012866821839,-0.4539012866821839,-0.4539012866821839,-0.4539012866821839,-0.4539012866821839,-0.4539012866821839,-0.4539012866821839,-0.4539012866821839,-0.4539012866821839,-0.4539012866821839,-0.4539012866821839,4.405911117679488,-0.4539012866821839,-0.4539012866821839,-0.4539012866821839,-0.4539012866821839,-0.4539012866821839,2.5906211510412387,-0.4539012866821839,-0.4539012866821839,1.4920088623731287,0.6447110019859252,-0.4539012866821839,-0.4539012866821839,-0.4539012866821839,2.3793120573740314,-0.4539012866821839,-0.4539012866821839,-0.4539012866821839,-0.4539012866821839,-0.4539012866821839,-0.4539012866821839,4.374412450620117,8.709661893735069,2.681592929246966,-0.4539012866821839,4.494858603695984,-0.4539012866821839,-0.4539012866821839,-0.4539012866821839,-0.4539012866821839,-0.4539012866821839,-0.4539012866821839,-0.4539012866821839,-0.4539012866821839,-0.4539012866821839,-0.4539012866821839,-0.4539012866821839,-0.4539012866821839,-0.4539012866821839,-0.4539012866821839,-0.4539012866821839,-0.4539012866821839,-0.4539012866821839,-0.4539012866821839,-0.4539012866821839,-0.4539012866821839,-0.4539012866821839,-0.4539012866821839,-0.4539012866821839
SRR7146748,0,Neg,PRJNA464410,Duck,Duck,FW,U,M,filter,Anasclypeata,"SacramentoNationalWildlifeRefuge,GlennCounty",1.0,-1.1039987468198458,-1.1039987468198458,-1.1039987468198458,-1.1039987468198458,-1.1039987468198458,-1.1039987468198458,-1.1039987468198458,-1.1039987468198458,-1.1039987468198458,-1.1039987468198458,-1.1039987468198458,-1.1039987468198458,-1.1039987468198458,-1.1039987468198458,-1.1039987468198458,-1.1039987468198458,-1.1039987468198458,-1.1039987468198458,-1.1039987468198458,-1.1039987468198458,-1.1039987468198458,-1.1039987468198458,-1.1039987468198458,4.948090422104572,-1.1039987468198458,-0.005386458151734885,-1.1039987468198458,-1.1039987468198458,-1.1039987468198458,-1.1039987468198458,2.7461488548902135,-1.1039987468198458,1.4609506106416914,-1.1039987468198458,-1.1039987468198458,-0.005386458151734885,1.2938965259785258,-1.1039987468198458,1.0932258305163742,-0.005386458151734885,0.8419114022354686,0.8419114022354686,1.9405236909035777,-1.1039987468198458,1.6040514542823647,-1.1039987468198458,0.8419114022354686,-1.1039987468198458,-1.1039987468198458,-1.1039987468198458,-1.1039987468198458,6.330258635313291,7.6431944367070885,-1.1039987468198458,-1.1039987468198458,5.8420152442793825,-1.1039987468198458,2.392508814646635,3.6409333815434053,0.5054391656142556,-1.1039987468198458,-1.1039987468198458,-1.1039987468198458,2.7461488548902135,-1.1039987468198458,-1.1039987468198458,-1.1039987468198458,-1.1039987468198458,0.8419114022354686,-1.1039987468198458,1.6040514542823647,-1.1039987468198458,-1.1039987468198458,-1.1039987468198458,3.568830087642061,-1.1039987468198458,2.506919165824379,2.787821551290781,0.5054391656142556
SRR7146749,1,Pos,PRJNA464410,Duck,Duck,FW,U,F,dabbling,Anasamericana,"SacramentoNationalWildlifeRefuge,GlennCounty",10.0,-1.7513414857768073,-1.7513414857768073,-1.7513414857768073,-1.7513414857768073,-1.7513414857768073,-1.7513414857768073,-1.7513414857768073,-1.7513414857768073,-1.7513414857768073,-1.7513414857768073,-1.7513414857768073,-1.7513414857768073,-1.7513414857768073,-1.7513414857768073,-1.7513414857768073,-1.7513414857768073,-1.7513414857768073,-1.7513414857768073,-1.7513414857768073,-1.7513414857768073,-1.7513414857768073,-1.7513414857768073,-1.7513414857768073,-1.7513414857768073,-1.7513414857768073,-1.7513414857768073,-1.7513414857768073,3.0769722515254934,3.123855837424344,-1.7513414857768073,3.330062879207655,2.291709782057743,-1.7513414857768073,2.8637790310644515,1.3841527301523424,1.9622305809274998,-1.7513414857768073,3.955768778972068,4.549444308886437,-1.7513414857768073,1.081871858279408,-1.7513414857768073,-1.7513414857768073,-1.7513414857768073,0.44588309155941186,-1.7513414857768073,1.4675343390913929,-1.7513414857768073,-1.7513414857768073,-1.7513414857768073,-1.7513414857768073,2.2189504277753143,6.520206888978707,0.9567087153254024,-1.7513414857768073,4.207083207252975,2.566146627759503,-1.7513414857768073,4.650575710950378,1.2931809519466153,-1.7513414857768073,3.7899220593816185,2.511338391264508,2.5391179553715837,-1.7513414857768073,2.566146627759503,2.4827650188204515,-1.7513414857768073,2.8025354058237335,-1.7513414857768073,-1.7513414857768073,5.569185476495932,5.196595582838161,-1.7513414857768073,3.342408715029955,0.6465537870215625,-1.7513414857768073,-1.7513414857768073,2.4230457841188295
SRR7146750,1,Pos,PRJNA464410,Duck,Duck,FW,U,F,dabbling,Anasamericana,"SacramentoNationalWildlifeRefuge,GlennCounty",11.0,-0.8986303617427538,-0.8986303617427538,-0.8986303617427538,-0.8986303617427538,-0.8986303617427538,-0.8986303617427538,-0.8986303617427538,-0.8986303617427538,-0.8986303617427538,-0.8986303617427538,-0.8986303617427538,-0.8986303617427538,-0.8986303617427538,-0.8986303617427538,-0.8986303617427538,-0.8986303617427538,-0.8986303617427538,-0.8986303617427538,-0.8986303617427538,-0.8986303617427538,-0.8986303617427538,-0.8986303617427538,-0.8986303617427538,-0.8986303617427538,-0.8986303617427538,-0.8986303617427538,-0.8986303617427538,2.0458086174236865,3.244504364648779,-0.8986303617427538,2.597877199723726,-0.8986303617427538,1.499264911055616,1.8094198393594558,-0.8986303617427538,0.7108075506913458,0.7108075506913458,2.0458086174236865,1.9345829823134615,-0.8986303617427538,-0.8986303617427538,-0.8986303617427538,0.19998192692535532,2.5353568427423925,-0.8986303617427538,-0.8986303617427538,-0.8986303617427538,-0.8986303617427538,-0.8986303617427538,-0.8986303617427538,-0.8986303617427538,2.3202454631254463,7.218383725994556,-0.8986303617427538,-0.8986303617427538,-0.8986303617427538,-0.8986303617427538,-0.8986303617427538,-0.8986303617427538,-0.8986303617427538,1.2985942155934653,3.8463017666204955,-0.8986303617427538,-0.8986303617427538,-0.8986303617427538,2.236863854186396,-0.8986303617427538,-0.8986303617427538,-0.8986303617427538,-0.8986303617427538,2.0458086174236865,-0.8986303617427538,4.781542247274313,-0.8986303617427538,7.7913389736239065,-0.8986303617427538,-0.8986303617427538,2.145892075980669,-0.8986303617427538
SRR7146751,0,Neg,PRJNA464410,Duck,Duck,FW,U,M,dabbling,Anascarolinensis,"ConawayRanch,YoloCounty",10.0,-1.3343700891361197,-1.3343700891361197,-1.3343700891361197,-1.3343700891361197,-1.3343700891361197,-1.3343700891361197,-1.3343700891361197,-1.3343700891361197,-1.3343700891361197,-1.3343700891361197,-1.3343700891361197,-1.3343700891361197,-1.3343700891361197,-1.3343700891361197,-1.3343700891361197,-1.3343700891361197,-1.3343700891361197,-1.3343700891361197,-1.3343700891361197,-1.3343700891361197,-1.3343700891361197,-1.3343700891361197,-1.3343700891361197,-1.3343700891361197,-1.3343700891361197,-1.3343700891361197,2.635921824416002,5.171413970992108,5.026932388436875,-1.3343700891361197,4.874219936960508,-1.3343700891361197,-1.3343700891361197,4.443282234086537,2.2209779723532934,-1.3343700891361197,1.37368011196609,4.857992400338752,5.037241758095736,1.9614667768682086,3.8189215053616588,-0.23575780046801054,-1.3343700891361197,-1.3343700891361197,0.27506782329797996,-1.3343700891361197,-1.3343700891361197,-1.3343700891361197,-1.3343700891361197,-1.3343700891361197,-1.3343700891361197,-1.3343700891361197,3.0094353327175636,-1.3343700891361197,-1.3343700891361197,4.282401008530451,-1.3343700891361197,-1.3343700891361197,-1.3343700891361197,-1.3343700891361197,-1.3343700891361197,5.617402075262792,4.50917432789524,3.3003588990935153,-1.3343700891361197,3.17648941738073,5.1001764296513326,-1.3343700891361197,-1.3343700891361197,-1.3343700891361197,-1.3343700891361197,-1.3343700891361197,6.936666776656835,-1.3343700891361197,-1.3343700891361197,-1.3343700891361197,-1.3343700891361197,-1.3343700891361197,-1.3343700891361197
SRR7146753,1,Pos,PRJNA464410,Duck,Duck,FW,U,F,dabbling,Anasamericana,"SacramentoNationalWildlifeRefuge,GlennCounty",11.0,-1.2594435696608048,-1.2594435696608048,-1.2594435696608048,-1.2594435696608048,-1.2594435696608048,-1.2594435696608048,-1.2594435696608048,-1.2594435696608048,-1.2594435696608048,-1.2594435696608048,-1.2594435696608048,-1.2594435696608048,-1.2594435696608048,-1.2594435696608048,-1.2594435696608048,-1.2594435696608048,-1.2594435696608048,-1.2594435696608048,-1.2594435696608048,-1.2594435696608048,-1.2594435696608048,0.3499943427732948,-1.2594435696608048,0.3499943427732948,-1.2594435696608048,-1.2594435696608048,-1.2594435696608048,3.355676947180454,2.974662934936454,-1.2594435696608048,4.10184859604862,0.6864665793945077,-1.2594435696608048,3.251415936856045,-1.2594435696608048,-1.2594435696608048,1.138451703137565,2.237063991805675,3.0843618521928784,-1.2594435696608048,0.6864665793945077,0.3499943427732948,-0.16083128099269572,-1.2594435696608048,1.3055057878007315,-1.2594435696608048,-1.2594435696608048,-1.2594435696608048,-1.2594435696608048,-1.2594435696608048,-1.2594435696608048,4.22535336382985,7.734108016639175,1.7850788680626177,-1.2594435696608048,1.9594322552073953,-1.2594435696608048,-1.2594435696608048,0.6864665793945077,-1.2594435696608048,-1.2594435696608048,3.8704551452622686,-1.2594435696608048,-1.2594435696608048,-1.2594435696608048,1.7850788680626177,2.107852260325669,-1.2594435696608048,-1.2594435696608048,0.9377810076754143,-1.2594435696608048,2.2959044918286082,5.05952454408563,-1.2594435696608048,3.8343066311459575,1.7850788680626177,-1.2594435696608048,2.454128497043502,-1.2594435696608048
SRR7146754,0,Neg,PRJNA464410,Duck,Duck,FW,U,F,dabbling,Anasacuta,"ConawayRanch,YoloCounty",10.0,-1.3737957805123022,-1.3737957805123022,-1.3737957805123022,-1.3737957805123022,-1.3737957805123022,-1.3737957805123022,-1.3737957805123022,-1.3737957805123022,-1.3737957805123022,-1.3737957805123022,-1.3737957805123022,-1.3737957805123022,-1.3737957805123022,-1.3737957805123022,-1.3737957805123022,-1.3737957805123022,-1.3737957805123022,-1.3737957805123022,-1.3737957805123022,-0.2751834918441931,-1.3737957805123022,0.5721143685430112,-1.3737957805123022,1.6707266572111212,-1.3737957805123022,1.191153576949235,-1.3737957805123022,1.459417563543914,1.459417563543914,-1.3737957805123022,2.1227117809541785,-1.3737957805123022,-1.3737957805123022,2.3874043351812606,-1.3737957805123022,-1.3737957805123022,-0.2751834918441931,3.0688554759780144,5.500402714940992,-1.3737957805123022,0.8234287968239169,1.191153576949235,-1.3737957805123022,-1.3737957805123022,1.0240994922860684,0.5721143685430112,-1.3737957805123022,-1.3737957805123022,-1.3737957805123022,-1.3737957805123022,1.8450800443558988,1.0240994922860684,7.421180651176469,3.8023539520615275,-1.3737957805123022,3.371136347850948,-1.3737957805123022,-1.3737957805123022,1.8450800443558988,0.23564213192179828,-1.3737957805123022,3.6951084217079293,0.5721143685430112,-1.3737957805123022,-1.3737957805123022,3.630150525433157,0.8234287968239169,-1.3737957805123022,-1.3737957805123022,-1.3737957805123022,2.669255487322248,-1.3737957805123022,4.127462430032425,-1.3737957805123022,5.633804833439552,0.23564213192179828,-1.3737957805123022,2.5180245175983247,-1.3737957805123022
SRR7146755,0,Neg,PRJNA464410,Duck,Duck,FW,U,M,dabbling,Anasacuta,"ConawayRanch,YoloCounty",10.0,-0.9136885393558583,-0.9136885393558583,-0.9136885393558583,-0.9136885393558583,-0.9136885393558583,-0.9136885393558583,-0.9136885393558583,-0.9136885393558583,-0.9136885393558583,-0.9136885393558583,-0.9136885393558583,-0.9136885393558583,-0.9136885393558583,-0.9136885393558583,-0.9136885393558583,-0.9136885393558583,-0.9136885393558583,-0.9136885393558583,-0.9136885393558583,-0.9136885393558583,-0.9136885393558583,-0.9136885393558583,-0.9136885393558583,3.455759313111164,0.6957493730782431,-0.9136885393558583,-0.9136885393558583,-0.9136885393558583,1.032221609699456,-0.9136885393558583,0.6957493730782431,-0.9136885393558583,-0.9136885393558583,-0.9136885393558583,-0.9136885393558583,-0.9136885393558583,-0.9136885393558583,1.7943616617463523,-0.9136885393558583,-0.9136885393558583,-0.9136885393558583,-0.9136885393558583,-0.9136885393558583,-0.9136885393558583,-0.9136885393558583,-0.9136885393558583,-0.9136885393558583,-0.9136885393558583,-0.9136885393558583,-0.9136885393558583,-0.9136885393558583,6.238580316676682,5.555561777439914,4.7596347278156355,-0.9136885393558583,1.032221609699456,0.18492374931225264,-0.9136885393558583,2.3821483266484718,0.6957493730782431,-0.9136885393558583,-0.9136885393558583,-0.9136885393558583,-0.9136885393558583,-0.9136885393558583,3.848485395441898,0.6957493730782431,-0.9136885393558583,-0.9136885393558583,-0.9136885393558583,2.030750439810583,-0.9136885393558583,1.4842067334425133,0.6957493730782431,7.971890751927123,1.2835360379803618,-0.9136885393558583,2.7998835273484497,3.6610224391475255
SRR7146756,0,Neg,PRJNA464410,Duck,Duck,FW,U,M,dabbling,Anasacuta,"ConawayRanch,YoloCounty",10.0,-1.3578113708902748,-1.3578113708902748,-1.3578113708902748,-1.3578113708902748,-1.3578113708902748,-1.3578113708902748,-1.3578113708902748,-1.3578113708902748,-1.3578113708902748,-1.3578113708902748,-1.3578113708902748,-1.3578113708902748,-1.3578113708902748,-1.3578113708902748,-1.3578113708902748,-1.3578113708902748,-1.3578113708902748,-1.3578113708902748,-1.3578113708902748,-1.3578113708902748,-1.3578113708902748,0.2516265415438248,-1.3578113708902748,3.965198608248133,1.8610644539779253,0.2516265415438248,-1.3578113708902748,1.3502388302119348,3.8944620571563546,-1.3578113708902748,0.2516265415438248,-1.3578113708902748,0.5880987781650377,-1.3578113708902748,-1.3578113708902748,0.8394132064459443,-1.3578113708902748,-1.3578113708902748,2.1975366905991383,-1.3578113708902748,0.2516265415438248,1.2071379865712615,-1.3578113708902748,-1.3578113708902748,0.2516265415438248,-1.3578113708902748,-1.3578113708902748,-1.3578113708902748,-1.3578113708902748,2.403388744803287,-0.2591990822221657,5.962715591382464,6.55461175058343,2.448851118880045,-0.2591990822221657,4.9244553760057315,-1.3578113708902748,-1.3578113708902748,0.5880987781650377,-1.3578113708902748,-1.3578113708902748,2.6852398969442746,-1.3578113708902748,2.0761758335948715,-1.3578113708902748,-1.3578113708902748,-1.3578113708902748,-1.3578113708902748,-1.3578113708902748,3.7359388299164875,2.6852398969442746,-1.3578113708902748,1.6867110668331478,1.3502388302119348,6.825027339875751,-1.3578113708902748,0.8394132064459443,5.123765758386156,-1.3578113708902748
SRR7146757,0,Neg,PRJNA464410,Duck,Duck,FW,U,F,dabbling,Anasacuta,"ConawayRanch,YoloCounty",10.0,-0.8150469050401963,-0.8150469050401963,-0.8150469050401963,-0.8150469050401963,-0.8150469050401963,-0.8150469050401963,-0.8150469050401963,-0.8150469050401963,-0.8150469050401963,-0.8150469050401963,-0.8150469050401963,-0.8150469050401963,-0.8150469050401963,-0.8150469050401963,-0.8150469050401963,-0.8150469050401963,-0.8150469050401963,-0.8150469050401963,-0.8150469050401963,-0.8150469050401963,0.28356538362791284,-0.8150469050401963,-0.8150469050401963,1.3821776722960228,-0.8150469050401963,1.8930032960620142,-0.8150469050401963,1.1308632440151172,-0.8150469050401963,-0.8150469050401963,1.749902452421341,-0.8150469050401963,-0.8150469050401963,0.7943910073939042,-0.8150469050401963,-0.8150469050401963,-0.8150469050401963,-0.8150469050401963,1.3821776722960228,-0.8150469050401963,0.7943910073939042,-0.8150469050401963,-0.8150469050401963,-0.8150469050401963,-0.8150469050401963,0.28356538362791284,-0.8150469050401963,-0.8150469050401963,-0.8150469050401963,-0.8150469050401963,-0.8150469050401963,5.10115515756724,8.09188843401897,-0.8150469050401963,-0.8150469050401963,4.816164876781169,-0.8150469050401963,-0.8150469050401963,-0.8150469050401963,1.3821776722960228,-0.8150469050401963,1.5828483677581744,-0.8150469050401963,-0.8150469050401963,-0.8150469050401963,-0.8150469050401963,-0.8150469050401963,-0.8150469050401963,0.7943910073939042,-0.8150469050401963,-0.8150469050401963,4.302946907376559,1.749902452421341,-0.8150469050401963,6.324613430924723,-0.8150469050401963,-0.8150469050401963,5.062688876739443,-0.8150469050401963
SRR7146758,1,Pos,PRJNA464410,Duck,Duck,FW,U,F,filter,Anasclypeata,"SacramentoNationalWildlifeRefuge,GlennCounty",11.0,-1.3922404824426504,-1.3922404824426504,-1.3922404824426504,-1.3922404824426504,-1.3922404824426504,-1.3922404824426504,-1.3922404824426504,-1.3922404824426504,-1.3922404824426504,-1.3922404824426504,-1.3922404824426504,-1.3922404824426504,-1.3922404824426504,-1.3922404824426504,-1.3922404824426504,-1.3922404824426504,-1.3922404824426504,-1.3922404824426504,-1.3922404824426504,-1.3922404824426504,-1.3922404824426504,-1.3922404824426504,-1.3922404824426504,-0.2936281937745413,-1.3922404824426504,-1.3922404824426504,-1.3922404824426504,4.260248697826,3.140359010710605,-1.3922404824426504,4.246114186891095,-1.3922404824426504,-1.3922404824426504,3.4675719219190215,-1.3922404824426504,0.5536696666126621,-1.3922404824426504,2.041746722042496,1.9750553475438233,-1.3922404824426504,-1.3922404824426504,1.0056547903557194,-1.3922404824426504,4.156835602452569,0.8049840948935687,-1.3922404824426504,-1.3922404824426504,0.5536696666126621,-1.3922404824426504,-1.3922404824426504,-1.3922404824426504,6.398869028167376,4.878747949415649,-1.3922404824426504,-1.3922404824426504,6.824658098470962,-1.3922404824426504,-1.3922404824426504,2.041746722042496,-1.3922404824426504,-1.3922404824426504,4.314869782306225,1.8266353424255497,1.8266353424255497,-1.3922404824426504,2.271321163686996,3.3351473362696895,-1.3922404824426504,-1.3922404824426504,-1.3922404824426504,1.1727088750188859,-1.3922404824426504,4.314869782306225,-1.3922404824426504,-1.3922404824426504,-1.3922404824426504,-1.3922404824426504,4.5400047050053605,5.522490410275911
SRR7146759,1,Pos,PRJNA464410,Duck,Duck,FW,U,M,filter,Anasclypeata,"SacramentoNationalWildlifeRefuge,GlennCounty",11.0,-1.0416621152484975,-1.0416621152484975,-1.0416621152484975,-1.0416621152484975,-1.0416621152484975,-1.0416621152484975,-1.0416621152484975,-1.0416621152484975,-1.0416621152484975,-1.0416621152484975,-1.0416621152484975,-1.0416621152484975,-1.0416621152484975,-1.0416621152484975,-1.0416621152484975,-1.0416621152484975,-1.0416621152484975,-1.0416621152484975,-1.0416621152484975,-1.0416621152484975,-1.0416621152484975,-1.0416621152484975,-1.0416621152484975,1.356233157549874,-1.0416621152484975,2.093832100680653,-1.0416621152484975,1.1555624620877225,1.1555624620877225,-1.0416621152484975,2.325633714737977,-1.0416621152484975,-1.0416621152484975,2.325633714737977,-1.0416621152484975,-1.0416621152484975,0.5677757971856039,2.002860322474926,2.8901635174758287,-1.0416621152484975,-1.0416621152484975,-1.0416621152484975,-1.0416621152484975,-1.0416621152484975,0.5677757971856039,-1.0416621152484975,-1.0416621152484975,-1.0416621152484975,1.1555624620877225,0.9042480338068168,-1.0416621152484975,-1.0416621152484975,7.766557549869911,-1.0416621152484975,-1.0416621152484975,2.454845446217983,-1.0416621152484975,-1.0416621152484975,-1.0416621152484975,-1.0416621152484975,-1.0416621152484975,3.3021433066051875,-1.0416621152484975,-1.0416621152484975,0.9042480338068168,1.5232872422130397,1.9027768639179437,-1.0416621152484975,-1.0416621152484975,2.8901635174758287,-1.0416621152484975,-1.0416621152484975,2.5692557973957273,1.1555624620877225,6.374716363944431,-1.0416621152484975,-1.0416621152484975,1.9027768639179437,6.044239349117115
SRR7146761,0,Neg,PRJNA464410,Duck,Duck,S,H,F,dabbling,Anasplatyrhynchos,"GrizzlyIslandWildlifeArea(GIWA),SolanoCounty",7.0,-1.0558674279429834,-1.0558674279429834,-1.0558674279429834,-1.0558674279429834,-1.0558674279429834,-1.0558674279429834,-1.0558674279429834,-1.0558674279429834,-1.0558674279429834,-1.0558674279429834,-1.0558674279429834,-1.0558674279429834,-1.0558674279429834,-1.0558674279429834,-1.0558674279429834,-1.0558674279429834,-1.0558674279429834,-1.0558674279429834,-1.0558674279429834,-1.0558674279429834,-1.0558674279429834,-1.0558674279429834,-1.0558674279429834,7.722612524565504,-1.0558674279429834,-1.0558674279429834,1.9886550097804392,4.360232974261437,-1.0558674279429834,-1.0558674279429834,4.037882772863779,-1.0558674279429834,-1.0558674279429834,4.062126384473772,0.5535704844911171,-1.0558674279429834,-1.0558674279429834,4.305424737766442,2.0796267879861663,-1.0558674279429834,-1.0558674279429834,-1.0558674279429834,-1.0558674279429834,-1.0558674279429834,-1.0558674279429834,-1.0558674279429834,-1.0558674279429834,-1.0558674279429834,-1.0558674279429834,4.3513043435171355,-1.0558674279429834,-1.0558674279429834,5.820397183947783,-1.0558674279429834,-1.0558674279429834,-1.0558674279429834,-1.0558674279429834,-1.0558674279429834,-1.0558674279429834,0.5535704844911171,-1.0558674279429834,4.9724110922877145,-1.0558674279429834,1.6521827731592271,-1.0558674279429834,2.875958204781343,-1.0558674279429834,3.1782390766542763,-1.0558674279429834,-1.0558674279429834,3.0216700159627363,-1.0558674279429834,5.637456240326966,-1.0558674279429834,-1.0558674279429834,-1.0558674279429834,-1.0558674279429834,3.2345920132054076,-1.0558674279429834
SRR7146762,1,Pos,PRJNA464410,Duck,Duck,FW,A,F,filter,Anasclypeata,"SacramentoNationalWildlifeRefuge,GlennCounty",12.0,-1.974884583516566,-1.974884583516566,-1.974884583516566,-1.974884583516566,-1.974884583516566,-1.974884583516566,-1.974884583516566,-1.974884583516566,-1.974884583516566,-1.974884583516566,-1.974884583516566,-1.974884583516566,-1.974884583516566,-1.974884583516566,-1.974884583516566,-1.974884583516566,-1.974884583516566,-1.974884583516566,-1.974884583516566,0.8583287605396501,-1.974884583516566,-1.974884583516566,-1.974884583516566,1.1606096324125836,-1.974884583516566,-1.974884583516566,2.1359892806567453,3.348125395621842,3.395753444611097,-1.974884583516566,4.830837969900419,-1.974884583516566,-1.974884583516566,1.9169357145940609,0.7331656175856445,1.6360333291276588,1.580463477972848,4.386417894056429,3.266862431543076,-1.974884583516566,1.0696378542068565,-1.974884583516566,0.9695543956498742,-1.974884583516566,2.0681666843179842,-1.974884583516566,3.7840171903607147,-1.974884583516566,0.42301068928180463,-1.974884583516566,-1.974884583516566,-1.974884583516566,5.59401107989043,-1.974884583516566,-1.974884583516566,3.978358750771218,-1.974884583516566,-1.974884583516566,3.6563271983048,4.67797844583678,4.947759307959322,4.048563009444466,2.8042389095949636,2.032448601715905,-1.974884583516566,2.9738753068616024,1.9169357145940609,-1.974884583516566,-1.974884583516566,-1.974884583516566,4.344083530229868,-1.974884583516566,5.107663985838734,-1.974884583516566,2.0681666843179842,0.42301068928180463,1.320952282487763,3.386407582192859,-1.974884583516566
SRR7146763,1,Pos,PRJNA464410,Duck,Duck,S,H,F,dabbling,Anasplatyrhynchos,"SuisunMarsh/ArnoldRanch,SolanoCounty",7.0,-1.2971955638260102,-1.2971955638260102,-1.2971955638260102,-1.2971955638260102,-1.2971955638260102,-1.2971955638260102,-1.2971955638260102,-1.2971955638260102,-1.2971955638260102,-1.2971955638260102,-1.2971955638260102,-1.2971955638260102,-1.2971955638260102,-1.2971955638260102,-1.2971955638260102,-1.2971955638260102,-1.2971955638260102,-1.2971955638260102,-1.2971955638260102,2.634630068898316,-1.2971955638260102,2.552952037884049,-1.2971955638260102,1.267753793635527,-1.2971955638260102,-1.2971955638260102,-1.2971955638260102,-1.2971955638260102,-1.2971955638260102,-1.2971955638260102,6.22736566245935,2.1993119976404705,-1.2971955638260102,-1.2971955638260102,-1.2971955638260102,1.9986413021783198,2.965484313215306,-1.2971955638260102,5.347895405679635,1.1006997089723614,4.4296521837611875,2.136791640659137,3.8207982485907452,-1.2971955638260102,4.118904838378411,-1.2971955638260102,-1.2971955638260102,1.1006997089723614,-1.2971955638260102,-1.2971955638260102,-1.2971955638260102,6.156945514320669,6.973841301966945,2.366366082303637,-1.2971955638260102,4.787303849249161,-1.2971955638260102,-1.2971955638260102,-1.2971955638260102,-1.2971955638260102,0.6487145852293041,2.0701002661604644,1.267753793635527,-1.2971955638260102,-1.2971955638260102,-1.2971955638260102,-1.2971955638260102,-1.2971955638260102,2.8771917060696275,-1.2971955638260102,-1.2971955638260102,-1.2971955638260102,-1.2971955638260102,-1.2971955638260102,-1.2971955638260102,1.647243415340431,-1.2971955638260102,0.6487145852293041,-1.2971955638260102
SRR7146764,1,Pos,PRJNA464410,Duck,Duck,FW,H,M,filter,Anasclypeata,"SacramentoNationalWildlifeRefuge,GlennCounty",12.0,-1.587944447393185,-1.587944447393185,-1.587944447393185,-1.587944447393185,-1.587944447393185,-1.587944447393185,-1.587944447393185,-1.587944447393185,-1.587944447393185,-1.587944447393185,-1.587944447393185,-1.587944447393185,-1.587944447393185,-1.587944447393185,-1.587944447393185,-1.587944447393185,-1.587944447393185,-1.587944447393185,-1.587944447393185,0.02149346504091465,-1.587944447393185,-1.587944447393185,-1.587944447393185,-0.48933215872507585,-1.587944447393185,-1.587944447393185,-1.587944447393185,2.5229294167801255,2.646162057204074,-1.587944447393185,3.9917853785930366,-1.587944447393185,1.8460427570919604,2.0756171987364604,-0.48933215872507585,-1.587944447393185,0.9770049100683513,2.4193887378392853,5.102897830025378,-1.587944447393185,0.8099508254051848,-1.587944447393185,1.5475497685359638,0.6092801299430342,1.5475497685359638,-1.587944447393185,-1.587944447393185,-1.587944447393185,-1.587944447393185,-1.587944447393185,1.1201057537090247,3.845777556161054,6.761303353173604,6.227666084642005,-1.587944447393185,4.1958807349365514,-1.587944447393185,-1.587944447393185,2.922915059123664,-1.587944447393185,-1.587944447393185,3.287252875807966,1.7793513825932878,1.4565779903302376,0.6092801299430342,1.7793513825932878,1.6309313774750152,-1.587944447393185,1.6309313774750152,-1.587944447393185,2.2187180423771338,-1.587944447393185,4.536738943501019,-1.587944447393185,-1.587944447393185,-1.587944447393185,-1.587944447393185,4.514614147220383,0.9770049100683513
SRR7146765,1,Pos,PRJNA464410,Duck,Duck,FW,A,F,filter,Anasclypeata,"SacramentoNationalWildlifeRefuge,GlennCounty",12.0,-1.7197913900118715,-1.7197913900118715,-1.7197913900118715,-1.7197913900118715,-1.7197913900118715,-1.7197913900118715,-1.7197913900118715,-1.7197913900118715,-1.7197913900118715,-1.7197913900118715,-1.7197913900118715,-1.7197913900118715,-1.7197913900118715,-1.7197913900118715,-1.7197913900118715,-1.7197913900118715,-1.7197913900118715,-1.7197913900118715,-1.7197913900118715,-1.7197913900118715,-1.7197913900118715,-1.7197913900118715,-1.7197913900118715,1.324731047711551,-0.11035347757777103,0.4774331873243476,1.324731047711551,1.8355566714775415,6.152282589855002,-1.7197913900118715,3.837036671687666,-1.7197913900118715,2.130356211698187,2.086871099758448,-0.11035347757777103,-1.7197913900118715,-0.6211791013437624,2.423343336379661,2.2875417952205988,-1.7197913900118715,0.22611875904344192,-1.7197913900118715,1.2246475891545687,-1.7197913900118715,1.6475044399746022,-1.7197913900118715,-1.7197913900118715,-1.7197913900118715,-1.7197913900118715,-1.7197913900118715,-1.7197913900118715,5.478392187090071,6.043654998715491,0.8451579674496648,-1.7197913900118715,3.500564435066453,-1.7197913900118715,-1.7197913900118715,3.7732700533286767,0.9882588110903381,-1.7197913900118715,4.855284450587749,1.7141958144732747,3.3236337269073752,2.423343336379661,2.3232598778226787,-1.7197913900118715,-1.7197913900118715,1.9937806766924355,-1.7197913900118715,-1.7197913900118715,4.624089044114459,3.687380381448247,-1.7197913900118715,-1.7197913900118715,0.4774331873243476,-1.7197913900118715,4.8355655017987935,2.086871099758448
SRR7146766,1,Pos,PRJNA464410,Duck,Duck,FW,U,M,dabbling,Anasacuta,"GrizzlyIslandWildlifeArea(GIWA),SolanoCounty",1.0,-0.9869235109976344,-0.9869235109976344,-0.9869235109976344,-0.9869235109976344,-0.9869235109976344,-0.9869235109976344,-0.9869235109976344,-0.9869235109976344,-0.9869235109976344,-0.9869235109976344,-0.9869235109976344,-0.9869235109976344,-0.9869235109976344,-0.9869235109976344,-0.9869235109976344,-0.9869235109976344,-0.9869235109976344,-0.9869235109976344,-0.9869235109976344,1.2103010663385847,-0.9869235109976344,-0.9869235109976344,-0.9869235109976344,3.0906139329080844,-0.9869235109976344,-0.9869235109976344,-0.9869235109976344,-0.9869235109976344,-0.9869235109976344,-0.9869235109976344,4.615195309882067,-0.9869235109976344,-0.9869235109976344,-0.9869235109976344,-0.9869235109976344,2.9048967871129916,-0.9869235109976344,-0.9869235109976344,6.3242948734219935,-0.9869235109976344,-0.9869235109976344,-0.9869235109976344,-0.9869235109976344,-0.9869235109976344,1.8462898330585817,-0.9869235109976344,-0.9869235109976344,-0.9869235109976344,-0.9869235109976344,-0.9869235109976344,0.6225144014364661,2.5095840504688454,6.605442617522161,4.538529428134149,-0.9869235109976344,4.833159419354727,-0.9869235109976344,-0.9869235109976344,3.382524341469387,0.6225144014364661,-0.9869235109976344,-0.9869235109976344,-0.9869235109976344,1.2103010663385847,-0.9869235109976344,-0.9869235109976344,6.963578923811217,1.9575154681688058,-0.9869235109976344,-0.9869235109976344,-0.9869235109976344,-0.9869235109976344,-0.9869235109976344,-0.9869235109976344,0.11168877767047469,-0.9869235109976344,-0.9869235109976344,6.8533894723225295,-0.9869235109976344
SRR7146767,1,Pos,PRJNA464410,Duck,Duck,FW,A,F,filter,Anasclypeata,"SacramentoNationalWildlifeRefuge,GlennCounty",11.0,-1.3221870252038928,-1.3221870252038928,-1.3221870252038928,-1.3221870252038928,-1.3221870252038928,-1.3221870252038928,-1.3221870252038928,-1.3221870252038928,-1.3221870252038928,-1.3221870252038928,-1.3221870252038928,-1.3221870252038928,-1.3221870252038928,-1.3221870252038928,-1.3221870252038928,-1.3221870252038928,-1.3221870252038928,-1.3221870252038928,-1.3221870252038928,-1.3221870252038928,-1.3221870252038928,-1.3221870252038928,0.28725088723020864,2.6096386075204334,2.1118001792812544,1.5110263188523243,-1.3221870252038928,2.1118001792812544,0.8750375521323273,-1.3221870252038928,3.120464231286425,-1.3221870252038928,-1.3221870252038928,1.8966887996643091,-1.3221870252038928,-1.3221870252038928,-1.3221870252038928,-1.3221870252038928,2.7886868389694195,-1.3221870252038928,-0.22357473653578186,-1.3221870252038928,-1.3221870252038928,4.784835862538362,-1.3221870252038928,-1.3221870252038928,-1.3221870252038928,-1.3221870252038928,0.6237231238514216,0.8750375521323273,0.6237231238514216,4.010531768061477,7.579315732247719,1.0757082475944788,-1.3221870252038928,5.679968929199729,-1.3221870252038928,-1.3221870252038928,1.6222519539625484,-1.3221870252038928,2.1118001792812544,2.233161036285522,0.28725088723020864,0.28725088723020864,0.8750375521323273,-0.22357473653578186,0.8750375521323273,-1.3221870252038928,-1.3221870252038928,0.28725088723020864,-1.3221870252038928,-1.3221870252038928,2.9953010883324183,-1.3221870252038928,4.2346410364956455,-1.3221870252038928,-1.3221870252038928,2.968272415944499,2.569633272906734
SRR7146769,1,Pos,PRJNA464410,Duck,Duck,FW,A,M,filter,Anasclypeata,"SacramentoNationalWildlifeRefuge,GlennCounty",11.0,-1.2279152502272161,-1.2279152502272161,-1.2279152502272161,-1.2279152502272161,-1.2279152502272161,-1.2279152502272161,-1.2279152502272161,-1.2279152502272161,-1.2279152502272161,-1.2279152502272161,-1.2279152502272161,-1.2279152502272161,-1.2279152502272161,-1.2279152502272161,-1.2279152502272161,-1.2279152502272161,-1.2279152502272161,-1.2279152502272161,-1.2279152502272161,-1.2279152502272161,-1.2279152502272161,-1.2279152502272161,-1.2279152502272161,-1.2279152502272161,-1.2279152502272161,-1.2279152502272161,-1.2279152502272161,0.7179948988280964,1.3370341072343201,-1.2279152502272161,3.9815709026142043,-1.2279152502272161,-1.2279152502272161,3.0347646268140993,-1.2279152502272161,-1.2279152502272161,1.4801349508749935,-1.2279152502272161,-1.2279152502272161,-1.2279152502272161,1.3370341072343201,0.969309327109003,-1.2279152502272161,-1.2279152502272161,-1.2279152502272161,-1.2279152502272161,1.1699800225711536,-1.2279152502272161,3.0061912543700426,2.5787472395431035,3.2147360062630996,-1.2279152502272161,5.209836399509185,-1.2279152502272161,0.38152266220688347,3.5678752953695243,-1.2279152502272161,1.3370341072343201,-1.2279152502272161,-1.2279152502272161,-1.2279152502272161,3.1415326022398053,1.4801349508749935,-1.2279152502272161,7.373435249195745,2.815136017607334,1.7165237289392241,-1.2279152502272161,-1.2279152502272161,-1.2279152502272161,-1.2279152502272161,-1.2279152502272161,3.7208446401509514,-1.2279152502272161,1.8166071874962064,-1.2279152502272161,-1.2279152502272161,6.0312008778698845,6.11615760034585
SRR7146770,1,Pos,PRJNA464410,Duck,Duck,FW,A,F,filter,Anasclypeata,"SacramentoNationalWildlifeRefuge,GlennCounty",11.0,-1.3102484991486536,-1.3102484991486536,-1.3102484991486536,-1.3102484991486536,-1.3102484991486536,-1.3102484991486536,-1.3102484991486536,-1.3102484991486536,-1.3102484991486536,-1.3102484991486536,-1.3102484991486536,-1.3102484991486536,-1.3102484991486536,-1.3102484991486536,-1.3102484991486536,-1.3102484991486536,-1.3102484991486536,-1.3102484991486536,-1.3102484991486536,-1.3102484991486536,-1.3102484991486536,-1.3102484991486536,-0.21163621048054448,3.638511391229514,3.178387870583486,-1.3102484991486536,-1.3102484991486536,1.2547008583128827,4.0029574798931336,-1.3102484991486536,2.3533131469809927,-1.3102484991486536,0.635661649906659,1.5229648449075617,-1.3102484991486536,-1.3102484991486536,-1.3102484991486536,1.9855883668556746,-1.3102484991486536,-1.3102484991486536,-0.21163621048054448,-1.3102484991486536,-1.3102484991486536,-1.3102484991486536,-1.3102484991486536,-1.3102484991486536,-1.3102484991486536,-1.3102484991486536,1.5229648449075617,3.595026279289775,2.6970846860838167,2.186259062317826,3.745997306199654,-1.3102484991486536,2.496413990621666,2.660043414403468,-1.3102484991486536,-1.3102484991486536,-1.3102484991486536,-1.3102484991486536,-1.3102484991486536,2.496413990621666,1.9855883668556746,-1.3102484991486536,4.0029574798931336,-1.3102484991486536,1.5229648449075617,2.894444120242312,-1.3102484991486536,-1.3102484991486536,1.9855883668556746,-1.3102484991486536,3.2644624793547283,-1.3102484991486536,-1.3102484991486536,2.186259062317826,-1.3102484991486536,3.0335569227050296,7.70808355044403
SRR7146772,1,Pos,PRJNA464410,Duck,Duck,FW,U,F,filter,Anasclypeata,"GrizzlyIslandWildlifeArea(GIWA),SolanoCounty",1.0,-0.7605391749737542,-0.7605391749737542,-0.7605391749737542,-0.7605391749737542,-0.7605391749737542,-0.7605391749737542,-0.7605391749737542,-0.7605391749737542,-0.7605391749737542,-0.7605391749737542,-0.7605391749737542,-0.7605391749737542,-0.7605391749737542,-0.7605391749737542,-0.7605391749737542,-0.7605391749737542,-0.7605391749737542,-0.7605391749737542,-0.7605391749737542,0.33807311369435666,-0.7605391749737542,-0.7605391749737542,1.1853709740815592,2.903022471155893,2.9530328917305537,-0.7605391749737542,-0.7605391749737542,-0.7605391749737542,-0.7605391749737542,-0.7605391749737542,4.144735603464675,-0.7605391749737542,-0.7605391749737542,-0.7605391749737542,-0.7605391749737542,1.1853709740815592,0.33807311369435666,-0.7605391749737542,2.673448029511392,-0.7605391749737542,1.804410182487783,-0.7605391749737542,-0.7605391749737542,-0.7605391749737542,1.9475110261284563,-0.7605391749737542,-0.7605391749737542,-0.7605391749737542,-0.7605391749737542,1.4366854023624658,0.33807311369435666,2.8503787376704706,8.275328755151873,-0.7605391749737542,0.8488987374603463,6.248869757734883,-0.7605391749737542,-0.7605391749737542,0.33807311369435666,-0.7605391749737542,-0.7605391749737542,-0.7605391749737542,-0.7605391749737542,-0.7605391749737542,3.7503203315430964,-0.7605391749737542,-0.7605391749737542,-0.7605391749737542,-0.7605391749737542,-0.7605391749737542,-0.7605391749737542,-0.7605391749737542,-0.7605391749737542,-0.7605391749737542,-0.7605391749737542,-0.7605391749737542,-0.7605391749737542,2.072674169082462,-0.7605391749737542
SRR7146773,0,Neg,PRJNA464410,Duck,Duck,FW,A,M,dabbling,Anasamericana,"SacramentoNationalWildlifeRefuge,GlennCounty",1.0,-1.1266057915578536,-1.1266057915578536,-1.1266057915578536,-1.1266057915578536,-1.1266057915578536,-1.1266057915578536,-1.1266057915578536,-1.1266057915578536,-1.1266057915578536,-1.1266057915578536,-1.1266057915578536,-1.1266057915578536,-1.1266057915578536,-1.1266057915578536,-1.1266057915578536,-1.1266057915578536,-1.1266057915578536,-1.1266057915578536,-1.1266057915578536,3.4885147252834052,3.635568143239902,1.4383435659036827,-1.1266057915578536,3.0477814783377832,-1.1266057915578536,-1.1266057915578536,-1.1266057915578536,-1.1266057915578536,-1.1266057915578536,-1.1266057915578536,7.353300815072367,-1.1266057915578536,-1.1266057915578536,-1.1266057915578536,2.1692310744464756,-1.1266057915578536,3.5081231966717814,3.0477814783377832,6.1437070945211705,-1.1266057915578536,5.281922999501644,3.7175812949007376,-1.1266057915578536,-1.1266057915578536,5.593614363577441,-1.1266057915578536,-1.1266057915578536,-1.1266057915578536,-1.1266057915578536,-1.1266057915578536,-1.1266057915578536,-1.1266057915578536,5.6724500705009415,-1.1266057915578536,-1.1266057915578536,4.196404187580555,-1.1266057915578536,-1.1266057915578536,-1.1266057915578536,2.6345943241357084,-1.1266057915578536,-1.1266057915578536,-1.1266057915578536,4.7949726280859615,-1.1266057915578536,-1.1266057915578536,-1.1266057915578536,-1.1266057915578536,-1.1266057915578536,-1.1266057915578536,-1.1266057915578536,-1.1266057915578536,-1.1266057915578536,-1.1266057915578536,4.125667636488776,-1.1266057915578536,-1.1266057915578536,-1.1266057915578536,-1.1266057915578536
SRR7146774,1,Pos,PRJNA464410,Duck,Duck,FW,U,F,dabbling,Anascarolinensis,"GrizzlyIslandWildlifeArea(GIWA),SolanoCounty",1.0,-0.9124206790857183,-0.9124206790857183,-0.9124206790857183,-0.9124206790857183,-0.9124206790857183,-0.9124206790857183,-0.9124206790857183,-0.9124206790857183,-0.9124206790857183,-0.9124206790857183,-0.9124206790857183,-0.9124206790857183,-0.9124206790857183,-0.9124206790857183,-0.9124206790857183,-0.9124206790857183,-0.9124206790857183,-0.9124206790857183,-0.9124206790857183,1.4854745937126532,-0.9124206790857183,-0.9124206790857183,1.4854745937126532,1.033489469969596,-0.9124206790857183,-0.9124206790857183,-0.9124206790857183,-0.9124206790857183,-0.9124206790857183,-0.9124206790857183,5.2592799183251975,0.6970172333483831,-0.9124206790857183,-0.9124206790857183,-0.9124206790857183,2.937726922624341,0.6970172333483831,-0.9124206790857183,6.614296882266988,-0.9124206790857183,3.057871234466404,1.033489469969596,-0.9124206790857183,-0.9124206790857183,2.132101758637705,-0.9124206790857183,-0.9124206790857183,-0.9124206790857183,-0.9124206790857183,-0.9124206790857183,-0.9124206790857183,-0.9124206790857183,6.968005665206682,-0.9124206790857183,-0.9124206790857183,5.207876739865233,-0.9124206790857183,-0.9124206790857183,1.033489469969596,-0.9124206790857183,-0.9124206790857183,-0.9124206790857183,-0.9124206790857183,2.5840868823807623,-0.9124206790857183,-0.9124206790857183,-0.9124206790857183,-0.9124206790857183,1.4854745937126532,-0.9124206790857183,-0.9124206790857183,-0.9124206790857183,1.9207926649704987,-0.9124206790857183,1.6525286783758188,-0.9124206790857183,-0.9124206790857183,7.459746740280262,-0.9124206790857183
SRR7146775,0,Neg,PRJNA464410,Duck,Duck,S,H,M,dabbling,Anasplatyrhynchos,"SuisunMarsh/Balboa,SolanoCounty",7.0,-1.7659082367304633,-1.7659082367304633,-1.7659082367304633,-1.7659082367304633,-1.7659082367304633,-1.7659082367304633,-1.7659082367304633,-1.7659082367304633,-1.7659082367304633,-1.7659082367304633,-1.7659082367304633,-1.7659082367304633,-1.7659082367304633,-1.7659082367304633,-1.7659082367304633,-1.7659082367304633,-1.7659082367304633,-1.7659082367304633,-1.7659082367304633,-1.7659082367304633,-1.7659082367304633,-1.7659082367304633,-1.7659082367304633,1.897653409399183,-1.7659082367304633,-1.7659082367304633,1.1785307424359779,3.4652003801241236,2.652932371066135,5.411110529179437,2.0407542530398564,-1.7659082367304633,3.327841964076299,3.767481251997057,-1.7659082367304633,3.0132152563810664,1.1785307424359779,2.277143031104087,-1.7659082367304633,-1.7659082367304633,0.1800019123248502,-1.7659082367304633,1.9476638299738447,-1.7659082367304633,0.1800019123248502,-1.7659082367304633,-1.7659082367304633,-1.7659082367304633,-1.7659082367304633,-1.7659082367304633,-1.7659082367304633,1.067305107325753,6.631825514648447,-1.7659082367304633,0.7990411207310739,4.0600918706499876,4.197671106887983,2.766691256422793,-1.7659082367304633,2.344965627442848,1.067305107325753,3.4544475883478616,-0.15647032429636276,3.4102414958433664,-1.7659082367304633,3.251371600084461,3.264529684661972,-1.7659082367304633,4.742860900241219,-1.7659082367304633,-1.7659082367304633,-1.7659082367304633,5.00373374012204,-1.7659082367304633,1.668078967754683,1.4529675881377377,-1.7659082367304633,1.4529675881377377,-1.7659082367304633
SRR7146776,1,Pos,PRJNA464410,Duck,Duck,S,H,F,dabbling,Anasplatyrhynchos,"GrizzlyIslandWildlifeArea(GIWA),SolanoCounty",7.0,-1.3873320735619643,-1.3873320735619643,-1.3873320735619643,-1.3873320735619643,-1.3873320735619643,-1.3873320735619643,-1.3873320735619643,-1.3873320735619643,-1.3873320735619643,-1.3873320735619643,-1.3873320735619643,-1.3873320735619643,-1.3873320735619643,-1.3873320735619643,-1.3873320735619643,-1.3873320735619643,-1.3873320735619643,-1.3873320735619643,-1.3873320735619643,1.9799637564245094,2.046655130923182,0.8098925037742548,-1.3873320735619643,-1.3873320735619643,-1.3873320735619643,-1.3873320735619643,-1.3873320735619643,-1.3873320735619643,6.556095694314409,0.8098925037742548,5.446776665251875,-1.3873320735619643,-1.3873320735619643,-1.3873320735619643,-1.3873320735619643,2.8467744310352954,2.276229572567682,-1.3873320735619643,6.442696008971875,1.1776172838995729,3.145267419591292,0.2221058388721362,2.620001111670507,-1.3873320735619643,3.5030170546597894,0.8098925037742548,-1.3873320735619643,0.5585780754933491,-1.3873320735619643,-1.3873320735619643,-1.3873320735619643,0.8098925037742548,6.397973108977897,1.4458812704942519,-1.3873320735619643,4.046389929992275,-1.3873320735619643,-1.3873320735619643,2.1091754879045164,1.1776172838995729,3.440981663740337,1.7481621423671854,-1.3873320735619643,-1.3873320735619643,-1.3873320735619643,1.4458812704942519,-1.3873320735619643,-1.3873320735619643,3.3917914195495653,-1.3873320735619643,3.77745390036155,-1.3873320735619643,-1.3873320735619643,-1.3873320735619643,-1.3873320735619643,-1.3873320735619643,-0.2887197848938552,-1.3873320735619643,-1.3873320735619643
SRR7146777,0,Neg,PRJNA464410,Duck,Duck,FW,A,M,filter,Anasclypeata,"SacramentoNationalWildlifeRefuge,GlennCounty",1.0,-1.5173762393238466,-1.5173762393238466,-1.5173762393238466,-1.5173762393238466,-1.5173762393238466,-1.5173762393238466,-1.5173762393238466,-1.5173762393238466,-1.5173762393238466,-1.5173762393238466,-1.5173762393238466,-1.5173762393238466,-1.5173762393238466,-1.5173762393238466,-1.5173762393238466,-1.5173762393238466,-1.5173762393238466,-1.5173762393238466,-1.5173762393238466,0.09206167311025393,0.4285339097314669,-1.5173762393238466,-1.5173762393238466,1.4270627398425937,-1.5173762393238466,-1.5173762393238466,-1.5173762393238466,-1.5173762393238466,3.6700095665169084,-1.5173762393238466,4.284742136053216,-1.5173762393238466,0.8805190334745241,-1.5173762393238466,-1.5173762393238466,0.6798483380123734,1.5271461983995769,0.6798483380123734,0.8805190334745241,1.4270627398425937,2.332771362386212,1.7014995855443544,-1.5173762393238466,1.5271461983995769,1.7014995855443544,-1.5173762393238466,1.190673961778364,-1.5173762393238466,1.3158371047323696,0.6798483380123734,-1.5173762393238466,3.992012097304131,7.383581633221216,-1.5173762393238466,-1.5173762393238466,4.6332265291224335,-1.5173762393238466,2.332771362386212,3.4454683909360613,2.4144493934004796,-1.5173762393238466,-1.5173762393238466,-1.5173762393238466,1.4270627398425937,2.2438238763697163,-1.5173762393238466,-1.5173762393238466,-1.5173762393238466,1.5271461983995769,-1.5173762393238466,-1.5173762393238466,1.7784606266804825,-1.5173762393238466,-1.5173762393238466,3.077743610810743,3.7348971887227833,-1.5173762393238466,2.1961958273804614,4.703213930775893
SRR7146778,0,Neg,PRJNA464410,Duck,Duck,FW,H,M,filter,Anasclypeata,"SacramentoNationalWildlifeRefuge,GlennCounty",1.0,-0.8235677973510249,-0.8235677973510249,-0.8235677973510249,-0.8235677973510249,-0.8235677973510249,-0.8235677973510249,-0.8235677973510249,-0.8235677973510249,-0.8235677973510249,-0.8235677973510249,-0.8235677973510249,-0.8235677973510249,-0.8235677973510249,-0.8235677973510249,-0.8235677973510249,-0.8235677973510249,-0.8235677973510249,-0.8235677973510249,-0.8235677973510249,3.350819472544612,3.5952728104455733,-0.8235677973510249,-0.8235677973510249,-0.8235677973510249,-0.8235677973510249,-0.8235677973510249,-0.8235677973510249,-0.8235677973510249,-0.8235677973510249,-0.8235677973510249,6.149038453950729,-0.8235677973510249,-0.8235677973510249,-0.8235677973510249,1.7413815601105114,-0.8235677973510249,3.2873060668222864,-0.8235677973510249,5.96652943816288,2.5437280326354488,2.7873501152932,2.6104194071341214,-0.8235677973510249,-0.8235677973510249,4.270182403455737,-0.8235677973510249,-0.8235677973510249,-0.8235677973510249,-0.8235677973510249,-0.8235677973510249,-0.8235677973510249,-0.8235677973510249,7.99476648620115,-0.8235677973510249,-0.8235677973510249,-0.8235677973510249,-0.8235677973510249,-0.8235677973510249,-0.8235677973510249,-0.8235677973510249,-0.8235677973510249,1.8844824037511856,-0.8235677973510249,-0.8235677973510249,-0.8235677973510249,1.5743274754473457,-0.8235677973510249,-0.8235677973510249,-0.8235677973510249,-0.8235677973510249,-0.8235677973510249,-0.8235677973510249,-0.8235677973510249,-0.8235677973510249,5.776302701861812,-0.8235677973510249,-0.8235677973510249,-0.8235677973510249,-0.8235677973510249
SRR7146780,1,Pos,PRJNA464410,Duck,Duck,FW,U,F,dabbling,Anascarolinensis,"GrizzlyIslandWildlifeArea(GIWA),SolanoCounty",1.0,-1.4119209138897446,-1.4119209138897446,-1.4119209138897446,-1.4119209138897446,-1.4119209138897446,-1.4119209138897446,-1.4119209138897446,-1.4119209138897446,-1.4119209138897446,-1.4119209138897446,-1.4119209138897446,-1.4119209138897446,-1.4119209138897446,-1.4119209138897446,-1.4119209138897446,-1.4119209138897446,-1.4119209138897446,-1.4119209138897446,-1.4119209138897446,1.8069549109784564,-1.4119209138897446,1.296129287212465,-1.4119209138897446,3.2976092874225893,-1.4119209138897446,-1.4119209138897446,-1.4119209138897446,-1.4119209138897446,5.360014641949857,-1.4119209138897446,5.5902350405138765,-1.4119209138897446,1.5325180652766957,-1.4119209138897446,-1.4119209138897446,-1.4119209138897446,1.8069549109784564,-1.4119209138897446,4.419961563393772,-0.3133086252216355,2.822185590707515,-1.4119209138897446,1.5325180652766957,-1.4119209138897446,2.957526938577277,1.296129287212465,-1.4119209138897446,-1.4119209138897446,-1.4119209138897446,1.4212924301664716,-1.4119209138897446,3.053987204764839,6.35407216551793,-1.4119209138897446,0.1975169985443559,6.612613957715951,-1.4119209138897446,-1.4119209138897446,-1.4119209138897446,-1.4119209138897446,-1.4119209138897446,-1.4119209138897446,-1.4119209138897446,2.5954122713427266,1.5325180652766957,-1.4119209138897446,3.75286506003377,-1.4119209138897446,1.4212924301664716,-1.4119209138897446,3.871282814848244,-1.4119209138897446,-1.4119209138897446,-1.4119209138897446,5.012948110015643,-1.4119209138897446,-1.4119209138897446,5.066588728318825,0.5339892351655688
SRR7146781,0,Neg,PRJNA464410,Duck,Duck,FW,H,M,dabbling,Anasamericana,"SacramentoNationalWildlifeRefuge,GlennCounty",1.0,-1.2405586416968637,-1.2405586416968637,-1.2405586416968637,-1.2405586416968637,-1.2405586416968637,-1.2405586416968637,-1.2405586416968637,-1.2405586416968637,-1.2405586416968637,-1.2405586416968637,-1.2405586416968637,-1.2405586416968637,-1.2405586416968637,-1.2405586416968637,-1.2405586416968637,-1.2405586416968637,-1.2405586416968637,-1.2405586416968637,-1.2405586416968637,-1.2405586416968637,-1.2405586416968637,1.157336631101507,-1.2405586416968637,2.6512616564137623,-1.2405586416968637,1.3243907157646726,-1.2405586416968637,-1.2405586416968637,-1.2405586416968637,-1.2405586416968637,5.427669606720539,1.7038803374695766,-1.2405586416968637,-1.2405586416968637,-1.2405586416968637,2.12673718828961,-1.2405586416968637,-1.2405586416968637,5.703528566532663,-1.2405586416968637,3.394170346532772,2.4730134250074443,-1.2405586416968637,-1.2405586416968637,2.566103848073456,2.255948919769616,-1.2405586416968637,-1.2405586416968637,-1.2405586416968637,-1.2405586416968637,1.9783171831713364,-1.2405586416968637,6.4926870048329315,5.440296037093351,-1.2405586416968637,4.9100441267494155,-1.2405586416968637,2.6512616564137623,-1.2405586416968637,2.6512616564137623,-1.2405586416968637,-1.2405586416968637,-1.2405586416968637,0.7053515073584498,-1.2405586416968637,-1.2405586416968637,-1.2405586416968637,-0.14194635302875458,-0.14194635302875458,2.8024926261376866,-1.2405586416968637,1.7038803374695766,-1.2405586416968637,-1.2405586416968637,7.070593906304826,-1.2405586416968637,-1.2405586416968637,1.3243907157646726,-1.2405586416968637
SRR7146782,0,Neg,PRJNA464410,Duck,Duck,FW,A,M,dabbling,Anasamericana,"SacramentoNationalWildlifeRefuge,GlennCounty",1.0,-1.363596128330384,-1.363596128330384,-1.363596128330384,-1.363596128330384,-1.363596128330384,-1.363596128330384,-1.363596128330384,-1.363596128330384,-1.363596128330384,-1.363596128330384,-1.363596128330384,-1.363596128330384,-1.363596128330384,-1.363596128330384,-1.363596128330384,-1.363596128330384,-1.363596128330384,-1.363596128330384,-1.363596128330384,2.132911433136096,-1.363596128330384,1.9322407376739443,-1.363596128330384,4.734478153835855,-1.363596128330384,1.5808428508360555,-1.363596128330384,-1.363596128330384,3.9976960373790407,0.5823140207249287,5.008015718901472,-1.363596128330384,-1.363596128330384,-1.363596128330384,-1.363596128330384,1.0342991444679859,2.132911433136096,-1.363596128330384,5.038321068396801,-1.363596128330384,2.713941315575335,2.191751933159029,-1.363596128330384,-1.363596128330384,2.6437370569020864,-1.363596128330384,-1.363596128330384,-1.363596128330384,-1.363596128330384,-1.363596128330384,1.2013532291311524,-1.363596128330384,7.12663688150307,2.7472777358429266,-1.363596128330384,4.697860790597632,-0.2649838396622748,1.5808428508360555,2.349975938373923,-1.363596128330384,-1.363596128330384,-1.363596128330384,-1.363596128330384,-1.363596128330384,-1.363596128330384,-1.363596128330384,-1.363596128330384,0.5823140207249287,-1.363596128330384,4.926119442578612,-1.363596128330384,2.0703910761547615,-1.363596128330384,-1.363596128330384,5.351787258004297,-1.363596128330384,-1.363596128330384,5.541154641631454,-1.363596128330384
SRR7146783,0,Neg,PRJNA464410,Duck,Duck,FW,A,M,dabbling,Anasamericana,"SacramentoNationalWildlifeRefuge,GlennCounty",1.0,-1.2372819321541533,-1.2372819321541533,-1.2372819321541533,-1.2372819321541533,-1.2372819321541533,-1.2372819321541533,-1.2372819321541533,-1.2372819321541533,-1.2372819321541533,-1.2372819321541533,-1.2372819321541533,-1.2372819321541533,-1.2372819321541533,-1.2372819321541533,-1.2372819321541533,-1.2372819321541533,-1.2372819321541533,-1.2372819321541533,-1.2372819321541533,-1.2372819321541533,-1.2372819321541533,-1.2372819321541533,3.157167222518285,7.0317062773525025,-1.2372819321541533,-1.2372819321541533,-1.2372819321541533,-1.2372819321541533,-1.2372819321541533,1.707157047012286,2.9058527942373784,-1.2372819321541533,-1.2372819321541533,-1.2372819321541533,-1.2372819321541533,-1.2372819321541533,-1.2372819321541533,-1.2372819321541533,5.106598501972177,-0.13866964348604416,-1.2372819321541533,-1.2372819321541533,-1.2372819321541533,-1.2372819321541533,-1.2372819321541533,-1.2372819321541533,1.1606133406442165,-1.2372819321541533,3.181558675642444,4.205135778367639,3.904381624348506,-1.2372819321541533,6.1621161511772,3.3165949594463866,-1.2372819321541533,3.3974470560754817,-1.2372819321541533,0.9599426451820658,2.426279713975492,-1.2372819321541533,-1.2372819321541533,-1.2372819321541533,-1.2372819321541533,0.37215598027994634,-1.2372819321541533,-1.2372819321541533,-1.2372819321541533,-1.2372819321541533,0.37215598027994634,5.286280373995359,-1.2372819321541533,-1.2372819321541533,-1.2372819321541533,5.415581097199193,5.647204719888629,0.7086282169011593,-1.2372819321541533,4.239181619777357,-1.2372819321541533
SRR7146784,1,Pos,PRJNA464410,Duck,Duck,FW,U,M,dabbling,Anasacuta,"GrizzlyIslandWildlifeArea(GIWA),SolanoCounty",12.0,-0.7814146791641683,-0.7814146791641683,-0.7814146791641683,-0.7814146791641683,-0.7814146791641683,-0.7814146791641683,-0.7814146791641683,-0.7814146791641683,-0.7814146791641683,-0.7814146791641683,-0.7814146791641683,-0.7814146791641683,-0.7814146791641683,-0.7814146791641683,-0.7814146791641683,-0.7814146791641683,-0.7814146791641683,-0.7814146791641683,-0.7814146791641683,-0.7814146791641683,-0.7814146791641683,-0.7814146791641683,-0.7814146791641683,1.1644954698911452,-0.7814146791641683,1.6164805936342024,-0.7814146791641683,-0.7814146791641683,0.3171976095039408,-0.7814146791641683,0.8280232332699322,-0.7814146791641683,-0.7814146791641683,-0.7814146791641683,-0.7814146791641683,3.613034475508271,0.3171976095039408,-0.7814146791641683,5.75382659184949,-0.7814146791641683,0.3171976095039408,-0.7814146791641683,-0.7814146791641683,-0.7814146791641683,-0.7814146791641683,-0.7814146791641683,-0.7814146791641683,-0.7814146791641683,-0.7814146791641683,1.6164805936342024,-0.7814146791641683,-0.7814146791641683,7.642126956170614,2.514422186840161,-0.7814146791641683,3.6612365773261484,-0.7814146791641683,-0.7814146791641683,-0.7814146791641683,-0.7814146791641683,-0.7814146791641683,-0.7814146791641683,-0.7814146791641683,-0.7814146791641683,-0.7814146791641683,0.3171976095039408,-0.7814146791641683,-0.7814146791641683,-0.7814146791641683,2.7739333823252457,5.090703110311248,-0.7814146791641683,-0.7814146791641683,0.3171976095039408,2.263107758559255,-0.7814146791641683,-0.7814146791641683,7.542436452174649,-0.7814146791641683
SRR7146785,0,Neg,PRJNA464410,Duck,Duck,FW,A,M,filter,Anasclypeata,"SacramentoNationalWildlifeRefuge,GlennCounty",1.0,-1.2005044797977522,-1.2005044797977522,-1.2005044797977522,-1.2005044797977522,-1.2005044797977522,-1.2005044797977522,-1.2005044797977522,-1.2005044797977522,-1.2005044797977522,-1.2005044797977522,-1.2005044797977522,-1.2005044797977522,-1.2005044797977522,-1.2005044797977522,-1.2005044797977522,-1.2005044797977522,-1.2005044797977522,-1.2005044797977522,-1.2005044797977522,-0.1018921911296431,0.4089334326363483,0.7454056692575612,0.9967200975384669,4.160787685911673,-1.2005044797977522,-1.2005044797977522,-1.2005044797977522,-1.2005044797977522,1.1973907930006185,-0.1018921911296431,4.160787685911673,-1.2005044797977522,-1.2005044797977522,-0.1018921911296431,2.649643121912306,-1.2005044797977522,-1.2005044797977522,0.9967200975384669,1.632708864258464,-1.2005044797977522,1.364444877663784,0.4089334326363483,-1.2005044797977522,1.364444877663784,1.1973907930006185,-0.1018921911296431,-1.2005044797977522,-1.2005044797977522,2.018371345070448,0.4089334326363483,-1.2005044797977522,4.348571605097467,7.828194104289233,-1.2005044797977522,1.5075457213044574,3.2881318899343874,-1.2005044797977522,-1.2005044797977522,2.691315818312874,-1.2005044797977522,-1.2005044797977522,-1.2005044797977522,0.7454056692575612,4.924178911096453,-1.2005044797977522,-1.2005044797977522,-1.2005044797977522,-1.2005044797977522,0.4089334326363483,-1.2005044797977522,1.9349897361313975,-1.2005044797977522,-1.2005044797977522,-1.2005044797977522,3.6278092575045484,2.018371345070448,-1.2005044797977522,0.9967200975384669,-1.2005044797977522
SRR7146786,1,Pos,PRJNA464410,Duck,Duck,FW,U,M,dabbling,Anascarolinensis,"GrizzlyIslandWildlifeArea(GIWA),SolanoCounty",12.0,-1.5069812572056076,-1.5069812572056076,-1.5069812572056076,-1.5069812572056076,-1.5069812572056076,-1.5069812572056076,-1.5069812572056076,-1.5069812572056076,-1.5069812572056076,-1.5069812572056076,-1.5069812572056076,-1.5069812572056076,-1.5069812572056076,-1.5069812572056076,-1.5069812572056076,-1.5069812572056076,-1.5069812572056076,-1.5069812572056076,-1.5069812572056076,0.6902433201306124,0.1024566552284929,0.1024566552284929,-1.5069812572056076,2.981655112526532,0.6902433201306124,0.6902433201306124,-1.5069812572056076,-0.4083689685374985,4.27067106601705,1.3262320868506086,3.003878249311243,0.6902433201306124,-1.5069812572056076,-1.5069812572056076,-0.4083689685374985,-0.4083689685374985,0.1024566552284929,-1.5069812572056076,5.926094091692973,-1.5069812572056076,1.0579681002559296,0.1024566552284929,-0.4083689685374985,-0.4083689685374985,0.6902433201306124,-1.5069812572056076,-1.5069812572056076,-1.5069812572056076,1.201068943896603,1.201068943896603,2.299681232564712,2.7834781839427842,6.2453539060966845,-1.5069812572056076,-0.4083689685374985,4.833378046522145,-1.5069812572056076,-1.5069812572056076,0.8909140155927631,-1.5069812572056076,-1.5069812572056076,-1.5069812572056076,-1.5069812572056076,0.1024566552284929,-1.5069812572056076,-1.5069812572056076,-1.5069812572056076,-1.5069812572056076,-0.4083689685374985,3.4697524852149666,1.7118945676625934,2.8368241646480765,-1.5069812572056076,1.3262320868506086,0.43892889184970585,3.398293521232822,0.6902433201306124,6.841793282585667,0.43892889184970585
SRR7146787,1,Pos,PRJNA464410,Duck,Duck,S,H,M,dabbling,Anasplatyrhynchos,"GrizzlyIslandWildlifeArea(GIWA),SolanoCounty",7.0,-0.8392395214141093,-0.8392395214141093,-0.8392395214141093,-0.8392395214141093,-0.8392395214141093,-0.8392395214141093,-0.8392395214141093,-0.8392395214141093,-0.8392395214141093,-0.8392395214141093,-0.8392395214141093,-0.8392395214141093,-0.8392395214141093,-0.8392395214141093,-0.8392395214141093,-0.8392395214141093,-0.8392395214141093,-0.8392395214141093,-0.8392395214141093,-0.8392395214141093,-0.8392395214141093,-0.8392395214141093,-0.8392395214141093,1.8688106796881003,-0.8392395214141093,-0.8392395214141093,-0.8392395214141093,-0.8392395214141093,7.484611609924707,-0.8392395214141093,3.010908080295949,-0.8392395214141093,5.263319073199459,-0.8392395214141093,-0.8392395214141093,5.412664361751779,-0.8392395214141093,-0.8392395214141093,4.359257509851716,-0.8392395214141093,1.1066706276412033,-0.8392395214141093,3.6266685972404744,-0.8392395214141093,0.2593727672539998,-0.8392395214141093,-0.8392395214141093,-0.8392395214141093,-0.8392395214141093,-0.8392395214141093,0.7701983910199903,-0.8392395214141093,4.558923180103643,-0.8392395214141093,-0.8392395214141093,4.266705952486471,-0.8392395214141093,-0.8392395214141093,-0.8392395214141093,-0.8392395214141093,-0.8392395214141093,1.3579850559221098,-0.8392395214141093,-0.8392395214141093,-0.8392395214141093,2.8743325452901978,-0.8392395214141093,-0.8392395214141093,-0.8392395214141093,-0.8392395214141093,7.490900938832271,-0.8392395214141093,-0.8392395214141093,-0.8392395214141093,-0.8392395214141093,-0.8392395214141093,-0.8392395214141093,-0.8392395214141093,-0.8392395214141093
SRR7146788,1,Pos,PRJNA464410,Duck,Duck,FW,U,F,filter,Anasclypeata,"GrizzlyIslandWildlifeArea(GIWA),SolanoCounty",10.0,-1.625693205310525,-1.625693205310525,-1.625693205310525,-1.625693205310525,-1.625693205310525,-1.625693205310525,-1.625693205310525,-1.625693205310525,-1.625693205310525,-1.625693205310525,-1.625693205310525,-1.625693205310525,-1.625693205310525,-1.625693205310525,-1.625693205310525,-1.625693205310525,-1.625693205310525,-1.625693205310525,-1.625693205310525,-0.527080916642416,-1.625693205310525,0.9392561521510112,-1.625693205310525,2.768755949361913,0.9392561521510112,-1.625693205310525,-1.625693205310525,-1.625693205310525,-1.625693205310525,-1.625693205310525,4.18843732651454,3.1364807294872303,3.0656546769186175,-1.625693205310525,-0.016255292876425464,2.6369866717307895,1.8708143561559547,0.3202169437447875,0.9392561521510112,-0.527080916642416,1.6701436606938032,1.3187457738559143,2.2244543963995325,4.707586422829165,1.0823569957916845,-1.625693205310525,1.6701436606938032,-1.625693205310525,-1.625693205310525,-0.016255292876425464,-0.016255292876425464,4.799175818594862,6.330433145902974,-1.625693205310525,-0.527080916642416,6.233333774441012,-1.625693205310525,-1.625693205310525,3.083836996001808,1.8082939991746203,-1.625693205310525,0.3202169437447875,-1.625693205310525,0.7722020674878447,-1.625693205310525,1.2075201387456902,-1.625693205310525,-1.625693205310525,2.664766235837865,-1.625693205310525,5.975709129273207,-1.625693205310525,-1.625693205310525,-1.625693205310525,2.3445987082415964,0.9392561521510112,-1.625693205310525,-1.625693205310525,3.2026205319917755
SRR7146789,1,Pos,PRJNA464410,Duck,Duck,S,H,M,dabbling,Anasplatyrhynchos,"MandevilleIsland,SanJoaquinCounty",8.0,-1.0972117825545595,-1.0972117825545595,-1.0972117825545595,-1.0972117825545595,-1.0972117825545595,-1.0972117825545595,-1.0972117825545595,-1.0972117825545595,-1.0972117825545595,-1.0972117825545595,-1.0972117825545595,-1.0972117825545595,-1.0972117825545595,-1.0972117825545595,-1.0972117825545595,-1.0972117825545595,-1.0972117825545595,-1.0972117825545595,-1.0972117825545595,-1.0972117825545595,-1.0972117825545595,-1.0972117825545595,-1.0972117825545595,1.1000127947816596,0.848698366500753,-1.0972117825545595,-1.0972117825545595,-1.0972117825545595,-1.0972117825545595,-1.0972117825545595,4.185991946183428,-1.0972117825545595,-1.0972117825545595,-1.0972117825545595,1.3006834902438102,-1.0972117825545595,1.1000127947816596,1.3006834902438102,3.5375172056750754,-1.0972117825545595,1.7360015615016557,-1.0972117825545595,-1.0972117825545595,3.793137345667194,2.03828243337459,-1.0972117825545595,-1.0972117825545595,-1.0972117825545595,-1.0972117825545595,1.4677375749069768,-1.0972117825545595,5.89212348342,7.88132262752876,2.5663498635750868,-1.0972117825545595,3.165468094486756,-1.0972117825545595,-1.0972117825545595,2.270084047431914,-1.0972117825545595,-1.0972117825545595,1.947310655168863,-1.0972117825545595,3.165468094486756,-1.0972117825545595,-1.0972117825545595,-1.0972117825545595,-1.0972117825545595,-1.0972117825545595,-1.0972117825545595,3.41364772396229,-1.0972117825545595,0.5122261298795401,0.848698366500753,3.1368947220426993,-1.0972117825545595,-1.0972117825545595,0.0014005061135495822,3.1368947220426993
SRR7146790,1,Pos,PRJNA464410,Duck,Duck,S,A,M,dabbling,Anasplatyrhynchos,"MandevilleIsland,SanJoaquinCounty",8.0,-1.398900339637728,-1.398900339637728,-1.398900339637728,-1.398900339637728,-1.398900339637728,-1.398900339637728,-1.398900339637728,-1.398900339637728,-1.398900339637728,-1.398900339637728,-1.398900339637728,-1.398900339637728,-1.398900339637728,-1.398900339637728,-1.398900339637728,-1.398900339637728,-1.398900339637728,-1.398900339637728,-1.398900339637728,2.212017573006496,0.7983242376984903,-1.398900339637728,-1.398900339637728,5.038851310098673,0.9989949331606418,0.5470098094175846,-1.398900339637728,-1.398900339637728,1.8969365263666003,-1.398900339637728,4.730149870422816,1.5455386395287114,-1.398900339637728,-1.398900339637728,-1.398900339637728,1.7365938762914208,1.1660490178238083,-1.398900339637728,5.316483046696952,-1.398900339637728,2.156447721851685,0.21053757279637164,-1.398900339637728,-1.398900339637728,1.9683954903487457,-1.398900339637728,-1.398900339637728,-1.398900339637728,-1.398900339637728,1.5455386395287114,2.6441509281968214,3.3802231534738008,6.836725380326582,-0.30028805096961886,-1.398900339637728,4.8096896864589,-1.398900339637728,-1.398900339637728,3.5063744388007008,-1.398900339637728,0.21053757279637164,-1.398900339637728,-1.398900339637728,1.8199754852304721,-1.398900339637728,0.5470098094175846,-1.398900339637728,4.554342994650055,0.21053757279637164,-1.398900339637728,-1.398900339637728,-1.398900339637728,-1.398900339637728,-1.398900339637728,6.34393561579302,-1.398900339637728,-1.398900339637728,4.912834469515186,-1.398900339637728
SRR7146792,1,Pos,PRJNA464410,Duck,Duck,S,H,F,dabbling,Anasplatyrhynchos,"MandevilleIsland,SanJoaquinCounty",8.0,-0.6198465554712413,-0.6198465554712413,-0.6198465554712413,-0.6198465554712413,-0.6198465554712413,-0.6198465554712413,-0.6198465554712413,-0.6198465554712413,-0.6198465554712413,-0.6198465554712413,-0.6198465554712413,-0.6198465554712413,-0.6198465554712413,-0.6198465554712413,-0.6198465554712413,-0.6198465554712413,-0.6198465554712413,-0.6198465554712413,-0.6198465554712413,-0.6198465554712413,-0.6198465554712413,-0.6198465554712413,-0.6198465554712413,-0.6198465554712413,-0.6198465554712413,-0.6198465554712413,5.317689649611185,4.642843633433644,7.106366095036288,-0.6198465554712413,1.5773780218649778,-0.6198465554712413,-0.6198465554712413,-0.6198465554712413,-0.6198465554712413,-0.6198465554712413,-0.6198465554712413,7.547789159775127,-0.6198465554712413,-0.6198465554712413,-0.6198465554712413,-0.6198465554712413,-0.6198465554712413,-0.6198465554712413,-0.6198465554712413,-0.6198465554712413,-0.6198465554712413,-0.6198465554712413,-0.6198465554712413,-0.6198465554712413,-0.6198465554712413,-0.6198465554712413,4.578650475794584,-0.6198465554712413,-0.6198465554712413,-0.6198465554712413,-0.6198465554712413,-0.6198465554712413,-0.6198465554712413,-0.6198465554712413,-0.6198465554712413,-0.6198465554712413,6.600527281252708,-0.6198465554712413,-0.6198465554712413,-0.6198465554712413,-0.6198465554712413,-0.6198465554712413,-0.6198465554712413,-0.6198465554712413,-0.6198465554712413,-0.6198465554712413,6.637861121688801,-0.6198465554712413,-0.6198465554712413,-0.6198465554712413,-0.6198465554712413,-0.6198465554712413,-0.6198465554712413
SRR7146794,0,Neg,PRJNA464410,Duck,Duck,S,A,M,dabbling,Anasplatyrhynchos,"MandevilleIsland,SanJoaquinCounty",8.0,-1.2599813008076426,-1.2599813008076426,-1.2599813008076426,-1.2599813008076426,-1.2599813008076426,-1.2599813008076426,-1.2599813008076426,-1.2599813008076426,-1.2599813008076426,-1.2599813008076426,-1.2599813008076426,-1.2599813008076426,-1.2599813008076426,-1.2599813008076426,-1.2599813008076426,-1.2599813008076426,-1.2599813008076426,-1.2599813008076426,-1.2599813008076426,-1.2599813008076426,1.875512915121508,-1.2599813008076426,-1.2599813008076426,-1.2599813008076426,-1.2599813008076426,-1.2599813008076426,3.992292127238988,5.1082058855428505,5.118444882843945,-1.2599813008076426,4.838092981358598,-1.2599813008076426,-1.2599813008076426,4.447128963941234,-1.2599813008076426,-1.2599813008076426,-1.2599813008076426,6.0255252477151435,2.817556143098078,-1.2599813008076426,2.4035803453220046,-1.2599813008076426,-1.2599813008076426,-1.2599813008076426,3.250878205709208,-1.2599813008076426,-1.2599813008076426,-1.2599813008076426,-1.2599813008076426,-1.2599813008076426,-1.2599813008076426,-1.2599813008076426,5.203048156113028,2.236526260658838,-1.2599813008076426,4.224815632683013,-1.2599813008076426,-1.2599813008076426,-1.2599813008076426,-1.2599813008076426,-1.2599813008076426,5.889150297749765,4.110656727320022,4.002708888097244,-1.2599813008076426,4.566018806572808,-1.2599813008076426,-1.2599813008076426,-1.2599813008076426,-1.2599813008076426,-1.2599813008076426,-1.2599813008076426,6.748716882180887,-1.2599813008076426,-1.2599813008076426,-1.2599813008076426,-1.2599813008076426,-1.2599813008076426,-1.2599813008076426
SRR7146797,1,Pos,PRJNA464410,Duck,Duck,S,A,M,dabbling,Anasplatyrhynchos,"MandevilleIsland,SanJoaquinCounty",8.0,-1.3297406327456205,-1.3297406327456205,-1.3297406327456205,-1.3297406327456205,-1.3297406327456205,-1.3297406327456205,-1.3297406327456205,-1.3297406327456205,-1.3297406327456205,-1.3297406327456205,-1.3297406327456205,-1.3297406327456205,-1.3297406327456205,-1.3297406327456205,-1.3297406327456205,-1.3297406327456205,-1.3297406327456205,-1.3297406327456205,-1.3297406327456205,2.1667669287208593,-1.3297406327456205,1.0681546400527493,-1.3297406327456205,-1.3297406327456205,-1.3297406327456205,-1.3297406327456205,3.4493828603659082,5.887702798950912,4.211522912412805,-1.3297406327456205,6.427738133838558,-1.3297406327456205,-1.3297406327456205,5.655901184893588,-1.3297406327456205,-1.3297406327456205,3.2241362588549203,5.211289366444282,-1.3297406327456205,0.8674839445905986,1.2352087247159158,2.813394093645912,-1.3297406327456205,-1.3297406327456205,3.7516637322388418,-1.3297406327456205,-1.3297406327456205,-1.3297406327456205,-1.3297406327456205,-1.3297406327456205,-1.3297406327456205,-1.3297406327456205,3.7136844841736254,-1.3297406327456205,-1.3297406327456205,-1.3297406327456205,-1.3297406327456205,-1.3297406327456205,-1.3297406327456205,-1.3297406327456205,-1.3297406327456205,5.925144177331717,3.039707219721401,1.0681546400527493,-1.3297406327456205,3.6469931096749537,4.2499891932406015,-1.3297406327456205,-1.3297406327456205,-1.3297406327456205,-1.3297406327456205,-1.3297406327456205,6.044888382473324,-1.3297406327456205,3.46604991285112,-1.3297406327456205,-1.3297406327456205,-1.3297406327456205,-1.3297406327456205
SRR7146798,0,Neg,PRJNA464410,Duck,Duck,S,H,M,dabbling,Anasplatyrhynchos,"MandevilleIsland,SanJoaquinCounty",8.0,-1.2918248646639086,-1.2918248646639086,-1.2918248646639086,-1.2918248646639086,-1.2918248646639086,-1.2918248646639086,-1.2918248646639086,-1.2918248646639086,-1.2918248646639086,-1.2918248646639086,-1.2918248646639086,-1.2918248646639086,-1.2918248646639086,-1.2918248646639086,-1.2918248646639086,-1.2918248646639086,-1.2918248646639086,-1.2918248646639086,-1.2918248646639086,-1.2918248646639086,-1.2918248646639086,-1.2918248646639086,-1.2918248646639086,-1.2918248646639086,-1.2918248646639086,-1.2918248646639086,-1.2918248646639086,4.545905582502031,4.192972068826746,-1.2918248646639086,6.056118958484778,-1.2918248646639086,-1.2918248646639086,5.747835485198166,-1.2918248646639086,-1.2918248646639086,-1.2918248646639086,4.346529804669837,0.9053997126723106,-1.2918248646639086,2.514837625106411,1.9270509602042916,-1.2918248646639086,-1.2918248646639086,3.598524263557845,2.0040120013404206,-1.2918248646639086,-1.2918248646639086,-1.2918248646639086,-1.2918248646639086,-1.2918248646639086,-1.2918248646639086,-1.2918248646639086,-1.2918248646639086,-1.2918248646639086,2.2635231968255045,-1.2918248646639086,-1.2918248646639086,-1.2918248646639086,-1.2918248646639086,-1.2918248646639086,6.323473475161906,3.240774628489347,2.819048999509403,-1.2918248646639086,3.86146672983387,4.272695542658784,-1.2918248646639086,-1.2918248646639086,-1.2918248646639086,-1.2918248646639086,3.5833724585372426,6.758559588403112,-1.2918248646639086,3.503965680932832,-1.2918248646639086,-1.2918248646639086,3.751600252255338,-1.2918248646639086
SRR7146800,1,Pos,PRJNA464410,Duck,Duck,FW,H,M,dabbling,Anasamericana,"SacramentoNationalWildlifeRefuge,GlennCounty",10.0,-1.1504281487456733,-1.1504281487456733,-1.1504281487456733,-1.1504281487456733,-1.1504281487456733,-1.1504281487456733,-1.1504281487456733,-1.1504281487456733,-1.1504281487456733,-1.1504281487456733,-1.1504281487456733,-1.1504281487456733,-1.1504281487456733,-1.1504281487456733,-1.1504281487456733,-1.1504281487456733,-1.1504281487456733,-1.1504281487456733,-1.1504281487456733,-1.1504281487456733,-1.1504281487456733,-1.1504281487456733,-1.1504281487456733,6.778698338561127,2.9271092951600473,-1.1504281487456733,-1.1504281487456733,-1.1504281487456733,-1.1504281487456733,-1.1504281487456733,3.1400312924027185,0.795482000309641,-1.1504281487456733,-1.1504281487456733,-1.1504281487456733,2.8569050364867987,-1.1504281487456733,-1.1504281487456733,5.702870944440406,-1.1504281487456733,1.0467964285905467,0.45900976368842805,-1.1504281487456733,-1.1504281487456733,1.4145212087158647,-1.1504281487456733,-1.1504281487456733,-1.1504281487456733,2.283559055739474,3.5945039796175777,5.37313415740384,3.1670599647906377,6.889696515702708,-1.1504281487456733,-1.1504281487456733,4.509054067013949,-1.1504281487456733,-1.1504281487456733,-1.1504281487456733,-1.1504281487456733,-1.1504281487456733,-1.1504281487456733,-1.1504281487456733,-1.1504281487456733,-1.1504281487456733,-1.1504281487456733,-1.1504281487456733,5.7994283062551,0.45900976368842805,-1.1504281487456733,-1.1504281487456733,3.1400312924027185,-1.1504281487456733,-1.1504281487456733,2.283559055739474,-1.1504281487456733,-1.1504281487456733,5.254800309285169,-1.1504281487456733
SRR7146802,1,Pos,PRJNA464410,Duck,Duck,FW,U,M,dabbling,Anasplatyrhynchos,"ConawayRanch,YoloCounty",11.0,-0.9878142084148127,-0.9878142084148127,-0.9878142084148127,-0.9878142084148127,-0.9878142084148127,-0.9878142084148127,-0.9878142084148127,-0.9878142084148127,-0.9878142084148127,-0.9878142084148127,-0.9878142084148127,-0.9878142084148127,-0.9878142084148127,-0.9878142084148127,-0.9878142084148127,-0.9878142084148127,-0.9878142084148127,-0.9878142084148127,-0.9878142084148127,-0.9878142084148127,-0.9878142084148127,-0.9878142084148127,-0.9878142084148127,0.6216237040192869,-0.9878142084148127,-0.9878142084148127,-0.9878142084148127,-0.9878142084148127,5.654672592952442,-0.9878142084148127,-0.9878142084148127,-0.9878142084148127,-0.9878142084148127,-0.9878142084148127,-0.9878142084148127,-0.9878142084148127,-0.9878142084148127,-0.9878142084148127,5.904827432757276,-0.9878142084148127,-0.9878142084148127,-0.9878142084148127,-0.9878142084148127,2.982477705137309,-0.9878142084148127,-0.9878142084148127,-0.9878142084148127,-0.9878142084148127,-0.9878142084148127,-0.9878142084148127,0.6216237040192869,4.553449336743613,7.2656738199310915,2.5675338530746004,-0.9878142084148127,2.982477705137309,-0.9878142084148127,-0.9878142084148127,-0.9878142084148127,-0.9878142084148127,-0.9878142084148127,0.1107980802532964,-0.9878142084148127,-0.9878142084148127,-0.9878142084148127,0.6216237040192869,3.5447852847384427,-0.9878142084148127,2.818848281355507,-0.9878142084148127,-0.9878142084148127,1.5771351490467236,0.9580959406404999,-0.9878142084148127,6.92899328252279,5.427282750756782,-0.9878142084148127,5.114744386198756,-0.9878142084148127
SRR7146803,1,Pos,PRJNA464410,Duck,Duck,FW,U,M,dabbling,Anasplatyrhynchos,"ConawayRanch,YoloCounty",11.0,-1.3003898262520863,-1.3003898262520863,-1.3003898262520863,-1.3003898262520863,-1.3003898262520863,-1.3003898262520863,-1.3003898262520863,-1.3003898262520863,-1.3003898262520863,-1.3003898262520863,-1.3003898262520863,-1.3003898262520863,-1.3003898262520863,-1.3003898262520863,-1.3003898262520863,-1.3003898262520863,-1.3003898262520863,-1.3003898262520863,-1.3003898262520863,-1.3003898262520863,-1.3003898262520863,-1.3003898262520863,-1.3003898262520863,-1.3003898262520863,-1.3003898262520863,-1.3003898262520863,-1.3003898262520863,2.3105280863921376,4.2717642059256775,-0.2017775375839772,3.1882465434800524,-1.3003898262520863,-1.3003898262520863,1.8351043896770625,-1.3003898262520863,-1.3003898262520863,-1.3003898262520863,0.8968347510841319,3.3724390082098195,-1.3003898262520863,-1.3003898262520863,-1.3003898262520863,-1.3003898262520863,2.631435806472239,-1.3003898262520863,-1.3003898262520863,-0.2017775375839772,-1.3003898262520863,-1.3003898262520863,1.532823517804129,1.8351043896770625,2.742661441582463,7.124468753961354,-1.3003898262520863,-1.3003898262520863,4.060902339457338,1.0975054465462835,-1.3003898262520863,-1.3003898262520863,-1.3003898262520863,4.615812236355348,2.9900696148963037,1.4076603748501233,-1.3003898262520863,-1.3003898262520863,-1.3003898262520863,2.9900696148963037,0.3090480861820133,2.1961177352143935,-1.3003898262520863,-1.3003898262520863,-1.3003898262520863,2.1961177352143935,-1.3003898262520863,6.544634590989396,5.390452451166476,-1.3003898262520863,5.084804572745639,-1.3003898262520863
SRR7146804,0,Neg,PRJNA464410,Duck,Duck,FW,H,F,dabbling,Anasamericana,"SacramentoNationalWildlifeRefuge,GlennCounty",1.0,-0.8058895667326116,-0.8058895667326116,-0.8058895667326116,-0.8058895667326116,-0.8058895667326116,-0.8058895667326116,-0.8058895667326116,-0.8058895667326116,-0.8058895667326116,-0.8058895667326116,-0.8058895667326116,-0.8058895667326116,-0.8058895667326116,-0.8058895667326116,-0.8058895667326116,-0.8058895667326116,-0.8058895667326116,-0.8058895667326116,-0.8058895667326116,-0.8058895667326116,-0.8058895667326116,-0.8058895667326116,-0.8058895667326116,-0.8058895667326116,-0.8058895667326116,-0.8058895667326116,-0.8058895667326116,-0.8058895667326116,-0.8058895667326116,-0.8058895667326116,2.9076824999716955,-0.8058895667326116,-0.8058895667326116,-0.8058895667326116,-0.8058895667326116,1.140020582322701,0.29272272193549753,-0.8058895667326116,2.690617994733868,0.29272272193549753,-0.8058895667326116,-0.8058895667326116,-0.8058895667326116,0.29272272193549753,0.803548345701488,-0.8058895667326116,0.803548345701488,-0.8058895667326116,-0.8058895667326116,-0.8058895667326116,-0.8058895667326116,2.4129862581355885,6.437623407932869,5.217558026228421,-0.8058895667326116,2.9553105489609504,-0.8058895667326116,0.803548345701488,2.0273237773236037,1.140020582322701,-0.8058895667326116,-0.8058895667326116,-0.8058895667326116,2.9076824999716955,-0.8058895667326116,-0.8058895667326116,-0.8058895667326116,-0.8058895667326116,1.140020582322701,-0.8058895667326116,-0.8058895667326116,1.3913350106036075,-0.8058895667326116,-0.8058895667326116,8.163779537061144,-0.8058895667326116,-0.8058895667326116,3.726709926420644,-0.8058895667326116
SRR7146806,1,Pos,PRJNA464410,Duck,Duck,FW,U,F,dabbling,Anasplatyrhynchos,"ConawayRanch,YoloCounty",11.0,-0.9021149592278697,-0.9021149592278697,-0.9021149592278697,-0.9021149592278697,-0.9021149592278697,-0.9021149592278697,-0.9021149592278697,-0.9021149592278697,-0.9021149592278697,-0.9021149592278697,-0.9021149592278697,-0.9021149592278697,-0.9021149592278697,-0.9021149592278697,-0.9021149592278697,-0.9021149592278697,-0.9021149592278697,-0.9021149592278697,-0.9021149592278697,-0.9021149592278697,-0.9021149592278697,-0.9021149592278697,-0.9021149592278697,-0.9021149592278697,-0.9021149592278697,-0.9021149592278697,-0.9021149592278697,-0.9021149592278697,2.708802953416355,-0.9021149592278697,3.388344481920522,1.9310983848283474,-0.9021149592278697,2.142407478495554,-0.9021149592278697,-0.9021149592278697,1.0437951898274447,-0.9021149592278697,5.024811066742542,-0.9021149592278697,-0.9021149592278697,-0.9021149592278697,-0.9021149592278697,0.7073229532062317,1.495780313570502,-0.9021149592278697,-0.9021149592278697,-0.9021149592278697,-0.9021149592278697,-0.9021149592278697,1.495780313570502,4.1151648775870555,8.145588829270757,-0.9021149592278697,-0.9021149592278697,4.997782394354623,-0.9021149592278697,-0.9021149592278697,1.0437951898274447,-0.9021149592278697,-0.9021149592278697,1.2951096181083503,1.495780313570502,1.495780313570502,-0.9021149592278697,-0.9021149592278697,-0.9021149592278697,-0.9021149592278697,-0.9021149592278697,-0.9021149592278697,3.877008533883661,-0.9021149592278697,3.2087589049454426,-0.9021149592278697,-0.9021149592278697,-0.9021149592278697,-0.9021149592278697,4.513985442976551,-0.9021149592278697
SRR7146807,1,Pos,PRJNA464410,Duck,Duck,FW,U,M,dabbling,Anasplatyrhynchos,"ConawayRanch,YoloCounty",11.0,-1.3345208243238345,-1.3345208243238345,-1.3345208243238345,-1.3345208243238345,-1.3345208243238345,-1.3345208243238345,-1.3345208243238345,-1.3345208243238345,-1.3345208243238345,-1.3345208243238345,-1.3345208243238345,-1.3345208243238345,-1.3345208243238345,-1.3345208243238345,-1.3345208243238345,-1.3345208243238345,-1.3345208243238345,-1.3345208243238345,-1.3345208243238345,-1.3345208243238345,-1.3345208243238345,-1.3345208243238345,2.3790512423804726,4.9402411969181035,3.5406764988773167,3.3928669943885055,-1.3345208243238345,-1.3345208243238345,2.928159052717481,-1.3345208243238345,-1.3345208243238345,-1.3345208243238345,-1.3345208243238345,-1.3345208243238345,-1.3345208243238345,-1.3345208243238345,-1.3345208243238345,-1.3345208243238345,4.0904291931575685,-1.3345208243238345,-1.3345208243238345,-1.3345208243238345,-0.23590853565572534,-1.3345208243238345,-1.3345208243238345,-1.3345208243238345,-1.3345208243238345,-1.3345208243238345,2.808613902067698,2.472141665446485,3.968784083735241,3.830265149599679,7.254993028672029,2.597304808400491,0.8627037530123847,4.274950970861125,-1.3345208243238345,-1.3345208243238345,-1.3345208243238345,-1.3345208243238345,4.712851354722443,-1.3345208243238345,-1.3345208243238345,-1.3345208243238345,-1.3345208243238345,-1.3345208243238345,0.6113893247314781,1.6099181548426058,-1.3345208243238345,2.2763970883203895,0.8627037530123847,-1.3345208243238345,1.6099181548426058,1.3735293767783752,5.817748031708705,-1.3345208243238345,-1.3345208243238345,5.4189170942739455,-1.3345208243238345
SRR7146809,1,Pos,PRJNA464410,Duck,Duck,FW,U,M,dabbling,Anasacuta,"ConawayRanch,YoloCounty",11.0,-0.7549287993526921,-0.7549287993526921,-0.7549287993526921,-0.7549287993526921,-0.7549287993526921,-0.7549287993526921,-0.7549287993526921,-0.7549287993526921,-0.7549287993526921,-0.7549287993526921,-0.7549287993526921,-0.7549287993526921,-0.7549287993526921,-0.7549287993526921,-0.7549287993526921,-0.7549287993526921,-0.7549287993526921,-0.7549287993526921,-0.7549287993526921,-0.7549287993526921,-0.7549287993526921,-0.7549287993526921,-0.7549287993526921,1.442295777983528,-0.7549287993526921,0.8545091130814084,-0.7549287993526921,-0.7549287993526921,2.8559891132915327,3.2153631141994303,-0.7549287993526921,-0.7549287993526921,-0.7549287993526921,-0.7549287993526921,-0.7549287993526921,-0.7549287993526921,-0.7549287993526921,1.1909813497026214,5.22395696554843,-0.7549287993526921,-0.7549287993526921,-0.7549287993526921,-0.7549287993526921,0.34368348931541703,-0.7549287993526921,-0.7549287993526921,-0.7549287993526921,-0.7549287993526921,-0.7549287993526921,-0.7549287993526921,-0.7549287993526921,4.374969915570381,8.337866008768447,2.2895936383707314,-0.7549287993526921,2.2895936383707314,-0.7549287993526921,-0.7549287993526921,0.34368348931541703,-0.7549287993526921,-0.7549287993526921,-0.7549287993526921,-0.7549287993526921,0.34368348931541703,-0.7549287993526921,2.463947025515509,-0.7549287993526921,-0.7549287993526921,-0.7549287993526921,-0.7549287993526921,2.2895936383707314,-0.7549287993526921,-0.7549287993526921,-0.7549287993526921,2.8559891132915327,0.34368348931541703,-0.7549287993526921,4.991274391187462,-0.7549287993526921
SRR7146810,1,Pos,PRJNA464410,Duck,Duck,FW,U,M,dabbling,Anasplatyrhynchos,"ConawayRanch,YoloCounty",11.0,-1.8505741729045928,-1.8505741729045928,-1.8505741729045928,-1.8505741729045928,-1.8505741729045928,-1.8505741729045928,-1.8505741729045928,-1.8505741729045928,-1.8505741729045928,-1.8505741729045928,-1.8505741729045928,-1.8505741729045928,-1.8505741729045928,-1.8505741729045928,-1.8505741729045928,-1.8505741729045928,-1.8505741729045928,-1.8505741729045928,-1.8505741729045928,1.1939482648188298,-1.8505741729045928,-1.8505741729045928,3.4626318061371943,5.885296147047974,4.784059184957092,4.69045582628531,-1.8505741729045928,-1.8505741729045928,4.797114200658736,1.7047738885848212,3.9270781503180636,1.3683016519636082,-1.8505741729045928,1.5834130315805535,-1.8505741729045928,-1.8505741729045928,0.3466504044316263,0.09533597615072065,3.8498694004860936,-1.8505741729045928,0.3466504044316263,-1.8505741729045928,-0.2411362604704923,-1.8505741729045928,1.1939482648188298,0.3466504044316263,-1.8505741729045928,1.516721657081881,1.5834130315805535,3.3697816521737316,1.760343739739631,-1.8505741729045928,5.662043371769918,-1.8505741729045928,1.4452626930997363,3.5743758445768097,-1.8505741729045928,-1.8505741729045928,0.9826391711516234,0.7143751845569435,-1.8505741729045928,0.9826391711516234,-1.8505741729045928,-1.8505741729045928,-1.8505741729045928,-1.8505741729045928,0.5473210998937779,0.5473210998937779,2.822254661557313,-1.8505741729045928,1.760343739739631,-1.8505741729045928,-1.8505741729045928,-0.2411362604704923,1.645933388561887,5.295410294809795,1.0938648062618475,2.041246125206033,1.2849200430245569
SRR7146811,1,Pos,PRJNA464410,Duck,Duck,FW,U,M,dabbling,Anasplatyrhynchos,"ConawayRanch,YoloCounty",11.0,-0.9835180918664292,-0.9835180918664292,-0.9835180918664292,-0.9835180918664292,-0.9835180918664292,-0.9835180918664292,-0.9835180918664292,-0.9835180918664292,-0.9835180918664292,-0.9835180918664292,-0.9835180918664292,-0.9835180918664292,-0.9835180918664292,-0.9835180918664292,-0.9835180918664292,-0.9835180918664292,-0.9835180918664292,-0.9835180918664292,-0.9835180918664292,-0.9835180918664292,-0.9835180918664292,-0.9835180918664292,-0.9835180918664292,1.2137064854697908,-0.9835180918664292,-0.9835180918664292,-0.9835180918664292,-0.9835180918664292,5.59712104541852,-0.9835180918664292,-0.9835180918664292,-0.9835180918664292,0.9623920571888851,-0.9835180918664292,-0.9835180918664292,1.4143771809319423,-0.9835180918664292,-0.9835180918664292,5.342631381288671,-0.9835180918664292,-0.9835180918664292,-0.9835180918664292,0.6259198205676721,-0.9835180918664292,-0.9835180918664292,-0.9835180918664292,-0.9835180918664292,-0.9835180918664292,-0.9835180918664292,-0.9835180918664292,-0.9835180918664292,1.4143771809319423,7.402882809299785,1.960920887300012,-0.9835180918664292,4.236837733211896,-0.9835180918664292,-0.9835180918664292,1.960920887300012,-0.9835180918664292,-0.9835180918664292,-0.9835180918664292,-0.9835180918664292,-0.9835180918664292,-0.9835180918664292,-0.9835180918664292,2.3123187741379008,-0.9835180918664292,1.581431265595108,-0.9835180918664292,1.7245321092357813,-0.9835180918664292,-0.9835180918664292,-0.9835180918664292,6.176551115729698,6.6307940545855715,4.377774073842996,5.059114741815954,-0.9835180918664292
SRR7146814,0,Neg,PRJNA464410,Duck,Duck,FW,A,F,dabbling,Anasamericana,"SacramentoNationalWildlifeRefuge,GlennCounty",1.0,-1.4273520246218494,-1.4273520246218494,-1.4273520246218494,-1.4273520246218494,-1.4273520246218494,-1.4273520246218494,-1.4273520246218494,-1.4273520246218494,-1.4273520246218494,-1.4273520246218494,-1.4273520246218494,-1.4273520246218494,-1.4273520246218494,-1.4273520246218494,-1.4273520246218494,-1.4273520246218494,-1.4273520246218494,-1.4273520246218494,-1.4273520246218494,-1.4273520246218494,-1.4273520246218494,-1.4273520246218494,-1.4273520246218494,-1.4273520246218494,-1.4273520246218494,-1.4273520246218494,1.137597332839687,2.991488583174748,4.697331366272355,-1.4273520246218494,3.57659428132361,2.1835658880223745,-1.4273520246218494,3.8558517041161386,-1.4273520246218494,-1.4273520246218494,-1.4273520246218494,-1.4273520246218494,2.1279960368675637,-1.4273520246218494,1.137597332839687,-1.4273520246218494,1.5170869545445909,-1.4273520246218494,-1.4273520246218494,0.7698725527143697,0.9705432481765204,1.6171704131015732,-1.4273520246218494,-1.4273520246218494,-1.4273520246218494,2.8631074165265415,7.16402056496864,0.9705432481765204,-1.4273520246218494,5.116559820942943,0.7698725527143697,-1.4273520246218494,-1.4273520246218494,2.3338480910717125,-1.4273520246218494,3.979819746838269,1.4058613194343659,-1.4273520246218494,-1.4273520246218494,2.0691555368446304,5.754239919990015,-1.4273520246218494,-1.4273520246218494,-1.4273520246218494,-1.4273520246218494,4.752664629030723,3.641552177598382,-1.4273520246218494,3.8353381642830358,-1.4273520246218494,-1.4273520246218494,4.41037842254409,-1.4273520246218494
SRR7146815,0,Neg,PRJNA464410,Duck,Duck,FW,A,M,dabbling,Anasamericana,"SacramentoNationalWildlifeRefuge,GlennCounty",1.0,-1.3735229226523478,-1.3735229226523478,-1.3735229226523478,-1.3735229226523478,-1.3735229226523478,-1.3735229226523478,-1.3735229226523478,-1.3735229226523478,-1.3735229226523478,-1.3735229226523478,-1.3735229226523478,-1.3735229226523478,-1.3735229226523478,-1.3735229226523478,-1.3735229226523478,-1.3735229226523478,-1.3735229226523478,-1.3735229226523478,-1.3735229226523478,-1.3735229226523478,2.0604642818327985,-1.3735229226523478,-1.3735229226523478,-1.3735229226523478,-1.3735229226523478,-1.3735229226523478,-1.3735229226523478,-1.3735229226523478,-1.3735229226523478,-1.3735229226523478,5.393820202613044,-1.3735229226523478,4.397918200477669,-1.3735229226523478,1.4596904214038684,2.9959249298146737,-1.3735229226523478,0.8237016546838722,1.8453529022158532,-1.3735229226523478,1.8453529022158532,-1.3735229226523478,1.9223139433519814,-1.3735229226523478,2.122984638814133,-1.3735229226523478,2.0604642818327985,-1.3735229226523478,0.5723872264029657,-1.3735229226523478,-1.3735229226523478,3.3714092057109024,5.391516054128195,-1.3735229226523478,-1.3735229226523478,4.579720411635437,1.761971293276802,1.761971293276802,-1.3735229226523478,2.5967689908997746,-1.3735229226523478,2.518297375458279,-1.3735229226523478,-1.3735229226523478,6.790702729613479,-1.3735229226523478,-1.3735229226523478,-1.3735229226523478,-1.3735229226523478,-1.3735229226523478,-1.3735229226523478,5.114161095832263,1.9223139433519814,-1.3735229226523478,2.8891569543889677,-1.3735229226523478,-1.3735229226523478,1.4596904214038684,6.512182468590672
SRR7146816,0,Neg,PRJNA464410,Duck,Duck,FW,A,M,dabbling,Anasamericana,"SacramentoNationalWildlifeRefuge,GlennCounty",1.0,-0.6214726682530998,-0.6214726682530998,-0.6214726682530998,-0.6214726682530998,-0.6214726682530998,-0.6214726682530998,-0.6214726682530998,-0.6214726682530998,-0.6214726682530998,-0.6214726682530998,-0.6214726682530998,-0.6214726682530998,-0.6214726682530998,-0.6214726682530998,-0.6214726682530998,-0.6214726682530998,-0.6214726682530998,-0.6214726682530998,-0.6214726682530998,-0.6214726682530998,-0.6214726682530998,-0.6214726682530998,-0.6214726682530998,2.6743641977512285,-0.6214726682530998,-0.6214726682530998,-0.6214726682530998,-0.6214726682530998,-0.6214726682530998,-0.6214726682530998,4.701537310885308,-0.6214726682530998,-0.6214726682530998,-0.6214726682530998,-0.6214726682530998,-0.6214726682530998,-0.6214726682530998,-0.6214726682530998,0.47713962041500935,-0.6214726682530998,-0.6214726682530998,-0.6214726682530998,-0.6214726682530998,3.6689867728952903,1.9434766892084365,-0.6214726682530998,-0.6214726682530998,-0.6214726682530998,-0.6214726682530998,-0.6214726682530998,-0.6214726682530998,5.30545335771731,8.307962615550325,-0.6214726682530998,-0.6214726682530998,6.787663775667028,-0.6214726682530998,-0.6214726682530998,-0.6214726682530998,-0.6214726682530998,-0.6214726682530998,-0.6214726682530998,-0.6214726682530998,1.9434766892084365,-0.6214726682530998,3.139727447440462,-0.6214726682530998,-0.6214726682530998,-0.6214726682530998,-0.6214726682530998,-0.6214726682530998,-0.6214726682530998,-0.6214726682530998,-0.6214726682530998,-0.6214726682530998,-0.6214726682530998,-0.6214726682530998,-0.6214726682530998,3.3103529644712255
SRR7146817,1,Pos,PRJNA464410,Duck,Duck,S,H,M,dabbling,Anasplatyrhynchos,"MandevilleIsland,SanJoaquinCounty",7.0,-1.6525301482121932,-1.6525301482121932,-1.6525301482121932,-1.6525301482121932,-1.6525301482121932,-1.6525301482121932,-1.6525301482121932,-1.6525301482121932,-1.6525301482121932,-1.6525301482121932,-1.6525301482121932,-1.6525301482121932,-1.6525301482121932,-1.6525301482121932,-1.6525301482121932,-1.6525301482121932,-1.6525301482121932,-1.6525301482121932,-1.6525301482121932,3.0202986862497134,-1.6525301482121932,2.6649579653241178,-1.6525301482121932,2.1541323415581264,-1.6525301482121932,-1.6525301482121932,-1.6525301482121932,-1.6525301482121932,3.8155299929229383,-1.6525301482121932,6.1964035781518785,-1.6525301482121932,-1.6525301482121932,-1.6525301482121932,1.7147656817742813,1.0555200528900173,2.766310459584405,-1.6525301482121932,4.087262763967042,1.9583877644320316,2.6649579653241178,3.0748576705001476,-1.6525301482121932,-1.6525301482121932,3.807055365931966,2.317761765339929,-1.6525301482121932,-1.6525301482121932,-1.6525301482121932,-1.6525301482121932,1.3919922895112302,3.191656938246398,6.740232964825868,-1.6525301482121932,-1.6525301482121932,3.556956004629228,-1.6525301482121932,-1.6525301482121932,1.3919922895112302,-1.6525301482121932,-1.6525301482121932,2.011031497917454,-1.6525301482121932,1.180683195844023,-1.6525301482121932,3.143260397384548,-1.6525301482121932,-1.6525301482121932,0.7453651245861774,3.5122558257113212,2.6379292929361977,-1.6525301482121932,-1.6525301482121932,2.390521119622357,2.1086699674813696,2.6379292929361977,-1.6525301482121932,4.687829155515559,-1.6525301482121932
SRR7146819,1,Pos,PRJNA464410,Duck,Duck,S,H,F,dabbling,Anasplatyrhynchos,"MandevilleIsland,SanJoaquinCounty",7.0,-0.6049104757593451,-0.6049104757593451,-0.6049104757593451,-0.6049104757593451,-0.6049104757593451,-0.6049104757593451,-0.6049104757593451,-0.6049104757593451,-0.6049104757593451,-0.6049104757593451,-0.6049104757593451,-0.6049104757593451,-0.6049104757593451,-0.6049104757593451,-0.6049104757593451,-0.6049104757593451,-0.6049104757593451,-0.6049104757593451,-0.6049104757593451,-0.6049104757593451,-0.6049104757593451,-0.6049104757593451,-0.6049104757593451,-0.6049104757593451,-0.6049104757593451,-0.6049104757593451,5.343124513421301,4.385522111019391,7.209892953730014,-0.6049104757593451,-0.6049104757593451,-0.6049104757593451,-0.6049104757593451,-0.6049104757593451,-0.6049104757593451,-0.6049104757593451,-0.6049104757593451,7.514488113852948,-0.6049104757593451,-0.6049104757593451,-0.6049104757593451,-0.6049104757593451,-0.6049104757593451,-0.6049104757593451,-0.6049104757593451,-0.6049104757593451,-0.6049104757593451,-0.6049104757593451,-0.6049104757593451,-0.6049104757593451,-0.6049104757593451,-0.6049104757593451,-0.6049104757593451,-0.6049104757593451,-0.6049104757593451,-0.6049104757593451,-0.6049104757593451,-0.6049104757593451,-0.6049104757593451,-0.6049104757593451,-0.6049104757593451,3.156289639934217,6.7609023614501265,-0.6049104757593451,-0.6049104757593451,-0.6049104757593451,-0.6049104757593451,-0.6049104757593451,-0.6049104757593451,-0.6049104757593451,-0.6049104757593451,-0.6049104757593451,6.618385203802969,-0.6049104757593451,-0.6049104757593451,1.9600388817021912,-0.6049104757593451,-0.6049104757593451,-0.6049104757593451
SRR7146820,1,Pos,PRJNA464410,Duck,Duck,S,H,M,dabbling,Anasplatyrhynchos,"MandevilleIsland,SanJoaquinCounty",7.0,-0.7529626954511635,-0.7529626954511635,-0.7529626954511635,-0.7529626954511635,-0.7529626954511635,-0.7529626954511635,-0.7529626954511635,-0.7529626954511635,-0.7529626954511635,-0.7529626954511635,-0.7529626954511635,-0.7529626954511635,-0.7529626954511635,-0.7529626954511635,-0.7529626954511635,-0.7529626954511635,-0.7529626954511635,-0.7529626954511635,-0.7529626954511635,-0.7529626954511635,-0.7529626954511635,-0.7529626954511635,-0.7529626954511635,-0.7529626954511635,-0.7529626954511635,-0.7529626954511635,5.240998731855406,3.9919694329120867,7.128974793820906,-0.7529626954511635,1.955087505651047,-0.7529626954511635,-0.7529626954511635,-0.7529626954511635,-0.7529626954511635,-0.7529626954511635,-0.7529626954511635,7.317630844498355,-0.7529626954511635,-0.7529626954511635,0.856475216982937,-0.7529626954511635,-0.7529626954511635,-0.7529626954511635,1.19294745360415,-0.7529626954511635,-0.7529626954511635,-0.7529626954511635,-0.7529626954511635,-0.7529626954511635,-0.7529626954511635,-0.7529626954511635,3.8217482830522194,-0.7529626954511635,-0.7529626954511635,2.1914762837152777,-0.7529626954511635,-0.7529626954511635,-0.7529626954511635,-0.7529626954511635,-0.7529626954511635,-0.7529626954511635,6.610316891511875,-0.7529626954511635,-0.7529626954511635,3.689688561039153,-0.7529626954511635,-0.7529626954511635,-0.7529626954511635,-0.7529626954511635,-0.7529626954511635,-0.7529626954511635,6.451186596584776,-0.7529626954511635,-0.7529626954511635,-0.7529626954511635,-0.7529626954511635,-0.7529626954511635,-0.7529626954511635
SRR7146821,1,Pos,PRJNA464410,Duck,Duck,S,H,F,dabbling,Anasplatyrhynchos,"GrizzlyIslandWildlifeArea(GIWA),SolanoCounty",7.0,-1.2614238246120921,-1.2614238246120921,-1.2614238246120921,-1.2614238246120921,-1.2614238246120921,-1.2614238246120921,-1.2614238246120921,-1.2614238246120921,-1.2614238246120921,-1.2614238246120921,-1.2614238246120921,-1.2614238246120921,-1.2614238246120921,-1.2614238246120921,-1.2614238246120921,-1.2614238246120921,-1.2614238246120921,-1.2614238246120921,-1.2614238246120921,3.4481063767002427,-1.2614238246120921,2.452148242092216,-1.2614238246120921,-1.2614238246120921,-1.2614238246120921,-1.2614238246120921,-1.2614238246120921,-1.2614238246120921,-1.2614238246120921,-1.2614238246120921,7.142152640017178,3.483508303751158,-1.2614238246120921,-1.2614238246120921,-1.2614238246120921,-1.2614238246120921,2.402137821517555,-1.2614238246120921,6.444288999282335,2.3494940880321327,3.8565699878046633,1.4466263764901184,2.3494940880321327,-1.2614238246120921,4.071294968653278,3.082381597241592,2.034413041392238,3.742522481333368,-1.2614238246120921,-1.2614238246120921,-1.2614238246120921,-1.2614238246120921,3.2494356819047585,-1.2614238246120921,-1.2614238246120921,5.127137580933538,-1.2614238246120921,-1.2614238246120921,-1.2614238246120921,2.8817109017794413,-1.2614238246120921,1.1364714481862785,-1.2614238246120921,-1.2614238246120921,-1.2614238246120921,-1.2614238246120921,-1.2614238246120921,-1.2614238246120921,5.618960257573914,-1.2614238246120921,4.809313903390398,-1.2614238246120921,-1.2614238246120921,-1.2614238246120921,-1.2614238246120921,2.034413041392238,-1.2614238246120921,-1.2614238246120921,-1.2614238246120921
SRR7146822,1,Pos,PRJNA464410,Duck,Duck,S,H,F,dabbling,Anasplatyrhynchos,"GrizzlyIslandWildlifeArea(GIWA),SolanoCounty",7.0,-1.4913327062733597,-1.4913327062733597,-1.4913327062733597,-1.4913327062733597,-1.4913327062733597,-1.4913327062733597,-1.4913327062733597,-1.4913327062733597,-1.4913327062733597,-1.4913327062733597,-1.4913327062733597,-1.4913327062733597,-1.4913327062733597,-1.4913327062733597,-1.4913327062733597,-1.4913327062733597,-1.4913327062733597,-1.4913327062733597,-1.4913327062733597,2.00517485519312,3.1626276438841634,2.2222393604309483,-1.4913327062733597,-1.4913327062733597,-1.4913327062733597,-1.4913327062733597,-1.4913327062733597,-1.4913327062733597,5.612811386714167,-1.4913327062733597,6.845536931011596,-1.4913327062733597,3.4715119239865473,-1.4913327062733597,-1.4913327062733597,-1.4913327062733597,2.0640153552160543,-1.4913327062733597,2.5160004789591115,1.64416150965579,3.729023118804965,2.3588148954366988,1.875963123713114,-1.4913327062733597,4.222400099236009,2.5160004789591115,-1.4913327062733597,-1.4913327062733597,-1.4913327062733597,-1.4913327062733597,-1.4913327062733597,-1.4913327062733597,3.6960530995673953,-1.4913327062733597,-1.4913327062733597,4.560756462651057,-1.4913327062733597,-1.4913327062733597,4.900584407119242,2.683054563622277,-1.4913327062733597,3.3838646169277915,-1.4913327062733597,1.64416150965579,-1.4913327062733597,4.248460205905874,-1.4913327062733597,-1.4913327062733597,-1.4913327062733597,-1.4913327062733597,-1.4913327062733597,5.041001585948989,-1.4913327062733597,-1.4913327062733597,5.349213823015328,2.2698674094202023,-1.4913327062733597,-1.4913327062733597,-1.4913327062733597
SRR7146823,1,Pos,PRJNA464410,Duck,Duck,S,H,M,dabbling,Anasplatyrhynchos,"GrizzlyIslandWildlifeArea(GIWA),SolanoCounty",7.0,-1.1529730892592038,-1.1529730892592038,-1.1529730892592038,-1.1529730892592038,-1.1529730892592038,-1.1529730892592038,-1.1529730892592038,-1.1529730892592038,-1.1529730892592038,-1.1529730892592038,-1.1529730892592038,-1.1529730892592038,-1.1529730892592038,-1.1529730892592038,-1.1529730892592038,-1.1529730892592038,-1.1529730892592038,-1.1529730892592038,-1.1529730892592038,3.519855745202702,2.738847208851422,4.735904869073677,-1.1529730892592038,-1.1529730892592038,-1.1529730892592038,-1.1529730892592038,-1.1529730892592038,-1.1529730892592038,5.854627524692649,-1.1529730892592038,7.403633104513869,-1.1529730892592038,-1.1529730892592038,-1.1529730892592038,-1.1529730892592038,-1.1529730892592038,4.306612424884955,-1.1529730892592038,4.356415247368773,3.7222242339419473,5.379361202963145,3.081133415338055,-0.054360800591094716,-1.1529730892592038,4.599599549566429,2.560598977445104,-1.1529730892592038,-1.1529730892592038,-1.1529730892592038,3.137486351889187,-1.1529730892592038,3.519855745202702,5.262123869912392,-1.1529730892592038,-1.1529730892592038,-1.1529730892592038,-1.1529730892592038,-1.1529730892592038,4.527199519757863,1.6802402547970123,-1.1529730892592038,-1.1529730892592038,-1.1529730892592038,-1.1529730892592038,-1.1529730892592038,-1.1529730892592038,-1.1529730892592038,-1.1529730892592038,-1.1529730892592038,-1.1529730892592038,-1.1529730892592038,-1.1529730892592038,-1.1529730892592038,-1.1529730892592038,-1.1529730892592038,-1.1529730892592038,-1.1529730892592038,-1.1529730892592038,-1.1529730892592038
SRR7146826,1,Pos,PRJNA464410,Duck,Duck,S,H,M,dabbling,Anasplatyrhynchos,"GrizzlyIslandWildlifeArea(GIWA),SolanoCounty",7.0,-1.4468916253417774,-1.4468916253417774,-1.4468916253417774,-1.4468916253417774,-1.4468916253417774,-1.4468916253417774,-1.4468916253417774,-1.4468916253417774,-1.4468916253417774,-1.4468916253417774,-1.4468916253417774,-1.4468916253417774,-1.4468916253417774,-1.4468916253417774,-1.4468916253417774,-1.4468916253417774,-1.4468916253417774,-1.4468916253417774,-1.4468916253417774,0.49901852371353517,-1.4468916253417774,2.1084564361476357,1.987095579143368,5.073729502216918,2.3143084903517845,3.0639678811750723,-1.4468916253417774,-1.4468916253417774,6.249775456184683,0.49901852371353517,4.872076488404657,1.497547353824662,5.246432042928171,-1.4468916253417774,-1.4468916253417774,1.497547353824662,-1.4468916253417774,-1.4468916253417774,-1.4468916253417774,0.9510036474565924,1.118057732119759,0.49901852371353517,5.764665107972023,-1.4468916253417774,2.1640262873024465,-1.4468916253417774,-1.4468916253417774,2.0496159361247024,-1.4468916253417774,-1.4468916253417774,2.1640262873024465,-1.4468916253417774,1.6886025905873714,-1.4468916253417774,-1.4468916253417774,-1.4468916253417774,1.8489452406625508,2.596159642492772,5.988546394472772,2.4449286727688486,-1.4468916253417774,-1.4468916253417774,-1.4468916253417774,-1.4468916253417774,-1.4468916253417774,-1.4468916253417774,-1.4468916253417774,-1.4468916253417774,5.058892434786451,0.16254628709232222,5.830356101289706,-1.4468916253417774,-1.4468916253417774,-1.4468916253417774,-1.4468916253417774,-1.4468916253417774,-1.4468916253417774,-1.4468916253417774,-1.4468916253417774
SRR7146827,1,Pos,PRJNA464410,Duck,Duck,S,H,M,dabbling,Anasplatyrhynchos,"SuisunMarsh/Sunrise,SolanoCounty",7.0,-1.6609340131717962,-1.6609340131717962,-1.6609340131717962,-1.6609340131717962,-1.6609340131717962,-1.6609340131717962,-1.6609340131717962,-1.6609340131717962,-1.6609340131717962,-1.6609340131717962,-1.6609340131717962,-1.6609340131717962,-1.6609340131717962,-1.6609340131717962,-1.6609340131717962,-1.6609340131717962,-1.6609340131717962,-1.6609340131717962,-1.6609340131717962,-1.6609340131717962,-0.05149610073769484,0.9040153442897418,-1.6609340131717962,1.1722793308844208,-1.6609340131717962,1.3835884245516272,-1.6609340131717962,-1.6609340131717962,6.48432555334507,-1.6609340131717962,4.6508007959811195,3.407970189048436,4.587108861336634,-1.6609340131717962,-1.6609340131717962,3.8403241973729316,0.9040153442897418,-1.6609340131717962,2.5731724914254643,-1.6609340131717962,1.283504965994645,-1.6609340131717962,1.8355735482946844,-1.6609340131717962,1.6349028528325338,-1.6609340131717962,1.0471161879304143,2.5437586062191704,-1.6609340131717962,-1.6609340131717962,-1.6609340131717962,3.9845128844714424,4.476793040914439,-1.6609340131717962,-1.6609340131717962,4.594816028581572,-1.6609340131717962,1.3835884245516272,4.347879172270799,3.0485961881405386,3.134856532424946,5.140349021299825,-1.6609340131717962,-1.6609340131717962,-1.6609340131717962,2.1457284765985243,-1.6609340131717962,-1.6609340131717962,4.65442398835054,-1.6609340131717962,4.437140268994445,5.157990052103726,-1.6609340131717962,-1.6609340131717962,-1.6609340131717962,-1.6609340131717962,-1.6609340131717962,-1.6609340131717962,-1.6609340131717962
SRR7146828,0,Neg,PRJNA464410,Duck,Duck,FW,U,F,dabbling,Anasacuta,"ConawayRanch,YoloCounty",10.0,-1.7605096199267196,-1.7605096199267196,-1.7605096199267196,-1.7605096199267196,-1.7605096199267196,-1.7605096199267196,-1.7605096199267196,-1.7605096199267196,-1.7605096199267196,-1.7605096199267196,-1.7605096199267196,-1.7605096199267196,-1.7605096199267196,-1.7605096199267196,-1.7605096199267196,-1.7605096199267196,-1.7605096199267196,-1.7605096199267196,-1.7605096199267196,-1.7605096199267196,-1.7605096199267196,0.4367149574094995,-1.7605096199267196,3.404276353996794,4.614515199901376,4.962120174928728,-1.7605096199267196,2.502170257114596,0.94754058117549,0.18540052912859384,3.5625003592116884,0.637385652871651,-1.7605096199267196,2.382625106464813,0.94754058117549,-0.1510717074926191,-1.7605096199267196,1.7359979415397602,-1.7605096199267196,-1.7605096199267196,1.7948384415626935,0.18540052912859384,0.18540052912859384,-1.7605096199267196,1.1839293592397206,-1.7605096199267196,-1.7605096199267196,-1.7605096199267196,0.94754058117549,2.444182999464246,1.9530624467775874,2.8934507302308035,7.008064664214967,3.018613873184809,-1.7605096199267196,3.9983921539505607,0.637385652871651,-1.7605096199267196,-1.7605096199267196,-1.7605096199267196,2.9844225084365306,2.8934507302308035,0.637385652871651,0.637385652871651,-1.7605096199267196,2.209782293625402,2.0461528698436,-1.7605096199267196,-1.7605096199267196,2.7720898732265358,-1.7605096199267196,-1.7605096199267196,3.7963184417728177,1.4583662049414805,2.473596884670539,-1.7605096199267196,-1.7605096199267196,1.37498459600243,-1.7605096199267196
SRR7146829,0,Neg,PRJNA464410,Duck,Duck,FW,U,F,dabbling,Anascarolinensis,"ConawayRanch,YoloCounty",10.0,-1.2544051856923701,-1.2544051856923701,-1.2544051856923701,-1.2544051856923701,-1.2544051856923701,-1.2544051856923701,-1.2544051856923701,-1.2544051856923701,-1.2544051856923701,-1.2544051856923701,-1.2544051856923701,-1.2544051856923701,-1.2544051856923701,-1.2544051856923701,-1.2544051856923701,-1.2544051856923701,-1.2544051856923701,-1.2544051856923701,-1.2544051856923701,-1.2544051856923701,-1.2544051856923701,-1.2544051856923701,-1.2544051856923701,-1.2544051856923701,-1.2544051856923701,1.6900337934740701,-1.2544051856923701,3.557779169680047,3.8144990165278614,-1.2544051856923701,3.4551250156199638,-1.2544051856923701,-1.2544051856923701,4.087929066272441,-1.2544051856923701,1.578808158363846,-1.2544051856923701,-1.2544051856923701,5.8060711803074305,-1.2544051856923701,-1.2544051856923701,1.6900337934740701,-1.2544051856923701,-1.2544051856923701,-1.2544051856923701,-1.2544051856923701,2.459166881011937,-1.2544051856923701,-1.2544051856923701,-1.2544051856923701,-1.2544051856923701,-1.2544051856923701,3.6943547046857974,5.050043616729611,-1.2544051856923701,4.472442561894827,-1.2544051856923701,-1.2544051856923701,-1.2544051856923701,-1.2544051856923701,-1.2544051856923701,3.932980620148385,-1.2544051856923701,-1.2544051856923701,-1.2544051856923701,6.756949923468915,2.3565127269518538,-1.2544051856923701,-1.2544051856923701,-1.2544051856923701,3.8018406196559376,-1.2544051856923701,4.739556241614199,-1.2544051856923701,6.039292534909067,-1.2544051856923701,-1.2544051856923701,6.280891516751718,-1.2544051856923701
SRR7146831,0,Neg,PRJNA464410,Duck,Duck,FW,U,F,dabbling,Anasacuta,"ConawayRanch,YoloCounty",10.0,-1.348863600779894,-1.348863600779894,-1.348863600779894,-1.348863600779894,-1.348863600779894,-1.348863600779894,-1.348863600779894,-1.348863600779894,-1.348863600779894,-1.348863600779894,-1.348863600779894,-1.348863600779894,-1.348863600779894,-1.348863600779894,-1.348863600779894,-1.348863600779894,-1.348863600779894,-1.348863600779894,-1.348863600779894,-1.348863600779894,-1.348863600779894,-1.348863600779894,0.5970465482754195,5.177631258790896,4.338111755559925,5.3344973449863815,-1.348863600779894,-1.348863600779894,2.6214283127722284,2.6214283127722284,1.3591866003223165,-1.348863600779894,-1.348863600779894,2.0851236037052523,-1.348863600779894,-1.348863600779894,-1.348863600779894,-1.348863600779894,1.870012224088307,-1.348863600779894,0.2605743116542065,-1.348863600779894,-1.348863600779894,-1.348863600779894,-1.348863600779894,-1.348863600779894,-1.348863600779894,0.2605743116542065,-1.348863600779894,2.7620102633934174,-1.348863600779894,1.0490316720184767,6.664479580606779,-1.348863600779894,-1.348863600779894,2.8558290186110726,-1.348863600779894,-1.348863600779894,3.510948803581778,0.848360976556326,-1.348863600779894,-0.25025131211178486,-1.348863600779894,-1.348863600779894,-1.348863600779894,1.0490316720184767,1.5955753783865463,-1.348863600779894,-1.348863600779894,1.5955753783865463,4.144197842560654,-1.348863600779894,3.571117325048231,-1.348863600779894,6.534582753357846,-1.348863600779894,3.0699770070167043,5.963689897322704,-1.348863600779894
SRR7146832,0,Neg,PRJNA464410,Duck,Duck,FW,U,F,dabbling,Anascarolinensis,"ConawayRanch,YoloCounty",10.0,-0.656659079339434,-0.656659079339434,-0.656659079339434,-0.656659079339434,-0.656659079339434,-0.656659079339434,-0.656659079339434,-0.656659079339434,-0.656659079339434,-0.656659079339434,-0.656659079339434,-0.656659079339434,-0.656659079339434,-0.656659079339434,-0.656659079339434,-0.656659079339434,-0.656659079339434,-0.656659079339434,-0.656659079339434,-0.656659079339434,-0.656659079339434,-0.656659079339434,-0.656659079339434,-0.656659079339434,-0.656659079339434,1.7412361934589358,-0.656659079339434,-0.656659079339434,3.056912987364873,-0.656659079339434,-0.656659079339434,-0.656659079339434,-0.656659079339434,-0.656659079339434,-0.656659079339434,-0.656659079339434,-0.656659079339434,-0.656659079339434,1.9082902781221023,-0.656659079339434,0.9527788330946656,-0.656659079339434,-0.656659079339434,3.0069025667902123,-0.656659079339434,-0.656659079339434,-0.656659079339434,-0.656659079339434,-0.656659079339434,-0.656659079339434,-0.656659079339434,7.882882515740565,7.777369870816035,1.7412361934589358,-0.656659079339434,3.6060207977018814,-0.656659079339434,-0.656659079339434,-0.656659079339434,-0.656659079339434,-0.656659079339434,-0.656659079339434,-0.656659079339434,-0.656659079339434,-0.656659079339434,2.7773281251457123,0.4419532093286751,-0.656659079339434,-0.656659079339434,-0.656659079339434,1.2892510697158786,-0.656659079339434,-0.656659079339434,-0.656659079339434,3.3506741058930363,-0.656659079339434,-0.656659079339434,1.540565497996785,0.9527788330946656
SRR7146833,1,Pos,PRJNA464410,Duck,Duck,FW,U,M,dabbling,Anasamericana,"SacramentoNationalWildlifeRefuge,GlennCounty",10.0,-1.084389570239784,-1.084389570239784,-1.084389570239784,-1.084389570239784,-1.084389570239784,-1.084389570239784,-1.084389570239784,-1.084389570239784,-1.084389570239784,-1.084389570239784,-1.084389570239784,-1.084389570239784,-1.084389570239784,-1.084389570239784,-1.084389570239784,-1.084389570239784,-1.084389570239784,-1.084389570239784,-1.084389570239784,-1.084389570239784,-1.084389570239784,-1.084389570239784,-1.084389570239784,-1.084389570239784,-1.084389570239784,-1.084389570239784,3.310059584432654,3.6429982484725567,4.400407363250871,-1.084389570239784,3.3815185484147996,-1.084389570239784,-1.084389570239784,3.4694873213607567,-1.084389570239784,-1.084389570239784,-1.084389570239784,5.087311027171131,4.729740961585282,-1.084389570239784,-1.084389570239784,-1.084389570239784,-1.084389570239784,-1.084389570239784,0.8615205788155293,-1.084389570239784,-1.084389570239784,-1.084389570239784,-1.084389570239784,-1.084389570239784,-1.084389570239784,1.748823773816432,7.77056074626054,1.8600494089266562,-1.084389570239784,4.0803964036837295,-1.084389570239784,-1.084389570239784,-1.084389570239784,-1.084389570239784,-1.084389570239784,4.009360630566978,3.6947339228717446,-1.084389570239784,-1.084389570239784,-1.084389570239784,-1.084389570239784,-1.084389570239784,-1.084389570239784,-1.084389570239784,-1.084389570239784,1.9601328674836385,5.550243787621902,-1.084389570239784,2.4121179912266957,-1.084389570239784,-1.084389570239784,4.1783006186651015,-1.084389570239784
SRR7146834,1,Pos,PRJNA464410,Duck,Duck,S,A,F,dabbling,Anasplatyrhynchos,"MandevilleIsland,SanJoaquinCounty",8.0,-0.5700360353339633,-0.5700360353339633,-0.5700360353339633,-0.5700360353339633,-0.5700360353339633,-0.5700360353339633,-0.5700360353339633,-0.5700360353339633,-0.5700360353339633,-0.5700360353339633,-0.5700360353339633,-0.5700360353339633,-0.5700360353339633,-0.5700360353339633,-0.5700360353339633,-0.5700360353339633,-0.5700360353339633,-0.5700360353339633,-0.5700360353339633,-0.5700360353339633,-0.5700360353339633,-0.5700360353339633,-0.5700360353339633,-0.5700360353339633,-0.5700360353339633,-0.5700360353339633,5.821881078058638,3.280111566376095,7.21193719910042,-0.5700360353339633,-0.5700360353339633,-0.5700360353339633,-0.5700360353339633,-0.5700360353339633,-0.5700360353339633,-0.5700360353339633,-0.5700360353339633,7.649559418843116,-0.5700360353339633,-0.5700360353339633,-0.5700360353339633,-0.5700360353339633,-0.5700360353339633,-0.5700360353339633,-0.5700360353339633,-0.5700360353339633,-0.5700360353339633,-0.5700360353339633,-0.5700360353339633,-0.5700360353339633,-0.5700360353339633,-0.5700360353339633,3.848804572462634,-0.5700360353339633,-0.5700360353339633,-0.5700360353339633,-0.5700360353339633,-0.5700360353339633,-0.5700360353339633,-0.5700360353339633,-0.5700360353339633,-0.5700360353339633,6.525857185763567,-0.5700360353339633,-0.5700360353339633,-0.5700360353339633,-0.5700360353339633,-0.5700360353339633,-0.5700360353339633,-0.5700360353339633,-0.5700360353339633,-0.5700360353339633,6.704443523439907,-0.5700360353339633,-0.5700360353339633,-0.5700360353339633,-0.5700360353339633,-0.5700360353339633,-0.5700360353339633
SRR7146835,0,Neg,PRJNA464410,Duck,Duck,S,A,F,dabbling,Anasplatyrhynchos,"MandevilleIsland,SanJoaquinCounty",8.0,-1.4693206984962188,-1.4693206984962188,-1.4693206984962188,-1.4693206984962188,-1.4693206984962188,-1.4693206984962188,-1.4693206984962188,-1.4693206984962188,-1.4693206984962188,-1.4693206984962188,-1.4693206984962188,-1.4693206984962188,-1.4693206984962188,-1.4693206984962188,-1.4693206984962188,-1.4693206984962188,-1.4693206984962188,-1.4693206984962188,-1.4693206984962188,2.6082167454095,0.14011721393788168,-1.4693206984962188,-1.4693206984962188,-1.4693206984962188,-1.4693206984962188,-1.4693206984962188,3.041538808020631,5.097351731307022,0.14011721393788168,-1.4693206984962188,5.248483996527472,-1.4693206984962188,-1.4693206984962188,5.097351731307022,-1.4693206984962188,2.3808269032138396,2.141597214148005,5.027454291689644,-1.4693206984962188,-1.4693206984962188,3.6244295023105435,1.4751182806702214,-1.4693206984962188,-1.4693206984962188,3.5995835037240127,-1.4693206984962188,-1.4693206984962188,-1.4693206984962188,-1.4693206984962188,-1.4693206984962188,3.586925106852089,-1.4693206984962188,3.7617879183583676,-1.4693206984962188,-1.4693206984962188,0.7279038788400003,-1.4693206984962188,-1.4693206984962188,2.422499599614407,-1.4693206984962188,-1.4693206984962188,6.126066580357753,1.3638926455599973,-1.4693206984962188,-1.4693206984962188,4.102833333681545,5.05717416107457,-1.4693206984962188,-1.4693206984962188,-1.4693206984962188,-1.4693206984962188,-1.4693206984962188,6.437962910930128,-1.4693206984962188,3.358993038806082,-1.4693206984962188,-1.4693206984962188,4.24441210701315,-1.4693206984962188
SRR7146836,0,Neg,PRJNA464410,Duck,Duck,S,H,M,dabbling,Anasplatyrhynchos,"MandevilleIsland,SanJoaquinCounty",8.0,-1.4227024451972854,-1.4227024451972854,-1.4227024451972854,-1.4227024451972854,-1.4227024451972854,-1.4227024451972854,-1.4227024451972854,-1.4227024451972854,-1.4227024451972854,-1.4227024451972854,-1.4227024451972854,-1.4227024451972854,-1.4227024451972854,-1.4227024451972854,-1.4227024451972854,-1.4227024451972854,-1.4227024451972854,-1.4227024451972854,-1.4227024451972854,0.7745221321389337,-1.4227024451972854,0.5232077038580281,-1.4227024451972854,-1.4227024451972854,-1.4227024451972854,-1.4227024451972854,3.10989704795597,5.0830816149309435,3.3894819101751317,2.50912318752704,5.311889214775663,-1.4227024451972854,-1.4227024451972854,5.270621223072663,-1.4227024451972854,-0.3240901565291763,-1.4227024451972854,4.836879018867638,-1.4227024451972854,-1.4227024451972854,3.339471489600471,0.5232077038580281,-1.4227024451972854,-1.4227024451972854,2.688171418976026,-1.4227024451972854,-1.4227024451972854,-1.4227024451972854,-1.4227024451972854,0.7745221321389337,-1.4227024451972854,-1.4227024451972854,2.620348822637265,-1.4227024451972854,-1.4227024451972854,2.4691178529133406,-1.4227024451972854,-1.4227024451972854,-1.4227024451972854,-1.4227024451972854,-1.4227024451972854,6.000865999061881,4.11856109996114,2.2908696215070226,-1.4227024451972854,4.329870193628348,4.693189680285748,-1.4227024451972854,-1.4227024451972854,-1.4227024451972854,-1.4227024451972854,-1.4227024451972854,6.746067378477985,-1.4227024451972854,3.2501263892646204,-1.4227024451972854,-1.4227024451972854,3.9196318067675255,-1.4227024451972854
SRR7146837,0,Neg,PRJNA464410,Duck,Duck,S,H,F,dabbling,Anasplatyrhynchos,"MandevilleIsland,SanJoaquinCounty",8.0,-1.4205814040865725,-1.4205814040865725,-1.4205814040865725,-1.4205814040865725,-1.4205814040865725,-1.4205814040865725,-1.4205814040865725,-1.4205814040865725,-1.4205814040865725,-1.4205814040865725,-1.4205814040865725,-1.4205814040865725,-1.4205814040865725,-1.4205814040865725,-1.4205814040865725,-1.4205814040865725,-1.4205814040865725,-1.4205814040865725,-1.4205814040865725,2.72255332230496,-1.4205814040865725,-1.4205814040865725,-1.4205814040865725,-1.4205814040865725,-1.4205814040865725,-1.4205814040865725,-1.4205814040865725,5.082208641829051,5.245102313695836,-1.4205814040865725,4.440204819379293,-1.4205814040865725,-1.4205814040865725,4.869134166822424,-1.4205814040865725,3.407732333215728,-1.4205814040865725,4.542997939531873,-1.4205814040865725,-1.4205814040865725,2.2929906626177354,-1.4205814040865725,-1.4205814040865725,-1.4205814040865725,1.287468797015637,1.4126319399696436,-1.4205814040865725,-1.4205814040865725,-1.4205814040865725,-1.4205814040865725,-1.4205814040865725,-1.4205814040865725,3.5966984327283518,-1.4205814040865725,-1.4205814040865725,2.386081085683747,-1.4205814040865725,-1.4205814040865725,3.799774420991752,-1.4205814040865725,-1.4205814040865725,6.190766313317048,4.350859719043443,3.341592530711183,-1.4205814040865725,4.742733399948069,5.198157579430647,-1.4205814040865725,-1.4205814040865725,-1.4205814040865725,-1.4205814040865725,2.1347666574028406,6.252176492555938,-1.4205814040865725,-1.4205814040865725,-1.4205814040865725,-1.4205814040865725,5.097089868825702,-1.4205814040865725
SRR7146838,0,Neg,PRJNA464410,Duck,Duck,FW,H,M,filter,Anasclypeata,"SacramentoNationalWildlifeRefuge,GlennCounty",1.0,-1.1674700750149682,-1.1674700750149682,-1.1674700750149682,-1.1674700750149682,-1.1674700750149682,-1.1674700750149682,-1.1674700750149682,-1.1674700750149682,-1.1674700750149682,-1.1674700750149682,-1.1674700750149682,-1.1674700750149682,-1.1674700750149682,-1.1674700750149682,-1.1674700750149682,-1.1674700750149682,-1.1674700750149682,-1.1674700750149682,-1.1674700750149682,-1.1674700750149682,-1.1674700750149682,-1.1674700750149682,4.572322837164267,6.7390771573530674,4.764775112433043,-1.1674700750149682,-1.1674700750149682,-1.1674700750149682,-1.1674700750149682,3.913934289969495,3.0372225443759984,-1.1674700750149682,-1.1674700750149682,-1.1674700750149682,0.7784400740403452,-1.1674700750149682,-1.1674700750149682,-1.1674700750149682,2.496091571114678,-1.1674700750149682,-1.1674700750149682,-1.1674700750149682,-1.1674700750149682,-1.1674700750149682,-1.1674700750149682,-1.1674700750149682,-1.1674700750149682,-1.1674700750149682,4.373793470143458,2.839863110217503,5.845545714624662,-1.1674700750149682,5.111051349150877,-1.1674700750149682,-1.1674700750149682,2.839863110217503,-1.1674700750149682,-1.1674700750149682,-1.1674700750149682,-1.1674700750149682,-1.1674700750149682,-1.1674700750149682,-1.1674700750149682,2.5461019916893397,-1.1674700750149682,-1.1674700750149682,-1.1674700750149682,4.1358348330441075,-1.1674700750149682,6.671267484584314,-1.1674700750149682,-1.1674700750149682,-1.1674700750149682,3.752510850813157,5.25739894889042,-1.1674700750149682,-1.1674700750149682,1.5405801260872423,-1.1674700750149682
SRR7146839,1,Pos,PRJNA464410,Duck,Duck,S,H,M,dabbling,Anasplatyrhynchos,"GrizzlyIslandWildlifeArea(GIWA),SolanoCounty",8.0,-1.3863846409011362,-1.3863846409011362,-1.3863846409011362,-1.3863846409011362,-1.3863846409011362,-1.3863846409011362,-1.3863846409011362,-1.3863846409011362,-1.3863846409011362,-1.3863846409011362,-1.3863846409011362,-1.3863846409011362,-1.3863846409011362,-1.3863846409011362,-1.3863846409011362,-1.3863846409011362,-1.3863846409011362,-1.3863846409011362,-1.3863846409011362,-1.3863846409011362,1.558054338265305,-1.3863846409011362,-1.3863846409011362,-1.3863846409011362,-1.3863846409011362,0.5595255081541781,-1.3863846409011362,-1.3863846409011362,-1.3863846409011362,-1.3863846409011362,5.044946441032343,-1.3863846409011362,-1.3863846409011362,-1.3863846409011362,-1.3863846409011362,-1.3863846409011362,0.5595255081541781,1.0115106318972353,3.1244748656157144,0.22305327153296517,2.463762960808923,-1.3863846409011362,2.724489223272176,-1.3863846409011362,1.558054338265305,-1.3863846409011362,-1.3863846409011362,-1.3863846409011362,-1.3863846409011362,-1.3863846409011362,0.8108399364350838,4.24482714092023,6.013013442430218,-1.3863846409011362,-1.3863846409011362,5.54215317726353,1.3216655602010743,-1.3863846409011362,-1.3863846409011362,0.5595255081541781,3.3231455604111986,4.020787130558983,-1.3863846409011362,2.3271874258031717,4.237632865286203,3.3927388522103934,-1.3863846409011362,1.558054338265305,1.7491095750280143,-1.3863846409011362,-1.3863846409011362,4.861658233607294,-1.3863846409011362,-1.3863846409011362,-1.3863846409011362,-1.3863846409011362,-1.3863846409011362,3.6440532804913,7.044596853696037
SRR7146840,1,Pos,PRJNA464410,Duck,Duck,S,H,F,dabbling,Anasplatyrhynchos,"GrizzlyIslandWildlifeArea(GIWA),SolanoCounty",7.0,-0.6690604174110621,-0.6690604174110621,-0.6690604174110621,-0.6690604174110621,-0.6690604174110621,-0.6690604174110621,-0.6690604174110621,-0.6690604174110621,-0.6690604174110621,-0.6690604174110621,-0.6690604174110621,-0.6690604174110621,-0.6690604174110621,-0.6690604174110621,-0.6690604174110621,-0.6690604174110621,-0.6690604174110621,-0.6690604174110621,-0.6690604174110621,-0.6690604174110621,-0.6690604174110621,-0.6690604174110621,-0.6690604174110621,-0.6690604174110621,-0.6690604174110621,-0.6690604174110621,-0.6690604174110621,-0.6690604174110621,5.601928014447237,-0.6690604174110621,3.9460600994301966,-0.6690604174110621,3.4084770264946567,-0.6690604174110621,-0.6690604174110621,4.518325388429693,-0.6690604174110621,-0.6690604174110621,-0.6690604174110621,-0.6690604174110621,1.2768497316442504,-0.6690604174110621,-0.6690604174110621,-0.6690604174110621,1.528164159925157,-0.6690604174110621,-0.6690604174110621,-0.6690604174110621,-0.6690604174110621,-0.6690604174110621,-0.6690604174110621,-0.6690604174110621,8.32399421273507,1.7288348553873076,-0.6690604174110621,-0.6690604174110621,-0.6690604174110621,-0.6690604174110621,-0.6690604174110621,-0.6690604174110621,0.9403774950230375,0.42955187125704697,-0.6690604174110621,-0.6690604174110621,-0.6690604174110621,-0.6690604174110621,-0.6690604174110621,-0.6690604174110621,4.653949561727346,-0.6690604174110621,6.072640277240992,-0.6690604174110621,-0.6690604174110621,-0.6690604174110621,-0.6690604174110621,-0.6690604174110621,-0.6690604174110621,1.7288348553873076,-0.6690604174110621
SRR7146841,1,Pos,PRJNA464410,Duck,Duck,FW,H,M,filter,Anasclypeata,"SacramentoNationalWildlifeRefuge,GlennCounty",11.0,-0.49078150550467825,-0.49078150550467825,-0.49078150550467825,-0.49078150550467825,-0.49078150550467825,-0.49078150550467825,-0.49078150550467825,-0.49078150550467825,-0.49078150550467825,-0.49078150550467825,-0.49078150550467825,-0.49078150550467825,-0.49078150550467825,-0.49078150550467825,-0.49078150550467825,-0.49078150550467825,-0.49078150550467825,-0.49078150550467825,-0.49078150550467825,-0.49078150550467825,-0.49078150550467825,-0.49078150550467825,-0.49078150550467825,-0.49078150550467825,-0.49078150550467825,-0.49078150550467825,-0.49078150550467825,-0.49078150550467825,1.4551286435506343,-0.49078150550467825,1.1186564069294214,-0.49078150550467825,-0.49078150550467825,-0.49078150550467825,-0.49078150550467825,-0.49078150550467825,-0.49078150550467825,-0.49078150550467825,4.369030898856994,-0.49078150550467825,-0.49078150550467825,-0.49078150550467825,-0.49078150550467825,4.1820473289572275,-0.49078150550467825,-0.49078150550467825,-0.49078150550467825,-0.49078150550467825,-0.49078150550467825,-0.49078150550467825,-0.49078150550467825,3.3158809842656414,8.681960836056186,-0.49078150550467825,-0.49078150550467825,2.453657473661762,-0.49078150550467825,-0.49078150550467825,-0.49078150550467825,-0.49078150550467825,-0.49078150550467825,-0.49078150550467825,-0.49078150550467825,-0.49078150550467825,-0.49078150550467825,-0.49078150550467825,-0.49078150550467825,-0.49078150550467825,-0.49078150550467825,-0.49078150550467825,-0.49078150550467825,-0.49078150550467825,1.4551286435506343,-0.49078150550467825,3.3158809842656414,1.9071137672936915,-0.49078150550467825,1.1186564069294214,-0.49078150550467825
SRR7146843,1,Pos,PRJNA464410,Duck,Duck,S,H,F,dabbling,Anasplatyrhynchos,"GrizzlyIslandWildlifeArea(GIWA),SolanoCounty",8.0,-0.9432725870995622,-0.9432725870995622,-0.9432725870995622,-0.9432725870995622,-0.9432725870995622,-0.9432725870995622,-0.9432725870995622,-0.9432725870995622,-0.9432725870995622,-0.9432725870995622,-0.9432725870995622,-0.9432725870995622,-0.9432725870995622,-0.9432725870995622,-0.9432725870995622,-0.9432725870995622,-0.9432725870995622,-0.9432725870995622,-0.9432725870995622,0.6661653253345383,-0.9432725870995622,-0.9432725870995622,-0.9432725870995622,2.8179275285940006,-0.9432725870995622,-0.9432725870995622,-0.9432725870995622,-0.9432725870995622,3.9470765411221924,-0.9432725870995622,3.801659541263688,2.4240232428869124,-0.9432725870995622,-0.9432725870995622,-0.9432725870995622,-0.9432725870995622,0.1553397015685487,-0.9432725870995622,6.375929871668287,-0.9432725870995622,1.0026375619557513,-0.9432725870995622,-0.9432725870995622,-0.9432725870995622,-0.9432725870995622,-0.9432725870995622,-0.9432725870995622,-0.9432725870995622,-0.9432725870995622,-0.9432725870995622,1.621676770361975,-0.9432725870995622,3.7295562473623445,7.869719644870404,-0.9432725870995622,5.672792598033256,-0.9432725870995622,-0.9432725870995622,4.033461155321013,-0.9432725870995622,-0.9432725870995622,1.0026375619557513,-0.9432725870995622,1.0026375619557513,-0.9432725870995622,0.6661653253345383,-0.9432725870995622,-0.9432725870995622,4.12563161512067,-0.9432725870995622,4.427365441028101,-0.9432725870995622,-0.9432725870995622,-0.9432725870995622,-0.9432725870995622,-0.9432725870995622,-0.9432725870995622,1.2539519902366578,-0.9432725870995622
SRR7146844,1,Pos,PRJNA464410,Duck,Duck,S,H,M,dabbling,Anasplatyrhynchos,"GrizzlyIslandWildlifeArea(GIWA),SolanoCounty",7.0,-1.0085450815667372,-1.0085450815667372,-1.0085450815667372,-1.0085450815667372,-1.0085450815667372,-1.0085450815667372,-1.0085450815667372,-1.0085450815667372,-1.0085450815667372,-1.0085450815667372,-1.0085450815667372,-1.0085450815667372,-1.0085450815667372,-1.0085450815667372,-1.0085450815667372,-1.0085450815667372,-1.0085450815667372,-1.0085450815667372,-1.0085450815667372,2.2103307433014647,2.841602520143322,-1.0085450815667372,0.6008928308673642,1.6995051195354733,-1.0085450815667372,-1.0085450815667372,-1.0085450815667372,-1.0085450815667372,3.1961475378242294,-1.0085450815667372,6.69084432469,-1.0085450815667372,2.7981174082035833,-1.0085450815667372,-1.0085450815667372,1.6995051195354733,1.935893897599704,-1.0085450815667372,7.786128319816685,1.8246682624894799,3.682802800662407,-1.0085450815667372,-1.0085450815667372,-1.0085450815667372,2.841602520143322,-1.0085450815667372,1.5564042758948,-1.0085450815667372,-1.0085450815667372,-1.0085450815667372,0.6008928308673642,-1.0085450815667372,5.163155515844179,-1.0085450815667372,-1.0085450815667372,3.254134795474579,-1.0085450815667372,-1.0085450815667372,-1.0085450815667372,-1.0085450815667372,1.1886794957694828,-1.0085450815667372,-1.0085450815667372,-1.0085450815667372,-1.0085450815667372,0.9373650674885772,-1.0085450815667372,-1.0085450815667372,-1.0085450815667372,-1.0085450815667372,-1.0085450815667372,-1.0085450815667372,-1.0085450815667372,-1.0085450815667372,3.2819143595816547,-1.0085450815667372,-1.0085450815667372,-1.0085450815667372,2.7050269851375717
SRR7146846,1,Pos,PRJNA464410,Duck,Duck,S,H,M,dabbling,Anasplatyrhynchos,"GrizzlyIslandWildlifeArea(GIWA),SolanoCounty",7.0,-1.5199771346862372,-1.5199771346862372,-1.5199771346862372,-1.5199771346862372,-1.5199771346862372,-1.5199771346862372,-1.5199771346862372,-1.5199771346862372,-1.5199771346862372,-1.5199771346862372,-1.5199771346862372,-1.5199771346862372,-1.5199771346862372,-1.5199771346862372,-1.5199771346862372,-1.5199771346862372,-1.5199771346862372,-1.5199771346862372,-1.5199771346862372,-1.5199771346862372,-1.5199771346862372,1.044972222775299,-1.5199771346862372,5.6260073330281495,3.44286749557367,-1.5199771346862372,-1.5199771346862372,-1.5199771346862372,-1.5199771346862372,6.202700381781765,4.118377534647507,-1.5199771346862372,3.0547338438171447,-1.5199771346862372,-1.5199771346862372,1.5245453030371854,1.1880730664159724,0.08946077774786243,5.370631985460928,-1.5199771346862372,0.677247442649981,-1.5199771346862372,1.313236209369978,-1.5199771346862372,-1.5199771346862372,-1.5199771346862372,-1.5199771346862372,-1.5199771346862372,2.19359493201807,5.207454590164618,3.9564864172452725,-1.5199771346862372,2.6544101352093996,-1.5199771346862372,3.3852976437521916,5.632291721346301,-1.5199771346862372,-1.5199771346862372,-1.5199771346862372,1.9765304267802426,3.7932288443555495,4.668286988396352,-1.5199771346862372,-1.5199771346862372,-1.5199771346862372,-1.5199771346862372,-1.5199771346862372,4.096793962980334,4.438447558343544,-1.5199771346862372,3.114751853543398,-1.5199771346862372,-1.5199771346862372,-1.5199771346862372,-1.5199771346862372,-1.5199771346862372,-1.5199771346862372,-1.5199771346862372,3.3083366026160634
SRR7146848,1,Pos,PRJNA464410,Duck,Duck,S,H,M,dabbling,Anasplatyrhynchos,"GrizzlyIslandWildlifeArea(GIWA),SolanoCounty",7.0,-1.340562753589139,-1.340562753589139,-1.340562753589139,-1.340562753589139,-1.340562753589139,-1.340562753589139,-1.340562753589139,-1.340562753589139,-1.340562753589139,-1.340562753589139,-1.340562753589139,-1.340562753589139,-1.340562753589139,-1.340562753589139,-1.340562753589139,-1.340562753589139,-1.340562753589139,-1.340562753589139,-1.340562753589139,3.4216111812086174,2.3229988925405083,2.214785307900275,-1.340562753589139,-1.340562753589139,-1.340562753589139,-1.340562753589139,-1.340562753589139,-1.340562753589139,4.9675356879203925,2.8641298658018277,7.111985244333568,-1.340562753589139,-1.340562753589139,-1.340562753589139,-1.340562753589139,-1.340562753589139,3.5497863746326157,-1.340562753589139,5.836456012320761,-1.340562753589139,3.579418172238987,3.313397596568385,5.8257032205445,-1.340562753589139,3.992156039676231,1.2243866038723983,-1.340562753589139,-1.340562753589139,-1.340562753589139,-1.340562753589139,-1.340562753589139,-1.340562753589139,3.8242232203343756,-1.340562753589139,-1.340562753589139,3.8905458632654484,-1.340562753589139,2.6297291599629835,1.0573325192092318,-1.340562753589139,-1.340562753589139,4.066609017870981,-1.340562753589139,-1.340562753589139,-1.340562753589139,-0.241950464921028,-1.340562753589139,-1.340562753589139,4.075537648615282,-1.340562753589139,3.992156039676231,-1.340562753589139,-1.340562753589139,-1.340562753589139,2.893543751008121,-1.340562753589139,-1.340562753589139,-1.340562753589139,-1.340562753589139
SRR7146849,1,Pos,PRJNA464410,Duck,Duck,S,H,F,dabbling,Anasplatyrhynchos,"GrizzlyIslandWildlifeArea(GIWA),SolanoCounty",7.0,-1.3372623357449367,-1.3372623357449367,-1.3372623357449367,-1.3372623357449367,-1.3372623357449367,-1.3372623357449367,-1.3372623357449367,-1.3372623357449367,-1.3372623357449367,-1.3372623357449367,-1.3372623357449367,-1.3372623357449367,-1.3372623357449367,-1.3372623357449367,-1.3372623357449367,-1.3372623357449367,-1.3372623357449367,-1.3372623357449367,-1.3372623357449367,1.9585745302593933,2.030033494241538,1.0606329370534349,-1.3372623357449367,-1.3372623357449367,-1.3372623357449367,-1.3372623357449367,-1.3372623357449367,-1.3372623357449367,6.1238031786093465,3.237448642758447,6.0298147241360756,-1.3372623357449367,1.4959510083112804,-1.3372623357449367,-1.3372623357449367,-0.2386500470768258,2.7057889320896136,1.0606329370534349,6.798084613161771,0.6086478133103768,3.0815782720516616,0.8599622415912833,-1.3372623357449367,-1.3372623357449367,3.5972115973857557,-1.3372623357449367,-1.3372623357449367,2.3262993103847105,-1.3372623357449367,-1.3372623357449367,-1.3372623357449367,-1.3372623357449367,5.3585365813135555,-1.3372623357449367,-1.3372623357449367,-1.3372623357449367,-1.3372623357449367,-1.3372623357449367,3.8612346955208894,0.6086478133103768,-1.3372623357449367,-1.3372623357449367,-1.3372623357449367,-1.3372623357449367,-1.3372623357449367,1.0606329370534349,-1.3372623357449367,-1.3372623357449367,4.211813749150284,1.3707878653572738,4.105155374776857,-1.3372623357449367,-1.3372623357449367,-1.3372623357449367,-1.3372623357449367,-1.3372623357449367,3.216614555855605,5.682928372566989,-1.3372623357449367
SRR7146850,1,Pos,PRJNA464410,Duck,Duck,S,H,M,dabbling,Anasplatyrhynchos,"GrizzlyIslandWildlifeArea(GIWA),SolanoCounty",7.0,-1.1052280670294188,-1.1052280670294188,-1.1052280670294188,-1.1052280670294188,-1.1052280670294188,-1.1052280670294188,-1.1052280670294188,-1.1052280670294188,-1.1052280670294188,-1.1052280670294188,-1.1052280670294188,-1.1052280670294188,-1.1052280670294188,-1.1052280670294188,-1.1052280670294188,-1.1052280670294188,-1.1052280670294188,-1.1052280670294188,-1.1052280670294188,3.6397040613338314,2.262067762957055,-1.1052280670294188,-1.1052280670294188,-1.1052280670294188,-1.1052280670294188,-1.1052280670294188,-1.1052280670294188,-1.1052280670294188,6.82173547783356,-1.1052280670294188,6.7812292039482704,-1.1052280670294188,-1.1052280670294188,-1.1052280670294188,-1.1052280670294188,-1.1052280670294188,3.673895426082111,-1.1052280670294188,5.821348966193305,-1.1052280670294188,4.634564845149815,-1.1052280670294188,6.029662784536466,-1.1052280670294188,4.412224829435289,2.030266148899731,-1.1052280670294188,-1.1052280670294188,-1.1052280670294188,-1.1052280670294188,-1.1052280670294188,-1.1052280670294188,2.608343999674889,-1.1052280670294188,-1.1052280670294188,-1.1052280670294188,-1.1052280670294188,-1.1052280670294188,-1.1052280670294188,-1.1052280670294188,-1.1052280670294188,-1.1052280670294188,-1.1052280670294188,1.8392109121370215,-1.1052280670294188,1.0919965103068003,-1.1052280670294188,-1.1052280670294188,3.529500921200217,-1.1052280670294188,5.180770027479445,-1.1052280670294188,-1.1052280670294188,-1.1052280670294188,5.161972481511944,-1.1052280670294188,3.0056457971438926,-1.1052280670294188,-1.1052280670294188
SRR7146851,1,Pos,PRJNA464410,Duck,Duck,S,H,M,dabbling,Anasplatyrhynchos,"GrizzlyIslandWildlifeArea(GIWA),SolanoCounty",7.0,-1.155318848808303,-1.155318848808303,-1.155318848808303,-1.155318848808303,-1.155318848808303,-1.155318848808303,-1.155318848808303,-1.155318848808303,-1.155318848808303,-1.155318848808303,-1.155318848808303,-1.155318848808303,-1.155318848808303,-1.155318848808303,-1.155318848808303,-1.155318848808303,-1.155318848808303,-1.155318848808303,-1.155318848808303,2.8149730647438194,-1.155318848808303,-1.155318848808303,-1.155318848808303,-1.155318848808303,-1.155318848808303,-1.155318848808303,-1.155318848808303,-1.155318848808303,-1.155318848808303,-1.155318848808303,6.242855244162163,-1.155318848808303,2.400029212681111,-1.155318848808303,-1.155318848808303,1.041905728527917,3.807525781451605,0.7905913002470104,7.323341392891151,1.677894495247914,3.188486573045381,-1.155318848808303,2.4555990638359217,-1.155318848808303,2.776506783916023,1.041905728527917,-1.155318848808303,1.789120130358138,-1.155318848808303,-1.155318848808303,-1.155318848808303,3.3555406577085476,5.320113867895788,-1.155318848808303,-1.155318848808303,4.750042999246268,-1.155318848808303,-1.155318848808303,4.157887130233485,-1.155318848808303,-1.155318848808303,3.0190684210873346,-1.155318848808303,-1.155318848808303,-1.155318848808303,6.178357546849382,-1.155318848808303,-1.155318848808303,4.032066957032453,-1.155318848808303,-1.155318848808303,-1.155318848808303,-1.155318848808303,-1.155318848808303,-1.155318848808303,-1.155318848808303,-1.155318848808303,-1.155318848808303,-1.155318848808303
SRR7146852,0,Neg,PRJNA464410,Duck,Duck,S,H,F,dabbling,Anasplatyrhynchos,"GrizzlyIslandWildlifeArea(GIWA),SolanoCounty",7.0,-1.1866048218012235,-1.1866048218012235,-1.1866048218012235,-1.1866048218012235,-1.1866048218012235,-1.1866048218012235,-1.1866048218012235,-1.1866048218012235,-1.1866048218012235,-1.1866048218012235,-1.1866048218012235,-1.1866048218012235,-1.1866048218012235,-1.1866048218012235,-1.1866048218012235,-1.1866048218012235,-1.1866048218012235,-1.1866048218012235,-1.1866048218012235,3.345994671352032,-1.1866048218012235,-1.1866048218012235,-1.1866048218012235,-1.1866048218012235,-1.1866048218012235,-1.1866048218012235,-1.1866048218012235,4.915953772812345,4.011892209464602,-1.1866048218012235,6.010081749033126,3.3242546847156262,-1.1866048218012235,5.185007025430632,1.5214453793009861,-1.1866048218012235,-1.1866048218012235,6.496338348077068,-1.1866048218012235,-1.1866048218012235,2.1092320442031056,-1.1866048218012235,-1.1866048218012235,-1.1866048218012235,2.3099027396652563,1.3783445356603128,-1.1866048218012235,-1.1866048218012235,-1.1866048218012235,-1.1866048218012235,-1.1866048218012235,2.8564464460333268,-1.1866048218012235,-1.1866048218012235,-1.1866048218012235,-1.1866048218012235,-1.1866048218012235,-1.1866048218012235,-1.1866048218012235,-1.1866048218012235,-1.1866048218012235,6.23457270679417,4.298192111689431,3.7762398084586835,-1.1866048218012235,3.4285156950400353,4.540242925785973,-1.1866048218012235,-1.1866048218012235,-1.1866048218012235,-1.1866048218012235,-1.1866048218012235,6.64023727635707,-1.1866048218012235,-1.1866048218012235,-1.1866048218012235,-1.1866048218012235,-1.1866048218012235,-1.1866048218012235
SRR7146853,0,Neg,PRJNA464410,Duck,Duck,S,H,M,dabbling,Anasplatyrhynchos,"GrizzlyIslandWildlifeArea(GIWA),SolanoCounty",7.0,-1.5052949754158842,-1.5052949754158842,-1.5052949754158842,-1.5052949754158842,-1.5052949754158842,-1.5052949754158842,-1.5052949754158842,-1.5052949754158842,-1.5052949754158842,-1.5052949754158842,-1.5052949754158842,-1.5052949754158842,-1.5052949754158842,-1.5052949754158842,-1.5052949754158842,-1.5052949754158842,-1.5052949754158842,-1.5052949754158842,-1.5052949754158842,-1.5052949754158842,-1.5052949754158842,2.158266670713763,-1.5052949754158842,-1.5052949754158842,-1.5052949754158842,-1.5052949754158842,-1.5052949754158842,4.769467045826055,4.579204437659287,-1.5052949754158842,3.3545174289457886,-1.5052949754158842,3.8370392765489276,4.4634125845694825,-1.5052949754158842,-1.5052949754158842,-1.5052949754158842,3.2042352258964506,3.874602378124576,-1.5052949754158842,1.3279183686403329,3.2738285176956454,-1.5052949754158842,-1.5052949754158842,-1.5052949754158842,-1.5052949754158842,1.059654382045653,-1.5052949754158842,-1.5052949754158842,-1.5052949754158842,-1.5052949754158842,-1.5052949754158842,3.736452039643759,-1.5052949754158842,-1.5052949754158842,1.7905418905884458,2.3865253226947427,2.9606131432387004,-1.5052949754158842,1.7135808494523177,-1.5052949754158842,4.906523292294013,2.2559051402776786,0.6919296019203358,-1.5052949754158842,1.439144003750557,3.865343052711779,-1.5052949754158842,3.0485819161846575,-1.5052949754158842,7.067332922888454,-1.5052949754158842,5.183059738530878,-1.5052949754158842,-1.5052949754158842,-1.5052949754158842,-1.5052949754158842,4.338249441615476,-1.5052949754158842
SRR7146854,1,Pos,PRJNA464410,Duck,Duck,FW,H,M,dabbling,Anasamericana,"SacramentoNationalWildlifeRefuge,GlennCounty",11.0,-0.896647145072393,-0.896647145072393,-0.896647145072393,-0.896647145072393,-0.896647145072393,-0.896647145072393,-0.896647145072393,-0.896647145072393,-0.896647145072393,-0.896647145072393,-0.896647145072393,-0.896647145072393,-0.896647145072393,-0.896647145072393,-0.896647145072393,-0.896647145072393,-0.896647145072393,-0.896647145072393,-0.896647145072393,-0.896647145072393,-0.896647145072393,-0.896647145072393,-0.896647145072393,0.20196514359571616,-0.896647145072393,-0.896647145072393,-0.896647145072393,2.1478752926510296,5.799151771986098,-0.896647145072393,1.8114030560298175,-0.896647145072393,-0.896647145072393,0.20196514359571616,-0.896647145072393,-0.896647145072393,-0.896647145072393,-0.896647145072393,3.738081843157243,-0.896647145072393,-0.896647145072393,-0.896647145072393,-0.896647145072393,-0.896647145072393,-0.896647145072393,-0.896647145072393,-0.896647145072393,-0.896647145072393,-0.896647145072393,-0.896647145072393,2.9100153446979267,2.2388470708567567,7.7708608070027125,-0.896647145072393,-0.896647145072393,3.614212361444457,-0.896647145072393,-0.896647145072393,1.5012481277259777,-0.896647145072393,2.2388470708567567,-0.896647145072393,-0.896647145072393,-0.896647145072393,0.7127907673617075,-0.896647145072393,-0.896647145072393,-0.896647145072393,-0.896647145072393,2.399189720931936,4.776676122099099,-0.896647145072393,2.658700916417021,-0.896647145072393,2.995173153038234,-0.896647145072393,-0.896647145072393,6.9784721359679,-0.896647145072393
SRR7146855,0,Neg,PRJNA464410,Duck,Duck,FW,U,F,filter,Anasclypeata,"SacramentoNationalWildlifeRefuge,GlennCounty",1.0,-1.063010828371823,-1.063010828371823,-1.063010828371823,-1.063010828371823,-1.063010828371823,-1.063010828371823,-1.063010828371823,-1.063010828371823,-1.063010828371823,-1.063010828371823,-1.063010828371823,-1.063010828371823,-1.063010828371823,-1.063010828371823,-1.063010828371823,-1.063010828371823,-1.063010828371823,-1.063010828371823,-1.063010828371823,2.232826037632507,-1.063010828371823,3.3558297794247753,-1.063010828371823,-1.063010828371823,-1.063010828371823,-1.063010828371823,-1.063010828371823,-1.063010828371823,4.637432745018865,-1.063010828371823,5.503661601431419,-1.063010828371823,-1.063010828371823,-1.063010828371823,-1.063010828371823,1.134213748964397,-1.063010828371823,-1.063010828371823,-1.063010828371823,-1.063010828371823,3.681921299991428,-1.063010828371823,-1.063010828371823,-1.063010828371823,3.9804142885474247,-1.063010828371823,1.9815116093516005,-1.063010828371823,-1.063010828371823,-1.063010828371823,-1.063010828371823,-1.063010828371823,4.60341585974061,-1.063010828371823,-1.063010828371823,3.79680157598985,-1.063010828371823,-1.063010828371823,2.3042850016146517,2.69818928732174,-1.063010828371823,-1.063010828371823,-1.063010828371823,5.245087613137708,4.405049312763309,-1.063010828371823,-1.063010828371823,1.9815116093516005,2.7871367733382364,-1.063010828371823,2.69818928732174,-1.063010828371823,-1.063010828371823,-1.063010828371823,-1.063010828371823,-1.063010828371823,-1.063010828371823,-1.063010828371823,7.816183099738495
SRR7146856,0,Neg,PRJNA464410,Duck,Duck,FW,U,M,filter,Anasclypeata,"SacramentoNationalWildlifeRefuge,GlennCounty",1.0,-1.1962075012678142,-1.1962075012678142,-1.1962075012678142,-1.1962075012678142,-1.1962075012678142,-1.1962075012678142,-1.1962075012678142,-1.1962075012678142,-1.1962075012678142,-1.1962075012678142,-1.1962075012678142,-1.1962075012678142,-1.1962075012678142,-1.1962075012678142,-1.1962075012678142,-1.1962075012678142,-1.1962075012678142,-1.1962075012678142,-1.1962075012678142,-1.1962075012678142,-1.1962075012678142,0.41323041116628545,-1.1962075012678142,1.001017076068404,0.41323041116628545,-1.1962075012678142,-1.1962075012678142,-1.1962075012678142,3.3785034772355678,-1.1962075012678142,3.663604903093857,-1.1962075012678142,0.7497026477874984,-1.1962075012678142,0.7497026477874984,-1.1962075012678142,1.637005842788401,-1.1962075012678142,-1.1962075012678142,-1.1962075012678142,1.8483149364556084,0.41323041116628545,-1.1962075012678142,3.3785034772355678,0.41323041116628545,-1.1962075012678142,0.41323041116628545,-1.1962075012678142,-1.1962075012678142,-1.1962075012678142,-1.1962075012678142,3.094251939880576,3.198241653404624,-1.1962075012678142,-1.1962075012678142,4.75703583301997,0.41323041116628545,1.3687418561937221,2.1710883287186595,-1.1962075012678142,-1.1962075012678142,-1.1962075012678142,-1.1962075012678142,3.8342304201246202,4.337181987459705,-1.1962075012678142,-1.1962075012678142,-1.1962075012678142,2.4147104113764097,-1.1962075012678142,3.336391991885441,-1.1962075012678142,-1.1962075012678142,-1.1962075012678142,-1.1962075012678142,4.772500058717551,-1.1962075012678142,3.438521486961821,7.79036412400024
SRR7146857,0,Neg,PRJNA464410,Duck,Duck,FW,U,F,filter,Anasclypeata,"SacramentoNationalWildlifeRefuge,GlennCounty",1.0,-1.1497240322712585,-1.1497240322712585,-1.1497240322712585,-1.1497240322712585,-1.1497240322712585,-1.1497240322712585,-1.1497240322712585,-1.1497240322712585,-1.1497240322712585,-1.1497240322712585,-1.1497240322712585,-1.1497240322712585,-1.1497240322712585,-1.1497240322712585,-1.1497240322712585,-1.1497240322712585,-1.1497240322712585,-1.1497240322712585,-1.1497240322712585,0.459713880162842,-1.1497240322712585,-1.1497240322712585,-1.1497240322712585,5.245537565844192,-1.1497240322712585,-1.1497240322712585,-1.1497240322712585,-1.1497240322712585,-1.1497240322712585,-1.1497240322712585,4.383665456456262,-1.1497240322712585,0.459713880162842,-1.1497240322712585,-0.05111174360314763,1.0475005450649615,-1.1497240322712585,-1.1497240322712585,4.771854387372558,0.459713880162842,-1.1497240322712585,1.0475005450649615,-1.1497240322712585,4.248438669246495,1.0475005450649615,-1.1497240322712585,-1.1497240322712585,-1.1497240322712585,-1.1497240322712585,1.4152253251902787,-1.1497240322712585,3.2447251224011806,7.6567000315866105,-1.1497240322712585,1.7947149468951826,5.563232168405812,-1.1497240322712585,-1.1497240322712585,5.121264399587041,-1.1497240322712585,-1.1497240322712585,-1.1497240322712585,-1.1497240322712585,3.361135474245592,2.6114760834223043,-1.1497240322712585,-1.1497240322712585,1.248171240527113,1.4152253251902787,0.7961861167840549,-1.1497240322712585,-1.1497240322712585,-1.1497240322712585,-1.1497240322712585,1.894798405452165,-1.1497240322712585,-1.1497240322712585,-1.1497240322712585,3.9919395242314017
SRR7146858,0,Neg,PRJNA464410,Duck,Duck,FW,U,M,filter,Anasclypeata,"SacramentoNationalWildlifeRefuge,GlennCounty",1.0,-0.9056828065414511,-0.9056828065414511,-0.9056828065414511,-0.9056828065414511,-0.9056828065414511,-0.9056828065414511,-0.9056828065414511,-0.9056828065414511,-0.9056828065414511,-0.9056828065414511,-0.9056828065414511,-0.9056828065414511,-0.9056828065414511,-0.9056828065414511,-0.9056828065414511,-0.9056828065414511,-0.9056828065414511,-0.9056828065414511,-0.9056828065414511,-0.9056828065414511,-0.9056828065414511,-0.9056828065414511,-0.9056828065414511,3.6051766999753996,-0.9056828065414511,-0.9056828065414511,-0.9056828065414511,-0.9056828065414511,4.926199670742066,-0.9056828065414511,0.19292948212665983,-0.9056828065414511,-0.9056828065414511,-0.9056828065414511,-0.9056828065414511,0.19292948212665983,-0.9056828065414511,-0.9056828065414511,1.291541770794769,-0.9056828065414511,-0.9056828065414511,-0.9056828065414511,-0.9056828065414511,5.183362068905396,-0.9056828065414511,-0.9056828065414511,0.7037551058926494,-0.9056828065414511,-0.9056828065414511,-0.9056828065414511,-0.9056828065414511,3.839249321821799,8.082888069673666,-0.9056828065414511,1.0402273425138624,4.43665144542336,0.19292948212665983,-0.9056828065414511,2.649665254947963,-0.9056828065414511,-0.9056828065414511,-0.9056828065414511,-0.9056828065414511,-0.9056828065414511,-0.9056828065414511,-0.9056828065414511,-0.9056828065414511,-0.9056828065414511,1.6592665509200861,-0.9056828065414511,1.0402273425138624,-0.9056828065414511,-0.9056828065414511,-0.9056828065414511,3.8217050121708898,5.122595713689248,2.390154059462878,3.969514516659701,-0.9056828065414511
SRR7146859,0,Neg,PRJNA464410,Duck,Duck,FW,U,M,filter,Anasclypeata,"SacramentoNationalWildlifeRefuge,GlennCounty",1.0,-1.0226671842323967,-1.0226671842323967,-1.0226671842323967,-1.0226671842323967,-1.0226671842323967,-1.0226671842323967,-1.0226671842323967,-1.0226671842323967,-1.0226671842323967,-1.0226671842323967,-1.0226671842323967,-1.0226671842323967,-1.0226671842323967,-1.0226671842323967,-1.0226671842323967,-1.0226671842323967,-1.0226671842323967,-1.0226671842323967,-1.0226671842323967,-1.0226671842323967,-1.0226671842323967,-1.0226671842323967,-1.0226671842323967,3.7047206344799433,-1.0226671842323967,-1.0226671842323967,-1.0226671842323967,-1.0226671842323967,5.590717034147163,-1.0226671842323967,2.9091584484919286,-1.0226671842323967,-1.0226671842323967,-1.0226671842323967,-1.0226671842323967,-1.0226671842323967,-1.0226671842323967,-1.0226671842323967,5.299898055694888,-1.0226671842323967,0.9232429648229159,-1.0226671842323967,0.07594510443571245,-1.0226671842323967,0.07594510443571245,-1.0226671842323967,0.07594510443571245,-1.0226671842323967,-1.0226671842323967,-1.0226671842323967,-1.0226671842323967,-1.0226671842323967,7.545789301121382,-1.0226671842323967,2.1962086406358035,5.221499716431339,0.07594510443571245,-1.0226671842323967,-1.0226671842323967,-1.0226671842323967,-1.0226671842323967,-1.0226671842323967,-1.0226671842323967,-1.0226671842323967,1.8105461598238186,-1.0226671842323967,-1.0226671842323967,-1.0226671842323967,1.5422821732291396,-1.0226671842323967,3.054870259673322,-1.0226671842323967,-1.0226671842323967,-1.0226671842323967,3.211439320364862,5.2253756902760315,2.6408944618972496,2.5882507284118272,6.568689862466154
SRR7146860,0,Neg,PRJNA464410,Duck,Duck,FW,U,M,filter,Anasclypeata,"SacramentoNationalWildlifeRefuge,GlennCounty",1.0,-1.3086800310795077,-1.3086800310795077,-1.3086800310795077,-1.3086800310795077,-1.3086800310795077,-1.3086800310795077,-1.3086800310795077,-1.3086800310795077,-1.3086800310795077,-1.3086800310795077,-1.3086800310795077,-1.3086800310795077,-1.3086800310795077,-1.3086800310795077,-1.3086800310795077,-1.3086800310795077,-1.3086800310795077,-1.3086800310795077,-1.3086800310795077,-1.3086800310795077,-1.3086800310795077,-1.3086800310795077,4.2087728653852,6.6460433034184,4.654899312538939,-1.3086800310795077,-1.3086800310795077,-1.3086800310795077,3.286439819055082,3.5035043242929094,1.826814184849642,-1.3086800310795077,-1.3086800310795077,-1.3086800310795077,-1.3086800310795077,-1.3086800310795077,-1.3086800310795077,-1.3086800310795077,-1.3086800310795077,-1.3086800310795077,-1.3086800310795077,-1.3086800310795077,-1.3086800310795077,1.6357589480869326,-1.3086800310795077,-1.3086800310795077,-1.3086800310795077,-1.3086800310795077,3.7972654428210726,4.052612134629918,3.4871105145172336,2.4048920356248003,4.089482670438246,-1.3086800310795077,3.1101605767170906,2.7343712367550426,-1.3086800310795077,-1.3086800310795077,-1.3086800310795077,-1.3086800310795077,-1.3086800310795077,-1.3086800310795077,-1.3086800310795077,1.399370170022702,2.3548816150501386,-1.3086800310795077,-1.3086800310795077,2.834454695312025,1.2562693263820286,-1.3086800310795077,-1.3086800310795077,-1.3086800310795077,-1.3086800310795077,1.7358424066439149,1.7358424066439149,3.844611563418271,-1.3086800310795077,1.6357589480869326,7.050923239761959
SRR7146861,0,Neg,PRJNA464410,Duck,Duck,FW,U,M,filter,Anasclypeata,"SacramentoNationalWildlifeRefuge,GlennCounty",1.0,-1.1149760294311637,-1.1149760294311637,-1.1149760294311637,-1.1149760294311637,-1.1149760294311637,-1.1149760294311637,-1.1149760294311637,-1.1149760294311637,-1.1149760294311637,-1.1149760294311637,-1.1149760294311637,-1.1149760294311637,-1.1149760294311637,-1.1149760294311637,-1.1149760294311637,-1.1149760294311637,-1.1149760294311637,-1.1149760294311637,-1.1149760294311637,-1.1149760294311637,-1.1149760294311637,-1.1149760294311637,-1.1149760294311637,2.020518186497985,-1.1149760294311637,3.8889702765142946,-1.1149760294311637,-1.1149760294311637,1.4499733280303726,-1.1149760294311637,3.459734949072219,0.4944618830029359,-1.1149760294311637,-1.1149760294311637,-1.1149760294311637,-1.1149760294311637,-1.1149760294311637,-1.1149760294311637,3.2025120841051464,-1.1149760294311637,1.593074171671046,-0.01636374076305458,-1.1149760294311637,2.1808608365731645,1.8294629497352766,-1.1149760294311637,-1.1149760294311637,-1.1149760294311637,-1.1149760294311637,-1.1149760294311637,-1.1149760294311637,2.8168496032931616,7.8703440312179485,-1.1149760294311637,-1.1149760294311637,5.831037961668063,0.4944618830029359,-1.1149760294311637,3.373660340300976,-1.1149760294311637,-1.1149760294311637,-1.1149760294311637,-1.1149760294311637,2.6462240862623982,1.0822485479050554,-1.1149760294311637,-1.1149760294311637,-1.1149760294311637,3.8617577129894105,-1.1149760294311637,1.8294629497352766,-1.1149760294311637,-1.1149760294311637,-1.1149760294311637,2.381531532035316,2.381531532035316,0.4944618830029359,2.9280752384033857,3.2288293924225195
SRR7146862,0,Neg,PRJNA464410,Duck,Duck,FW,U,M,filter,Anasclypeata,"SacramentoNationalWildlifeRefuge,GlennCounty",1.0,-0.7713976452570908,-0.7713976452570908,-0.7713976452570908,-0.7713976452570908,-0.7713976452570908,-0.7713976452570908,-0.7713976452570908,-0.7713976452570908,-0.7713976452570908,-0.7713976452570908,-0.7713976452570908,-0.7713976452570908,-0.7713976452570908,-0.7713976452570908,-0.7713976452570908,-0.7713976452570908,-0.7713976452570908,-0.7713976452570908,-0.7713976452570908,-0.7713976452570908,-0.7713976452570908,-0.7713976452570908,-0.7713976452570908,2.273124792466332,-0.7713976452570908,-0.7713976452570908,-0.7713976452570908,-0.7713976452570908,3.6230515094153475,-0.7713976452570908,1.1745125037982218,-0.7713976452570908,-0.7713976452570908,-0.7713976452570908,-0.7713976452570908,-0.7713976452570908,-0.7713976452570908,-0.7713976452570908,4.177362245121077,-0.7713976452570908,-0.7713976452570908,-0.7713976452570908,-0.7713976452570908,6.705640827062606,-0.7713976452570908,-0.7713976452570908,-0.7713976452570908,-0.7713976452570908,-0.7713976452570908,-0.7713976452570908,-0.7713976452570908,1.7935517122044455,7.685408396144052,-0.7713976452570908,-0.7713976452570908,1.7935517122044455,-0.7713976452570908,-0.7713976452570908,-0.7713976452570908,-0.7713976452570908,-0.7713976452570908,-0.7713976452570908,-0.7713976452570908,0.32721464341101836,3.462708859340168,-0.7713976452570908,-0.7713976452570908,-0.7713976452570908,-0.7713976452570908,-0.7713976452570908,2.0618156987991245,-0.7713976452570908,-0.7713976452570908,-0.7713976452570908,2.4474781796111094,-0.7713976452570908,0.32721464341101836,4.284848160091217,7.231965413372857
SRR7146863,0,Neg,PRJNA464410,Duck,Duck,S,H,M,dabbling,Anasplatyrhynchos,"SuisunMarsh/Balboa,SolanoCounty",7.0,-1.609231286035202,-1.609231286035202,-1.609231286035202,-1.609231286035202,-1.609231286035202,-1.609231286035202,-1.609231286035202,-1.609231286035202,-1.609231286035202,-1.609231286035202,-1.609231286035202,-1.609231286035202,-1.609231286035202,-1.609231286035202,-1.609231286035202,-1.609231286035202,-1.609231286035202,-1.609231286035202,-1.609231286035202,-1.609231286035202,-1.609231286035202,0.00020662639889756917,-1.609231286035202,0.3366788630201105,-1.609231286035202,0.9557180714263342,-1.609231286035202,1.8247559184499433,6.490930160901405,-1.609231286035202,3.5324322704674573,-1.609231286035202,3.9780173723650467,2.2409163156748555,-1.609231286035202,3.797940485424916,1.4352911516882205,-1.609231286035202,0.9557180714263342,0.00020662639889756917,1.2239820580210132,1.3352076931312373,2.7602165664318186,-1.609231286035202,1.8247559184499433,-1.609231286035202,0.3366788630201105,-1.609231286035202,-1.609231286035202,1.0988189150670076,1.0988189150670076,0.3366788630201105,2.8794050836969367,-1.609231286035202,-1.609231286035202,2.8566768326193808,2.734574135818481,-1.609231286035202,5.606743716616263,-1.609231286035202,0.00020662639889756917,2.2409163156748555,-1.609231286035202,0.7886639867631677,-1.609231286035202,-1.609231286035202,0.00020662639889756917,1.0988189150670076,4.532806119552154,-1.609231286035202,6.2239726626058545,-1.609231286035202,3.1698922070763267,-1.609231286035202,5.229173914812141,-1.609231286035202,-0.5106189973670929,-1.609231286035202,-1.609231286035202
SRR7146865,1,Pos,PRJNA464410,Duck,Duck,FW,U,M,dabbling,Anasplatyrhynchos,"ConawayRanch,YoloCounty",10.0,-1.2642808310196916,-1.2642808310196916,-1.2642808310196916,-1.2642808310196916,-1.2642808310196916,-1.2642808310196916,-1.2642808310196916,-1.2642808310196916,-1.2642808310196916,-1.2642808310196916,-1.2642808310196916,-1.2642808310196916,-1.2642808310196916,-1.2642808310196916,-1.2642808310196916,-1.2642808310196916,-1.2642808310196916,-1.2642808310196916,-1.2642808310196916,-1.2642808310196916,-1.2642808310196916,-1.2642808310196916,0.681629318035621,2.169706373465454,-0.16566854235158246,1.8712133849094572,-1.2642808310196916,2.0315560349846367,5.367720946375938,-1.2642808310196916,2.4969192846738704,-1.2642808310196916,-1.2642808310196916,1.443769370082518,-1.2642808310196916,0.9329437463165275,-1.2642808310196916,1.443769370082518,1.5689325130365237,-1.2642808310196916,-1.2642808310196916,-1.2642808310196916,-1.2642808310196916,0.9329437463165275,0.681629318035621,-1.2642808310196916,-1.2642808310196916,-1.2642808310196916,-1.2642808310196916,1.8712133849094572,2.7430523542127787,1.780241606703731,6.67559074534219,-1.2642808310196916,-1.2642808310196916,7.2880864354042,-1.2642808310196916,0.34515708141440804,1.5689325130365237,-1.2642808310196916,-1.2642808310196916,2.585866770690367,-1.2642808310196916,1.780241606703731,-1.2642808310196916,1.3006685264418447,2.3466370816245323,-1.2642808310196916,2.232226730446788,-1.2642808310196916,-1.2642808310196916,-1.2642808310196916,3.1301683236527467,-1.2642808310196916,2.232226730446788,-1.2642808310196916,-1.2642808310196916,5.140947627011149,-1.2642808310196916
SRR7146866,1,Pos,PRJNA464410,Duck,Duck,FW,U,M,dabbling,Anasplatyrhynchos,"ConawayRanch,YoloCounty",10.0,-0.9040570269615387,-0.9040570269615387,-0.9040570269615387,-0.9040570269615387,-0.9040570269615387,-0.9040570269615387,-0.9040570269615387,-0.9040570269615387,-0.9040570269615387,-0.9040570269615387,-0.9040570269615387,-0.9040570269615387,-0.9040570269615387,-0.9040570269615387,-0.9040570269615387,-0.9040570269615387,-0.9040570269615387,-0.9040570269615387,-0.9040570269615387,-0.9040570269615387,-0.9040570269615387,-0.9040570269615387,-0.9040570269615387,5.1385758067208425,2.231437188967611,5.304532999135089,-0.9040570269615387,-0.9040570269615387,3.691062823173051,-0.9040570269615387,-0.9040570269615387,-0.9040570269615387,-0.9040570269615387,-0.9040570269615387,-0.9040570269615387,-0.9040570269615387,-0.9040570269615387,-0.9040570269615387,5.3165331431382,-0.9040570269615387,-0.9040570269615387,-0.9040570269615387,-0.9040570269615387,1.6608923304999976,-0.9040570269615387,-0.9040570269615387,-0.9040570269615387,-0.9040570269615387,-0.9040570269615387,-0.9040570269615387,2.3917798390427905,1.803993174140671,5.481137372036186,3.1032761582709316,-0.9040570269615387,2.463238803024935,-0.9040570269615387,-0.9040570269615387,-0.9040570269615387,-0.9040570269615387,-0.9040570269615387,-0.9040570269615387,-0.9040570269615387,-0.9040570269615387,-0.9040570269615387,-0.9040570269615387,-0.9040570269615387,-0.9040570269615387,0.19455526170657045,5.1145361875346955,0.19455526170657045,-0.9040570269615387,-0.9040570269615387,0.19455526170657045,7.979583205542133,-0.9040570269615387,-0.9040570269615387,3.787290855267605,-0.9040570269615387
SRR7146868,1,Pos,PRJNA464410,Duck,Duck,FW,H,F,dabbling,Anasacuta,"ConawayRanch,YoloCounty",10.0,-1.0527881028549615,-1.0527881028549615,-1.0527881028549615,-1.0527881028549615,-1.0527881028549615,-1.0527881028549615,-1.0527881028549615,-1.0527881028549615,-1.0527881028549615,-1.0527881028549615,-1.0527881028549615,-1.0527881028549615,-1.0527881028549615,-1.0527881028549615,-1.0527881028549615,-1.0527881028549615,-1.0527881028549615,-1.0527881028549615,-1.0527881028549615,-1.0527881028549615,-1.0527881028549615,-1.0527881028549615,-1.0527881028549615,-1.0527881028549615,-1.0527881028549615,-1.0527881028549615,-1.0527881028549615,-1.0527881028549615,2.797359498855097,-1.0527881028549615,1.991734334868461,-1.0527881028549615,1.3451071699434083,1.5121612546065748,-1.0527881028549615,0.5566498095791381,-1.0527881028549615,0.5566498095791381,5.781320635958877,-1.0527881028549615,1.1444364744812576,-1.0527881028549615,0.5566498095791381,-1.0527881028549615,0.04582418581314762,-1.0527881028549615,-1.0527881028549615,-1.0527881028549615,-1.0527881028549615,-1.0527881028549615,0.04582418581314762,3.058085761318349,7.72723078501419,-1.0527881028549615,-1.0527881028549615,1.1444364744812576,-1.0527881028549615,1.5121612546065748,0.8931220462003511,-1.0527881028549615,3.6200407316069443,2.314507727131512,0.04582418581314762,0.5566498095791381,-1.0527881028549615,4.456600233773015,0.5566498095791381,-1.0527881028549615,0.8931220462003511,-1.0527881028549615,1.7804252412012538,-1.0527881028549615,2.797359498855097,-1.0527881028549615,6.498398764441188,-1.0527881028549615,-1.0527881028549615,0.5566498095791381,-1.0527881028549615
SRR7146869,1,Pos,PRJNA464410,Duck,Duck,FW,U,M,dabbling,Anasplatyrhynchos,"ConawayRanch,YoloCounty",12.0,-1.8641724895487695,-1.8641724895487695,-1.8641724895487695,-1.8641724895487695,-1.8641724895487695,-1.8641724895487695,-1.8641724895487695,-1.8641724895487695,-1.8641724895487695,-1.8641724895487695,-1.8641724895487695,-1.8641724895487695,-1.8641724895487695,-1.8641724895487695,-1.8641724895487695,-1.8641724895487695,-1.8641724895487695,-1.8641724895487695,-1.8641724895487695,-1.8641724895487695,0.843877711553441,-1.8641724895487695,-0.7655602008806586,2.668427003604487,0.9690408545074476,-1.8641724895487695,-0.25473457711466807,1.5698147149363777,4.872794468453087,1.0802664896176717,3.961827617831682,-1.8641724895487695,-1.8641724895487695,1.6911755719406454,-1.8641724895487695,0.33305208778745055,1.6911755719406454,1.9859751121612899,4.64161157057946,-1.8641724895487695,1.0802664896176717,-1.8641724895487695,0.7007768679127686,1.5698147149363777,1.5698147149363777,-1.8641724895487695,-1.8641724895487695,-1.8641724895487695,-1.8641724895487695,0.33305208778745055,0.08173765950654488,4.324091633533821,6.7152440450476005,1.6323350719177112,-1.8641724895487695,3.3343245417170575,-1.8641724895487695,-1.8641724895487695,1.8970276261447934,-1.8641724895487695,-1.8641724895487695,2.4533156239875415,1.8493995771555394,-1.8641724895487695,0.08173765950654488,2.5302766651236706,1.0802664896176717,-1.8641724895487695,1.9859751121612899,-1.8641724895487695,2.827175392680375,-1.8641724895487695,4.057405930095047,-1.8641724895487695,4.2735545645374655,2.578478766941548,-1.8641724895487695,3.907268633581247,2.1431606956837026
SRR7146871,1,Pos,PRJNA464410,Duck,Duck,FW,H,M,dabbling,Anasamericana,"SacramentoNationalWildlifeRefuge,GlennCounty",10.0,-1.279622481095032,-1.279622481095032,-1.279622481095032,-1.279622481095032,-1.279622481095032,-1.279622481095032,-1.279622481095032,-1.279622481095032,-1.279622481095032,-1.279622481095032,-1.279622481095032,-1.279622481095032,-1.279622481095032,-1.279622481095032,-1.279622481095032,-1.279622481095032,-1.279622481095032,-1.279622481095032,-1.279622481095032,-1.279622481095032,-1.279622481095032,-1.279622481095032,-1.279622481095032,4.479279292782248,-1.279622481095032,-1.279622481095032,-1.279622481095032,-1.279622481095032,5.1189724534401755,2.9830573959462834,2.8635122452965005,2.9830573959462834,-1.279622481095032,-1.279622481095032,-1.279622481095032,-1.279622481095032,-0.18101019242692296,-1.279622481095032,-1.279622481095032,-1.279622481095032,1.2853268763665051,-1.279622481095032,2.154364723390114,-1.279622481095032,1.2853268763665051,-1.279622481095032,1.2853268763665051,-1.279622481095032,-1.279622481095032,4.30010734489119,6.721062303419717,3.2312370254218177,4.407352875244788,-1.279622481095032,1.8558717348341176,3.6107266471267216,-1.279622481095032,-1.279622481095032,-1.279622481095032,2.5270400086752876,-1.279622481095032,1.7648999566283905,-1.279622481095032,-1.279622481095032,-1.279622481095032,6.957592222254457,-1.279622481095032,2.433949585609276,1.553590862961184,2.612197817015595,5.42601661376497,-1.279622481095032,-1.279622481095032,-1.279622481095032,-1.279622481095032,-1.279622481095032,-1.279622481095032,-1.279622481095032,-1.279622481095032
SRR7146872,1,Pos,PRJNA464410,Duck,Duck,FW,H,M,filter,Anasclypeata,"SacramentoNationalWildlifeRefuge,GlennCounty",10.0,-0.9372435306910614,-0.9372435306910614,-0.9372435306910614,-0.9372435306910614,-0.9372435306910614,-0.9372435306910614,-0.9372435306910614,-0.9372435306910614,-0.9372435306910614,-0.9372435306910614,-0.9372435306910614,-0.9372435306910614,-0.9372435306910614,-0.9372435306910614,-0.9372435306910614,-0.9372435306910614,-0.9372435306910614,-0.9372435306910614,-0.9372435306910614,-0.9372435306910614,-0.9372435306910614,-0.9372435306910614,-0.9372435306910614,-0.9372435306910614,-0.9372435306910614,-0.9372435306910614,-0.9372435306910614,4.821658243186221,2.9545767674195664,-0.9372435306910614,1.2599810466451586,-0.9372435306910614,-0.9372435306910614,4.88875657668939,0.16136875797704953,-0.9372435306910614,-0.9372435306910614,3.9069435557675307,-0.9372435306910614,-0.9372435306910614,-0.9372435306910614,-0.9372435306910614,-0.9372435306910614,4.834197592438955,0.67219438174304,-0.9372435306910614,-0.9372435306910614,-0.9372435306910614,-0.9372435306910614,-0.9372435306910614,-0.9372435306910614,-0.9372435306910614,7.9549555613486325,-0.9372435306910614,-0.9372435306910614,2.994582102033265,-0.9372435306910614,-0.9372435306910614,-0.9372435306910614,-0.9372435306910614,-0.9372435306910614,5.226071273343581,3.10580773714349,1.6277058267704767,-0.9372435306910614,3.595355962462196,-0.9372435306910614,-0.9372435306910614,-0.9372435306910614,-0.9372435306910614,-0.9372435306910614,-0.9372435306910614,5.519526124881103,-0.9372435306910614,0.16136875797704953,-0.9372435306910614,-0.9372435306910614,-0.9372435306910614,4.424048635018364
SRR7146874,1,Pos,PRJNA464410,Duck,Duck,FW,H,M,dabbling,Anasacuta,"SacramentoNationalWildlifeRefuge,GlennCounty",10.0,-0.8006086894420061,-0.8006086894420061,-0.8006086894420061,-0.8006086894420061,-0.8006086894420061,-0.8006086894420061,-0.8006086894420061,-0.8006086894420061,-0.8006086894420061,-0.8006086894420061,-0.8006086894420061,-0.8006086894420061,-0.8006086894420061,-0.8006086894420061,-0.8006086894420061,-0.8006086894420061,-0.8006086894420061,-0.8006086894420061,-0.8006086894420061,-0.8006086894420061,-0.8006086894420061,-0.8006086894420061,-0.8006086894420061,1.1453014596133064,-0.8006086894420061,2.032604654614209,-0.8006086894420061,-0.8006086894420061,-0.8006086894420061,-0.8006086894420061,2.143830289724434,0.298003599226103,-0.8006086894420061,-0.8006086894420061,-0.8006086894420061,1.396615887894213,-0.8006086894420061,-0.8006086894420061,6.1644716561593995,-0.8006086894420061,0.8088292229920935,-0.8006086894420061,-0.8006086894420061,-0.8006086894420061,-0.8006086894420061,-0.8006086894420061,-0.8006086894420061,-0.8006086894420061,-0.8006086894420061,-0.8006086894420061,0.8088292229920935,2.6958988720244736,8.020385956305896,2.2439137482814164,-0.8006086894420061,4.541725562522805,-0.8006086894420061,-0.8006086894420061,2.143830289724434,0.8088292229920935,2.2439137482814164,-0.8006086894420061,-0.8006086894420061,-0.8006086894420061,-0.8006086894420061,2.63337851504314,-0.8006086894420061,-0.8006086894420061,-0.8006086894420061,-0.8006086894420061,2.032604654614209,-0.8006086894420061,-0.8006086894420061,-0.8006086894420061,6.674163492955864,-0.8006086894420061,-0.8006086894420061,-0.8006086894420061,-0.8006086894420061
SRR7146875,1,Pos,PRJNA464410,Duck,Duck,FW,H,F,filter,Anasclypeata,"SacramentoNationalWildlifeRefuge,GlennCounty",12.0,-1.6536964876363554,-1.6536964876363554,-1.6536964876363554,-1.6536964876363554,-1.6536964876363554,-1.6536964876363554,-1.6536964876363554,-1.6536964876363554,-1.6536964876363554,-1.6536964876363554,-1.6536964876363554,-1.6536964876363554,-1.6536964876363554,-1.6536964876363554,-1.6536964876363554,-1.6536964876363554,-1.6536964876363554,-1.6536964876363554,-1.6536964876363554,-0.5550841989682462,1.4817977282927943,1.1795168564198608,-1.6536964876363554,-1.6536964876363554,-1.6536964876363554,-1.6536964876363554,-1.6536964876363554,0.5435280896998638,1.290742491530085,-1.6536964876363554,5.0543875962167135,-1.6536964876363554,3.998792692632295,-1.6536964876363554,1.5651793372318448,2.5509961317546104,0.2922136614189572,0.9112528698251809,-1.6536964876363554,0.5435280896998638,2.389354780198194,0.9112528698251809,1.0543537134658543,-1.6536964876363554,2.353636697596115,-1.6536964876363554,1.7135993423501183,-1.6536964876363554,0.7441987851620144,-1.6536964876363554,-1.6536964876363554,2.690108934217328,4.975666765801093,0.5435280896998638,-1.6536964876363554,4.195628292310504,-0.5550841989682462,1.7135993423501183,-1.6536964876363554,2.8571630188804944,-1.6536964876363554,2.5206907822592814,-1.6536964876363554,2.389354780198194,6.5452179573506335,-1.6536964876363554,-1.6536964876363554,-0.044258575202255734,1.0543537134658543,-1.6536964876363554,-1.6536964876363554,4.761400471535239,1.4817977282927943,-1.6536964876363554,2.196451114073703,-1.6536964876363554,-1.6536964876363554,1.1795168564198608,6.234262848963589
SRR7146877,1,Pos,PRJNA464410,Duck,Duck,FW,H,F,filter,Anasclypeata,"SacramentoNationalWildlifeRefuge,GlennCounty",10.0,-1.977080861464935,-1.977080861464935,-1.977080861464935,-1.977080861464935,-1.977080861464935,-1.977080861464935,-1.977080861464935,-1.977080861464935,-1.977080861464935,-1.977080861464935,-1.977080861464935,-1.977080861464935,-1.977080861464935,-1.977080861464935,-1.977080861464935,-1.977080861464935,-1.977080861464935,-1.977080861464935,-1.977080861464935,-1.977080861464935,-1.977080861464935,-1.977080861464935,0.22014371587128512,2.465570395025382,1.8295816283053856,-1.977080861464935,-0.878468572796824,2.0302523237675363,3.564182683693492,-0.878468572796824,3.646936644722404,-1.977080861464935,-1.977080861464935,3.1409129509518205,-1.977080861464935,1.0674415762584886,-0.3676429490308344,2.1660538649265986,-1.977080861464935,-1.977080861464935,-0.031170712409621437,1.1584133544642157,-1.977080861464935,3.3162239632595583,-1.977080861464935,-1.977080861464935,-0.3676429490308344,-1.977080861464935,-1.977080861464935,1.784119254228628,0.5878684959966023,5.374719007592843,6.282636099556588,1.1584133544642157,1.3902149685215397,3.9282809865896358,-1.977080861464935,-1.977080861464935,3.703091747552133,-1.977080861464935,-1.977080861464935,3.9657185136617668,1.2417949634032661,1.1584133544642157,2.1337930027083774,1.8730667402451244,2.750306957247406,0.5878684959966023,-1.977080861464935,-1.977080861464935,4.215281628009938,-1.977080861464935,4.202935792187638,-1.977080861464935,2.7850930733328214,2.4417597463316634,1.0674415762584886,1.784119254228628,4.561058962302736
SRR7146878,1,Pos,PRJNA464410,Duck,Duck,S,H,F,dabbling,Anasplatyrhynchos,"GrizzlyIslandWildlifeArea(GIWA),SolanoCounty",7.0,-1.7902638451723485,-1.7902638451723485,-1.7902638451723485,-1.7902638451723485,-1.7902638451723485,-1.7902638451723485,-1.7902638451723485,-1.7902638451723485,-1.7902638451723485,-1.7902638451723485,-1.7902638451723485,-1.7902638451723485,-1.7902638451723485,-1.7902638451723485,-1.7902638451723485,-1.7902638451723485,-1.7902638451723485,-1.7902638451723485,-1.7902638451723485,2.2527874226622018,2.05988375653771,2.05988375653771,-1.7902638451723485,4.064808077030079,1.254258592551075,2.8444651430572874,-1.7902638451723485,-1.7902638451723485,4.208672716774334,-1.7902638451723485,6.160238589636503,-1.7902638451723485,-1.7902638451723485,-1.7902638451723485,-1.7902638451723485,-1.7902638451723485,2.443842659424911,-1.7902638451723485,0.917786355929862,1.1541751339940918,2.882564989289558,-1.7902638451723485,-1.7902638451723485,-1.7902638451723485,3.240174076220087,1.3452303707568012,-1.7902638451723485,-1.7902638451723485,1.7650842163170655,3.7665642165271893,4.406180282622172,3.796984813227901,6.1403020090616165,-1.7902638451723485,1.6437233593127978,2.5001955959760425,-1.7902638451723485,-1.7902638451723485,-1.7902638451723485,-1.7902638451723485,3.869218370587273,2.2170693400601227,0.40696073216387063,0.917786355929862,-1.7902638451723485,-1.7902638451723485,-1.7902638451723485,2.742335647980908,1.0429494988838677,4.663361153720343,-1.7902638451723485,-1.7902638451723485,0.40696073216387063,0.917786355929862,2.5272242683639616,0.15564630388296496,-1.7902638451723485,-1.7902638451723485,1.577031984814126
SRR7146880,1,Pos,PRJNA464410,Duck,Duck,FW,U,M,dabbling,Anasplatyrhynchos,"ConawayRanch,YoloCounty",12.0,-1.8140755265382378,-1.8140755265382378,-1.8140755265382378,-1.8140755265382378,-1.8140755265382378,-1.8140755265382378,-1.8140755265382378,-1.8140755265382378,-1.8140755265382378,-1.8140755265382378,-1.8140755265382378,-1.8140755265382378,-1.8140755265382378,-1.8140755265382378,-1.8140755265382378,-1.8140755265382378,-1.8140755265382378,-1.8140755265382378,-1.8140755265382378,-1.8140755265382378,-1.8140755265382378,-1.8140755265382378,-1.8140755265382378,1.8494861195914085,-1.8140755265382378,-1.8140755265382378,-1.8140755265382378,-1.8140755265382378,3.9192657503595076,5.5668035090258785,3.8523511615741945,-1.8140755265382378,-1.8140755265382378,2.1932576586942334,-1.8140755265382378,0.8939746745639727,0.13183462251707567,3.5282587254265736,3.362074206035592,-1.8140755265382378,0.5838197462601329,0.5838197462601329,2.6047650812583605,1.2304469111851857,1.0191378175179784,-1.8140755265382378,-1.8140755265382378,-1.8140755265382378,-1.8140755265382378,-1.8140755265382378,-1.8140755265382378,2.5803736281342013,5.907716250279298,-1.8140755265382378,2.913312292174103,4.169860754148953,-1.8140755265382378,-1.8140755265382378,2.1932576586942334,-1.8140755265382378,-1.8140755265382378,2.760635451965145,0.5838197462601329,-1.8140755265382378,-1.8140755265382378,3.417033090316349,2.965047966573292,-1.8140755265382378,0.5838197462601329,-1.8140755265382378,2.8398848236192853,3.14876910372167,3.711377412593546,-1.8140755265382378,5.804175571338458,3.8728998298015824,4.7665636107467115,3.537782606937829,-1.8140755265382378
SRR7146881,0,Neg,PRJNA464410,Duck,Duck,S,H,M,dabbling,Anasplatyrhynchos,"GrizzlyIslandWildlifeArea(GIWA),SolanoCounty",7.0,-1.5204631085167746,-1.5204631085167746,-1.5204631085167746,-1.5204631085167746,-1.5204631085167746,-1.5204631085167746,-1.5204631085167746,-1.5204631085167746,-1.5204631085167746,-1.5204631085167746,-1.5204631085167746,-1.5204631085167746,-1.5204631085167746,-1.5204631085167746,-1.5204631085167746,-1.5204631085167746,-1.5204631085167746,-1.5204631085167746,-1.5204631085167746,1.3127502355394425,-1.5204631085167746,0.877432164281597,-1.5204631085167746,3.5975307038999818,0.6767614688194454,-1.5204631085167746,-1.5204631085167746,2.922188147973543,1.7753737574875554,-1.5204631085167746,4.754298912725165,-1.5204631085167746,-1.5204631085167746,3.36988601970498,-1.5204631085167746,-1.5204631085167746,2.1430985376128726,4.727579765991655,-1.5204631085167746,-1.5204631085167746,2.1430985376128726,1.615031107412376,-1.5204631085167746,-1.5204631085167746,2.286199381253546,-1.5204631085167746,-1.5204631085167746,-1.5204631085167746,2.449828805035348,5.947479223769078,1.615031107412376,1.4239758706496666,3.3237239779418175,-1.5204631085167746,-1.5204631085167746,5.084834812431428,-1.5204631085167746,-1.5204631085167746,-1.5204631085167746,-1.5204631085167746,-1.5204631085167746,4.044057298805919,2.09045480412745,3.18906709279556,-1.5204631085167746,2.8739860461556654,2.286199381253546,6.816885455980402,-1.5204631085167746,-1.5204631085167746,-1.5204631085167746,1.5240593292066489,4.193269696992596,-1.5204631085167746,-1.5204631085167746,-1.5204631085167746,-1.5204631085167746,-1.5204631085167746,-1.5204631085167746
SRR7146882,0,Neg,PRJNA464410,Duck,Duck,S,H,M,dabbling,Anasplatyrhynchos,"GrizzlyIslandWildlifeArea(GIWA),SolanoCounty",7.0,-1.279153116132865,-1.279153116132865,-1.279153116132865,-1.279153116132865,-1.279153116132865,-1.279153116132865,-1.279153116132865,-1.279153116132865,-1.279153116132865,-1.279153116132865,-1.279153116132865,-1.279153116132865,-1.279153116132865,-1.279153116132865,-1.279153116132865,-1.279153116132865,-1.279153116132865,-1.279153116132865,-1.279153116132865,1.1187421566655065,-1.279153116132865,-1.279153116132865,-1.279153116132865,2.2173544453336156,-1.279153116132865,-1.279153116132865,-1.279153116132865,5.700922824428899,2.384408529996782,-1.279153116132865,3.724793189812595,1.1187421566655065,-1.279153116132865,4.83673900935017,-1.279153116132865,1.1187421566655065,-1.279153116132865,4.694656495736397,-1.279153116132865,-1.279153116132865,1.9397227087353368,2.016683749871465,-1.279153116132865,-1.279153116132865,1.285796241328672,-1.279153116132865,-1.279153116132865,-1.279153116132865,-1.279153116132865,-1.279153116132865,-1.279153116132865,-1.279153116132865,4.786954973970883,-1.279153116132865,-1.279153116132865,6.358563316531934,-1.279153116132865,-1.279153116132865,-1.279153116132865,-1.279153116132865,-1.279153116132865,5.497353876239319,3.9303330367085563,1.7653693215905584,-1.279153116132865,5.247341743437926,4.119009585384888,-1.279153116132865,-1.279153116132865,-1.279153116132865,3.5491606211694364,-1.279153116132865,6.779490596082754,-1.279153116132865,-1.279153116132865,-1.279153116132865,-1.279153116132865,-1.279153116132865,-1.279153116132865
SRR7146883,0,Neg,PRJNA464410,Duck,Duck,S,H,F,dabbling,Anasplatyrhynchos,"GrizzlyIslandWildlifeArea(GIWA),SolanoCounty",7.0,-1.2853711360085924,-1.2853711360085924,-1.2853711360085924,-1.2853711360085924,-1.2853711360085924,-1.2853711360085924,-1.2853711360085924,-1.2853711360085924,-1.2853711360085924,-1.2853711360085924,-1.2853711360085924,-1.2853711360085924,-1.2853711360085924,-1.2853711360085924,-1.2853711360085924,-1.2853711360085924,-1.2853711360085924,-1.2853711360085924,-1.2853711360085924,-0.1867588473404833,-1.2853711360085924,1.4226790650936172,-1.2853711360085924,2.4758289796849695,-1.2853711360085924,-1.2853711360085924,-1.2853711360085924,3.5268132193638246,3.109078018663846,-1.2853711360085924,4.394801473008474,-1.2853711360085924,-1.2853711360085924,4.157046574513201,1.5478422080476228,-1.2853711360085924,0.6605390130467201,3.3685892141489306,-1.2853711360085924,-1.2853711360085924,2.4282009306957146,0.3240667764255072,-1.2853711360085924,-1.2853711360085924,0.9118534413276267,-1.2853711360085924,-1.2853711360085924,-1.2853711360085924,-1.2853711360085924,1.1125241367897774,1.1125241367897774,-1.2853711360085924,2.521291353761727,-1.2853711360085924,-1.2853711360085924,7.7241985355051055,-1.2853711360085924,-1.2853711360085924,-1.2853711360085924,-1.2853711360085924,-1.2853711360085924,3.9020146698321625,1.8501230799205564,3.510419409588148,-1.2853711360085924,1.9335046888596077,3.4420166827037475,1.1125241367897774,-1.2853711360085924,1.4226790650936172,-1.2853711360085924,2.721962049223878,4.121800635451526,-1.2853711360085924,-1.2853711360085924,-1.2853711360085924,-1.2853711360085924,2.2111364254578874,-1.2853711360085924
SRR7146884,0,Neg,PRJNA464410,Duck,Duck,S,H,M,dabbling,Anasplatyrhynchos,"GrizzlyIslandWildlifeArea(GIWA),SolanoCounty",7.0,-1.5245960809515218,-1.5245960809515218,-1.5245960809515218,-1.5245960809515218,-1.5245960809515218,-1.5245960809515218,-1.5245960809515218,-1.5245960809515218,-1.5245960809515218,-1.5245960809515218,-1.5245960809515218,-1.5245960809515218,-1.5245960809515218,-1.5245960809515218,-1.5245960809515218,-1.5245960809515218,-1.5245960809515218,-1.5245960809515218,-1.5245960809515218,-1.5245960809515218,-1.5245960809515218,1.0403532765100145,-1.5245960809515218,-0.42598379228341265,-1.5245960809515218,-1.5245960809515218,1.3086172631046935,5.115279752875013,4.591296044531512,2.445695832600599,5.569638764973233,-1.5245960809515218,-1.5245960809515218,5.1736719731638905,-1.5245960809515218,-1.5245960809515218,4.454289683949599,4.14872718621997,-1.5245960809515218,-1.5245960809515218,3.544308121268709,2.1889759857527853,-1.5245960809515218,-1.5245960809515218,4.765119489957474,-1.5245960809515218,-1.5245960809515218,-1.5245960809515218,-1.5245960809515218,-1.5245960809515218,-1.5245960809515218,-1.5245960809515218,3.4658365058272143,-1.5245960809515218,-1.5245960809515218,4.396982338692293,2.61853864544001,-1.5245960809515218,-1.5245960809515218,-1.5245960809515218,-1.5245960809515218,6.0887288985891175,2.738083796089793,5.281126472465463,-1.5245960809515218,3.855301272588937,3.2711944646452187,-1.5245960809515218,-1.5245960809515218,-1.5245960809515218,-1.5245960809515218,-1.5245960809515218,5.2427470443138695,-1.5245960809515218,-1.5245960809515218,-1.5245960809515218,-1.5245960809515218,4.4988515120095105,-1.5245960809515218
SRR7146886,0,Neg,PRJNA464410,Duck,Duck,S,H,F,dabbling,Anasplatyrhynchos,"GrizzlyIslandWildlifeArea(GIWA),SolanoCounty",7.0,-1.4651024414455653,-1.4651024414455653,-1.4651024414455653,-1.4651024414455653,-1.4651024414455653,-1.4651024414455653,-1.4651024414455653,-1.4651024414455653,-1.4651024414455653,-1.4651024414455653,-1.4651024414455653,-1.4651024414455653,-1.4651024414455653,-1.4651024414455653,-1.4651024414455653,-1.4651024414455653,-1.4651024414455653,-1.4651024414455653,-1.4651024414455653,-1.4651024414455653,0.7321221358906538,-1.4651024414455653,-1.4651024414455653,1.2429477596566443,-1.4651024414455653,-1.4651024414455653,0.7321221358906538,-1.4651024414455653,2.1458154711986595,-1.4651024414455653,3.664796273477508,3.4548784843825597,-1.4651024414455653,4.412633340334073,-1.4651024414455653,-1.4651024414455653,2.505189472106556,3.0457570650712844,-1.4651024414455653,-1.4651024414455653,2.878702980408119,-1.4651024414455653,-1.4651024414455653,-1.4651024414455653,0.9327928313528053,-1.4651024414455653,-1.4651024414455653,-1.4651024414455653,-1.4651024414455653,-1.4651024414455653,-1.4651024414455653,4.1661093403758,7.24584668439029,1.2429477596566443,-1.4651024414455653,3.867616351819804,-1.4651024414455653,-1.4651024414455653,4.817164305450441,-1.4651024414455653,3.067497051707691,4.456475978198251,1.7537733834226357,2.2484696252587426,-1.4651024414455653,1.9021933885409084,2.852385672090745,-1.4651024414455653,3.959847576035837,-1.4651024414455653,-1.4651024414455653,-1.4651024414455653,5.379713037762698,-1.4651024414455653,2.0902456200438486,-1.4651024414455653,-1.4651024414455653,2.852385672090745,-1.4651024414455653
SRR7146887,0,Neg,PRJNA464410,Duck,Duck,S,H,F,dabbling,Anasplatyrhynchos,"GrizzlyIslandWildlifeArea(GIWA),SolanoCounty",7.0,-1.4045704779166392,-1.4045704779166392,-1.4045704779166392,-1.4045704779166392,-1.4045704779166392,-1.4045704779166392,-1.4045704779166392,-1.4045704779166392,-1.4045704779166392,-1.4045704779166392,-1.4045704779166392,-1.4045704779166392,-1.4045704779166392,-1.4045704779166392,-1.4045704779166392,-1.4045704779166392,-1.4045704779166392,-1.4045704779166392,-1.4045704779166392,-1.4045704779166392,-1.4045704779166392,3.0840658918154995,-1.4045704779166392,-1.4045704779166392,-1.4045704779166392,-1.4045704779166392,2.150777583572774,4.9357888258111124,4.152257583782898,-1.4045704779166392,5.488071163255449,-1.4045704779166392,-1.4045704779166392,4.960180278935271,-1.4045704779166392,-1.4045704779166392,2.4020920118536795,4.579365802770551,-1.4045704779166392,-1.4045704779166392,3.6516753274316684,-1.4045704779166392,-1.4045704779166392,-1.4045704779166392,2.4020920118536795,1.7309237380125095,-1.4045704779166392,-1.4045704779166392,-1.4045704779166392,1.891266388087689,2.5657214356354814,-1.4045704779166392,3.748721116581139,-1.4045704779166392,2.3566296377769227,1.7309237380125095,-1.4045704779166392,-1.4045704779166392,-1.4045704779166392,-1.4045704779166392,-1.4045704779166392,6.885220105265004,2.7698167919789975,3.455241926445032,-1.4045704779166392,4.564137082068726,4.896215316746604,-1.4045704779166392,-1.4045704779166392,-1.4045704779166392,-1.4045704779166392,-1.4045704779166392,5.659333483555429,-1.4045704779166392,-1.4045704779166392,-1.4045704779166392,-1.4045704779166392,-1.4045704779166392,-1.4045704779166392
SRR7146888,1,Pos,PRJNA464410,Duck,Duck,S,H,F,dabbling,Anasplatyrhynchos,"GrizzlyIslandWildlifeArea(GIWA),SolanoCounty",7.0,-1.3886025918924725,-1.3886025918924725,-1.3886025918924725,-1.3886025918924725,-1.3886025918924725,-1.3886025918924725,-1.3886025918924725,-1.3886025918924725,-1.3886025918924725,-1.3886025918924725,-1.3886025918924725,-1.3886025918924725,-1.3886025918924725,-1.3886025918924725,-1.3886025918924725,-1.3886025918924725,-1.3886025918924725,-1.3886025918924725,-1.3886025918924725,2.107904969574008,2.2749590542371747,3.077305526762112,-1.3886025918924725,-1.3886025918924725,-1.3886025918924725,-1.3886025918924725,-1.3886025918924725,-1.3886025918924725,5.9050951287089655,-1.3886025918924725,7.027000743762132,4.516759256162098,-1.3886025918924725,-1.3886025918924725,2.2749590542371747,-1.3886025918924725,3.226517924948788,2.2749590542371747,-1.3886025918924725,2.6187305933399987,4.087860960039039,-1.3886025918924725,-1.3886025918924725,-1.3886025918924725,4.096194341598183,2.9552028299612116,-1.3886025918924725,-1.3886025918924725,-1.3886025918924725,3.122256914624378,3.753060964610188,-1.3886025918924725,4.160473493002748,-1.3886025918924725,-1.3886025918924725,5.762098865700055,-1.3886025918924725,-1.3886025918924725,-1.3886025918924725,2.3725975238010903,-1.3886025918924725,-1.3886025918924725,-1.3886025918924725,3.3563295364707786,-1.3886025918924725,-1.3886025918924725,-1.3886025918924725,3.4712098124692004,4.878597956648891,-1.3886025918924725,-1.3886025918924725,-1.3886025918924725,-1.3886025918924725,1.8302732329757285,-1.3886025918924725,-1.3886025918924725,-1.3886025918924725,-1.3886025918924725,-1.3886025918924725
