SampleID,label,Influenza,BioProject,HostGroup,HostType,Season,Age,Sex,Feeding,Species,Location,month,Sphingobacterium__4966214a,Pedobacter__e5eb02f3,Sphingobacteriaceae__736f2237,Parabacteroides__ef4b9171,Bacteroides__a13d2ac8,Prevotellaceae_Ga6A1_group__408c8c2d,Prevotellaceae__282df84e,Incertae_Sedis__32018bce,Prevotella__8ef7520d,Porphyromonas__c465f577,Bacteroidales__8e7f285d,H1__5c1b884f,Flavobacterium__63d393fc,Atopobium__81d6cbdb,Arcanobacterium__4c9ad755,Micrococcales__9eb9acee,Rothia__da821e0a,Lawsonella__30d3ed51,Varibaculum__84b87a55,Schaalia__ed995199,Stenotrophomonas__a6eadb2d,Escherichia-Shigella__6e37ae39,Pasteurellaceae__5a64a6f1,Psittacicella__f8bb29a5,Comamonadaceae__c51976b3,Moraxella__00b629e3,Pseudomonas__13b2a473,Halomonas__7333e261,unclassified__0c9e3ed5,Fusibacter__adc4c72e,Desulfovibrio__5d53bfb2,Brevundimonas__da6b37f3,Methylobacterium__1458f1e7,Clostridium__98fcf594,Bacillota__9ccfad18,Mageeibacillus__816bc635,Colidextribacter__d74cd658,UCG-005__4ce32c4e,Oscillospiraceae__ca53da73,Faecalibacterium__a50e8f12,Incertae_Sedis__efb1124a,Ruminococcaceae__0775e59c,Caecibacterium__9265d514,Campylobacter__af35970d,Helicobacter__acc07901,Lachnospiraceae_UCG-010__5bd5c394,Lachnospiraceae__cafeeea8,Incertae_Sedis__03d08b31,Peptoniphilus__172051db,Parvimonas__e9165b84,Peptococcus__e616d0c9,Candidatus_Arthromitus__04c4a458,Streptococcus__bf0a5e99,Gemella__da6858e2,Staphylococcus__463b2f04,Catellicoccus__f52c8cce,Lactobacillales__8ad1796f,Mycoplasmataceae__8e450566,Thomasclavelia__c4abcba6,Incertae_Sedis__b81519f9,Megamonas__97771191,Veillonellaceae__e56b0756,Veillonellales-Selenomonadales__eb04e82f,Veillonella__6718eb07,Phascolarctobacterium__1683506d,Fusobacterium__0daf4b3d,Incertae_Sedis__c3a9c557,Oceanivirga__5702680e,Leptotrichiaceae__d27439ff,Cetobacterium__024cc2ba
SRR7146574,1,Pos,PRJNA464410,Duck,Duck,S,A,M,dabbling,Anasplatyrhynchos,"MandevilleIsland,SanJoaquinCounty",8.0,-0.11846883898895477,-2.315693416325175,-0.11846883898895477,-2.315693416325175,1.8889992030657918,-2.315693416325175,-2.315693416325175,-2.315693416325175,-0.11846883898895477,2.860456316248655,0.9031824085430262,-2.315693416325175,3.5620423654544644,4.233957325908635,0.8198007996039749,-2.315693416325175,-2.315693416325175,-2.315693416325175,0.2492559411363624,-2.315693416325175,-2.315693416325175,1.8274413100663578,-2.315693416325175,-2.315693416325175,0.2492559411363624,-2.315693416325175,1.6545984972269467,0.08220185647319589,0.08220185647319589,-2.315693416325175,1.180814145141306,0.9031824085430262,-2.315693416325175,0.7288290213982487,-2.315693416325175,0.3923567847770357,-2.315693416325175,-2.315693416325175,1.761844027580545,-2.315693416325175,-2.315693416325175,3.8133567937353705,1.6161322163991514,4.603001802695297,-2.315693416325175,1.9469864607161407,5.143069276055785,-2.315693416325175,0.8198007996039749,3.7077541766358584,1.051602413661299,0.8198007996039749,4.883984929365997,-2.315693416325175,0.3923567847770357,-2.315693416325175,5.157943692171031,-2.315693416325175,-2.315693416325175,1.5761268817854521,2.87169238951558,4.507592706030513,-2.315693416325175,-2.315693416325175,-2.315693416325175,1.051602413661299,2.574655711896579,0.2492559411363624,1.9747660248232162,-2.315693416325175
SRR7146575,1,Pos,PRJNA464410,Duck,Duck,S,H,M,dabbling,Anasplatyrhynchos,"GrizzlyIslandWildlifeArea(GIWA),SolanoCounty",7.0,-2.085853362148365,-2.085853362148365,-2.085853362148365,3.10153244369239,5.37406140409274,5.209203054314266,3.176836826756521,-2.085853362148365,-2.085853362148365,-2.085853362148365,3.0078968386583975,-2.085853362148365,3.1452552547062216,-2.085853362148365,-2.085853362148365,1.8459722705759605,-2.085853362148365,-2.085853362148365,-2.085853362148365,-2.085853362148365,-2.085853362148365,-2.085853362148365,-2.085853362148365,0.7473599819078514,-2.085853362148365,-2.085853362148365,0.11137121518785431,-2.085853362148365,-2.085853362148365,-2.085853362148365,2.641534456563976,0.8585856170180755,-2.085853362148365,-2.085853362148365,2.3329872456482326,-2.085853362148365,3.256480889816446,2.088533907747272,4.342251910536231,3.5874699050231276,2.509266487986225,4.780037712735073,-2.085853362148365,4.342251910536231,1.991684081757355,4.358277894552076,4.788345133304929,0.6221968389538448,-2.085853362148365,2.586975472313541,1.5777082839812815,-2.085853362148365,1.8844385514037567,-2.085853362148365,-2.085853362148365,-2.085853362148365,0.11137121518785431,-2.085853362148365,4.177544900443259,-2.085853362148365,-2.085853362148365,-2.085853362148365,-2.085853362148365,-2.085853362148365,2.5681069880091583,-2.085853362148365,-2.085853362148365,-2.085853362148365,2.3085957925240734,-2.085853362148365
SRR7146576,0,Neg,PRJNA464410,Duck,Duck,FW,A,M,filter,Anasclypeata,"SacramentoNationalWildlifeRefuge,GlennCounty",1.0,0.8618432719642888,0.014545411577085332,-1.0840668770910238,-1.0840668770910238,2.993470566814695,-1.0840668770910238,-1.0840668770910238,-1.0840668770910238,-1.0840668770910238,3.090320392804613,1.7491464669651924,-1.0840668770910238,2.5268510355532,-1.0840668770910238,-1.0840668770910238,1.1131577002451953,-1.0840668770910238,-1.0840668770910238,-1.0840668770910238,-1.0840668770910238,-1.0840668770910238,-1.0840668770910238,-1.0840668770910238,4.103318928749731,-1.0840668770910238,-1.0840668770910238,1.1131577002451953,1.1131577002451953,-1.0840668770910238,4.114430154174801,-1.0840668770910238,-1.0840668770910238,-1.0840668770910238,-1.0840668770910238,0.014545411577085332,1.7491464669651924,0.8618432719642888,-1.0840668770910238,-1.0840668770910238,-1.0840668770910238,0.014545411577085332,-1.0840668770910238,2.722595612679296,8.030753293027747,-1.0840668770910238,-1.0840668770910238,2.9232663081414465,-1.0840668770910238,1.1131577002451953,0.5253710353430758,0.5253710353430758,-1.0840668770910238,-1.0840668770910238,-1.0840668770910238,-1.0840668770910238,-1.0840668770910238,-1.0840668770910238,-1.0840668770910238,-1.0840668770910238,-1.0840668770910238,-1.0840668770910238,-1.0840668770910238,2.412440684375456,-1.0840668770910238,-1.0840668770910238,0.5253710353430758,-1.0840668770910238,-1.0840668770910238,4.04583183783205,0.5253710353430758
SRR7146577,0,Neg,PRJNA464410,Duck,Duck,FW,H,F,filter,Anasclypeata,"SacramentoNationalWildlifeRefuge,GlennCounty",1.0,1.956403733129667,-0.6085456243318692,1.58867895300435,-0.6085456243318692,-0.6085456243318692,-0.6085456243318692,-0.6085456243318692,-0.6085456243318692,-0.6085456243318692,-0.6085456243318692,-0.6085456243318692,-0.6085456243318692,4.578840181508886,-0.6085456243318692,-0.6085456243318692,1.3373645247234434,-0.6085456243318692,-0.6085456243318692,-0.6085456243318692,-0.6085456243318692,1.7893496484665006,-0.6085456243318692,-0.6085456243318692,-0.6085456243318692,-0.6085456243318692,-0.6085456243318692,1.7893496484665006,1.3373645247234434,-0.6085456243318692,-0.6085456243318692,-0.6085456243318692,2.335893354834571,-0.6085456243318692,-0.6085456243318692,-0.6085456243318692,-0.6085456243318692,-0.6085456243318692,-0.6085456243318692,-0.6085456243318692,-0.6085456243318692,-0.6085456243318692,-0.6085456243318692,4.136386504031381,8.557320257542484,-0.6085456243318692,-0.6085456243318692,2.5269485915972805,-0.6085456243318692,-0.6085456243318692,-0.6085456243318692,-0.6085456243318692,-0.6085456243318692,-0.6085456243318692,-0.6085456243318692,3.3617462892202523,-0.6085456243318692,-0.6085456243318692,-0.6085456243318692,-0.6085456243318692,-0.6085456243318692,-0.6085456243318692,-0.6085456243318692,-0.6085456243318692,-0.6085456243318692,-0.6085456243318692,-0.6085456243318692,-0.6085456243318692,-0.6085456243318692,-0.6085456243318692,-0.6085456243318692
SRR7146578,1,Pos,PRJNA464410,Duck,Duck,S,H,M,dabbling,Anasplatyrhynchos,"SuisunMarsh/Sunrise,SolanoCounty",7.0,-0.8315274989181596,-0.8315274989181596,-0.8315274989181596,-0.8315274989181596,-0.8315274989181596,-0.8315274989181596,-0.8315274989181596,-0.8315274989181596,-0.8315274989181596,5.257517376528686,5.435673049623203,-0.8315274989181596,3.373165120472806,-0.8315274989181596,-0.8315274989181596,3.2793463652551518,-0.8315274989181596,-0.8315274989181596,-0.8315274989181596,-0.8315274989181596,-0.8315274989181596,-0.8315274989181596,3.138764414633962,7.119679657554811,-0.8315274989181596,-0.8315274989181596,-0.8315274989181596,-0.8315274989181596,1.3656970784180595,-0.8315274989181596,-0.8315274989181596,1.114382650137153,-0.8315274989181596,-0.8315274989181596,-0.8315274989181596,-0.8315274989181596,-0.8315274989181596,-0.8315274989181596,-0.8315274989181596,-0.8315274989181596,-0.8315274989181596,-0.8315274989181596,-0.8315274989181596,7.7146418007345945,5.864271418140332,-0.8315274989181596,-0.8315274989181596,-0.8315274989181596,-0.8315274989181596,-0.8315274989181596,-0.8315274989181596,-0.8315274989181596,-0.8315274989181596,-0.8315274989181596,-0.8315274989181596,-0.8315274989181596,1.7334218585433767,-0.8315274989181596,-0.8315274989181596,2.8320341472114867,-0.8315274989181596,-0.8315274989181596,-0.8315274989181596,-0.8315274989181596,-0.8315274989181596,-0.8315274989181596,-0.8315274989181596,-0.8315274989181596,-0.8315274989181596,-0.8315274989181596
SRR7146580,0,Neg,PRJNA464410,Duck,Duck,S,H,F,dabbling,Anasplatyrhynchos,"GrizzlyIslandWildlifeArea(GIWA),SolanoCounty",7.0,-1.5599943455100655,-1.5599943455100655,-1.5599943455100655,-1.5599943455100655,-1.5599943455100655,-1.5599943455100655,-1.5599943455100655,1.2732189985461506,0.385915803545247,5.003861181022062,-1.5599943455100655,-1.5599943455100655,0.8379009272883042,-1.5599943455100655,-1.5599943455100655,-1.5599943455100655,-1.5599943455100655,-1.5599943455100655,-1.5599943455100655,-1.5599943455100655,-1.5599943455100655,1.5754998704190841,-1.5599943455100655,1.484528092213357,-1.5599943455100655,-1.5599943455100655,-1.5599943455100655,-1.5599943455100655,0.049443566924034066,-1.5599943455100655,-1.5599943455100655,-1.5599943455100655,-1.5599943455100655,5.045303575438136,-1.5599943455100655,-1.5599943455100655,-1.5599943455100655,-1.5599943455100655,-1.5599943455100655,-1.5599943455100655,-1.5599943455100655,1.7358425204942636,1.5754998704190841,6.359725415414509,-1.5599943455100655,-1.5599943455100655,4.942795700405558,-1.5599943455100655,0.6372302318261536,2.1035673006195807,-1.5599943455100655,-1.5599943455100655,4.366931680460345,2.1535777211942415,1.5754998704190841,-1.5599943455100655,6.272416581677854,-1.5599943455100655,-1.5599943455100655,1.2732189985461506,-1.5599943455100655,4.676375244693638,-1.5599943455100655,5.416353724937682,-1.5599943455100655,2.3718312872142597,1.9953537159793475,3.4167393969105087,3.671114271344521,-1.5599943455100655
SRR7146581,0,Neg,PRJNA464410,Duck,Duck,S,H,F,dabbling,Anasplatyrhynchos,"GrizzlyIslandWildlifeArea(GIWA),SolanoCounty",7.0,-1.449912201029142,-1.449912201029142,-1.449912201029142,-1.449912201029142,-1.449912201029142,-1.449912201029142,-1.449912201029142,-1.449912201029142,3.6680816113876125,3.1452076491054477,-1.449912201029142,-1.449912201029142,2.161005711615082,-1.449912201029142,-1.449912201029142,2.441908097081484,2.893893220824541,-1.449912201029142,2.944536953643296,-1.449912201029142,-1.449912201029142,-1.449912201029142,1.6855820149000076,7.3380711951686575,-1.449912201029142,-1.449912201029142,0.4959979480261705,-1.449912201029142,1.845924664975187,-1.449912201029142,-1.449912201029142,0.15952571140495753,-1.449912201029142,-1.449912201029142,-0.351299912361033,1.5946102366942805,-1.449912201029142,-1.449912201029142,-1.449912201029142,-1.449912201029142,-1.449912201029142,-1.449912201029142,2.161005711615082,5.312817305902737,-1.449912201029142,-1.449912201029142,3.567367635785782,-1.449912201029142,-1.449912201029142,-1.449912201029142,0.4959979480261705,-1.449912201029142,4.181299580792223,-1.449912201029142,-1.449912201029142,-1.449912201029142,2.213649445100504,2.105435860460271,-1.449912201029142,1.9173836289573316,-1.449912201029142,-1.449912201029142,5.482535690543366,4.099163883866078,-1.449912201029142,0.15952571140495753,-1.449912201029142,-1.449912201029142,3.526821541391432,-1.449912201029142
SRR7146582,0,Neg,PRJNA464410,Duck,Duck,S,H,F,dabbling,Anasplatyrhynchos,"GrizzlyIslandWildlifeArea(GIWA),SolanoCounty",7.0,-1.2122803221825862,-1.2122803221825862,-1.2122803221825862,-1.2122803221825862,-0.11366803351447707,-1.2122803221825862,-1.2122803221825862,-1.2122803221825862,-1.2122803221825862,1.4957698789196234,-1.2122803221825862,-1.2122803221825862,0.3971575902515134,-1.2122803221825862,0.3971575902515134,-1.2122803221825862,1.732158656983854,-1.2122803221825862,0.3971575902515134,-1.2122803221825862,-1.2122803221825862,-1.2122803221825862,2.1550155078038875,6.240702007282874,-1.2122803221825862,-1.2122803221825862,-1.2122803221825862,-1.2122803221825862,0.3971575902515134,-1.2122803221825862,-1.2122803221825862,-1.2122803221825862,-1.2122803221825862,-1.2122803221825862,0.3971575902515134,-1.2122803221825862,-1.2122803221825862,-1.2122803221825862,-1.2122803221825862,-1.2122803221825862,-1.2122803221825862,-1.2122803221825862,3.2303709343077296,7.375744049994243,-0.11366803351447707,-1.2122803221825862,4.28897788836214,-1.2122803221825862,-1.2122803221825862,-1.2122803221825862,-1.2122803221825862,-1.2122803221825862,2.9621069477130506,1.35266903527895,-0.11366803351447707,-1.2122803221825862,-1.2122803221825862,0.9849442551536329,-1.2122803221825862,1.732158656983854,-1.2122803221825862,4.070923406555401,4.533922868357567,3.9057134902341684,-1.2122803221825862,1.8322421155408364,-1.2122803221825862,-1.2122803221825862,6.2266912702132755,-1.2122803221825862
SRR7146583,0,Neg,PRJNA464410,Duck,Duck,S,H,F,dabbling,Anasplatyrhynchos,"GrizzlyIslandWildlifeArea(GIWA),SolanoCounty",7.0,0.2026834461762146,-1.9945411311600045,2.424299476636593,-1.9945411311600045,0.7135090699422051,-1.9945411311600045,-1.9945411311600045,0.9498978480064357,3.5927075272402447,2.9821926112605697,-1.9945411311600045,-1.9945411311600045,5.554541579652281,-1.9945411311600045,-1.9945411311600045,1.049981306563418,4.711097963699999,1.4394460733251417,-1.9945411311600045,2.0127920540724666,3.412630640300114,-1.9945411311600045,3.783111192062652,-0.04863098210469108,-0.04863098210469108,-1.9945411311600045,2.6401878570696313,3.6294763750273336,-1.9945411311600045,-1.9945411311600045,-1.9945411311600045,3.430408886321398,2.3999080235124337,-1.9945411311600045,-1.9945411311600045,-1.9945411311600045,-1.9945411311600045,-1.9945411311600045,-1.9945411311600045,-1.9945411311600045,-1.9945411311600045,-1.9945411311600045,-1.9945411311600045,3.214945021681416,-1.9945411311600045,-1.9945411311600045,1.3012957348443246,-1.9945411311600045,-1.9945411311600045,-1.9945411311600045,-1.9945411311600045,-1.9945411311600045,4.645334702666531,1.6690205149696418,2.8176432242124125,0.5704082263015318,2.116332733013307,2.424299476636593,-1.9945411311600045,-0.38510321872590403,-1.9945411311600045,3.3381776621053643,-1.9945411311600045,6.259467459404839,-1.9945411311600045,-1.9945411311600045,-1.9945411311600045,-1.9945411311600045,1.6163767814842194,1.3727546988264692
SRR7146584,0,Neg,PRJNA464410,Duck,Duck,S,H,M,dabbling,Anasplatyrhynchos,"GrizzlyIslandWildlifeArea(GIWA),SolanoCounty",7.0,-2.2129976258437845,-2.2129976258437845,-2.2129976258437845,-2.2129976258437845,-1.1143853371756753,-2.2129976258437845,-2.2129976258437845,-2.2129976258437845,1.8300536419907658,4.9470715817523425,0.3519517316177527,-2.2129976258437845,1.7188280068805417,-2.2129976258437845,-1.1143853371756753,-0.267087476788471,1.3979202868004403,-2.2129976258437845,-2.2129976258437845,-1.1143853371756753,-0.603559713409684,-0.015773048507565335,-2.2129976258437845,4.015513377747399,-2.2129976258437845,-0.603559713409684,-2.2129976258437845,-0.267087476788471,2.229653630646532,0.49505257525842605,-2.2129976258437845,-0.603559713409684,-2.2129976258437845,2.1308077960098997,-2.2129976258437845,-0.267087476788471,-2.2129976258437845,-2.2129976258437845,-2.2129976258437845,-2.2129976258437845,-2.2129976258437845,-0.603559713409684,4.4294891755234715,5.456964369629793,-2.2129976258437845,-2.2129976258437845,4.492641469016219,-2.2129976258437845,-2.2129976258437845,-2.2129976258437845,-1.1143853371756753,2.459831208618122,3.703204436763651,-0.015773048507565335,1.757294287708337,2.855906576376447,1.7188280068805417,-1.1143853371756753,-2.2129976258437845,2.4217313623858514,0.7314413533226558,3.9460977626481486,3.686899727738707,3.446484589915837,-2.2129976258437845,3.7958155595988106,-2.2129976258437845,3.4037734718227872,4.9423986760529495,2.843248179504524
SRR7146585,0,Neg,PRJNA464410,Duck,Duck,S,H,F,dabbling,Anasplatyrhynchos,"GrizzlyIslandWildlifeArea(GIWA),SolanoCounty",7.0,-1.511238440353523,-1.511238440353523,-1.511238440353523,-1.511238440353523,-1.511238440353523,-1.511238440353523,-1.511238440353523,-1.511238440353523,-1.511238440353523,-1.511238440353523,4.656278050534818,-1.511238440353523,2.7514414366877924,-1.511238440353523,1.707637384514677,-1.511238440353523,3.730508574706119,-1.511238440353523,2.5318128274810263,-1.511238440353523,-1.511238440353523,-1.511238440353523,0.4346717087017895,3.1615903941083827,-1.511238440353523,-1.511238440353523,-1.511238440353523,-1.511238440353523,2.5996354238197883,-1.511238440353523,-1.511238440353523,-1.511238440353523,-1.511238440353523,2.4960947448789472,-1.511238440353523,-1.511238440353523,-1.511238440353523,-1.511238440353523,-1.511238440353523,-1.511238440353523,-1.511238440353523,-1.511238440353523,-1.511238440353523,2.9314128161367927,0.6859861369826961,-1.511238440353523,6.078097382817093,-1.511238440353523,-1.511238440353523,5.802648391279939,-1.511238440353523,-1.511238440353523,4.531394393328858,-1.511238440353523,1.6242557755756266,2.420587192370802,2.099679472290701,4.222102836544222,-1.511238440353523,5.811932277589946,-1.511238440353523,6.343918565527821,-1.511238440353523,4.595784447388731,-1.511238440353523,-1.511238440353523,-1.511238440353523,-1.511238440353523,1.321974903702693,-1.511238440353523
SRR7146587,0,Neg,PRJNA464410,Duck,Duck,S,H,M,dabbling,Anasplatyrhynchos,"GrizzlyIslandWildlifeArea(GIWA),SolanoCounty",7.0,0.9526080565705097,-1.44528721622786,-1.44528721622786,-1.44528721622786,7.519024731896653,1.3879261278283552,-1.44528721622786,-1.44528721622786,2.87220089730845,1.4991517629385802,-1.44528721622786,-1.44528721622786,2.87220089730845,-1.44528721622786,-1.44528721622786,1.77358860864034,3.4891867169028314,0.5006229328274525,-1.44528721622786,-1.44528721622786,0.5006229328274525,-1.44528721622786,2.165630696416364,-1.44528721622786,-1.44528721622786,-1.44528721622786,1.5992352214955625,1.2627629848743496,0.5006229328274525,-1.44528721622786,-1.44528721622786,0.7519373611083591,1.9886999882572862,-1.44528721622786,-1.44528721622786,-1.44528721622786,1.6902069997012896,-1.44528721622786,2.9973640402624557,-1.44528721622786,-1.44528721622786,-1.44528721622786,-1.44528721622786,4.255156357162826,-1.44528721622786,-1.44528721622786,1.5992352214955625,-1.44528721622786,-1.44528721622786,-1.44528721622786,-0.34667492755975093,-1.44528721622786,2.7888192883693987,-1.44528721622786,1.1196621412336762,-1.44528721622786,3.0206209024267237,-1.44528721622786,4.6020849628184175,-1.44528721622786,-1.44528721622786,4.386595261055657,-1.44528721622786,4.398257200803499,-1.44528721622786,-1.44528721622786,-1.44528721622786,-1.44528721622786,-1.44528721622786,-1.44528721622786
SRR7146588,1,Pos,PRJNA464410,Duck,Duck,FW,U,F,dabbling,Anasplatyrhynchos,"ConawayRanch,YoloCounty",12.0,-2.6926447446242676,-2.6926447446242676,-2.6926447446242676,-2.6926447446242676,2.723455657580152,-2.6926447446242676,-2.6926447446242676,-2.6926447446242676,1.6511606772294156,3.566936719440655,3.027667031983144,-2.6926447446242676,2.6106601634348077,-2.6926447446242676,-2.6926447446242676,0.9182731680199563,2.714527026835851,0.14056859943194855,0.7413424598608787,-1.083206832190168,0.9182731680199563,-2.6926447446242676,1.0685553710692943,3.6891712727818304,-2.6926447446242676,-2.6926447446242676,-2.6926447446242676,-2.6926447446242676,2.516841408217153,0.25179423454217265,0.015405456477942003,-2.6926447446242676,-2.6926447446242676,-2.6926447446242676,-0.12769538716273132,1.0685553710692943,-2.6926447446242676,0.015405456477942003,1.3146884406082027,0.25179423454217265,-2.6926447446242676,1.7261958631723298,1.0209273220800394,4.661717585797208,0.5262310802439325,-2.6926447446242676,5.053655917607172,-2.6926447446242676,-0.29474947182589784,3.409913849989301,0.8038628168422122,-2.6926447446242676,3.633504728530831,1.277647168927854,1.7018044100481706,-2.6926447446242676,1.8399547485289878,1.3848926992814512,1.450489981767265,2.0168854566880663,-2.6926447446242676,-2.6926447446242676,3.4009250254208676,3.9730389731581406,-2.6926447446242676,1.0685553710692943,3.223557317983167,0.25179423454217265,2.3246350921906567,0.25179423454217265
SRR7146589,1,Pos,PRJNA464410,Duck,Duck,FW,U,M,dabbling,Anasplatyrhynchos,"ConawayRanch,YoloCounty",12.0,-1.4624944720901496,-1.4624944720901496,-1.4624944720901496,-1.4624944720901496,-1.4624944720901496,-1.4624944720901496,-1.4624944720901496,-1.4624944720901496,1.8333423939141795,5.380188810148272,-1.4624944720901496,-1.4624944720901496,3.070105021063106,-1.4624944720901496,-1.4624944720901496,-0.3638821834220405,0.7347301052460695,-1.4624944720901496,0.7347301052460695,-1.4624944720901496,-1.4624944720901496,-1.4624944720901496,1.9714927323949967,3.7248913337506053,-1.4624944720901496,1.4819445070762907,-1.4624944720901496,-1.4624944720901496,-1.4624944720901496,1.7563813527780505,-1.4624944720901496,-1.4624944720901496,-1.4624944720901496,-1.4624944720901496,-1.4624944720901496,-1.4624944720901496,-1.4624944720901496,-1.4624944720901496,-1.4624944720901496,-1.4624944720901496,-1.4624944720901496,-1.4624944720901496,2.711892797805487,7.21460423683571,-1.4624944720901496,-1.4624944720901496,5.570129788937857,-1.4624944720901496,-1.4624944720901496,1.3707188719660666,-1.4624944720901496,-0.3638821834220405,2.2010671740394967,2.0928535893992635,2.387653129619909,-1.4624944720901496,2.4293258260204764,-1.4624944720901496,-1.4624944720901496,-1.4624944720901496,-1.4624944720901496,-1.4624944720901496,1.672999743839,2.906953380376872,-1.4624944720901496,4.431908362174701,5.213328749544698,2.1484234405540743,3.5003501581697574,-1.4624944720901496
SRR7146590,1,Pos,PRJNA464410,Duck,Duck,FW,U,M,dabbling,Anasplatyrhynchos,"ConawayRanch,YoloCounty",12.0,2.1640564630731065,-1.686091138636952,-1.686091138636952,-1.686091138636952,1.1471222054192642,-1.686091138636952,-1.686091138636952,-1.686091138636952,2.3569601291975983,6.255915669852905,-1.686091138636952,-1.686091138636952,4.7831591781588205,-1.686091138636952,-1.686091138636952,-1.686091138636952,2.2457344940873734,-1.686091138636952,0.25981901041836153,-1.686091138636952,1.6097457273673772,-1.686091138636952,4.000884217702868,4.900080516217723,-1.686091138636952,-1.686091138636952,2.3212420465955184,-1.686091138636952,4.157453278394407,-1.686091138636952,-1.686091138636952,2.391446305268768,-1.686091138636952,-1.686091138636952,-1.686091138636952,-1.686091138636952,-1.686091138636952,-1.686091138636952,-1.686091138636952,-1.686091138636952,-1.686091138636952,1.8104164228295279,-1.686091138636952,6.34040580030846,1.0219590624652577,-1.686091138636952,2.6577142832167313,-1.686091138636952,-1.686091138636952,-1.686091138636952,-1.686091138636952,3.204257989584802,3.1422225986653487,-1.686091138636952,-1.686091138636952,-1.686091138636952,-1.686091138636952,1.7478960658481943,-1.686091138636952,1.4494030772921978,-1.686091138636952,3.2483827944937396,-1.686091138636952,3.973391077122669,-1.686091138636952,4.813695902018901,-1.686091138636952,-1.686091138636952,3.8707369230625854,-1.686091138636952
SRR7146591,1,Pos,PRJNA464410,Duck,Duck,FW,H,U,dabbling,Anasamericana,"SacramentoNationalWildlifeRefuge,GlennCounty",10.0,-1.011273156501007,-1.011273156501007,-1.011273156501007,3.3831759981714313,5.289512638162237,3.7509007782967485,-1.011273156501007,-1.011273156501007,-1.011273156501007,-1.011273156501007,-1.011273156501007,-1.011273156501007,0.9346369925543057,-1.011273156501007,-1.011273156501007,-1.011273156501007,-1.011273156501007,-1.011273156501007,-1.011273156501007,-1.011273156501007,-1.011273156501007,-1.011273156501007,-1.011273156501007,2.6522884896286394,-1.011273156501007,-1.011273156501007,-1.011273156501007,-1.011273156501007,-1.011273156501007,-1.011273156501007,-1.011273156501007,-1.011273156501007,-1.011273156501007,1.8219401875552093,-1.011273156501007,-1.011273156501007,1.3866221162973629,0.5981647559330927,2.7022989102033,-1.011273156501007,-1.011273156501007,1.6967770446012027,1.1859514208352122,5.59672746879508,3.6800747257281365,-1.011273156501007,2.284563709503322,-1.011273156501007,-1.011273156501007,-1.011273156501007,-1.011273156501007,-1.011273156501007,0.08733913216710221,-1.011273156501007,-1.011273156501007,-1.011273156501007,-1.011273156501007,-1.011273156501007,0.9346369925543057,-1.011273156501007,1.6967770446012027,-1.011273156501007,-1.011273156501007,0.08733913216710221,-1.011273156501007,7.9985409540263745,-1.011273156501007,-1.011273156501007,2.7953893332693127,-1.011273156501007
SRR7146592,1,Pos,PRJNA464410,Duck,Duck,FW,U,M,dabbling,Anasacuta,"ConawayRanch,YoloCounty",11.0,-1.1138149889294269,-1.1138149889294269,-1.1138149889294269,-1.1138149889294269,2.1050608359387732,2.021679226999723,0.49562292350467274,-1.1138149889294269,-1.1138149889294269,4.473433669470822,-1.1138149889294269,-1.1138149889294269,-0.015202700261317759,2.1050608359387732,-1.1138149889294269,-1.1138149889294269,-1.1138149889294269,-1.1138149889294269,-1.1138149889294269,-1.1138149889294269,-1.1138149889294269,-1.1138149889294269,-0.015202700261317759,-0.015202700261317759,-1.1138149889294269,-1.1138149889294269,-0.015202700261317759,-1.1138149889294269,-1.1138149889294269,2.8180106437948984,-1.1138149889294269,0.49562292350467274,-1.1138149889294269,3.06057228096621,-1.1138149889294269,-1.1138149889294269,-0.015202700261317759,-1.1138149889294269,-1.1138149889294269,-1.1138149889294269,-1.1138149889294269,-1.1138149889294269,0.8320951601258857,7.800945538467834,1.4511343685321094,-1.1138149889294269,5.244027277578672,-1.1138149889294269,-1.1138149889294269,0.49562292350467274,-1.1138149889294269,-1.1138149889294269,1.8306239902370134,-1.1138149889294269,-1.1138149889294269,-1.1138149889294269,-1.1138149889294269,-1.1138149889294269,-1.1138149889294269,-1.1138149889294269,1.5942352121727827,0.49562292350467274,-1.1138149889294269,-0.015202700261317759,0.49562292350467274,6.097741744384374,-1.1138149889294269,-1.1138149889294269,3.2556328635375946,1.9307074487939957
SRR7146593,1,Pos,PRJNA464410,Duck,Duck,FW,U,F,dabbling,Anasplatyrhynchos,"ConawayRanch,YoloCounty",11.0,-0.5389741159178865,-0.5389741159178865,-0.5389741159178865,-0.5389741159178865,-0.5389741159178865,-0.5389741159178865,-0.5389741159178865,-0.5389741159178865,-0.5389741159178865,1.0704637965162132,-0.5389741159178865,-0.5389741159178865,0.5596381727502227,-0.5389741159178865,-0.5389741159178865,-0.5389741159178865,-0.5389741159178865,-0.5389741159178865,-0.5389741159178865,-0.5389741159178865,0.5596381727502227,-0.5389741159178865,-0.5389741159178865,-0.5389741159178865,-0.5389741159178865,-0.5389741159178865,0.5596381727502227,-0.5389741159178865,-0.5389741159178865,1.6582504614183327,-0.5389741159178865,-0.5389741159178865,-0.5389741159178865,-0.5389741159178865,-0.5389741159178865,-0.5389741159178865,-0.5389741159178865,-0.5389741159178865,-0.5389741159178865,-0.5389741159178865,-0.5389741159178865,-0.5389741159178865,5.033179916259877,8.635842699989249,-0.5389741159178865,-0.5389741159178865,2.596520100011263,-0.5389741159178865,-0.5389741159178865,0.5596381727502227,-0.5389741159178865,-0.5389741159178865,-0.5389741159178865,-0.5389741159178865,-0.5389741159178865,-0.5389741159178865,-0.5389741159178865,-0.5389741159178865,-0.5389741159178865,-0.5389741159178865,-0.5389741159178865,1.0704637965162132,-0.5389741159178865,0.5596381727502227,-0.5389741159178865,2.169076085184323,2.02597524154365,0.5596381727502227,2.02597524154365,-0.5389741159178865
SRR7146595,1,Pos,PRJNA464410,Duck,Duck,FW,U,F,dabbling,Anasplatyrhynchos,"ConawayRanch,YoloCounty",11.0,-0.7139136032797708,-0.7139136032797708,-0.7139136032797708,0.8955243091543288,1.9941365978224388,-0.7139136032797708,-0.7139136032797708,-0.7139136032797708,-0.7139136032797708,2.9496480428498755,-0.7139136032797708,-0.7139136032797708,-0.7139136032797708,-0.7139136032797708,-0.7139136032797708,-0.7139136032797708,-0.7139136032797708,-0.7139136032797708,-0.7139136032797708,-0.7139136032797708,-0.7139136032797708,-0.7139136032797708,-0.7139136032797708,2.421580612649379,-0.7139136032797708,-0.7139136032797708,-0.7139136032797708,-0.7139136032797708,-0.7139136032797708,3.177906694830855,-0.7139136032797708,-0.7139136032797708,-0.7139136032797708,-0.7139136032797708,-0.7139136032797708,-0.7139136032797708,-0.7139136032797708,-0.7139136032797708,-0.7139136032797708,-0.7139136032797708,-0.7139136032797708,-0.7139136032797708,7.816985235192578,7.71094497693367,0.8955243091543288,-0.7139136032797708,4.191361175158659,-0.7139136032797708,-0.7139136032797708,-0.7139136032797708,-0.7139136032797708,-0.7139136032797708,-0.7139136032797708,-0.7139136032797708,-0.7139136032797708,-0.7139136032797708,3.363623840625948,-0.7139136032797708,-0.7139136032797708,-0.7139136032797708,-0.7139136032797708,1.9941365978224388,-0.7139136032797708,-0.7139136032797708,-0.7139136032797708,2.897004309364453,-0.7139136032797708,-0.7139136032797708,0.3846986853883383,-0.7139136032797708
SRR7146596,1,Pos,PRJNA464410,Duck,Duck,FW,U,M,dabbling,Anascarolinensis,"ConawayRanch,YoloCounty",11.0,-1.5208694762717663,-1.5208694762717663,-1.5208694762717663,-1.5208694762717663,1.5236529614516563,-1.5208694762717663,2.9899900302450835,-1.5208694762717663,1.8464263537147074,3.7521300822919805,-1.5208694762717663,0.08856843616233334,3.1886607250405676,-1.5208694762717663,-1.5208694762717663,-1.5208694762717663,2.0900484363724576,-1.5208694762717663,-1.5208694762717663,-1.5208694762717663,0.6763551010644528,-1.5208694762717663,1.6146247396573834,1.6980063485964338,-1.5208694762717663,-1.5208694762717663,-1.5208694762717663,0.4250406727835463,-1.5208694762717663,-1.5208694762717663,-1.5208694762717663,1.31234386778445,-1.5208694762717663,-1.5208694762717663,-1.5208694762717663,-1.5208694762717663,-1.5208694762717663,-1.5208694762717663,-1.5208694762717663,-1.5208694762717663,-1.5208694762717663,0.08856843616233334,4.395332586335668,7.045304337366093,0.6763551010644528,-1.5208694762717663,3.677627554994059,-1.5208694762717663,-1.5208694762717663,1.1871807248304433,-1.5208694762717663,-1.5208694762717663,2.2857930134985533,0.08856843616233334,-1.5208694762717663,-1.5208694762717663,5.461065200884622,0.08856843616233334,-1.5208694762717663,0.6763551010644528,1.91311772821338,1.9756380851947135,-1.5208694762717663,3.1519593581901395,-1.5208694762717663,2.14269216985788,-1.5208694762717663,-1.5208694762717663,6.207106065833791,0.08856843616233334
SRR7146598,1,Pos,PRJNA464410,Duck,Duck,FW,H,M,dabbling,Anasacuta,"ConawayRanch,YoloCounty",11.0,-1.2291778448336093,-1.2291778448336093,-1.2291778448336093,0.38026006760049036,4.247285707097901,3.2594585248985304,2.9139568815579233,-1.2291778448336093,-1.2291778448336093,-1.2291778448336093,-1.2291778448336093,-1.2291778448336093,0.9680467325026099,-1.2291778448336093,-1.2291778448336093,-1.2291778448336093,-1.2291778448336093,-1.2291778448336093,-1.2291778448336093,-1.2291778448336093,-1.2291778448336093,-1.2291778448336093,1.604035499222606,5.270609195822244,-1.2291778448336093,-1.2291778448336093,-1.2291778448336093,-1.2291778448336093,-1.2291778448336093,-1.2291778448336093,-1.2291778448336093,-1.2291778448336093,-1.2291778448336093,-1.2291778448336093,-1.2291778448336093,-1.2291778448336093,1.4788723562686004,1.715261134332831,1.1687174279647605,0.38026006760049036,-1.2291778448336093,1.604035499222606,1.604035499222606,7.170807145677086,-1.2291778448336093,-0.13056555616550014,1.335771512627927,-1.2291778448336093,-1.2291778448336093,0.38026006760049036,-1.2291778448336093,-1.2291778448336093,0.7167323042217033,-1.2291778448336093,-1.2291778448336093,-1.2291778448336093,0.9680467325026099,-1.2291778448336093,-1.2291778448336093,-1.2291778448336093,1.9896979800345909,-0.13056555616550014,-1.2291778448336093,1.4788723562686004,1.9896979800345909,7.032606834681142,-0.13056555616550014,-1.2291778448336093,4.818194334212668,-1.2291778448336093
SRR7146599,1,Pos,PRJNA464410,Duck,Duck,FW,U,M,dabbling,Anasplatyrhynchos,"ConawayRanch,YoloCounty",11.0,-1.1626792571569293,-1.1626792571569293,-1.1626792571569293,-1.1626792571569293,2.2046165728295444,1.0345453201792898,-1.1626792571569293,-1.1626792571569293,0.7832308918983832,5.281451999543511,1.5453709439452803,-1.1626792571569293,-1.1626792571569293,1.0345453201792898,-1.1626792571569293,-1.1626792571569293,0.7832308918983832,-1.1626792571569293,-1.1626792571569293,-1.1626792571569293,-1.1626792571569293,-1.1626792571569293,-1.1626792571569293,1.0345453201792898,-1.1626792571569293,-1.1626792571569293,-1.1626792571569293,-1.1626792571569293,-0.06406696848882021,2.807612656395192,-1.1626792571569293,-1.1626792571569293,-1.1626792571569293,-1.1626792571569293,-1.1626792571569293,-1.1626792571569293,-1.1626792571569293,-1.1626792571569293,-1.1626792571569293,-1.1626792571569293,-1.1626792571569293,-1.1626792571569293,6.805986443309306,7.477262399518361,2.500882388972717,-1.1626792571569293,3.4720497310727065,-1.1626792571569293,-1.1626792571569293,1.402270100304607,-1.1626792571569293,-1.1626792571569293,-1.1626792571569293,-1.1626792571569293,-1.1626792571569293,-1.1626792571569293,-1.1626792571569293,-1.1626792571569293,-1.1626792571569293,1.2352160156414405,-1.1626792571569293,1.781759722009511,-1.1626792571569293,1.5453709439452803,0.4467586552771703,3.5101495773049765,4.731723577107921,-1.1626792571569293,1.2352160156414405,2.056196567711271
SRR7146601,1,Pos,PRJNA464410,Duck,Duck,FW,H,F,dabbling,Anascarolinensis,"ConawayRanch,YoloCounty",10.0,-0.8886439523347072,-0.8886439523347072,-0.8886439523347072,-0.8886439523347072,0.20996833633340195,-0.8886439523347072,-0.8886439523347072,-0.8886439523347072,1.5092513204636626,1.5092513204636626,-0.8886439523347072,-0.8886439523347072,2.407192913669622,-0.8886439523347072,-0.8886439523347072,-0.8886439523347072,1.944569391721509,-0.8886439523347072,-0.8886439523347072,-0.8886439523347072,-0.8886439523347072,-0.8886439523347072,-0.8886439523347072,5.095292328352484,-0.8886439523347072,-0.8886439523347072,0.20996833633340195,-0.8886439523347072,-0.8886439523347072,-0.8886439523347072,-0.8886439523347072,-0.8886439523347072,-0.8886439523347072,-0.8886439523347072,-0.8886439523347072,-0.8886439523347072,-0.8886439523347072,-0.8886439523347072,-0.8886439523347072,-0.8886439523347072,-0.8886439523347072,-0.8886439523347072,5.637850907236082,8.070281986360236,1.308580625001512,-0.8886439523347072,2.407192913669622,-0.8886439523347072,-0.8886439523347072,-0.8886439523347072,-0.8886439523347072,-0.8886439523347072,1.8194062487675025,-0.8886439523347072,-0.8886439523347072,-0.8886439523347072,1.0572661967206054,0.20996833633340195,-0.8886439523347072,-0.8886439523347072,-0.8886439523347072,-0.8886439523347072,-0.8886439523347072,3.1888934915710117,-0.8886439523347072,4.983473837140709,-0.8886439523347072,-0.8886439523347072,5.5297209836015035,-0.8886439523347072
SRR7146602,1,Pos,PRJNA464410,Duck,Duck,FW,H,M,dabbling,Anasamericana,"SacramentoNationalWildlifeRefuge,GlennCounty",10.0,-0.5649862843231457,-0.5649862843231457,-0.5649862843231457,-0.5649862843231457,0.5336260043449634,0.5336260043449634,-0.5649862843231457,-0.5649862843231457,-0.5649862843231457,-0.5649862843231457,-0.5649862843231457,-0.5649862843231457,-0.5649862843231457,-0.5649862843231457,-0.5649862843231457,-0.5649862843231457,-0.5649862843231457,-0.5649862843231457,-0.5649862843231457,-0.5649862843231457,-0.5649862843231457,-0.5649862843231457,-0.5649862843231457,4.1799458440401045,-0.5649862843231457,-0.5649862843231457,-0.5649862843231457,-0.5649862843231457,-0.5649862843231457,-0.5649862843231457,-0.5649862843231457,-0.5649862843231457,-0.5649862843231457,1.3809238647321669,-0.5649862843231457,-0.5649862843231457,-0.5649862843231457,-0.5649862843231457,-0.5649862843231457,-0.5649862843231457,-0.5649862843231457,-0.5649862843231457,-0.5649862843231457,7.3734592668416425,-0.5649862843231457,-0.5649862843231457,1.6322382930130734,-0.5649862843231457,1.044451628110954,-0.5649862843231457,-0.5649862843231457,-0.5649862843231457,-0.5649862843231457,-0.5649862843231457,-0.5649862843231457,-0.5649862843231457,-0.5649862843231457,3.2851613173869127,-0.5649862843231457,-0.5649862843231457,-0.5649862843231457,1.044451628110954,-0.5649862843231457,-0.5649862843231457,-0.5649862843231457,8.276172691622119,-0.5649862843231457,-0.5649862843231457,4.050134232518113,-0.5649862843231457
SRR7146603,0,Neg,PRJNA464410,Duck,Duck,FW,U,M,filter,Anasclypeata,"SacramentoNationalWildlifeRefuge,GlennCounty",1.0,-1.1752920261283517,-1.1752920261283517,-1.1752920261283517,-0.07667973746024259,2.7165282719822743,1.3896573313331846,-1.1752920261283517,-1.1752920261283517,-1.1752920261283517,6.4190892164234645,0.4341458863057479,-1.1752920261283517,1.532758174973858,1.222603246670018,-1.1752920261283517,-1.1752920261283517,-1.1752920261283517,-1.1752920261283517,-1.1752920261283517,-1.1752920261283517,-1.1752920261283517,-1.1752920261283517,-1.1752920261283517,2.631370463641968,-1.1752920261283517,-1.1752920261283517,-1.1752920261283517,-1.1752920261283517,-1.1752920261283517,2.9355818380449596,-1.1752920261283517,-1.1752920261283517,-1.1752920261283517,-1.1752920261283517,-1.1752920261283517,-1.1752920261283517,0.7706181229269609,-1.1752920261283517,0.7706181229269609,-1.1752920261283517,1.0219325512078674,-1.1752920261283517,1.0219325512078674,7.592971119242934,-1.1752920261283517,-1.1752920261283517,1.8692304115950709,-1.1752920261283517,-1.1752920261283517,1.7691469530380886,-1.1752920261283517,-1.1752920261283517,-1.1752920261283517,-1.1752920261283517,-1.1752920261283517,-1.1752920261283517,-1.1752920261283517,-1.1752920261283517,-1.1752920261283517,3.19415582633867,-1.1752920261283517,1.6579213179278645,-1.1752920261283517,-1.1752920261283517,0.7706181229269609,4.632850463852092,5.5055626526618635,2.4882696200012946,2.967842700263181,-1.1752920261283517
SRR7146604,0,Neg,PRJNA464410,Duck,Duck,FW,U,M,filter,Anasclypeata,"SacramentoNationalWildlifeRefuge,GlennCounty",1.0,1.1755182735769951,-1.389431083884542,1.0084641889138286,-1.389431083884542,1.829444740983659,-1.389431083884542,1.443782260171674,-1.389431083884542,-1.389431083884542,4.739619126176004,-1.389431083884542,-1.389431083884542,3.0764770347700416,-1.389431083884542,-1.389431083884542,-1.389431083884542,-1.389431083884542,-1.389431083884542,-0.29081879521643117,-1.389431083884542,-1.389431083884542,-1.389431083884542,1.0084641889138286,-1.389431083884542,1.6550913538388814,-1.389431083884542,1.443782260171674,0.22000682854955844,-1.389431083884542,5.237286665364483,-1.389431083884542,1.3186191172176684,-0.29081879521643117,-1.389431083884542,-1.389431083884542,-1.389431083884542,-1.389431083884542,-1.389431083884542,-1.389431083884542,-1.389431083884542,-1.389431083884542,-1.389431083884542,5.851218610370925,6.721596754309138,-1.389431083884542,-1.389431083884542,4.044290919669698,-1.389431083884542,-1.389431083884542,1.7460631320446076,-1.389431083884542,-1.389431083884542,-1.389431083884542,-1.389431083884542,1.443782260171674,3.1644458077159987,1.1755182735769951,-1.389431083884542,-1.389431083884542,2.2214868287596827,-1.389431083884542,1.1755182735769951,-1.389431083884542,-1.389431083884542,-1.389431083884542,2.274130562245105,-1.389431083884542,1.0084641889138286,-1.389431083884542,6.733533631349519
SRR7146605,0,Neg,PRJNA464410,Duck,Duck,FW,U,M,dabbling,Anasacuta,"SacramentoNationalWildlifeRefuge,GlennCounty",1.0,-0.8942370609377495,-0.8942370609377495,-0.8942370609377495,-0.8942370609377495,0.20437522773035965,-0.8942370609377495,-0.8942370609377495,-0.8942370609377495,-0.8942370609377495,3.3104555584532163,-0.8942370609377495,-0.8942370609377495,2.2412571549914,0.7152008514963502,-0.8942370609377495,-0.8942370609377495,-0.8942370609377495,-0.8942370609377495,-0.8942370609377495,-0.8942370609377495,-0.8942370609377495,-0.8942370609377495,-0.8942370609377495,-0.8942370609377495,-0.8942370609377495,-0.8942370609377495,-0.8942370609377495,-0.8942370609377495,2.6022705005287303,1.6707122965237868,-0.8942370609377495,0.20437522773035965,-0.8942370609377495,-0.8942370609377495,1.051673088117563,1.3029875163984697,-0.8942370609377495,-0.8942370609377495,-0.8942370609377495,-0.8942370609377495,-0.8942370609377495,-0.8942370609377495,-0.8942370609377495,7.98216785406919,-0.8942370609377495,-0.8942370609377495,3.3962223802106415,-0.8942370609377495,-0.8942370609377495,-0.8942370609377495,0.20437522773035965,-0.8942370609377495,-0.8942370609377495,-0.8942370609377495,1.051673088117563,-0.8942370609377495,-0.8942370609377495,6.795134046591941,-0.8942370609377495,-0.8942370609377495,-0.8942370609377495,-0.8942370609377495,3.797110821291394,1.6707122965237868,-0.8942370609377495,1.9389762831184667,4.751209836705488,-0.8942370609377495,0.7152008514963502,-0.8942370609377495
SRR7146606,0,Neg,PRJNA464410,Duck,Duck,FW,U,M,dabbling,Anasacuta,"SacramentoNationalWildlifeRefuge,GlennCounty",1.0,-1.5134194544596662,-1.5134194544596662,-1.5134194544596662,-1.5134194544596662,4.91468581822493,1.5311029832637564,-1.5134194544596662,-1.5134194544596662,2.9752169152724735,3.779885370264826,-1.5134194544596662,-1.5134194544596662,1.05152990300187,-1.5134194544596662,-1.5134194544596662,-1.5134194544596662,3.0612915240437166,-1.5134194544596662,-1.5134194544596662,-0.4148071657915571,-1.5134194544596662,-1.5134194544596662,1.782417411544663,4.510028138501366,-1.5134194544596662,-1.5134194544596662,-1.5134194544596662,-1.5134194544596662,-1.5134194544596662,-1.5134194544596662,-1.5134194544596662,0.4324906945956464,-1.5134194544596662,-1.5134194544596662,-1.5134194544596662,-1.5134194544596662,-1.5134194544596662,-1.5134194544596662,-1.5134194544596662,-1.5134194544596662,-1.5134194544596662,0.6838051228765529,-1.5134194544596662,6.5609182396298475,-1.5134194544596662,-1.5134194544596662,4.397377189580861,-1.5134194544596662,-1.5134194544596662,3.298764900912751,-1.5134194544596662,-1.5134194544596662,3.6739663513810887,-0.4148071657915571,-1.5134194544596662,-1.5134194544596662,1.705456370408534,0.6838051228765529,-1.5134194544596662,0.09601845797443342,-1.5134194544596662,4.18702411893102,-1.5134194544596662,4.992364605668562,-1.5134194544596662,4.495393730982928,5.477757432661543,-1.5134194544596662,6.155608834130017,-1.5134194544596662
SRR7146607,0,Neg,PRJNA464410,Duck,Duck,FW,U,M,filter,Anasclypeata,"SacramentoNationalWildlifeRefuge,GlennCounty",1.0,-1.7869599791136812,-1.7869599791136812,-1.7869599791136812,3.996865203216056,6.291107902701757,3.3891897534601476,-1.7869599791136812,-1.7869599791136812,-1.7869599791136812,4.166283355174103,2.256091288720869,-1.7869599791136812,2.5824878733533403,-1.7869599791136812,-1.7869599791136812,-1.7869599791136812,-1.7869599791136812,-1.7869599791136812,-1.7869599791136812,-1.7869599791136812,-1.7869599791136812,-1.7869599791136812,-1.7869599791136812,0.9210902219885284,-1.7869599791136812,-1.7869599791136812,-1.7869599791136812,0.4102645982225379,-1.7869599791136812,-1.7869599791136812,-1.7869599791136812,-1.7869599791136812,-1.7869599791136812,-1.7869599791136812,-1.7869599791136812,-1.7869599791136812,2.2905774647920385,5.566121941401751,3.3310338333030742,1.8239579335305427,-1.7869599791136812,2.9043879031154622,-1.7869599791136812,5.310588871501111,-1.7869599791136812,3.1183147993247484,3.5553742728511297,-1.7869599791136812,-1.7869599791136812,2.4757198979276342,-1.7869599791136812,-1.7869599791136812,-1.7869599791136812,-1.7869599791136812,-1.7869599791136812,0.7779893783478551,-1.7869599791136812,-1.7869599791136812,3.3429387358093923,1.7683880823757319,-1.7869599791136812,2.4757198979276342,-1.7869599791136812,-1.7869599791136812,-1.7869599791136812,2.631880628682917,4.2837777488888085,1.7683880823757319,1.8239579335305427,5.363741478478845
SRR7146608,0,Neg,PRJNA464410,Duck,Duck,FW,U,M,filter,Anasclypeata,"SacramentoNationalWildlifeRefuge,GlennCounty",1.0,-0.5233419899227254,-0.5233419899227254,-0.5233419899227254,-0.5233419899227254,1.6738825874134937,-0.5233419899227254,-0.5233419899227254,-0.5233419899227254,-0.5233419899227254,-0.5233419899227254,-0.5233419899227254,-0.5233419899227254,1.4225681591325872,-0.5233419899227254,-0.5233419899227254,-0.5233419899227254,-0.5233419899227254,-0.5233419899227254,-0.5233419899227254,-0.5233419899227254,-0.5233419899227254,-0.5233419899227254,-0.5233419899227254,1.6738825874134937,-0.5233419899227254,-0.5233419899227254,1.6738825874134937,-0.5233419899227254,-0.5233419899227254,2.6955338349454747,-0.5233419899227254,-0.5233419899227254,-0.5233419899227254,-0.5233419899227254,-0.5233419899227254,-0.5233419899227254,-0.5233419899227254,-0.5233419899227254,-0.5233419899227254,-0.5233419899227254,-0.5233419899227254,-0.5233419899227254,3.483991195309745,8.66730574870772,-0.5233419899227254,-0.5233419899227254,3.0320060715666877,-0.5233419899227254,-0.5233419899227254,1.0860959225113742,-0.5233419899227254,-0.5233419899227254,-0.5233419899227254,-0.5233419899227254,-0.5233419899227254,-0.5233419899227254,-0.5233419899227254,-0.5233419899227254,-0.5233419899227254,-0.5233419899227254,-0.5233419899227254,-0.5233419899227254,-0.5233419899227254,-0.5233419899227254,-0.5233419899227254,2.6955338349454747,-0.5233419899227254,-0.5233419899227254,-0.5233419899227254,2.7724948760816037
SRR7146610,0,Neg,PRJNA464410,Duck,Duck,FW,U,M,dabbling,Anasacuta,"SacramentoNationalWildlifeRefuge,GlennCounty",1.0,-1.8707532059101633,-1.8707532059101633,-1.8707532059101633,-0.26131529347606275,5.795468719752562,4.001364583565253,4.227321076256077,-1.8707532059101633,0.0751569431451502,4.673158639654629,4.1182082109797005,-1.8707532059101633,-0.7721409172420524,2.891420728887593,-1.8707532059101633,-1.8707532059101633,-1.8707532059101633,-1.8707532059101633,-1.8707532059101633,-1.8707532059101633,-1.8707532059101633,-1.8707532059101633,-1.8707532059101633,4.082490128377621,-1.8707532059101633,-1.8707532059101633,-1.8707532059101633,-1.8707532059101633,-1.8707532059101633,-1.8707532059101633,-1.8707532059101633,-1.8707532059101633,-1.8707532059101633,-1.8707532059101633,-1.8707532059101633,-1.8707532059101633,1.2647410100189864,1.3481226189580378,2.27238152048137,0.5271420668882074,1.9793943957998952,2.9575605313921383,2.6401063006066874,6.399259856363623,-1.8707532059101633,0.6941961515513739,2.925037339686578,-0.26131529347606275,-1.8707532059101633,3.105980536510412,0.32647137142605676,-1.8707532059101633,-1.8707532059101633,-1.8707532059101633,-1.8707532059101633,-1.8707532059101633,-1.8707532059101633,-1.8707532059101633,1.7401647067340615,1.6845948555792507,1.563233998574983,1.7401647067340615,-1.8707532059101633,-1.8707532059101633,0.9624601381460529,2.9083702872013664,4.300947391500753,-1.8707532059101633,3.049227719917962,-1.8707532059101633
SRR7146611,0,Neg,PRJNA464410,Duck,Duck,FW,U,M,dabbling,Anasacuta,"SacramentoNationalWildlifeRefuge,GlennCounty",1.0,-1.0242780744284055,-1.0242780744284055,-1.0242780744284055,-1.0242780744284055,3.23840180261291,1.9201609047380348,0.9216320746269071,-1.0242780744284055,-1.0242780744284055,5.8011819618269005,3.1804145449625603,-1.0242780744284055,-1.0242780744284055,-1.0242780744284055,-1.0242780744284055,-1.0242780744284055,-1.0242780744284055,-1.0242780744284055,-1.0242780744284055,-1.0242780744284055,-1.0242780744284055,-1.0242780744284055,-1.0242780744284055,0.5851598380056942,-1.0242780744284055,-1.0242780744284055,-1.0242780744284055,-1.0242780744284055,-1.0242780744284055,0.07433421423970366,-1.0242780744284055,-1.0242780744284055,-1.0242780744284055,-1.0242780744284055,-1.0242780744284055,-1.0242780744284055,-1.0242780744284055,-1.0242780744284055,-1.0242780744284055,-1.0242780744284055,-1.0242780744284055,-1.0242780744284055,-1.0242780744284055,7.0413013528536865,-1.0242780744284055,-1.0242780744284055,3.118856651963127,-1.0242780744284055,-1.0242780744284055,-1.0242780744284055,-1.0242780744284055,-1.0242780744284055,1.1729465029078137,-1.0242780744284055,-1.0242780744284055,-1.0242780744284055,0.9216320746269071,0.5851598380056942,-1.0242780744284055,-1.0242780744284055,1.3736171983699643,3.018773193406144,-1.0242780744284055,3.1501091954672313,-1.0242780744284055,5.963212172572585,7.344647100318729,-1.0242780744284055,3.8509192487727457,-1.0242780744284055
SRR7146612,1,Pos,PRJNA464410,Duck,Duck,S,H,F,dabbling,Anasplatyrhynchos,"GrizzlyIslandWildlifeArea(GIWA),SolanoCounty",8.0,-1.0936534419677315,-1.0936534419677315,-1.0936534419677315,-1.0936534419677315,-1.0936534419677315,-1.0936534419677315,-1.0936534419677315,-1.0936534419677315,2.6675466737258304,2.041840773961418,-1.0936534419677315,-1.0936534419677315,0.8522567070875811,-1.0936534419677315,-1.0936534419677315,-1.0936534419677315,3.169026435073584,-1.0936534419677315,-1.0936534419677315,1.614396759134478,-1.0936534419677315,-1.0936534419677315,2.9136797432647388,-1.0936534419677315,-1.0936534419677315,-1.0936534419677315,-1.0936534419677315,1.8507855371987088,-1.0936534419677315,-1.0936534419677315,-1.0936534419677315,-1.0936534419677315,-1.0936534419677315,-1.0936534419677315,2.8381721907565938,3.2501519798859517,-1.0936534419677315,-1.0936534419677315,-1.0936534419677315,-1.0936534419677315,-1.0936534419677315,-1.0936534419677315,-1.0936534419677315,7.787488177353737,-1.0936534419677315,-1.0936534419677315,6.287225593596385,-1.0936534419677315,-1.0936534419677315,-1.0936534419677315,-1.0936534419677315,-1.0936534419677315,3.84082049116296,2.569908204161915,2.3403337625174148,-1.0936534419677315,2.6199186247365756,3.685470051143797,-1.0936534419677315,-1.0936534419677315,-1.0936534419677315,-1.0936534419677315,-1.0936534419677315,5.06966136206691,-1.0936534419677315,-1.0936534419677315,-1.0936534419677315,-1.0936534419677315,1.4712959154938048,-1.0936534419677315
SRR7146613,1,Pos,PRJNA464410,Duck,Duck,FW,H,M,filter,Anasclypeata,"SacramentoNationalWildlifeRefuge,GlennCounty",10.0,-1.1301048489115288,-1.1301048489115288,-1.1301048489115288,-1.1301048489115288,2.005389367017621,-1.1301048489115288,-1.1301048489115288,-1.1301048489115288,1.0671197284246903,-1.1301048489115288,-1.1301048489115288,-1.1301048489115288,3.074587770479437,-1.1301048489115288,-1.1301048489115288,-1.1301048489115288,1.5779453521906808,-1.1301048489115288,-1.1301048489115288,-1.1301048489115288,-1.1301048489115288,-1.1301048489115288,5.314026407788911,2.480813063732695,-1.1301048489115288,-1.1301048489115288,1.4348445085500074,-1.1301048489115288,0.47933306352257077,-1.1301048489115288,-1.1301048489115288,-1.1301048489115288,-1.1301048489115288,-1.1301048489115288,-1.1301048489115288,-1.1301048489115288,-1.1301048489115288,-1.1301048489115288,-1.1301048489115288,-1.1301048489115288,-1.1301048489115288,4.079381303929892,-1.1301048489115288,7.717973572257137,-1.1301048489115288,-1.1301048489115288,4.596742898675668,-1.1301048489115288,-1.1301048489115288,-1.1301048489115288,-1.1301048489115288,-1.1301048489115288,3.160354592236862,1.9144175888118937,-1.1301048489115288,-1.1301048489115288,2.9129464189230205,1.0671197284246903,-1.1301048489115288,-1.1301048489115288,3.160354592236862,-1.1301048489115288,-1.1301048489115288,3.6656856966852116,-1.1301048489115288,6.111977510345433,-1.1301048489115288,-1.1301048489115288,1.8143341302549114,-1.1301048489115288
SRR7146614,0,Neg,PRJNA464410,Duck,Duck,S,H,U,dabbling,Anasplatyrhynchos,"GrizzlyIslandWildlifeArea(GIWA),SolanoCounty",7.0,-0.7491419092570712,-0.7491419092570712,-0.7491419092570712,-0.7491419092570712,-0.7491419092570712,-0.7491419092570712,-0.7491419092570712,1.1967682397982413,1.6487533635412985,0.34947037941103787,-0.7491419092570712,-0.7491419092570712,2.469733915611129,-0.7491419092570712,-0.7491419092570712,-0.7491419092570712,2.2953805284663513,-0.7491419092570712,-0.7491419092570712,-0.7491419092570712,0.34947037941103787,-0.7491419092570712,2.8617760033871527,-0.7491419092570712,-0.7491419092570712,-0.7491419092570712,-0.7491419092570712,-0.7491419092570712,-0.7491419092570712,-0.7491419092570712,-0.7491419092570712,-0.7491419092570712,-0.7491419092570712,-0.7491419092570712,0.34947037941103787,-0.7491419092570712,-0.7491419092570712,-0.7491419092570712,-0.7491419092570712,-0.7491419092570712,-0.7491419092570712,-0.7491419092570712,-0.7491419092570712,8.288629197367834,-0.7491419092570712,-0.7491419092570712,6.406254392639663,-0.7491419092570712,-0.7491419092570712,-0.7491419092570712,-0.7491419092570712,-0.7491419092570712,3.6935093472332445,-0.7491419092570712,-0.7491419092570712,-0.7491419092570712,2.546694956747258,2.2953805284663513,-0.7491419092570712,-0.7491419092570712,-0.7491419092570712,1.4480826680791479,-0.7491419092570712,3.3939928171344613,-0.7491419092570712,-0.7491419092570712,-0.7491419092570712,-0.7491419092570712,0.8602960031770284,-0.7491419092570712
SRR7146615,0,Neg,PRJNA464410,Duck,Duck,S,H,M,dabbling,Anasplatyrhynchos,"GrizzlyIslandWildlifeArea(GIWA),SolanoCounty",7.0,-1.508680692124008,-1.508680692124008,-1.508680692124008,-1.508680692124008,-1.508680692124008,-1.508680692124008,-1.508680692124008,-1.508680692124008,5.578893013433965,3.8619573360036545,-1.508680692124008,-1.508680692124008,4.806677309398326,-1.508680692124008,-1.508680692124008,-1.508680692124008,4.909684243812203,-1.508680692124008,-1.508680692124008,-1.508680692124008,1.6268135238051418,-1.508680692124008,5.184642976145941,2.102237220520216,2.4231449406003174,2.8607671603430136,2.781778749024383,2.4986524931084624,-1.508680692124008,-1.508680692124008,-1.508680692124008,1.4357582870424324,-1.508680692124008,-1.508680692124008,-1.508680692124008,-1.508680692124008,-1.508680692124008,-1.508680692124008,-1.508680692124008,-1.508680692124008,-1.508680692124008,-1.508680692124008,-1.508680692124008,4.460026867861357,-1.508680692124008,-1.508680692124008,2.696011927266958,-1.508680692124008,-1.508680692124008,-1.508680692124008,-1.508680692124008,-1.508680692124008,5.737687387978453,2.957227426530576,-1.508680692124008,-1.508680692124008,4.305449839701058,4.293437683253055,-1.508680692124008,-1.508680692124008,-1.508680692124008,-1.508680692124008,-1.508680692124008,6.607736380670197,-1.508680692124008,-1.508680692124008,-1.508680692124008,-1.508680692124008,4.305449839701058,-1.508680692124008
SRR7146616,1,Pos,PRJNA464410,Duck,Duck,S,H,M,dabbling,Anasplatyrhynchos,"GrizzlyIslandWildlifeArea(GIWA),SolanoCounty",7.0,0.14711791263919594,-1.4623199997949046,-1.4623199997949046,-1.4623199997949046,0.4835901492604089,-1.4623199997949046,0.14711791263919594,-1.4623199997949046,-1.4623199997949046,5.502760345806502,3.210508834667002,-1.4623199997949046,3.5144137426256705,-1.4623199997949046,-1.4623199997949046,4.321505182534834,-1.4623199997949046,-1.4623199997949046,3.210508834667002,-1.4623199997949046,-0.3637077111267937,-1.4623199997949046,-1.4623199997949046,6.4761255513698845,-0.3637077111267937,-1.4623199997949046,0.4835901492604089,-1.4623199997949046,3.091556891805636,-1.4623199997949046,-1.4623199997949046,0.7349045775413154,-1.4623199997949046,-1.4623199997949046,-1.4623199997949046,0.4835901492604089,-1.4623199997949046,-1.4623199997949046,-1.4623199997949046,-1.4623199997949046,-1.4623199997949046,-1.4623199997949046,1.8335168662094246,6.836965907102369,-1.4623199997949046,-1.4623199997949046,3.860689979343504,-1.4623199997949046,-1.4623199997949046,2.4295002983157223,1.582202437928519,-1.4623199997949046,-1.4623199997949046,-1.4623199997949046,0.14711791263919594,-1.4623199997949046,-1.4623199997949046,-1.4623199997949046,-1.4623199997949046,4.409797789680511,-1.4623199997949046,4.617613195300686,2.680814726596629,-1.4623199997949046,-1.4623199997949046,3.3818670866636875,-1.4623199997949046,1.4821189793715366,-1.4623199997949046,-1.4623199997949046
SRR7146617,1,Pos,PRJNA464410,Duck,Duck,S,H,M,dabbling,Anasplatyrhynchos,"GrizzlyIslandWildlifeArea(GIWA),SolanoCounty",7.0,1.8562586299345964,1.0259103278611663,0.9007471849071607,3.976522166134688,6.481482794231879,4.087099818069801,-1.807303016195049,-1.807303016195049,-1.807303016195049,0.38992156114117016,-1.807303016195049,-1.807303016195049,5.343398441397477,-1.807303016195049,4.827330341666636,-1.807303016195049,-1.807303016195049,0.1386071328602636,-1.807303016195049,-1.807303016195049,2.5871461384773893,-1.807303016195049,0.5905922566033208,-1.807303016195049,-1.807303016195049,-1.807303016195049,3.0210107211072517,2.3358317101964836,1.4885338498092793,-1.807303016195049,-1.807303016195049,3.2741013487894133,-1.807303016195049,-1.807303016195049,-1.807303016195049,-1.807303016195049,-1.807303016195049,2.1245226165292763,1.6266841882900964,0.1386071328602636,0.5905922566033208,0.38992156114117016,-1.807303016195049,4.704442313449679,3.88642912260765,-1.807303016195049,3.2616011860251817,-1.807303016195049,-1.807303016195049,4.493482778468195,2.3358317101964836,4.7565525103370785,-1.807303016195049,-1.807303016195049,1.5599928137914247,-1.807303016195049,-1.807303016195049,-1.807303016195049,-1.807303016195049,-1.807303016195049,-1.807303016195049,-1.807303016195049,-1.807303016195049,1.906269050509258,-1.807303016195049,-1.807303016195049,-1.807303016195049,-1.807303016195049,-1.807303016195049,-1.807303016195049
SRR7146618,1,Pos,PRJNA464410,Duck,Duck,S,H,M,dabbling,Anasplatyrhynchos,"GrizzlyIslandWildlifeArea(GIWA),SolanoCounty",7.0,2.284269493370198,-1.5223929964001206,-1.5223929964001206,-1.5223929964001206,5.0554683613209255,1.844902833586353,-1.5223929964001206,-1.5223929964001206,-1.5223929964001206,-1.5223929964001206,-1.5223929964001206,-1.5223929964001206,6.48829854273018,-1.5223929964001206,-1.5223929964001206,-1.5223929964001206,-1.5223929964001206,-1.5223929964001206,-1.5223929964001206,-1.5223929964001206,1.3108203476560947,-1.5223929964001206,1.9115942080850248,5.889163291411042,0.42351715265519196,-1.5223929964001206,3.6649928094406334,-1.5223929964001206,-1.5223929964001206,-1.5223929964001206,3.4543407460204536,3.2225391319631287,-1.5223929964001206,-1.5223929964001206,-1.5223929964001206,-1.5223929964001206,3.7506065621636258,-1.5223929964001206,5.16596171754664,3.8757697051176314,-1.5223929964001206,4.191339809109248,-1.5223929964001206,5.607705513725456,-1.5223929964001206,-1.5223929964001206,5.133047353967527,-1.5223929964001206,-1.5223929964001206,-1.5223929964001206,-1.5223929964001206,2.3694273017105054,-1.5223929964001206,-1.5223929964001206,-1.5223929964001206,-1.5223929964001206,2.4094326363242047,-1.5223929964001206,3.533852808948187,-1.5223929964001206,3.010206496753135,-1.5223929964001206,-1.5223929964001206,-1.5223929964001206,-1.5223929964001206,-1.5223929964001206,-1.5223929964001206,-1.5223929964001206,-1.5223929964001206,-1.5223929964001206
SRR7146619,1,Pos,PRJNA464410,Duck,Duck,S,H,M,dabbling,Anasplatyrhynchos,"SuisunMarsh/ArnoldRanch,SolanoCounty",7.0,-0.1951114981915545,-1.2937237868596636,-1.2937237868596636,-1.2937237868596636,5.671356558741742,-1.2937237868596636,3.83617492806341,-1.2937237868596636,-1.2937237868596636,-1.2937237868596636,-1.2937237868596636,-1.2937237868596636,5.028841453067621,-1.2937237868596636,-1.2937237868596636,4.705212775087019,-1.2937237868596636,-1.2937237868596636,-1.2937237868596636,-1.2937237868596636,1.841770429069486,-1.2937237868596636,-1.2937237868596636,-1.2937237868596636,-1.2937237868596636,-1.2937237868596636,1.750798650863759,0.315714125574436,2.4198482798446435,-1.2937237868596636,-1.2937237868596636,1.9251520380085365,-1.2937237868596636,-1.2937237868596636,-1.2937237868596636,-1.2937237868596636,-1.2937237868596636,-1.2937237868596636,-1.2937237868596636,-1.2937237868596636,-1.2937237868596636,1.5394895571965526,2.2616242746297495,6.440397516468641,-1.2937237868596636,1.5394895571965526,6.060638543561812,-1.2937237868596636,-1.2937237868596636,-1.2937237868596636,-1.2937237868596636,-1.2937237868596636,2.1402634176254827,-1.2937237868596636,-1.2937237868596636,-1.2937237868596636,2.783813657046055,-1.2937237868596636,-1.2937237868596636,3.5504632995989276,-1.2937237868596636,6.814899481494931,-1.2937237868596636,-1.2937237868596636,-1.2937237868596636,4.255352298035556,-1.2937237868596636,-1.2937237868596636,-1.2937237868596636,-1.2937237868596636
SRR7146620,1,Pos,PRJNA464410,Duck,Duck,S,H,M,dabbling,Anasplatyrhynchos,"GrizzlyIslandWildlifeArea(GIWA),SolanoCounty",7.0,-1.3524182102652,-1.3524182102652,-1.3524182102652,1.6921042274582234,3.042030944407239,-1.3524182102652,-1.3524182102652,-1.3524182102652,-1.3524182102652,5.910911407211636,4.585117994817226,-1.3524182102652,3.753527263635381,-1.3524182102652,-1.3524182102652,-1.3524182102652,-1.3524182102652,-1.3524182102652,3.7038275950831085,-1.3524182102652,0.25701970216890047,-1.3524182102652,2.539402087845427,7.155330522323038,-1.3524182102652,-1.3524182102652,0.5934919387901134,-1.3524182102652,2.202929851224214,-1.3524182102652,1.943418655739129,-1.3524182102652,-1.3524182102652,-1.3524182102652,-1.3524182102652,-1.3524182102652,-1.3524182102652,-1.3524182102652,-1.3524182102652,-1.3524182102652,-1.3524182102652,-1.3524182102652,1.943418655739129,2.7251192336405197,-1.3524182102652,-1.3524182102652,2.8816882943320596,2.0815689942199462,-1.3524182102652,4.750140384348369,2.8522744091257666,1.3556319908370105,-1.3524182102652,-1.3524182102652,-1.3524182102652,-1.3524182102652,-1.3524182102652,-1.3524182102652,-1.3524182102652,4.19665787463002,-1.3524182102652,6.102880275418091,-1.3524182102652,-1.3524182102652,-1.3524182102652,-1.3524182102652,-1.3524182102652,-1.3524182102652,-1.3524182102652,-1.3524182102652
SRR7146622,1,Pos,PRJNA464410,Duck,Duck,S,H,F,dabbling,Anasplatyrhynchos,"GrizzlyIslandWildlifeArea(GIWA),SolanoCounty",7.0,1.577350357979463,1.3409615799152332,-1.3670886211869773,-1.3670886211869773,2.564737011537349,1.7684055947421724,-1.3670886211869773,-1.3670886211869773,-1.3670886211869773,-1.3670886211869773,2.066898583298169,-1.3670886211869773,5.386349297410803,-1.3670886211869773,-1.3670886211869773,2.296473024942669,-1.3670886211869773,-1.3670886211869773,3.567385311943714,-1.3670886211869773,-1.3670886211869773,-1.3670886211869773,-1.3670886211869773,2.1294189402795034,1.8517872036812237,-1.3670886211869773,2.8376039982039885,1.7684055947421724,3.8746583938726653,-1.3670886211869773,1.9287482448173519,2.8072986487086595,-1.3670886211869773,-1.3670886211869773,-1.3670886211869773,-1.3670886211869773,-1.3670886211869773,-1.3670886211869773,-1.3670886211869773,-1.3670886211869773,-1.3670886211869773,-1.3670886211869773,2.1294189402795034,7.6301822850464704,-1.3670886211869773,0.8301359561492418,1.7684055947421724,-1.3670886211869773,-1.3670886211869773,-1.3670886211869773,-1.3670886211869773,-1.3670886211869773,-1.3670886211869773,-1.3670886211869773,1.3409615799152332,-1.3670886211869773,0.5788215278683362,-1.3670886211869773,-1.3670886211869773,3.165510871966279,-1.3670886211869773,2.7760461052045553,-1.3670886211869773,1.466124722869239,-1.3670886211869773,2.066898583298169,-1.3670886211869773,-1.3670886211869773,-1.3670886211869773,-1.3670886211869773
SRR7146623,1,Pos,PRJNA464410,Duck,Duck,S,H,F,dabbling,Anasplatyrhynchos,"GrizzlyIslandWildlifeArea(GIWA),SolanoCounty",7.0,-1.4294446933105638,-1.4294446933105638,-1.4294446933105638,-1.4294446933105638,1.2786055077916458,-1.4294446933105638,1.706049522618586,-1.4294446933105638,-1.4294446933105638,6.067762529892753,1.1355046641509725,-1.4294446933105638,0.7677798840256553,-1.4294446933105638,-1.4294446933105638,2.4623756048000622,-1.4294446933105638,-1.4294446933105638,2.9893959144860336,-1.4294446933105638,-1.4294446933105638,-1.4294446933105638,0.17999321912353583,3.2245156568469593,-1.4294446933105638,-1.4294446933105638,-1.4294446933105638,-1.4294446933105638,2.8332351837307517,-1.4294446933105638,-1.4294446933105638,-1.4294446933105638,-1.4294446933105638,-1.4294446933105638,-1.4294446933105638,-0.33083240464245467,-1.4294446933105638,-1.4294446933105638,-1.4294446933105638,-1.4294446933105638,-1.4294446933105638,-1.4294446933105638,0.7677798840256553,6.9202761441619245,2.18147321933366,-1.4294446933105638,5.153964528848201,-1.4294446933105638,0.17999321912353583,4.830136770754359,1.8663921726937653,-0.33083240464245467,-1.4294446933105638,-1.4294446933105638,-1.4294446933105638,-1.4294446933105638,-1.4294446933105638,-1.4294446933105638,-1.4294446933105638,4.6731139013030045,-1.4294446933105638,5.205188664551121,-1.4294446933105638,-1.4294446933105638,-1.4294446933105638,5.042901601190336,-1.4294446933105638,4.528979999719217,2.4207029083994946,-1.4294446933105638
SRR7146624,1,Pos,PRJNA464410,Duck,Duck,S,H,F,dabbling,Anasplatyrhynchos,"GrizzlyIslandWildlifeArea(GIWA),SolanoCounty",7.0,-1.1297857824346256,-1.1297857824346256,0.47965212999947404,-1.1297857824346256,-1.1297857824346256,-1.1297857824346256,-1.1297857824346256,-1.1297857824346256,-1.1297857824346256,7.76378693619468,3.289054825361972,0.47965212999947404,3.649337710676903,-1.1297857824346256,-1.1297857824346256,-1.1297857824346256,-1.1297857824346256,-1.1297857824346256,2.4811321302095983,-1.1297857824346256,0.816124366620687,-1.1297857824346256,1.4351635750269107,2.720361819275433,-1.1297857824346256,-1.1297857824346256,0.47965212999947404,-1.1297857824346256,2.4811321302095983,-1.1297857824346256,-1.1297857824346256,2.0890900424335745,-1.1297857824346256,-1.1297857824346256,-1.1297857824346256,0.816124366620687,-1.1297857824346256,-1.1297857824346256,-1.1297857824346256,-1.1297857824346256,-1.1297857824346256,-1.1297857824346256,3.1877023311016845,3.2140196394190577,-1.1297857824346256,-1.1297857824346256,-1.1297857824346256,-1.1297857824346256,-1.1297857824346256,4.363275660905923,1.2681094903637442,2.0890900424335745,-1.1297857824346256,-1.1297857824346256,-1.1297857824346256,-1.1297857824346256,-1.1297857824346256,-1.1297857824346256,-1.1297857824346256,5.575853312425377,-1.1297857824346256,5.865064203398445,-1.1297857824346256,-1.1297857824346256,-1.1297857824346256,0.816124366620687,-1.1297857824346256,-1.1297857824346256,-1.1297857824346256,-1.1297857824346256
SRR7146625,1,Pos,PRJNA464410,Duck,Duck,S,H,F,dabbling,Anasplatyrhynchos,"GrizzlyIslandWildlifeArea(GIWA),SolanoCounty",7.0,1.2894033975198091,-1.5438099465364061,0.06562796589769349,-1.5438099465364061,0.06562796589769349,-1.5438099465364061,-1.5438099465364061,-1.5438099465364061,-1.5438099465364061,5.348831694635683,2.463523238696064,-1.5438099465364061,3.8722904556680136,-1.5438099465364061,2.6902965580608527,3.3465391816853476,-1.5438099465364061,-1.5438099465364061,3.090919041693229,-1.5438099465364061,-1.5438099465364061,-1.5438099465364061,-1.5438099465364061,5.216604744547022,-0.445197657868297,-1.5438099465364061,0.40210020251890644,0.06562796589769349,2.217390169157156,-1.5438099465364061,-1.5438099465364061,1.2894033975198091,-1.5438099465364061,-1.5438099465364061,-1.5438099465364061,-1.5438099465364061,-1.5438099465364061,-1.5438099465364061,-1.5438099465364061,-1.5438099465364061,-1.5438099465364061,-1.5438099465364061,4.22763117659361,6.980358858616256,0.653414630799813,-1.5438099465364061,2.8256379059306154,-1.5438099465364061,-1.5438099465364061,-1.5438099465364061,2.9670495599804436,3.300377139922185,-1.5438099465364061,-1.5438099465364061,0.06562796589769349,-1.5438099465364061,2.011538114953007,-1.5438099465364061,-1.5438099465364061,3.4049499438417614,-1.5438099465364061,5.792475713484891,-1.5438099465364061,-1.5438099465364061,-1.5438099465364061,3.110150403621117,0.06562796589769349,-1.5438099465364061,-1.5438099465364061,-1.5438099465364061
SRR7146626,1,Pos,PRJNA464410,Duck,Duck,S,H,F,dabbling,Anasplatyrhynchos,"GrizzlyIslandWildlifeArea(GIWA),SolanoCounty",7.0,-1.285570886119161,-1.285570886119161,0.6603392629361515,-1.285570886119161,-1.285570886119161,-1.285570886119161,-1.285570886119161,-1.285570886119161,-1.285570886119161,6.9981758609869695,-1.285570886119161,-1.285570886119161,4.766518282805255,-1.285570886119161,-1.285570886119161,2.8888163837764758,-1.285570886119161,-1.285570886119161,2.1484163183659843,-1.285570886119161,1.1123243866792087,-1.285570886119161,-1.285570886119161,2.475629229574401,-1.285570886119161,-1.285570886119161,2.2109366753473187,-1.285570886119161,2.1484163183659843,-1.285570886119161,-1.285570886119161,2.6462547466051642,1.1123243866792087,-1.285570886119161,-1.285570886119161,-1.285570886119161,-1.285570886119161,-1.285570886119161,-1.285570886119161,-1.285570886119161,-1.285570886119161,-1.285570886119161,-1.285570886119161,3.3095489640154288,-1.285570886119161,-1.285570886119161,-0.18695859745105192,-1.285570886119161,-1.285570886119161,3.6197038923192677,2.7574803817153883,4.662464103061485,-1.285570886119161,-1.285570886119161,-1.285570886119161,-1.285570886119161,-1.285570886119161,-1.285570886119161,-1.285570886119161,6.188066222377045,-1.285570886119161,6.459864724155219,-1.285570886119161,-1.285570886119161,-1.285570886119161,4.894445767533411,-1.285570886119161,-1.285570886119161,3.4057769961099824,-1.285570886119161
SRR7146627,0,Neg,PRJNA464410,Duck,Duck,S,H,F,dabbling,Anasplatyrhynchos,"GrizzlyIslandWildlifeArea(GIWA),SolanoCounty",7.0,3.8150640665515505,2.878093129439857,2.1073877145340365,-1.3265994899511098,2.5235481117589496,-1.3265994899511098,-1.3265994899511098,-1.3265994899511098,-1.3265994899511098,5.220185920809414,-1.3265994899511098,-1.3265994899511098,7.47742541246207,-1.3265994899511098,-1.3265994899511098,-1.3265994899511098,-1.3265994899511098,-1.3265994899511098,-1.3265994899511098,-1.3265994899511098,2.7842743742222016,-1.3265994899511098,2.7842743742222016,-1.3265994899511098,2.6052261427732164,-1.3265994899511098,4.811127564135125,0.6193106591042037,2.75093795395461,-1.3265994899511098,-1.3265994899511098,4.605645697496901,0.28283842248299074,-1.3265994899511098,-1.3265994899511098,-1.3265994899511098,-1.3265994899511098,-1.3265994899511098,-1.3265994899511098,-1.3265994899511098,-1.3265994899511098,-1.3265994899511098,-1.3265994899511098,4.158197443539546,-1.3265994899511098,-1.3265994899511098,-1.3265994899511098,-1.3265994899511098,-1.3265994899511098,2.284318422693115,-1.3265994899511098,0.8706250873851102,2.040696340035365,-1.3265994899511098,-1.3265994899511098,-1.3265994899511098,-1.3265994899511098,-1.3265994899511098,-1.3265994899511098,2.7842743742222016,-1.3265994899511098,5.034702987621886,-1.3265994899511098,2.565220808159517,-1.3265994899511098,-1.3265994899511098,-1.3265994899511098,-1.3265994899511098,-1.3265994899511098,-1.3265994899511098
SRR7146628,1,Pos,PRJNA464410,Duck,Duck,S,H,F,dabbling,Anasplatyrhynchos,"GrizzlyIslandWildlifeArea(GIWA),SolanoCounty",7.0,-1.6240864960203494,-1.6240864960203494,-0.5254742073522403,-1.6240864960203494,1.9312615654690637,-0.014648583586249764,-1.6240864960203494,-1.6240864960203494,-1.6240864960203494,5.486609626958478,4.513640558065884,-1.6240864960203494,2.346205417531772,-1.6240864960203494,2.486787368152962,3.51757706048231,-1.6240864960203494,-1.6240864960203494,3.2357259083413226,-1.6240864960203494,-1.6240864960203494,-1.6240864960203494,-1.6240864960203494,5.122325632553025,-1.6240864960203494,-1.6240864960203494,0.3218236530349632,-1.6240864960203494,3.901366443111434,-1.6240864960203494,-1.6240864960203494,-0.014648583586249764,-1.6240864960203494,-1.6240864960203494,-0.5254742073522403,1.9312615654690637,-1.6240864960203494,-1.6240864960203494,-1.6240864960203494,-1.6240864960203494,-1.6240864960203494,-1.6240864960203494,0.3218236530349632,6.067113601502513,0.7738087767780204,-1.6240864960203494,4.379800571086189,0.3218236530349632,-1.6240864960203494,4.608361520530173,1.2091268480358668,-1.6240864960203494,-1.6240864960203494,-1.6240864960203494,-1.6240864960203494,-1.6240864960203494,-1.6240864960203494,-1.6240864960203494,-1.6240864960203494,4.195996434332012,-1.6240864960203494,5.612252846733994,-1.6240864960203494,-1.6240864960203494,-1.6240864960203494,5.539085894826293,-1.6240864960203494,-1.6240864960203494,4.716272807707402,-1.6240864960203494
SRR7146629,0,Neg,PRJNA464410,Duck,Duck,FW,A,M,filter,Anasclypeata,"SacramentoNationalWildlifeRefuge,GlennCounty",1.0,-1.1229959490336192,-1.1229959490336192,-0.024383660365510096,-1.1229959490336192,0.8229142000216934,1.441953408427917,-1.1229959490336192,-1.1229959490336192,-1.1229959490336192,2.9545414948720996,-1.1229959490336192,-1.1229959490336192,3.271453205638819,-1.1229959490336192,-1.1229959490336192,-1.1229959490336192,-1.1229959490336192,1.0742286283026,-1.1229959490336192,-1.1229959490336192,1.441953408427917,-1.1229959490336192,-1.1229959490336192,-1.1229959490336192,-1.1229959490336192,-1.1229959490336192,-0.024383660365510096,-1.1229959490336192,-1.1229959490336192,2.884337236198851,-1.1229959490336192,0.4864419634004804,-1.1229959490336192,-1.1229959490336192,-1.1229959490336192,-1.1229959490336192,-1.1229959490336192,-1.1229959490336192,2.2442998809528545,1.0742286283026,-1.1229959490336192,0.4864419634004804,5.604435775817236,7.896062844777098,-1.1229959490336192,-0.024383660365510096,5.121170951630116,-1.1229959490336192,0.4864419634004804,-1.1229959490336192,-1.1229959490336192,-1.1229959490336192,-1.1229959490336192,-0.024383660365510096,1.5850542520685904,-1.1229959490336192,-1.1229959490336192,-1.1229959490336192,1.2748993237647506,1.441953408427917,2.0124982668955305,-1.1229959490336192,-1.1229959490336192,-1.1229959490336192,-1.1229959490336192,1.441953408427917,1.9215264886898034,-1.1229959490336192,1.441953408427917,-0.024383660365510096
SRR7146630,0,Neg,PRJNA464410,Duck,Duck,FW,U,M,dabbling,Anasacuta,"SacramentoNationalWildlifeRefuge,GlennCounty",1.0,-0.973185391233848,-0.973185391233848,-0.973185391233848,-0.973185391233848,1.5917639662276883,0.12542689743426116,-0.973185391233848,-0.973185391233848,-0.973185391233848,5.050262201727184,2.740386675470459,-0.973185391233848,0.6362525212002517,3.3706200306198353,-0.973185391233848,-0.973185391233848,-0.973185391233848,-0.973185391233848,-0.973185391233848,-0.973185391233848,-0.973185391233848,-0.973185391233848,-0.973185391233848,5.7637815667680075,-0.973185391233848,-0.973185391233848,-0.973185391233848,-0.973185391233848,-0.973185391233848,-0.973185391233848,-0.973185391233848,-0.973185391233848,-0.973185391233848,-0.973185391233848,-0.973185391233848,-0.973185391233848,-0.973185391233848,-0.973185391233848,-0.973185391233848,-0.973185391233848,0.6362525212002517,-0.973185391233848,-0.973185391233848,7.735784515747099,-0.973185391233848,-0.973185391233848,4.289504797671038,-0.973185391233848,-0.973185391233848,-0.973185391233848,-0.973185391233848,-0.973185391233848,-0.973185391233848,-0.973185391233848,-0.973185391233848,-0.973185391233848,-0.973185391233848,-0.973185391233848,-0.973185391233848,2.6903762548957983,-0.973185391233848,-0.973185391233848,1.8600279528223682,0.6362525212002517,-0.973185391233848,4.2471704338444765,6.549214840153277,-0.973185391233848,4.628933429645853,-0.973185391233848
SRR7146631,1,Pos,PRJNA464410,Duck,Duck,S,H,F,dabbling,Anasplatyrhynchos,"GrizzlyIslandWildlifeArea(GIWA),SolanoCounty",7.0,1.9841646927113183,0.742451560402535,1.2220246406644213,-1.8224977970590022,4.514327934087439,-0.723885508390893,-1.8224977970590022,-1.8224977970590022,-1.8224977970590022,-1.8224977970590022,-1.8224977970590022,-1.8224977970590022,5.512484081812812,-1.8224977970590022,-1.8224977970590022,5.301174988145606,-1.8224977970590022,-1.8224977970590022,1.3129964188701475,-1.8224977970590022,3.097483128769123,-1.8224977970590022,-1.8224977970590022,1.5447980329274724,1.473339068945327,-1.8224977970590022,2.7926227197822575,0.37472678027721784,2.868850085170142,-1.8224977970590022,1.9841646927113183,1.9841646927113183,-1.8224977970590022,-1.8224977970590022,-1.8224977970590022,2.2550396468467175,-1.8224977970590022,1.611489407426144,3.2209273198602446,0.12341235199631129,-1.8224977970590022,1.121941182107438,-1.8224977970590022,6.2399349945241935,5.217162552803074,-1.8224977970590022,4.306552413001543,-1.8224977970590022,-1.8224977970590022,-1.8224977970590022,-1.8224977970590022,3.375999234206824,-1.8224977970590022,-1.8224977970590022,1.121941182107438,-1.8224977970590022,2.989686558313416,-1.8224977970590022,0.12341235199631129,4.6311272018336895,-1.8224977970590022,-1.8224977970590022,-1.8224977970590022,-1.8224977970590022,-1.8224977970590022,-1.8224977970590022,-1.8224977970590022,-1.8224977970590022,0.5753974757393685,-1.8224977970590022
SRR7146632,0,Neg,PRJNA464410,Duck,Duck,FW,A,M,filter,Anasclypeata,"SacramentoNationalWildlifeRefuge,GlennCounty",1.0,-1.6233516440897322,-1.6233516440897322,-1.6233516440897322,-1.6233516440897322,3.7748110574280203,-1.6233516440897322,-1.6233516440897322,-1.6233516440897322,-1.6233516440897322,3.5065470708333413,-1.6233516440897322,-1.6233516440897322,3.1724389015070082,3.819066066432061,-1.6233516440897322,-1.6233516440897322,-1.6233516440897322,2.268468654020894,-1.6233516440897322,-1.6233516440897322,-1.6233516440897322,-1.6233516440897322,-1.6233516440897322,-1.6233516440897322,-1.6233516440897322,-1.6233516440897322,1.209861699966484,0.9415977133718041,-1.6233516440897322,-1.6233516440897322,-1.6233516440897322,1.4211707936336904,-1.6233516440897322,0.7745436287086376,-1.6233516440897322,-1.6233516440897322,-1.6233516440897322,-1.6233516440897322,-1.6233516440897322,-1.6233516440897322,-1.6233516440897322,-1.6233516440897322,2.8652847256424074,6.418061265303315,-1.6233516440897322,-1.6233516440897322,4.479206950523837,-1.6233516440897322,-0.013913731655632589,2.1833108456805874,-1.6233516440897322,-1.6233516440897322,1.4211707936336904,-1.6233516440897322,3.7927487581146875,1.672485221914597,5.320735564139795,-1.6233516440897322,-1.6233516440897322,1.810635560395414,5.115984983267442,1.5121425718394175,-1.6233516440897322,-1.6233516440897322,-1.6233516440897322,5.88598362192686,3.0494771903721736,-1.6233516440897322,1.0846985570124774,5.564305520025224
SRR7146633,1,Pos,PRJNA464410,Duck,Duck,FW,U,M,filter,Anasclypeata,"SacramentoNationalWildlifeRefuge,GlennCounty",12.0,-1.4664840092833575,-1.4664840092833575,-1.4664840092833575,-1.4664840092833575,2.340178480486963,-1.4664840092833575,-0.36787172061524664,0.7307405680528625,0.7307405680528625,2.70790326061228,-1.4664840092833575,-1.4664840092833575,3.6751795472193027,-1.4664840092833575,-1.4664840092833575,-1.4664840092833575,1.7523918155848444,-1.4664840092833575,1.8293528567209725,-1.4664840092833575,-1.4664840092833575,-1.4664840092833575,3.2430461920289773,5.537490127439323,-1.4664840092833575,1.0984653481781796,-1.4664840092833575,-1.4664840092833575,-1.4664840092833575,-1.4664840092833575,-1.4664840092833575,0.931411263515014,-1.4664840092833575,-1.4664840092833575,-1.4664840092833575,-1.4664840092833575,-1.4664840092833575,-1.4664840092833575,-1.4664840092833575,-1.4664840092833575,-1.4664840092833575,-1.4664840092833575,1.0984653481781796,6.034045476111938,2.9523565985132416,-1.4664840092833575,3.3933283950783153,-1.4664840092833575,-1.4664840092833575,1.4779549698830836,0.14295390315074386,-1.4664840092833575,-1.4664840092833575,-1.4664840092833575,2.1444339033608673,-1.4664840092833575,-1.4664840092833575,6.569118683635224,-1.4664840092833575,-1.4664840092833575,2.9279651453890816,-1.4664840092833575,-1.4664840092833575,3.423865118938397,-1.4664840092833575,4.77768289138038,-1.4664840092833575,-1.4664840092833575,6.361155537083065,0.4794261397719568
SRR7146635,0,Neg,PRJNA464410,Duck,Duck,FW,U,M,dabbling,Anasacuta,"SacramentoNationalWildlifeRefuge,GlennCounty",1.0,-1.945215945965587,-1.945215945965587,-1.945215945965587,-1.945215945965587,1.6101321155238262,-1.945215945965587,-1.945215945965587,-1.945215945965587,3.3480888787589054,3.242169859875168,-1.945215945965587,-1.945215945965587,3.6859958358557785,0.7628342551366227,-1.945215945965587,2.520692172688997,4.527130348535313,-1.945215945965587,-1.945215945965587,-1.945215945965587,0.7628342551366227,-1.945215945965587,2.9299813772355643,2.259476673425379,-1.945215945965587,-1.945215945965587,1.3506209200387422,-1.945215945965587,0.0006942030897256757,-1.945215945965587,-1.945215945965587,1.4220798840208868,-1.945215945965587,-1.945215945965587,0.6197334114959494,-1.945215945965587,-1.945215945965587,-1.945215945965587,-1.945215945965587,-1.945215945965587,-1.945215945965587,-1.945215945965587,3.4254220821620756,6.501769350407153,1.9466043521450391,-1.945215945965587,4.053720615981096,0.4526793268327829,0.25200863137063223,1.815984169727975,1.551291615500893,-1.945215945965587,4.530216770738503,1.0993064917578357,1.815984169727975,-1.945215945965587,-1.945215945965587,3.6420327124346623,-1.945215945965587,1.0993064917578357,-1.945215945965587,-1.945215945965587,4.31053409578778,5.025514132177938,-1.945215945965587,1.7183457001640594,-1.945215945965587,-1.945215945965587,3.5802369931661966,-1.945215945965587
SRR7146636,0,Neg,PRJNA464410,Duck,Duck,FW,U,M,dabbling,Anasacuta,"SacramentoNationalWildlifeRefuge,GlennCounty",1.0,-1.7839740163167113,-1.7839740163167113,-1.7839740163167113,-1.7839740163167113,2.610475138355727,1.4349018085514889,1.4349018085514889,-1.7839740163167113,1.049239327739505,4.4286320794348075,2.610475138355727,-1.7839740163167113,1.3515201996124384,1.049239327739505,-1.7839740163167113,-1.7839740163167113,-1.7839740163167113,0.1619361327386013,1.160464962849729,-1.7839740163167113,-1.7839740163167113,-1.7839740163167113,0.6139212564816585,6.428594381917433,-1.7839740163167113,-1.7839740163167113,-1.7839740163167113,0.41325056101950786,-1.7839740163167113,-1.7839740163167113,-1.7839740163167113,-1.7839740163167113,-1.7839740163167113,-1.7839740163167113,1.5833218136697624,1.049239327739505,-1.7839740163167113,-1.7839740163167113,-1.7839740163167113,-1.7839740163167113,-1.7839740163167113,-1.7839740163167113,-1.7839740163167113,4.889323951450942,-1.7839740163167113,-1.7839740163167113,3.246463905075724,0.780975341144825,1.049239327739505,4.960085169994636,2.1078462817939148,-1.7839740163167113,1.2605484214067113,-1.7839740163167113,1.5118628496876179,-1.7839740163167113,0.6139212564816585,-1.7839740163167113,-1.7839740163167113,1.879587629812935,-1.7839740163167113,4.475607447748212,-1.7839740163167113,2.066173585393347,0.1619361327386013,4.286763711685778,5.997164493528304,-1.7839740163167113,2.907373865912432,-1.7839740163167113
SRR7146637,1,Pos,PRJNA464410,Duck,Duck,FW,U,F,dabbling,Anasacuta,"SacramentoNationalWildlifeRefuge,GlennCounty",12.0,0.6527281951516857,-2.055322005950525,-2.055322005950525,-2.055322005950525,1.9877292618840254,-2.055322005950525,-2.055322005950525,0.6527281951516857,1.705878109743038,4.913528372391424,-2.055322005950525,-2.055322005950525,4.533604471582995,-2.055322005950525,-2.055322005950525,-2.055322005950525,2.022215437955195,-2.055322005950525,0.6527281951516857,-2.055322005950525,1.6582500607537831,-2.055322005950525,2.455537500566326,3.5015060557490134,-2.055322005950525,-2.055322005950525,2.0878127204410086,-2.055322005950525,0.6527281951516857,-2.055322005950525,-2.055322005950525,2.4333143637816157,-0.44588409351642433,-2.055322005950525,-2.055322005950525,-2.055322005950525,0.34257326684784584,-2.055322005950525,0.8891169732159163,-2.055322005950525,-2.055322005950525,0.7778913381056913,1.4411855555159558,5.933899402864752,0.14190257138569518,-0.10941185689521138,5.608085658942955,-2.055322005950525,-2.055322005950525,-2.055322005950525,-2.055322005950525,-2.055322005950525,2.804490398411148,1.1635538189176762,2.022215437955195,-2.055322005950525,1.2405148600538043,2.804490398411148,-2.055322005950525,-0.44588409351642433,0.14190257138569518,2.539797844184066,-2.055322005950525,4.153268020146104,-2.055322005950525,4.274398899572172,-2.055322005950525,-0.44588409351642433,4.485707993239378,0.6527281951516857
SRR7146638,1,Pos,PRJNA464410,Duck,Duck,FW,U,F,dabbling,Anasacuta,"SacramentoNationalWildlifeRefuge,GlennCounty",12.0,-1.7554233705884998,-1.7554233705884998,-1.7554233705884998,-0.14598545815440023,2.418963899307137,-1.7554233705884998,-0.6568110819203907,-1.7554233705884998,-1.7554233705884998,2.6634172372080975,-1.7554233705884998,-1.7554233705884998,3.4649324544898246,-1.7554233705884998,-1.7554233705884998,-1.7554233705884998,1.6785638338966464,-1.7554233705884998,2.136396927522126,-1.7554233705884998,-1.7554233705884998,-1.7554233705884998,2.9895087577747503,5.120841241302266,-1.7554233705884998,0.6424719022098699,0.9526268305137098,-1.7554233705884998,-1.7554233705884998,-1.7554233705884998,-1.7554233705884998,0.6424719022098699,-1.7554233705884998,-1.7554233705884998,-1.7554233705884998,-1.7554233705884998,-1.7554233705884998,0.19048677846681272,-1.7554233705884998,-1.7554233705884998,-1.7554233705884998,0.19048677846681272,-1.7554233705884998,6.355604467605179,4.675907711344978,-1.7554233705884998,3.3259809943959624,0.4418012067477193,-1.7554233705884998,1.0777899734677163,-1.7554233705884998,2.6634172372080975,3.0887637158700914,2.005776745105062,1.9581486961158072,-1.7554233705884998,3.4649324544898246,1.9581486961158072,-1.7554233705884998,-1.7554233705884998,-1.7554233705884998,-1.7554233705884998,-1.7554233705884998,3.6956150829772003,0.19048677846681272,5.517669225411022,-1.7554233705884998,-1.7554233705884998,5.896647375527982,1.6118724593979739
SRR7146639,1,Pos,PRJNA464410,Duck,Duck,FW,U,F,filter,Anasclypeata,"SacramentoNationalWildlifeRefuge,GlennCounty",12.0,-1.5866564580987,-1.5866564580987,-1.5866564580987,0.8112388146996699,4.960128952661824,2.7827913943683216,2.9019799116334397,-1.5866564580987,-1.5866564580987,0.6105681192375192,1.2465568859575162,-1.5866564580987,2.9019799116334397,-1.5866564580987,-1.5866564580987,-1.5866564580987,-1.5866564580987,-1.5866564580987,0.022781454335399687,-1.5866564580987,-1.5866564580987,-1.5866564580987,-1.5866564580987,2.3836354554534216,-1.5866564580987,-1.5866564580987,1.1213937430035097,-1.5866564580987,-1.5866564580987,-0.4880441694305908,0.9782928993628364,0.9782928993628364,-1.5866564580987,-1.5866564580987,-1.5866564580987,-1.5866564580987,1.5488377578304497,-1.5866564580987,1.7091804079056292,-1.5866564580987,0.9782928993628364,3.898140475391955,2.6760234189426155,7.212854443270167,-1.5866564580987,0.022781454335399687,4.98841938250092,-1.5866564580987,-1.5866564580987,-1.5866564580987,-1.5866564580987,-1.5866564580987,1.1213937430035097,0.35925369095661264,0.8112388146996699,2.3451691746256254,0.9782928993628364,-1.5866564580987,-1.5866564580987,-1.5866564580987,5.247452280715138,-1.5866564580987,-1.5866564580987,0.6105681192375192,2.4206767271337704,2.618036161292266,-1.5866564580987,-1.5866564580987,1.1213937430035097,-1.5866564580987
SRR7146640,1,Pos,PRJNA464410,Duck,Duck,FW,U,M,filter,Anasclypeata,"SacramentoNationalWildlifeRefuge,GlennCounty",1.0,0.3089825937241679,-1.6369275553311446,-1.6369275553311446,-1.6369275553311446,-1.6369275553311446,-1.6369275553311446,-1.6369275553311446,-0.02748964289704503,3.054420326897999,3.0170327948263784,-1.6369275553311446,-1.6369275553311446,4.165190820045918,-1.6369275553311446,1.730368274655329,-1.6369275553311446,3.84786937815951,-1.6369275553311446,-1.6369275553311446,-1.6369275553311446,1.407594882392278,-1.6369275553311446,2.213220046378914,3.2228848490305273,-1.6369275553311446,-1.6369275553311446,1.5819482695370555,-1.6369275553311446,-1.6369275553311446,2.625752321710171,-1.6369275553311446,0.3089825937241679,-1.6369275553311446,-1.6369275553311446,-1.6369275553311446,-1.6369275553311446,-1.6369275553311446,-1.6369275553311446,-1.6369275553311446,-1.6369275553311446,-1.6369275553311446,-1.6369275553311446,2.537459714564492,7.063420179182939,2.169734934439175,-1.6369275553311446,2.0766445113731624,-1.6369275553311446,-1.6369275553311446,0.5602970220050745,-1.6369275553311446,-1.6369275553311446,4.311107433849501,-1.6369275553311446,1.5819482695370555,-1.6369275553311446,1.7970596491540016,2.6805605582051655,-1.6369275553311446,1.407594882392278,-1.6369275553311446,-1.6369275553311446,0.3089825937241679,5.390386958708632,-1.6369275553311446,5.255714085840944,-1.6369275553311446,-1.6369275553311446,2.0766445113731624,2.0766445113731624
SRR7146641,0,Neg,PRJNA464410,Duck,Duck,S,H,M,dabbling,Anasplatyrhynchos,"SuisunMarsh/Balboa,SolanoCounty",7.0,-1.59347168550525,-1.59347168550525,-1.59347168550525,-1.59347168550525,-1.59347168550525,-1.59347168550525,-1.59347168550525,-1.59347168550525,4.565623702986683,2.413861499727221,-1.59347168550525,-1.59347168550525,3.7583864479708162,-1.59347168550525,-1.59347168550525,3.00164816462934,3.8829918664262606,-1.59347168550525,-1.59347168550525,-1.59347168550525,1.1145785155969596,-1.59347168550525,2.9391278076480054,-1.59347168550525,-1.59347168550525,-1.59347168550525,3.021648831336009,1.6254041393629501,1.7023651804990791,-1.59347168550525,-1.59347168550525,1.7023651804990791,1.6254041393629501,-1.59347168550525,1.3509672936611903,-1.59347168550525,-1.59347168550525,-1.59347168550525,-1.59347168550525,-1.59347168550525,-1.59347168550525,-1.59347168550525,-1.59347168550525,2.484065758400469,-1.59347168550525,-1.59347168550525,5.5430115230849974,-1.59347168550525,-1.59347168550525,-1.59347168550525,1.8405155189798963,0.9714776719562863,4.688795061390756,3.6376369313493364,-1.59347168550525,-1.59347168550525,3.3552882048729185,2.3383539472190753,-1.59347168550525,3.4627741198430577,-1.59347168550525,6.95812293262832,-1.59347168550525,5.31528309380997,-1.59347168550525,-1.59347168550525,-1.59347168550525,-1.59347168550525,-1.59347168550525,-1.59347168550525
SRR7146642,1,Pos,PRJNA464410,Duck,Duck,S,H,M,dabbling,Anasplatyrhynchos,"SuisunMarsh/Balboa,SolanoCounty",7.0,-1.2202365855314259,-1.2202365855314259,-1.2202365855314259,-1.2202365855314259,-1.2202365855314259,-1.2202365855314259,-1.2202365855314259,-1.2202365855314259,-1.2202365855314259,-1.2202365855314259,6.959804137958734,-1.2202365855314259,3.0424432915098896,-1.2202365855314259,-1.2202365855314259,5.343618941000701,-1.2202365855314259,-1.2202365855314259,2.5864259042388937,-1.2202365855314259,-1.2202365855314259,-1.2202365855314259,-1.2202365855314259,6.01897838824838,-1.2202365855314259,-1.2202365855314259,-1.2202365855314259,-1.2202365855314259,5.147950600819066,-1.2202365855314259,-1.2202365855314259,-1.2202365855314259,-1.2202365855314259,-1.2202365855314259,-1.2202365855314259,-1.2202365855314259,-1.2202365855314259,-1.2202365855314259,-1.2202365855314259,-1.2202365855314259,-1.2202365855314259,-1.2202365855314259,3.1986040222651715,4.803211007429606,2.857300858374293,0.3892013269026737,1.177658687266944,2.857300858374293,-1.2202365855314259,6.114745293340388,3.4711112966977176,-1.2202365855314259,-1.2202365855314259,-1.2202365855314259,-1.2202365855314259,-1.2202365855314259,-1.2202365855314259,-1.2202365855314259,-1.2202365855314259,3.290622920985424,-1.2202365855314259,-1.2202365855314259,5.925747882182961,-1.2202365855314259,-1.2202365855314259,1.4878136155707837,-1.2202365855314259,-1.2202365855314259,-1.2202365855314259,-1.2202365855314259
SRR7146643,0,Neg,PRJNA464410,Duck,Duck,S,H,M,dabbling,Anasplatyrhynchos,"SuisunMarsh/Balboa,SolanoCounty",7.0,-1.3854683107794452,-1.3854683107794452,-1.3854683107794452,-1.3854683107794452,2.464679290930613,-1.3854683107794452,-1.3854683107794452,-1.3854683107794452,1.910368555224884,5.282759937637958,-1.3854683107794452,-1.3854683107794452,0.5604418382758674,-1.3854683107794452,-1.3854683107794452,1.558970668386995,-1.3854683107794452,-1.3854683107794452,-1.3854683107794452,-1.3854683107794452,-1.3854683107794452,-1.3854683107794452,4.030632091424975,6.432559627751283,-1.3854683107794452,-1.3854683107794452,0.8117562665567739,-1.3854683107794452,-1.3854683107794452,-1.3854683107794452,-1.3854683107794452,0.2239696016546544,-1.3854683107794452,-1.3854683107794452,-1.3854683107794452,-1.3854683107794452,-1.3854683107794452,-1.3854683107794452,-1.3854683107794452,-1.3854683107794452,-1.3854683107794452,-1.3854683107794452,3.767823283718333,6.007794783984393,6.567850035780985,-1.3854683107794452,4.5677750235083385,1.558970668386995,-1.3854683107794452,4.756569094807911,1.179481046682091,-1.3854683107794452,1.833407514088755,-1.3854683107794452,-1.3854683107794452,-1.3854683107794452,-1.3854683107794452,1.0124269620189246,-1.3854683107794452,3.1892426677239376,-1.3854683107794452,-1.3854683107794452,-1.3854683107794452,3.1253911957374045,-1.3854683107794452,5.0991669248558065,-1.3854683107794452,-1.3854683107794452,0.5604418382758674,-1.3854683107794452
SRR7146644,1,Pos,PRJNA464410,Duck,Duck,S,H,F,dabbling,Anasplatyrhynchos,"GrizzlyIslandWildlifeArea(GIWA),SolanoCounty",7.0,0.4614270744366067,-1.4844830746187077,1.0804662828428295,-1.4844830746187077,3.110636775515883,-1.4844830746187077,3.8861549535089557,-1.4844830746187077,-1.4844830746187077,6.283204202568201,2.8593223472349765,-1.4844830746187077,4.600016338456465,-1.4844830746187077,-1.4844830746187077,1.4599559045477335,-1.4844830746187077,-1.4844830746187077,1.651011141310443,-1.4844830746187077,-1.4844830746187077,-1.4844830746187077,-0.38587078595059676,7.081309786633593,-0.38587078595059676,-1.4844830746187077,1.651011141310443,0.7127415027175124,-1.4844830746187077,-1.4844830746187077,-1.4844830746187077,1.651011141310443,-0.38587078595059676,-1.4844830746187077,-1.4844830746187077,-1.4844830746187077,-1.4844830746187077,-1.4844830746187077,-1.4844830746187077,-1.4844830746187077,-1.4844830746187077,-1.4844830746187077,0.7127415027175124,5.242948650232148,1.3487302694375094,-1.4844830746187077,1.2235671264835029,-1.4844830746187077,-1.4844830746187077,0.12495483781539374,1.3487302694375094,1.882812755367767,-1.4844830746187077,-1.4844830746187077,2.4073372234919193,-1.4844830746187077,1.2235671264835029,-1.4844830746187077,-1.4844830746187077,3.9226886968414116,-1.4844830746187077,-1.4844830746187077,3.090227903884676,-1.4844830746187077,-1.4844830746187077,3.3907142485824444,-0.38587078595059676,-1.4844830746187077,-1.4844830746187077,-1.4844830746187077
SRR7146645,0,Neg,PRJNA464410,Duck,Duck,S,H,F,dabbling,Anasplatyrhynchos,"SuisunMarsh/Balboa,SolanoCounty",7.0,1.5255818116830158,-1.6932940131851844,-1.6932940131851844,-1.6932940131851844,-1.6932940131851844,-1.6932940131851844,-1.6932940131851844,1.6025428528191448,5.494363150929772,4.000438125617515,-1.6932940131851844,-1.6932940131851844,2.9414349750444515,-1.6932940131851844,-1.6932940131851844,-1.6932940131851844,3.945060656148561,-1.6932940131851844,2.1133684765851353,3.32398582362974,3.649040238779626,-1.6932940131851844,4.44443304090105,-1.6932940131851844,-1.6932940131851844,-1.6932940131851844,2.8175654933316654,-1.6932940131851844,-1.6932940131851844,-1.6932940131851844,-1.6932940131851844,-1.6932940131851844,-1.6932940131851844,-1.6932940131851844,-1.6932940131851844,-1.6932940131851844,-1.6932940131851844,-1.6932940131851844,-1.6932940131851844,-1.6932940131851844,-1.6932940131851844,-1.6932940131851844,-1.6932940131851844,3.937917768636181,3.1970551150365694,-1.6932940131851844,5.518262720128616,1.6025428528191448,-1.6932940131851844,-1.6932940131851844,-1.6932940131851844,-1.6932940131851844,5.317919974165182,1.6740018168012893,-1.6932940131851844,-1.6932940131851844,4.453035244483713,5.155772269448272,-1.6932940131851844,2.5408124914120744,-1.6932940131851844,1.5255818116830158,-1.6932940131851844,6.127948070338373,-1.6932940131851844,-1.6932940131851844,-1.6932940131851844,-1.6932940131851844,2.676153839281837,-1.6932940131851844
SRR7146646,0,Neg,PRJNA464410,Duck,Duck,FW,H,F,dabbling,Anasamericana,"SacramentoNationalWildlifeRefuge,GlennCounty",1.0,0.9725085385348482,-1.224716038801371,-1.224716038801371,3.009390465795888,6.855211731956905,2.4388456073282754,-1.224716038801371,-1.224716038801371,-1.224716038801371,-1.224716038801371,0.9725085385348482,-1.224716038801371,2.8861578253719404,-1.224716038801371,-1.224716038801371,-1.224716038801371,-1.224716038801371,0.9725085385348482,-1.224716038801371,-1.224716038801371,-1.224716038801371,-1.224716038801371,-1.224716038801371,2.071120827202958,-1.224716038801371,-1.224716038801371,-1.224716038801371,-1.224716038801371,-1.224716038801371,-1.224716038801371,1.8198063989220516,0.9725085385348482,-1.224716038801371,-1.224716038801371,-1.224716038801371,-1.224716038801371,-1.224716038801371,2.9184186875901617,3.06574340234702,2.6254315629086875,1.9941597860668292,1.9941597860668292,-1.224716038801371,5.433295007069377,-1.224716038801371,2.071120827202958,1.9107781771277788,-1.224716038801371,-1.224716038801371,-1.224716038801371,-1.224716038801371,-1.224716038801371,-1.224716038801371,-1.224716038801371,-1.224716038801371,-1.224716038801371,-1.224716038801371,-1.224716038801371,-1.224716038801371,-1.224716038801371,4.81791679488101,-1.224716038801371,-1.224716038801371,-1.224716038801371,2.9184186875901617,7.291076171699238,-1.224716038801371,-1.224716038801371,-1.224716038801371,-1.224716038801371
SRR7146648,1,Pos,PRJNA464410,Duck,Duck,FW,U,M,dabbling,Anascarolinensis,"ConawayRanch,YoloCounty",12.0,1.4447938010938364,-1.499645178072604,0.6975793992636152,-1.499645178072604,-0.4010328894044948,-1.499645178072604,-1.499645178072604,-1.499645178072604,2.4706467354795176,4.6967989497219165,-0.4010328894044948,-1.499645178072604,4.087603480327646,1.4447938010938364,-1.499645178072604,-1.499645178072604,1.9343420264125415,-1.499645178072604,-1.499645178072604,-1.499645178072604,1.0653041793889324,-1.499645178072604,-1.499645178072604,4.095066201529235,1.3335681659836114,-1.499645178072604,1.5448772596508187,0.10979273436149573,-1.499645178072604,-1.499645178072604,-1.499645178072604,2.392175120038022,-1.499645178072604,-1.499645178072604,-1.499645178072604,-1.499645178072604,-1.499645178072604,-1.499645178072604,-1.499645178072604,-1.499645178072604,-1.499645178072604,-1.499645178072604,-1.499645178072604,7.106840120822395,1.0653041793889324,-1.499645178072604,3.783558550665384,-1.499645178072604,-1.499645178072604,-1.499645178072604,-1.499645178072604,-1.499645178072604,3.7630450108322813,-1.499645178072604,-1.499645178072604,-1.499645178072604,1.9343420264125415,1.3335681659836114,-1.499645178072604,0.10979273436149573,-1.499645178072604,0.10979273436149573,-1.499645178072604,4.51894803642363,-1.499645178072604,3.6063002958279764,5.978524516087181,-1.499645178072604,4.659450210419329,-1.499645178072604
SRR7146649,0,Neg,PRJNA464410,Duck,Duck,S,H,M,dabbling,Anasplatyrhynchos,"GrizzlyIslandWildlifeArea(GIWA),SolanoCounty",8.0,1.0960324364452507,-1.4689169210162865,-1.4689169210162865,-1.4689169210162865,4.204406346155206,-1.4689169210162865,1.575605516707137,0.7283076563199335,2.674217805375247,1.4755220581501547,-1.4689169210162865,-1.4689169210162865,3.9991432201188455,-1.4689169210162865,-1.4689169210162865,-1.4689169210162865,3.5350293849291736,-1.4689169210162865,-1.4689169210162865,1.0960324364452507,1.7499589038519145,-1.4689169210162865,3.06368257213697,-1.4689169210162865,-0.37030463234817557,0.9289783517820851,2.027590640450194,3.2584708976960544,-1.4689169210162865,-1.4689169210162865,-1.4689169210162865,1.8983789089701881,2.1420009916279383,-1.4689169210162865,-1.4689169210162865,-1.4689169210162865,-1.4689169210162865,-1.4689169210162865,-1.4689169210162865,-1.4689169210162865,-1.4689169210162865,-0.37030463234817557,-1.4689169210162865,1.0960324364452507,-1.4689169210162865,-1.4689169210162865,7.451472139064073,-1.4689169210162865,-1.4689169210162865,-1.4689169210162865,-1.4689169210162865,-1.4689169210162865,4.554530671944747,1.239133280085924,3.222430961212858,-1.4689169210162865,4.204406346155206,1.8269199449880436,-1.4689169210162865,-1.4689169210162865,-1.4689169210162865,-1.4689169210162865,-1.4689169210162865,4.715231969921197,-1.4689169210162865,-1.4689169210162865,-1.4689169210162865,-1.4689169210162865,0.14052099141781493,-1.4689169210162865
SRR7146650,0,Neg,PRJNA464410,Duck,Duck,S,H,F,dabbling,Anasplatyrhynchos,"GrizzlyIslandWildlifeArea(GIWA),SolanoCounty",8.0,-1.4746792083316276,-1.4746792083316276,-1.4746792083316276,-1.4746792083316276,-1.4746792083316276,0.13475870410247381,-1.4746792083316276,-1.4746792083316276,0.13475870410247381,3.013957161400513,-1.4746792083316276,-1.4746792083316276,3.690106765591887,-1.4746792083316276,-1.4746792083316276,-1.4746792083316276,2.8157802328167643,0.13475870410247381,-1.4746792083316276,0.13475870410247381,1.4697597708348136,-1.4746792083316276,3.8385267707101605,0.47123094072368676,-1.4746792083316276,-1.4746792083316276,1.0902701491299096,-0.3760669196635167,-1.4746792083316276,-1.4746792083316276,-1.4746792083316276,1.0902701491299096,-1.4746792083316276,-1.4746792083316276,-1.4746792083316276,-1.4746792083316276,-1.4746792083316276,1.4697597708348136,4.749879220943733,-1.4746792083316276,-1.4746792083316276,1.660815007597523,-1.4746792083316276,3.1792811418258964,-1.4746792083316276,-1.4746792083316276,4.567953625350754,-1.4746792083316276,-1.4746792083316276,-1.4746792083316276,-1.4746792083316276,-1.4746792083316276,4.684416180160306,1.4697597708348136,1.892616621654847,-1.4746792083316276,2.2865209073619353,3.160049779898009,7.327843289952794,-1.4746792083316276,0.923216064466744,-1.4746792083316276,-1.4746792083316276,5.108730013827138,-1.4746792083316276,-1.4746792083316276,-1.4746792083316276,-1.4746792083316276,1.0902701491299096,0.7225453690045924
SRR7146651,1,Pos,PRJNA464410,Duck,Duck,S,H,M,dabbling,Anasplatyrhynchos,"GrizzlyIslandWildlifeArea(GIWA),SolanoCounty",8.0,-0.10004023505303294,-1.198652523721142,0.7472576253341714,-1.198652523721142,0.41078538871295844,-1.198652523721142,-1.198652523721142,-1.198652523721142,-1.198652523721142,3.118835589815169,-1.198652523721142,-1.198652523721142,3.882751841263321,-1.198652523721142,-1.198652523721142,2.733173109003184,-1.198652523721142,-1.198652523721142,0.7472576253341714,-1.198652523721142,0.7472576253341714,-1.198652523721142,-1.198652523721142,4.701244829861349,-1.198652523721142,-1.198652523721142,-0.10004023505303294,-1.198652523721142,2.020223301147059,-1.198652523721142,-1.198652523721142,0.7472576253341714,-1.198652523721142,-1.198652523721142,2.097184342283187,-1.198652523721142,-1.198652523721142,-1.198652523721142,-1.198652523721142,-1.198652523721142,-1.198652523721142,-1.198652523721142,6.402749810862591,7.562427580147205,-1.198652523721142,-1.198652523721142,4.269407617413989,0.7472576253341714,-1.198652523721142,-1.198652523721142,0.41078538871295844,0.7472576253341714,0.9985720536150771,-1.198652523721142,-1.198652523721142,-1.198652523721142,1.7457864554452982,-1.198652523721142,-1.198652523721142,1.7457864554452982,-1.198652523721142,3.882751841263321,-1.198652523721142,-1.198652523721142,-1.198652523721142,4.872085204281348,-1.198652523721142,-1.198652523721142,-1.198652523721142,-1.198652523721142
SRR7146653,1,Pos,PRJNA464410,Duck,Duck,S,H,M,dabbling,Anasplatyrhynchos,"GrizzlyIslandWildlifeArea(GIWA),SolanoCounty",8.0,-0.662145596803307,-1.760757885471416,-1.760757885471416,-1.760757885471416,2.7501016210454337,-1.760757885471416,-1.760757885471416,-1.760757885471416,-1.760757885471416,0.6371373873269537,-1.760757885471416,-1.760757885471416,3.3691408294516574,-1.760757885471416,-1.760757885471416,2.000442230222146,-1.760757885471416,-1.760757885471416,0.6371373873269537,-1.760757885471416,-0.15131997303731648,-1.760757885471416,-1.760757885471416,3.6374048160463364,-1.760757885471416,-1.760757885471416,-1.760757885471416,-1.760757885471416,0.6371373873269537,-1.760757885471416,1.0724554585848,0.436466691864803,-1.760757885471416,2.2822933823631333,-1.760757885471416,-1.760757885471416,-1.760757885471416,-1.760757885471416,0.18515226358389647,-1.760757885471416,-0.662145596803307,4.5064426630699455,3.8413609354082845,7.114808806519135,-1.760757885471416,1.3747363304577336,3.884689012171821,0.8041914719901202,-1.760757885471416,2.8139530930319667,1.1836810936950242,3.5719609077939527,0.6371373873269537,-1.760757885471416,-1.760757885471416,2.3823768409201165,2.246575299761054,-1.760757885471416,1.794590176017997,0.6371373873269537,3.7405003250733104,3.6374048160463364,-1.760757885471416,-1.760757885471416,0.8041914719901202,1.0724554585848,-1.760757885471416,-1.760757885471416,2.9305899967577274,-1.760757885471416
SRR7146654,0,Neg,PRJNA464410,Duck,Duck,S,H,M,dabbling,Anasplatyrhynchos,"GrizzlyIslandWildlifeArea(GIWA),SolanoCounty",8.0,-1.5196423873297826,-0.4210300986616735,-1.5196423873297826,-1.5196423873297826,-1.5196423873297826,-1.5196423873297826,-1.5196423873297826,1.188407813772427,2.849805465137239,2.557895056575936,-1.5196423873297826,-1.5196423873297826,2.4121832453945427,-1.5196423873297826,-1.5196423873297826,0.6775821900064365,2.0357056741596304,-1.5196423873297826,-0.4210300986616735,0.6775821900064365,0.08979552510431699,-1.5196423873297826,3.171705494899361,7.140958267381183,-1.5196423873297826,0.08979552510431699,0.08979552510431699,-1.5196423873297826,1.188407813772427,-1.5196423873297826,-1.5196423873297826,-1.5196423873297826,-1.5196423873297826,-1.5196423873297826,1.615851828599367,-0.4210300986616735,-1.5196423873297826,-1.5196423873297826,-1.5196423873297826,-1.5196423873297826,-1.5196423873297826,-1.5196423873297826,1.52488005039364,6.425913040923707,1.0453069701317537,-1.5196423873297826,3.259481105781746,-1.5196423873297826,-1.5196423873297826,0.08979552510431699,2.5912314768435287,-1.5196423873297826,3.429117503048385,1.0453069701317537,0.6775821900064365,-1.5196423873297826,2.0912755253144413,-1.5196423873297826,-1.5196423873297826,-1.5196423873297826,-1.5196423873297826,-1.5196423873297826,3.6788546439360426,4.187467877419093,-1.5196423873297826,1.847653442656691,-1.5196423873297826,-1.5196423873297826,2.849805465137239,-1.5196423873297826
SRR7146655,0,Neg,PRJNA464410,Duck,Duck,S,H,M,dabbling,Anasplatyrhynchos,"GrizzlyIslandWildlifeArea(GIWA),SolanoCounty",8.0,1.9233096073408902,-1.510677597144256,0.686546980191963,-1.510677597144256,-1.510677597144256,-1.510677597144256,-1.510677597144256,-1.510677597144256,5.943463481002422,3.772526131593732,-1.510677597144256,-1.510677597144256,5.075494057710419,-1.510677597144256,2.9779587725878836,-1.510677597144256,4.822602030995434,-1.510677597144256,-1.510677597144256,-1.510677597144256,-1.510677597144256,-1.510677597144256,4.478283819745608,2.3394700045658023,-1.510677597144256,0.09876031528984353,0.686546980191963,2.8587702553227654,-1.510677597144256,-1.510677597144256,-1.510677597144256,1.8566182328422176,-1.510677597144256,1.8566182328422176,-1.510677597144256,-1.510677597144256,-1.510677597144256,-1.510677597144256,-1.510677597144256,-1.510677597144256,-1.510677597144256,-1.510677597144256,-1.510677597144256,4.737365277364173,-1.510677597144256,-1.510677597144256,2.7234289074530027,-1.510677597144256,-1.510677597144256,-1.510677597144256,-1.510677597144256,-1.510677597144256,6.279604783559226,3.8874851043734964,-1.510677597144256,-1.510677597144256,4.098794198040704,3.7096782279340683,-1.510677597144256,-1.510677597144256,-1.510677597144256,-1.510677597144256,-1.510677597144256,6.265437879954486,-1.510677597144256,-1.510677597144256,-1.510677597144256,1.4337613820221842,-1.510677597144256,-1.510677597144256
SRR7146656,0,Neg,PRJNA464410,Duck,Duck,S,H,F,dabbling,Anasplatyrhynchos,"GrizzlyIslandWildlifeArea(GIWA),SolanoCounty",8.0,-1.7779318838952785,-1.7779318838952785,-1.7779318838952785,-1.7779318838952785,0.6199633889030913,-1.7779318838952785,-1.7779318838952785,-0.16849397146117884,1.4409439409729217,4.600494299756308,-1.7779318838952785,-1.7779318838952785,0.9301183172069312,-1.7779318838952785,-1.7779318838952785,-1.7779318838952785,2.640908723901319,-1.7779318838952785,0.41929269344094067,-0.6793195952271693,-1.7779318838952785,2.7329276226215713,1.8856297622343678,1.6560553205898678,-1.7779318838952785,-1.7779318838952785,-1.7779318838952785,-1.7779318838952785,-1.7779318838952785,-1.7779318838952785,-1.7779318838952785,-1.7779318838952785,-1.7779318838952785,4.47397199927061,-1.7779318838952785,-1.7779318838952785,-1.7779318838952785,-1.7779318838952785,-1.7779318838952785,-1.7779318838952785,-1.7779318838952785,0.1679782651600341,1.4409439409729217,6.675042735194308,1.6560553205898678,-1.7779318838952785,5.062614645393408,-1.7779318838952785,-1.7779318838952785,1.4409439409729217,-1.7779318838952785,2.1138884142153476,2.984242050902477,1.5179049821090507,-1.7779318838952785,-1.7779318838952785,5.571298940718056,1.6560553205898678,-1.7779318838952785,1.1665070952711618,-1.7779318838952785,3.564402368069532,-1.7779318838952785,3.0818805204663935,-1.7779318838952785,2.6647193725950373,1.8329860287489455,3.867515013747959,4.09980389788436,-1.7779318838952785
SRR7146657,1,Pos,PRJNA464410,Duck,Duck,S,H,M,dabbling,Anasplatyrhynchos,"GrizzlyIslandWildlifeArea(GIWA),SolanoCounty",8.0,-1.5147747369253848,-1.5147747369253848,0.6824498404108343,-1.5147747369253848,0.4311354121299278,0.6824498404108343,-1.5147747369253848,-1.5147747369253848,-0.41616244825727566,-1.5147747369253848,-1.5147747369253848,-1.5147747369253848,2.8290306849282985,-1.5147747369253848,3.6837222943404404,-1.5147747369253848,-1.5147747369253848,-0.41616244825727566,1.3184386071308314,-1.5147747369253848,0.6824498404108343,-1.5147747369253848,-1.5147747369253848,5.9633949572344,-1.5147747369253848,-1.5147747369253848,0.883120535872985,0.6824498404108343,2.562762706980334,-1.5147747369253848,-1.5147747369253848,1.1932754641768248,0.09466317550871484,-1.5147747369253848,1.5297477007980378,2.951133381729199,-1.5147747369253848,-1.5147747369253848,0.4311354121299278,-1.5147747369253848,-1.5147747369253848,-1.5147747369253848,-1.5147747369253848,4.560571294163299,0.4311354121299278,-1.5147747369253848,6.843891546262615,-0.41616244825727566,-1.5147747369253848,4.034301347969835,3.119954251304251,-1.5147747369253848,-1.5147747369253848,-1.5147747369253848,0.4311354121299278,-1.5147747369253848,-1.5147747369253848,-1.5147747369253848,1.0501746205361515,4.192335527823491,-1.5147747369253848,6.215839329138355,-1.5147747369253848,0.883120535872985,-1.5147747369253848,-1.5147747369253848,-1.5147747369253848,-1.5147747369253848,2.3770455611852412,-0.41616244825727566
SRR7146658,1,Pos,PRJNA464410,Duck,Duck,S,H,M,dabbling,Anasplatyrhynchos,"GrizzlyIslandWildlifeArea(GIWA),SolanoCounty",8.0,-1.4311801276091964,-1.4311801276091964,0.17825778482490318,-1.4311801276091964,-1.4311801276091964,-1.4311801276091964,-1.4311801276091964,-1.4311801276091964,-1.4311801276091964,-1.4311801276091964,-1.4311801276091964,-1.4311801276091964,3.7562056782315585,-1.4311801276091964,0.9667151451891733,2.539111785942925,-1.4311801276091964,-1.4311801276091964,4.816862746899233,-1.4311801276091964,-1.4311801276091964,1.7876956972590037,-1.4311801276091964,6.427846852142341,-1.4311801276091964,-1.4311801276091964,0.17825778482490318,-0.3325678389410873,1.1337692298523399,-1.4311801276091964,-1.4311801276091964,0.7660444497270227,-1.4311801276091964,2.938267724857825,-1.4311801276091964,-1.4311801276091964,-1.4311801276091964,-1.4311801276091964,-1.4311801276091964,-1.4311801276091964,-1.4311801276091964,2.0653274338572833,3.957891602207304,7.159449381880223,4.5010650598388136,-1.4311801276091964,2.938267724857825,-1.4311801276091964,-1.4311801276091964,2.539111785942925,-1.4311801276091964,-1.4311801276091964,2.912625294244487,-1.4311801276091964,0.7660444497270227,-1.4311801276091964,1.9361157023772773,-1.4311801276091964,-1.4311801276091964,0.9667151451891733,1.7043140883199532,-1.4311801276091964,-1.4311801276091964,-1.4311801276091964,-1.4311801276091964,1.1337692298523399,-1.4311801276091964,-1.4311801276091964,3.957891602207304,1.2768700734930132
SRR7146659,1,Pos,PRJNA464410,Duck,Duck,FW,U,M,dabbling,Anasacuta,"GrizzlyIslandWildlifeArea(GIWA),SolanoCounty",10.0,1.5997510449479204,-1.834236159537225,1.879335907167082,-1.834236159537225,0.8738140415649847,-1.834236159537225,-1.834236159537225,2.1360557540148957,-1.834236159537225,4.194042360693473,-1.834236159537225,-1.834236159537225,5.390517246230745,-1.834236159537225,-1.834236159537225,2.8571117226919176,-1.834236159537225,-1.834236159537225,1.4616007064671033,-1.834236159537225,2.0975894731870994,-1.834236159537225,4.13447140044814,3.9309549432476185,1.4616007064671033,2.057584138573401,2.719640732063315,2.399870345060034,1.2102862781861967,-1.834236159537225,-1.834236159537225,3.386119665541099,1.4616007064671033,-1.834236159537225,-1.834236159537225,-1.834236159537225,-1.834236159537225,-1.834236159537225,-1.834236159537225,-1.834236159537225,-1.834236159537225,-1.834236159537225,-1.834236159537225,6.598052524788567,-1.834236159537225,-1.834236159537225,3.3305498143862886,-1.834236159537225,-1.834236159537225,2.4284437175040896,1.6622714019292548,0.7307131979243104,-1.834236159537225,2.780884357304034,1.8293254865924204,-1.834236159537225,-1.834236159537225,-1.834236159537225,-1.834236159537225,0.9989771845189903,-1.834236159537225,-1.834236159537225,1.1102028196292144,3.025576244824446,-1.834236159537225,-1.834236159537225,-1.834236159537225,-1.834236159537225,5.456738618605756,-1.834236159537225
SRR7146660,1,Pos,PRJNA464410,Duck,Duck,FW,U,M,filter,Anasclypeata,"GrizzlyIslandWildlifeArea(GIWA),SolanoCounty",10.0,0.7906045831247432,-2.505232282879586,0.5392901548438376,-2.505232282879586,4.778902523315619,2.1861155993495576,1.050115778609828,-2.505232282879586,-2.505232282879586,3.4583470607388604,1.5021009023528853,-2.505232282879586,3.1952112905111005,-2.505232282879586,-2.505232282879586,0.20281791822262463,-2.505232282879586,-2.505232282879586,2.7365147321800567,-2.505232282879586,0.20281791822262463,-2.505232282879586,-0.10733701008121521,5.183223073670359,0.0597170745819513,-2.505232282879586,0.9912752785868948,-0.10733701008121521,2.2905582627171555,1.669154987016051,-2.505232282879586,1.1583293632500604,-2.505232282879586,-2.505232282879586,-2.505232282879586,-0.30800770554336676,1.5378189849549644,1.7288742217176738,1.8385731389740982,-2.505232282879586,0.9287549216055604,3.1542499328800355,1.8122558306567242,4.953530409501374,0.7906045831247432,0.7906045831247432,4.097355609309751,1.6994603365113798,-2.505232282879586,-2.505232282879586,-2.505232282879586,-2.505232282879586,-2.505232282879586,-2.505232282879586,0.20281791822262463,0.8620635471068887,-2.505232282879586,-2.505232282879586,2.8274865103857834,1.3014302068907337,-2.505232282879586,1.050115778609828,-2.505232282879586,-2.505232282879586,-0.10733701008121521,3.051595778819952,1.3449153188304726,-2.505232282879586,3.8765837345265126,3.4375670922471153
SRR7146661,1,Pos,PRJNA464410,Duck,Duck,FW,H,F,filter,Anasclypeata,"SacramentoNationalWildlifeRefuge,GlennCounty",10.0,-0.4192391661689854,-0.4192391661689854,-0.4192391661689854,-0.4192391661689854,-0.4192391661689854,-0.4192391661689854,-0.4192391661689854,-0.4192391661689854,-0.4192391661689854,-0.4192391661689854,-0.4192391661689854,-0.4192391661689854,1.5266709828863272,-0.4192391661689854,-0.4192391661689854,-0.4192391661689854,-0.4192391661689854,-0.4192391661689854,1.1901987462651142,-0.4192391661689854,-0.4192391661689854,-0.4192391661689854,-0.4192391661689854,-0.4192391661689854,-0.4192391661689854,-0.4192391661689854,-0.4192391661689854,-0.4192391661689854,-0.4192391661689854,-0.4192391661689854,-0.4192391661689854,-0.4192391661689854,-0.4192391661689854,-0.4192391661689854,-0.4192391661689854,-0.4192391661689854,-0.4192391661689854,-0.4192391661689854,-0.4192391661689854,-0.4192391661689854,-0.4192391661689854,-0.4192391661689854,6.7470268079646525,8.646653301441324,-0.4192391661689854,-0.4192391661689854,2.625283271554437,-0.4192391661689854,-0.4192391661689854,-0.4192391661689854,-0.4192391661689854,-0.4192391661689854,0.6793731224991237,-0.4192391661689854,-0.4192391661689854,0.6793731224991237,-0.4192391661689854,-0.4192391661689854,-0.4192391661689854,-0.4192391661689854,-0.4192391661689854,-0.4192391661689854,-0.4192391661689854,1.1901987462651142,-0.4192391661689854,-0.4192391661689854,-0.4192391661689854,-0.4192391661689854,-0.4192391661689854,2.2888110349332242
SRR7146662,1,Pos,PRJNA464410,Duck,Duck,FW,A,M,filter,Anasclypeata,"SacramentoNationalWildlifeRefuge,GlennCounty",11.0,-1.7604137423234008,-1.7604137423234008,-1.7604137423234008,-1.7604137423234008,1.375080473605749,-1.7604137423234008,1.0727996017328154,-0.15097582988930114,0.9476364587788089,1.2841086954000218,0.9476364587788089,-1.7604137423234008,2.473692762273858,-1.7604137423234008,1.736093819143079,-1.7604137423234008,3.144861036115029,-1.7604137423234008,-1.7604137423234008,-0.6618014536552916,-1.7604137423234008,-1.7604137423234008,-1.7604137423234008,3.7408444682213258,-1.7604137423234008,-1.7604137423234008,-1.7604137423234008,-1.7604137423234008,0.637481530474969,-1.7604137423234008,-1.7604137423234008,-1.7604137423234008,-1.7604137423234008,-1.7604137423234008,-1.7604137423234008,-1.7604137423234008,-1.7604137423234008,3.7408444682213258,2.000786373370161,2.814297236179982,0.637481530474969,3.9333183964792986,2.1314065557872253,7.069983058774695,1.1840252368430395,0.9476364587788089,2.6340354123490375,-1.7604137423234008,-1.7604137423234008,1.0727996017328154,1.2841086954000218,-1.7604137423234008,3.6467580291367176,-1.7604137423234008,0.9476364587788089,-1.7604137423234008,2.444278877067565,1.9031479038062455,-1.7604137423234008,-1.7604137423234008,-0.15097582988930114,-1.7604137423234008,-1.7604137423234008,3.85635735534317,-1.7604137423234008,5.090771185170341,-1.7604137423234008,-1.7604137423234008,3.1595671835047243,-1.7604137423234008
SRR7146663,1,Pos,PRJNA464410,Duck,Duck,FW,H,F,dabbling,Anasamericana,"SacramentoNationalWildlifeRefuge,GlennCounty",11.0,-0.6083102942540073,-0.6083102942540073,-0.6083102942540073,-0.6083102942540073,1.0011276181800923,1.7895849785443625,-0.6083102942540073,-0.6083102942540073,-0.6083102942540073,-0.6083102942540073,-0.6083102942540073,-0.6083102942540073,-0.6083102942540073,-0.6083102942540073,-0.6083102942540073,-0.6083102942540073,-0.6083102942540073,-0.6083102942540073,-0.6083102942540073,-0.6083102942540073,-0.6083102942540073,-0.6083102942540073,-0.6083102942540073,4.220003443048293,-0.6083102942540073,-0.6083102942540073,-0.6083102942540073,-0.6083102942540073,-0.6083102942540073,-0.6083102942540073,-0.6083102942540073,-0.6083102942540073,-0.6083102942540073,-0.6083102942540073,-0.6083102942540073,-0.6083102942540073,-0.6083102942540073,0.4903019944141018,2.0997399068482023,-0.6083102942540073,-0.6083102942540073,-0.6083102942540073,2.336128684912433,5.131482617925227,1.7895849785443625,-0.6083102942540073,1.0011276181800923,-0.6083102942540073,-0.6083102942540073,-0.6083102942540073,-0.6083102942540073,-0.6083102942540073,-0.6083102942540073,-0.6083102942540073,-0.6083102942540073,-0.6083102942540073,-0.6083102942540073,-0.6083102942540073,-0.6083102942540073,-0.6083102942540073,1.3375998548013053,-0.6083102942540073,-0.6083102942540073,1.3375998548013053,-0.6083102942540073,8.543022897142142,-0.6083102942540073,-0.6083102942540073,3.5963823251369584,-0.6083102942540073
SRR7146665,1,Pos,PRJNA464410,Duck,Duck,S,H,F,dabbling,Anasplatyrhynchos,"GrizzlyIslandWildlifeArea(GIWA),SolanoCounty",7.0,0.15557089453608697,-1.4538670178980126,0.15557089453608697,-1.4538670178980126,3.4661139079301124,-1.4538670178980126,-1.4538670178980126,-1.4538670178980126,-1.4538670178980126,6.883002619386943,-1.4538670178980126,0.15557089453608697,4.389677399133347,-1.4538670178980126,-1.4538670178980126,3.9885506926237806,-1.4538670178980126,-1.4538670178980126,3.5365655688807234,-1.4538670178980126,0.4920431311572999,-1.4538670178980126,-1.4538670178980126,5.0929183928625115,-1.4538670178980126,-1.4538670178980126,-1.4538670178980126,0.15557089453608697,1.7650088069701875,-1.4538670178980126,-1.4538670178980126,1.59065541982541,-1.4538670178980126,-1.4538670178980126,0.4920431311572999,3.012041100756571,-1.4538670178980126,-1.4538670178980126,-1.4538670178980126,-1.4538670178980126,-1.4538670178980126,-1.4538670178980126,-1.4538670178980126,2.8636210956382975,0.9440282549003571,-1.4538670178980126,1.913428812088461,-1.4538670178980126,-1.4538670178980126,5.682616190692235,-1.4538670178980126,2.720520251997624,-1.4538670178980126,0.15557089453608697,-1.4538670178980126,-1.4538670178980126,-1.4538670178980126,-1.4538670178980126,0.15557089453608697,4.961229941273583,-1.4538670178980126,6.161431321927802,-1.4538670178980126,1.59065541982541,-1.4538670178980126,-1.4538670178980126,-1.4538670178980126,1.4905719612684276,-1.4538670178980126,-1.4538670178980126
SRR7146666,0,Neg,PRJNA464410,Duck,Duck,S,H,F,dabbling,Anasplatyrhynchos,"GrizzlyIslandWildlifeArea(GIWA),SolanoCounty",7.0,-0.561320024686859,-0.561320024686859,-0.561320024686859,-0.561320024686859,-0.561320024686859,-0.561320024686859,-0.561320024686859,-0.561320024686859,-0.561320024686859,1.8365752481115107,-0.561320024686859,-0.561320024686859,3.2888275770231994,-0.561320024686859,-0.561320024686859,-0.561320024686859,-0.561320024686859,-0.561320024686859,-0.561320024686859,-0.561320024686859,1.0481178877472406,-0.561320024686859,8.596146857682255,-0.561320024686859,-0.561320024686859,-0.561320024686859,-0.561320024686859,-0.561320024686859,-0.561320024686859,-0.561320024686859,-0.561320024686859,-0.561320024686859,-0.561320024686859,-0.561320024686859,-0.561320024686859,-0.561320024686859,-0.561320024686859,-0.561320024686859,-0.561320024686859,-0.561320024686859,-0.561320024686859,-0.561320024686859,-0.561320024686859,4.329029103534895,-0.561320024686859,-0.561320024686859,-0.561320024686859,-0.561320024686859,-0.561320024686859,-0.561320024686859,-0.561320024686859,-0.561320024686859,4.21780346842467,-0.561320024686859,3.729139416461532,-0.561320024686859,-0.561320024686859,-0.561320024686859,-0.561320024686859,-0.561320024686859,-0.561320024686859,-0.561320024686859,-0.561320024686859,3.9495394818299907,-0.561320024686859,3.2453424650834606,-0.561320024686859,-0.561320024686859,-0.561320024686859,-0.561320024686859
SRR7146667,0,Neg,PRJNA464410,Duck,Duck,S,H,F,dabbling,Anasplatyrhynchos,"GrizzlyIslandWildlifeArea(GIWA),SolanoCounty",7.0,-1.6130686932694394,-1.6130686932694394,-1.6130686932694394,-1.6130686932694394,0.9518806641920969,-1.6130686932694394,-1.6130686932694394,2.050492952860207,4.846835761108095,1.6827681727348898,-1.6130686932694394,-1.6130686932694394,4.558631904141476,-1.6130686932694394,-1.6130686932694394,-1.6130686932694394,3.5630810393043895,-0.003630780835339742,-1.6130686932694394,1.9422793682199737,1.0949815078327703,-1.6130686932694394,5.96097631210276,3.078279188959704,-1.6130686932694394,-1.6130686932694394,3.6701350354685487,1.0949815078327703,-1.6130686932694394,-1.6130686932694394,-1.6130686932694394,2.5613185766261974,0.9518806641920969,-1.6130686932694394,-1.6130686932694394,-1.6130686932694394,-1.6130686932694394,-1.6130686932694394,-1.6130686932694394,-1.6130686932694394,-1.6130686932694394,-1.6130686932694394,-1.6130686932694394,3.492876780631141,-1.6130686932694394,-1.6130686932694394,1.331370285897001,-1.6130686932694394,-1.6130686932694394,-1.6130686932694394,-1.6130686932694394,-1.6130686932694394,4.623300896934264,2.1935937965008803,6.400274488117232,-1.6130686932694394,3.1660547998420894,2.8528394253851443,-1.6130686932694394,-1.6130686932694394,-1.6130686932694394,-1.6130686932694394,-1.6130686932694394,6.078131404253423,-1.6130686932694394,2.050492952860207,-1.6130686932694394,-1.6130686932694394,2.394264491963031,-1.6130686932694394
SRR7146668,0,Neg,PRJNA464410,Duck,Duck,S,H,M,dabbling,Anasplatyrhynchos,"GrizzlyIslandWildlifeArea(GIWA),SolanoCounty",7.0,-1.1740555337923162,-1.1740555337923162,-1.1740555337923162,-1.1740555337923162,-1.1740555337923162,-1.1740555337923162,-1.1740555337923162,2.936818330380995,5.604729363892861,3.570876594570934,-1.1740555337923162,-1.1740555337923162,4.294004607342815,-1.1740555337923162,-1.1740555337923162,-1.1740555337923162,5.698072567546669,-1.1740555337923162,-1.1740555337923162,3.6857568705693557,-1.1740555337923162,-1.1740555337923162,5.849703420946127,-1.1740555337923162,-1.1740555337923162,2.833277651440154,2.25993167069283,-1.1740555337923162,-1.1740555337923162,-1.1740555337923162,-1.1740555337923162,-1.1740555337923162,-1.1740555337923162,-1.1740555337923162,-1.1740555337923162,-1.1740555337923162,-1.1740555337923162,-1.1740555337923162,-1.1740555337923162,-1.1740555337923162,-1.1740555337923162,-1.1740555337923162,-1.1740555337923162,-1.1740555337923162,-1.1740555337923162,-1.1740555337923162,-1.1740555337923162,-1.1740555337923162,-1.1740555337923162,-1.1740555337923162,-1.1740555337923162,-1.1740555337923162,6.162230126228981,2.7962363797598053,2.833277651440154,-1.1740555337923162,5.1803145070050345,3.7312192446461134,-1.1740555337923162,-1.1740555337923162,-1.1740555337923162,-1.1740555337923162,-1.1740555337923162,7.136605372114908,-1.1740555337923162,-1.1740555337923162,-1.1740555337923162,-1.1740555337923162,-1.1740555337923162,-1.1740555337923162
SRR7146671,0,Neg,PRJNA464410,Duck,Duck,S,H,M,dabbling,Anasplatyrhynchos,"GrizzlyIslandWildlifeArea(GIWA),SolanoCounty",7.0,-1.6451331002700202,-1.6451331002700202,-1.6451331002700202,-1.6451331002700202,-1.6451331002700202,-1.6451331002700202,-1.6451331002700202,2.5595595191209455,4.992124931014436,4.120058002514824,-1.6451331002700202,-1.6451331002700202,4.88136175930077,-1.6451331002700202,-1.6451331002700202,-1.6451331002700202,5.417058532016535,-1.6451331002700202,-1.6451331002700202,2.397918167564529,1.7221627297164535,-1.6451331002700202,4.984230153167428,-1.6451331002700202,-1.6451331002700202,-1.6451331002700202,-1.6451331002700202,-1.6451331002700202,-1.6451331002700202,-1.6451331002700202,-1.6451331002700202,2.7975181562202955,1.8513744611964595,-1.6451331002700202,-1.6451331002700202,-1.6451331002700202,-1.6451331002700202,-1.6451331002700202,-1.6451331002700202,-1.6451331002700202,-1.6451331002700202,-1.6451331002700202,-1.6451331002700202,3.553363930995805,-1.6451331002700202,-1.6451331002700202,0.7527621725283495,-1.6451331002700202,-1.6451331002700202,2.7243147521970013,-1.6451331002700202,-1.6451331002700202,5.404989419999039,3.274847825558105,2.8435032694621194,-1.6451331002700202,3.6278664582937266,5.5940818735097855,-1.6451331002700202,-1.6451331002700202,-1.6451331002700202,3.167051255102397,-1.6451331002700202,6.16481398620677,-1.6451331002700202,2.7243147521970013,-1.6451331002700202,-1.6451331002700202,3.4111127050782875,-1.6451331002700202
SRR7146672,1,Pos,PRJNA464410,Duck,Duck,S,A,F,dabbling,Anasplatyrhynchos,"GrizzlyIslandWildlifeArea(GIWA),SolanoCounty",7.0,0.26754412478659173,0.8865833331928155,-1.6783660242687208,-1.6783660242687208,-1.6783660242687208,-1.6783660242687208,-1.6783660242687208,-1.6783660242687208,-1.6783660242687208,6.5699014231781785,5.579341652891322,-1.6783660242687208,4.5261917382999695,-1.6783660242687208,-1.6783660242687208,-1.6783660242687208,-1.6783660242687208,0.719529248529649,2.936754492572538,-1.6783660242687208,2.555740480328538,-1.6783660242687208,-1.6783660242687208,3.0665661040945293,-1.6783660242687208,-1.6783660242687208,2.4325078399045905,0.719529248529649,4.028744240480155,-1.6783660242687208,-1.6783660242687208,2.128296465501599,0.8865833331928155,-1.6783660242687208,-1.6783660242687208,1.4571281916604288,-1.6783660242687208,-1.6783660242687208,-1.6783660242687208,-1.6783660242687208,-1.6783660242687208,-1.6783660242687208,-1.6783660242687208,5.612608753874261,-1.6783660242687208,-1.6783660242687208,2.496021245626916,0.719529248529649,0.5188585530674983,2.3289671609637494,-1.6783660242687208,-1.6783660242687208,2.0352060424355862,-1.6783660242687208,-1.6783660242687208,-1.6783660242687208,-1.6783660242687208,-1.6783660242687208,-1.6783660242687208,4.450684185791824,-1.6783660242687208,5.2343767962244545,-1.6783660242687208,2.1717815774413376,-1.6783660242687208,-1.6783660242687208,3.0129818579604226,-1.6783660242687208,3.7980975276627893,1.0296841768334888
SRR7146674,1,Pos,PRJNA464410,Duck,Duck,FW,U,F,dabbling,Anascarolinensis,"GrizzlyIslandWildlifeArea(GIWA),SolanoCounty",10.0,2.7803938586597585,1.9919364982954884,3.7075346065579797,-1.2269393265727118,-1.2269393265727118,-1.2269393265727118,-1.2269393265727118,-1.2269393265727118,-1.2269393265727118,-1.2269393265727118,-1.2269393265727118,-1.2269393265727118,7.241693674228149,-1.2269393265727118,-1.2269393265727118,-1.2269393265727118,-1.2269393265727118,-1.2269393265727118,-1.2269393265727118,-1.2269393265727118,3.5352346082250445,-1.2269393265727118,-1.2269393265727118,-1.2269393265727118,3.0905487869635984,-1.2269393265727118,4.683857317467815,3.4644085556564317,2.269568234893768,-1.2269393265727118,-1.2269393265727118,5.663669793574455,-1.2269393265727118,-1.2269393265727118,-1.2269393265727118,-1.2269393265727118,-1.2269393265727118,-1.2269393265727118,-1.2269393265727118,-1.2269393265727118,-1.2269393265727118,-1.2269393265727118,-1.2269393265727118,5.073846468090531,-1.2269393265727118,-1.2269393265727118,6.463346694104056,-1.2269393265727118,-1.2269393265727118,2.7803938586597585,4.134352839136714,-1.2269393265727118,0.7189708224826008,-1.2269393265727118,1.908554889356438,-1.2269393265727118,-1.2269393265727118,-1.2269393265727118,-1.2269393265727118,-1.2269393265727118,-1.2269393265727118,-1.2269393265727118,-1.2269393265727118,2.383978586071512,-1.2269393265727118,-1.2269393265727118,-1.2269393265727118,-1.2269393265727118,1.908554889356438,-1.2269393265727118
SRR7146675,0,Neg,PRJNA464410,Duck,Duck,S,H,F,dabbling,Anasplatyrhynchos,"SuisunMarsh/Balboa,SolanoCounty",7.0,-0.8095559142195192,-0.8095559142195192,-0.8095559142195192,-0.8095559142195192,-0.8095559142195192,-0.8095559142195192,-0.8095559142195192,-0.8095559142195192,-0.8095559142195192,1.1363542348357933,3.1607359993326023,-0.8095559142195192,0.2890563744485899,-0.8095559142195192,-0.8095559142195192,-0.8095559142195192,-0.8095559142195192,-0.8095559142195192,-0.8095559142195192,-0.8095559142195192,-0.8095559142195192,-0.8095559142195192,1.3876686631167,5.9737692863844405,-0.8095559142195192,-0.8095559142195192,-0.8095559142195192,-0.8095559142195192,3.1607359993326023,-0.8095559142195192,-0.8095559142195192,-0.8095559142195192,-0.8095559142195192,-0.8095559142195192,-0.8095559142195192,-0.8095559142195192,-0.8095559142195192,-0.8095559142195192,-0.8095559142195192,-0.8095559142195192,-0.8095559142195192,-0.8095559142195192,2.8013619984247047,8.271472721276323,2.9971065755508004,-0.8095559142195192,1.3876686631167,1.1363542348357933,-0.8095559142195192,2.9516442014740427,1.1363542348357933,-0.8095559142195192,-0.8095559142195192,-0.8095559142195192,-0.8095559142195192,-0.8095559142195192,1.1363542348357933,-0.8095559142195192,-0.8095559142195192,0.7998819982145804,-0.8095559142195192,2.854005731910127,-0.8095559142195192,2.3259383017096305,-0.8095559142195192,-0.8095559142195192,-0.8095559142195192,-0.8095559142195192,-0.8095559142195192,-0.8095559142195192
SRR7146676,0,Neg,PRJNA464410,Duck,Duck,FW,U,M,filter,Anasclypeata,"SacramentoNationalWildlifeRefuge,GlennCounty",1.0,0.2843230811283366,-0.8142892075397725,-0.8142892075397725,-0.8142892075397725,-0.8142892075397725,-0.8142892075397725,-0.8142892075397725,-0.8142892075397725,-0.8142892075397725,-0.8142892075397725,-0.8142892075397725,-0.8142892075397725,3.964834285571756,-0.8142892075397725,-0.8142892075397725,-0.8142892075397725,-0.8142892075397725,0.2843230811283366,-0.8142892075397725,-0.8142892075397725,-0.8142892075397725,-0.8142892075397725,0.2843230811283366,4.216148713852663,-0.8142892075397725,-0.8142892075397725,0.7951487048943271,0.7951487048943271,-0.8142892075397725,4.448400981365113,-0.8142892075397725,0.7951487048943271,-0.8142892075397725,-0.8142892075397725,-0.8142892075397725,-0.8142892075397725,-0.8142892075397725,-0.8142892075397725,-0.8142892075397725,-0.8142892075397725,-0.8142892075397725,-0.8142892075397725,4.565608146000686,8.299870605962441,1.5836060652585973,-0.8142892075397725,4.202990629275152,-0.8142892075397725,-0.8142892075397725,-0.8142892075397725,0.2843230811283366,-0.8142892075397725,-0.8142892075397725,-0.8142892075397725,-0.8142892075397725,0.7951487048943271,-0.8142892075397725,-0.8142892075397725,-0.8142892075397725,0.2843230811283366,-0.8142892075397725,2.23023323018365,-0.8142892075397725,-0.8142892075397725,-0.8142892075397725,2.6196979969453738,-0.8142892075397725,-0.8142892075397725,0.7951487048943271,-0.8142892075397725
SRR7146677,0,Neg,PRJNA464410,Duck,Duck,FW,U,M,filter,Anasclypeata,"SacramentoNationalWildlifeRefuge,GlennCounty",1.0,1.5015505330706471,-2.053797528418766,0.5111518290427703,2.3650430793778314,4.586078305407769,2.8806764047119255,-2.053797528418766,-2.053797528418766,-2.053797528418766,-2.053797528418766,-2.053797528418766,-2.053797528418766,4.380748990368687,-2.053797528418766,-2.053797528418766,-2.053797528418766,-2.053797528418766,-2.053797528418766,-2.053797528418766,-2.053797528418766,2.3156503240482547,-2.053797528418766,-2.053797528418766,-2.053797528418766,1.4427100330477138,-2.053797528418766,2.38885372807155,1.3801896760663794,1.2420393375855623,0.34409774437960383,-2.053797528418766,2.7903895580398244,0.7794158156374493,-2.053797528418766,-2.053797528418766,-2.053797528418766,4.0620945970642675,4.773831706084085,4.412347195818853,2.1508950909721998,2.4788019647344894,3.6126291596936655,4.52406382930228,3.8624045341886686,-2.053797528418766,3.6599352770906024,1.9164943851333556,-2.053797528418766,-2.053797528418766,0.34409774437960383,-2.053797528418766,-2.053797528418766,-2.053797528418766,-2.053797528418766,2.457061978098084,5.440076358364792,-2.053797528418766,-2.053797528418766,3.711393574366078,-2.053797528418766,-2.053797528418766,-2.053797528418766,-2.053797528418766,-2.053797528418766,0.8906414507476734,-2.053797528418766,-2.053797528418766,-2.053797528418766,-2.053797528418766,4.946536931856464
SRR7146678,0,Neg,PRJNA464410,Duck,Duck,FW,U,M,filter,Anasclypeata,"SacramentoNationalWildlifeRefuge,GlennCounty",1.0,-0.7723969934814274,-0.7723969934814274,0.8370409189526722,-0.7723969934814274,2.891164652648219,-0.7723969934814274,-0.7723969934814274,-0.7723969934814274,-0.7723969934814274,-0.7723969934814274,-0.7723969934814274,-0.7723969934814274,2.5948988365050463,-0.7723969934814274,0.3262152951866817,-0.7723969934814274,-0.7723969934814274,-0.7723969934814274,-0.7723969934814274,-0.7723969934814274,0.8370409189526722,-0.7723969934814274,-0.7723969934814274,4.814851664918821,-0.7723969934814274,-0.7723969934814274,-0.7723969934814274,-0.7723969934814274,-0.7723969934814274,0.3262152951866817,-0.7723969934814274,1.1735131555738851,0.8370409189526722,-0.7723969934814274,-0.7723969934814274,-0.7723969934814274,-0.7723969934814274,0.3262152951866817,0.3262152951866817,-0.7723969934814274,-0.7723969934814274,-0.7723969934814274,2.7829510680079856,8.374044652644523,-0.7723969934814274,-0.7723969934814274,3.989776941316328,-0.7723969934814274,-0.7723969934814274,-0.7723969934814274,-0.7723969934814274,-0.7723969934814274,-0.7723969934814274,-0.7723969934814274,2.5948988365050463,-0.7723969934814274,-0.7723969934814274,-0.7723969934814274,-0.7723969934814274,-0.7723969934814274,-0.7723969934814274,-0.7723969934814274,-0.7723969934814274,-0.7723969934814274,-0.7723969934814274,1.6254982793169424,-0.7723969934814274,-0.7723969934814274,3.234936191751043,2.272125444241995
SRR7146679,0,Neg,PRJNA464410,Duck,Duck,FW,U,M,filter,Anasclypeata,"SacramentoNationalWildlifeRefuge,GlennCounty",1.0,1.447850094281347,-1.3853632497748691,-1.3853632497748691,-1.3853632497748691,4.922735191734661,-1.3853632497748691,-1.3853632497748691,-1.3853632497748691,-1.3853632497748691,4.633229964721365,-1.3853632497748691,-1.3853632497748691,3.9473555434904997,-1.3853632497748691,-1.3853632497748691,-1.3853632497748691,-1.3853632497748691,-1.3853632497748691,-1.3853632497748691,-1.3853632497748691,3.0805448688797146,-1.3853632497748691,-1.3853632497748691,5.120420810353359,-1.3853632497748691,-1.3853632497748691,0.81186132756135,1.1795861076866672,0.5605468992804434,-1.3853632497748691,-1.3853632497748691,3.645074671617566,2.048623954710277,-1.3853632497748691,1.3226869513273405,-1.3853632497748691,-1.3853632497748691,-1.3853632497748691,-1.3853632497748691,-1.3853632497748691,-1.3853632497748691,-1.3853632497748691,4.287960017396623,7.455216938713925,-1.3853632497748691,-1.3853632497748691,3.9759289159345554,-1.3853632497748691,-1.3853632497748691,3.1893477287285137,2.169984811714544,-1.3853632497748691,-1.3853632497748691,-1.3853632497748691,-1.3853632497748691,1.1795861076866672,-1.3853632497748691,-1.3853632497748691,-1.3853632497748691,3.0334773580217282,-1.3853632497748691,-1.3853632497748691,-1.3853632497748691,-1.3853632497748691,-1.3853632497748691,2.9840846026921524,-1.3853632497748691,-1.3853632497748691,2.375836865918693,3.1254962567419806
SRR7146680,1,Pos,PRJNA464410,Duck,Duck,S,H,F,dabbling,Anasplatyrhynchos,"GrizzlyIslandWildlifeArea(GIWA),SolanoCounty",7.0,-0.7423038069198569,-0.7423038069198569,-0.7423038069198569,-0.7423038069198569,-0.7423038069198569,-0.7423038069198569,-0.7423038069198569,-0.7423038069198569,-0.7423038069198569,-0.7423038069198569,-0.7423038069198569,-0.7423038069198569,2.6916833975652894,-0.7423038069198569,-0.7423038069198569,1.8226455505416794,-0.7423038069198569,-0.7423038069198569,-0.7423038069198569,-0.7423038069198569,-0.7423038069198569,-0.7423038069198569,-0.7423038069198569,4.9648064578290185,-0.7423038069198569,-0.7423038069198569,-0.7423038069198569,-0.7423038069198569,-0.7423038069198569,-0.7423038069198569,-0.7423038069198569,-0.7423038069198569,-0.7423038069198569,-0.7423038069198569,-0.7423038069198569,-0.7423038069198569,-0.7423038069198569,-0.7423038069198569,-0.7423038069198569,-0.7423038069198569,-0.7423038069198569,-0.7423038069198569,-0.7423038069198569,8.206022239353123,1.655591465878513,-0.7423038069198569,4.499443208139786,-0.7423038069198569,-0.7423038069198569,3.930525027542049,0.8671341055142427,-0.7423038069198569,-0.7423038069198569,-0.7423038069198569,-0.7423038069198569,-0.7423038069198569,1.2036063421354557,-0.7423038069198569,-0.7423038069198569,1.4549207704163623,-0.7423038069198569,-0.7423038069198569,5.445960316162733,-0.7423038069198569,-0.7423038069198569,6.311281920273819,-0.7423038069198569,-0.7423038069198569,-0.7423038069198569,-0.7423038069198569
SRR7146683,0,Neg,PRJNA464410,Duck,Duck,FW,U,M,dabbling,Anasacuta,"SacramentoNationalWildlifeRefuge,GlennCounty",1.0,-1.1187401995100341,-1.1187401995100341,-1.1187401995100341,0.4906977129240655,3.6770503460867063,1.4462091579515022,-1.1187401995100341,2.0167540164191156,-1.1187401995100341,0.4906977129240655,-1.1187401995100341,-1.1187401995100341,1.078484377826185,-1.1187401995100341,0.8271699495452784,-1.1187401995100341,-1.1187401995100341,-1.1187401995100341,1.078484377826185,-1.1187401995100341,-1.1187401995100341,-1.1187401995100341,1.714473144546182,-1.1187401995100341,-1.1187401995100341,-1.1187401995100341,-1.1187401995100341,-1.1187401995100341,1.078484377826185,-1.1187401995100341,-1.1187401995100341,1.078484377826185,-1.1187401995100341,-1.1187401995100341,-1.1187401995100341,-1.1187401995100341,-1.1187401995100341,-1.1187401995100341,1.2791550732883357,-1.1187401995100341,-1.1187401995100341,0.4906977129240655,-1.1187401995100341,7.990121003516294,-1.1187401995100341,-1.1187401995100341,4.430335885385185,-1.1187401995100341,1.078484377826185,3.3921193070068156,2.177096666494295,-1.1187401995100341,-1.1187401995100341,0.4906977129240655,-1.1187401995100341,-1.1187401995100341,-1.1187401995100341,-1.1187401995100341,-1.1187401995100341,-1.1187401995100341,-1.1187401995100341,-1.1187401995100341,4.332298254055666,1.4462091579515022,1.5893100015921755,2.49217771313419,-1.1187401995100341,1.4462091579515022,2.7314074022000243,-1.1187401995100341
SRR7146684,0,Neg,PRJNA464410,Duck,Duck,FW,U,M,dabbling,Anasacuta,"SacramentoNationalWildlifeRefuge,GlennCounty",1.0,-1.1163969901222135,-1.1163969901222135,-1.1163969901222135,-1.1163969901222135,-1.1163969901222135,1.5916532109799961,-1.1163969901222135,-1.1163969901222135,-1.1163969901222135,6.115613341542544,-1.1163969901222135,-1.1163969901222135,-1.1163969901222135,-1.1163969901222135,-1.1163969901222135,-1.1163969901222135,-1.1163969901222135,-1.1163969901222135,0.4930409223118861,-1.1163969901222135,-1.1163969901222135,-1.1163969901222135,-1.1163969901222135,3.3262542663681023,-1.1163969901222135,-1.1163969901222135,-1.1163969901222135,0.8295131589330991,-1.1163969901222135,-1.1163969901222135,-1.1163969901222135,-1.1163969901222135,-1.1163969901222135,-1.1163969901222135,-1.1163969901222135,0.4930409223118861,-1.1163969901222135,-1.1163969901222135,1.0808275872140056,-1.1163969901222135,-1.1163969901222135,-1.1163969901222135,-1.1163969901222135,6.590215923841983,-1.1163969901222135,-1.1163969901222135,7.310652651441058,-0.01778470145410438,0.4930409223118861,3.711916747180087,-1.1163969901222135,1.0808275872140056,-1.1163969901222135,-1.1163969901222135,-1.1163969901222135,-1.1163969901222135,-1.1163969901222135,-1.1163969901222135,-1.1163969901222135,1.5916532109799961,0.4930409223118861,3.9270281267970333,-1.1163969901222135,2.019097225806936,0.8295131589330991,-1.1163969901222135,5.931989418599668,2.7754233079884125,4.036894604375565,-1.1163969901222135
SRR7146685,0,Neg,PRJNA464410,Duck,Duck,FW,U,M,filter,Anasclypeata,"SacramentoNationalWildlifeRefuge,GlennCounty",1.0,-0.9961836402920632,-0.9961836402920632,-0.9961836402920632,-0.9961836402920632,3.5146758662247874,1.8370297037641539,-0.9961836402920632,-0.9961836402920632,-0.9961836402920632,2.5591644211973508,-0.9961836402920632,-0.9961836402920632,2.853963961417996,0.1024286483760477,-0.9961836402920632,-0.9961836402920632,-0.9961836402920632,-0.9961836402920632,-0.9961836402920632,-0.9961836402920632,0.1024286483760477,-0.9961836402920632,-0.9961836402920632,3.5989362098425275,-0.9961836402920632,-0.9961836402920632,0.9497265087632512,-0.9961836402920632,-0.9961836402920632,4.446234070229731,-0.9961836402920632,0.9497265087632512,0.1024286483760477,-0.9961836402920632,-0.9961836402920632,-0.9961836402920632,-0.9961836402920632,0.1024286483760477,-0.9961836402920632,-0.9961836402920632,-0.9961836402920632,-0.9961836402920632,2.0483387974313603,8.135870813285576,-0.9961836402920632,-0.9961836402920632,2.8956366578185637,-0.9961836402920632,-0.9961836402920632,-0.9961836402920632,-0.9961836402920632,-0.9961836402920632,-0.9961836402920632,-0.9961836402920632,-0.9961836402920632,-0.9961836402920632,-0.9961836402920632,-0.9961836402920632,0.9497265087632512,0.1024286483760477,-0.9961836402920632,1.2010409370441568,-0.9961836402920632,-0.9961836402920632,-0.9961836402920632,2.299653225712267,2.7650164754014996,1.4017116325063084,1.4017116325063084,2.5003239211744175
SRR7146686,1,Pos,PRJNA464410,Duck,Duck,S,H,F,dabbling,Anasplatyrhynchos,"GrizzlyIslandWildlifeArea(GIWA),SolanoCounty",8.0,-1.5778249855059903,-1.5778249855059903,-1.5778249855059903,-0.47921269683788115,1.7894708444804834,-1.5778249855059903,0.03161292692810935,-1.5778249855059903,-1.5778249855059903,6.103274016030369,-1.5778249855059903,-1.5778249855059903,2.6268676338849755,-1.5778249855059903,-1.5778249855059903,2.272322616204068,-1.5778249855059903,-1.5778249855059903,-1.5778249855059903,-1.5778249855059903,-1.5778249855059903,-1.5778249855059903,-1.5778249855059903,1.7894708444804834,-1.5778249855059903,-1.5778249855059903,0.6193995918302289,-1.5778249855059903,1.1302252155962194,-1.5778249855059903,-1.5778249855059903,0.3680851635493223,-1.5778249855059903,2.7126344556424007,-1.5778249855059903,0.6193995918302289,-1.5778249855059903,-1.5778249855059903,-1.5778249855059903,-1.5778249855059903,-1.5778249855059903,-1.5778249855059903,5.9115870980027285,6.170203538926385,-0.47921269683788115,-1.5778249855059903,4.395984626363271,-1.5778249855059903,-1.5778249855059903,4.464807848176391,2.1833751301875717,-1.5778249855059903,5.1326981239464375,-1.5778249855059903,-1.5778249855059903,2.954774507647265,2.9968859929973926,-1.5778249855059903,-1.5778249855059903,2.4997124583997286,-1.5778249855059903,-1.5778249855059903,5.1326981239464375,0.8200702872923795,-1.5778249855059903,-1.5778249855059903,-1.5778249855059903,-1.5778249855059903,4.840539950430221,2.816624169166448
SRR7146687,1,Pos,PRJNA464410,Duck,Duck,S,H,M,dabbling,Anasplatyrhynchos,"GrizzlyIslandWildlifeArea(GIWA),SolanoCounty",8.0,1.754612274727883,-1.6793749297572633,-1.6793749297572633,-1.6793749297572633,-1.6793749297572633,-1.6793749297572633,-1.6793749297572633,-1.6793749297572633,-1.6793749297572633,-1.6793749297572633,-1.6793749297572633,0.7185203430411073,5.163308352481159,-1.6793749297572633,-1.6793749297572633,1.5395008951109377,-1.6793749297572633,1.4561192861718864,2.170772671952795,-1.6793749297572633,1.6164619362470658,-1.6793749297572633,-1.6793749297572633,3.2406059960708617,1.265064049409177,-1.6793749297572633,1.8759731317321506,1.265064049409177,1.984186716372383,-1.6793749297572633,-1.6793749297572633,2.8092614399748763,-1.6793749297572633,-1.6793749297572633,4.681927547815732,-1.6793749297572633,-1.6793749297572633,-1.6793749297572633,-1.6793749297572633,-1.6793749297572633,-1.6793749297572633,1.0286752713449472,-1.6793749297572633,5.001479749032952,-1.6793749297572633,-1.6793749297572633,4.722542266969922,-1.6793749297572633,1.984186716372383,5.02626416510274,5.933950049783377,6.072960233545029,3.5936246288064835,-1.6793749297572633,-1.6793749297572633,-1.6793749297572633,1.4561192861718864,-1.6793749297572633,-1.6793749297572633,-1.6793749297572633,-1.6793749297572633,4.942030722006871,-1.6793749297572633,-1.6793749297572633,-1.6793749297572633,-1.6793749297572633,-1.6793749297572633,-1.6793749297572633,4.268660059423382,-1.6793749297572633
SRR7146688,0,Neg,PRJNA464410,Duck,Duck,S,H,M,dabbling,Anasplatyrhynchos,"SuisunMarsh/Balboa,SolanoCounty",7.0,-1.7042961180088474,-1.7042961180088474,-1.7042961180088474,-1.7042961180088474,1.7296910864762989,-1.7042961180088474,0.8606532394526889,-1.7042961180088474,1.2401428611575929,5.337115545785963,-1.7042961180088474,-1.7042961180088474,2.9108243988324114,-1.7042961180088474,-1.7042961180088474,3.4718536145649814,3.0230917007034925,2.5861633231395436,1.959265528120799,-1.7042961180088474,-1.7042961180088474,-1.7042961180088474,3.0052340833034865,1.2401428611575929,-1.7042961180088474,-1.7042961180088474,-1.7042961180088474,-1.7042961180088474,-0.09485820557474778,-1.7042961180088474,-1.7042961180088474,0.6935991547895224,-1.7042961180088474,-1.7042961180088474,0.6935991547895224,-1.7042961180088474,-1.7042961180088474,-1.7042961180088474,-1.7042961180088474,-1.7042961180088474,-1.7042961180088474,0.4929284593273717,-1.7042961180088474,6.37252991328996,-1.7042961180088474,-1.7042961180088474,1.6629997119776263,3.437367438493812,-1.7042961180088474,5.340608999120523,-1.7042961180088474,0.4929284593273717,4.103846371971596,-1.7042961180088474,-1.7042961180088474,-1.7042961180088474,1.8510519434805657,2.4700911518867894,-1.7042961180088474,5.169902377444447,-1.7042961180088474,5.493887459093095,-1.7042961180088474,4.91176906712397,-1.7042961180088474,-1.7042961180088474,-1.7042961180088474,-1.7042961180088474,2.828303375144408,-1.7042961180088474
SRR7146690,1,Pos,PRJNA464410,Duck,Duck,S,H,M,dabbling,Anasplatyrhynchos,"GrizzlyIslandWildlifeArea(GIWA),SolanoCounty",8.0,3.510972999761922,3.3214311949944806,1.5209380457976707,-1.4235009333687696,-1.4235009333687696,-1.4235009333687696,-1.4235009333687696,-1.4235009333687696,-1.4235009333687696,-1.4235009333687696,-1.4235009333687696,1.6210215043546539,6.526296282793083,-1.4235009333687696,5.739671457477873,2.81060557122849,-1.4235009333687696,-1.4235009333687696,0.5224092156865439,-1.4235009333687696,3.619924183550477,-1.4235009333687696,-1.4235009333687696,6.65394621596243,-1.4235009333687696,-1.4235009333687696,3.9836708380913493,1.4097124106874466,5.173644768517882,-1.4235009333687696,-1.4235009333687696,4.614369986553369,-1.4235009333687696,-1.4235009333687696,-1.4235009333687696,-1.4235009333687696,-1.4235009333687696,-1.4235009333687696,-1.4235009333687696,-1.4235009333687696,-1.4235009333687696,1.1414484240927676,2.187416979275455,4.609585288430032,-1.4235009333687696,-1.4235009333687696,2.073006628097711,-1.4235009333687696,-1.4235009333687696,-1.4235009333687696,-1.4235009333687696,-1.4235009333687696,1.6210215043546539,-1.4235009333687696,-1.4235009333687696,-1.4235009333687696,-1.4235009333687696,-1.4235009333687696,-1.4235009333687696,-1.4235009333687696,-1.4235009333687696,-1.4235009333687696,-1.4235009333687696,-1.4235009333687696,-1.4235009333687696,0.9743943394296011,-1.4235009333687696,-1.4235009333687696,2.073006628097711,2.6195503344657807
SRR7146691,1,Pos,PRJNA464410,Duck,Duck,S,H,M,dabbling,Anasplatyrhynchos,"GrizzlyIslandWildlifeArea(GIWA),SolanoCounty",8.0,-1.5131485251699868,-1.5131485251699868,0.4327616238853267,-1.5131485251699868,-1.5131485251699868,-1.5131485251699868,-1.5131485251699868,-1.5131485251699868,4.035927559725233,-1.5131485251699868,-1.5131485251699868,-1.5131485251699868,3.9881096853747406,-1.5131485251699868,-1.5131485251699868,2.097769387474238,2.5977253390033246,-1.5131485251699868,-1.5131485251699868,-1.5131485251699868,0.6840760521662332,-1.5131485251699868,-1.5131485251699868,2.9754878445621538,-1.5131485251699868,-1.5131485251699868,2.097769387474238,0.6840760521662332,-1.5131485251699868,-1.5131485251699868,-1.5131485251699868,1.4312904539964544,-0.4145362365018759,0.4327616238853267,1.4312904539964544,-1.5131485251699868,-1.5131485251699868,-1.5131485251699868,-1.5131485251699868,-1.5131485251699868,-1.5131485251699868,1.1949016759322237,-1.5131485251699868,7.3551239838278235,2.1504131209596595,1.0518008322915504,2.9056920826266115,-1.5131485251699868,-1.5131485251699868,4.888768671557199,1.5313739125534367,-1.5131485251699868,3.7598510333937605,-1.5131485251699868,0.8847467476283839,-1.5131485251699868,2.097769387474238,-1.5131485251699868,-1.5131485251699868,2.097769387474238,3.5682558398144764,4.294993964810457,-1.5131485251699868,4.8094167147572975,-1.5131485251699868,-1.5131485251699868,-1.5131485251699868,-1.5131485251699868,-1.5131485251699868,-1.5131485251699868
SRR7146692,0,Neg,PRJNA464410,Duck,Duck,S,H,F,dabbling,Anasplatyrhynchos,"GrizzlyIslandWildlifeArea(GIWA),SolanoCounty",8.0,-1.3251976772579503,-1.3251976772579503,-1.3251976772579503,-1.3251976772579503,-1.3251976772579503,-1.3251976772579503,-1.3251976772579503,-1.3251976772579503,5.09316725867826,0.6207124717973622,-1.3251976772579503,-1.3251976772579503,0.8720269000782688,-1.3251976772579503,-1.3251976772579503,-1.3251976772579503,3.069251477414488,-1.3251976772579503,0.6207124717973622,-1.3251976772579503,-1.3251976772579503,-1.3251976772579503,1.9706391887463788,5.81762972390367,-1.3251976772579503,-1.3251976772579503,-1.3251976772579503,-1.3251976772579503,0.28424023517614927,-1.3251976772579503,-1.3251976772579503,-1.3251976772579503,-1.3251976772579503,-1.3251976772579503,-0.22658538858984123,-1.3251976772579503,-1.3251976772579503,-1.3251976772579503,-1.3251976772579503,-1.3251976772579503,-1.3251976772579503,-1.3251976772579503,3.47059286833879,7.382450570848963,0.8720269000782688,-1.3251976772579503,3.4869866781144667,-1.3251976772579503,0.28424023517614927,-1.3251976772579503,-1.3251976772579503,-1.3251976772579503,3.1174535792323654,1.7193247604654722,-1.3251976772579503,-1.3251976772579503,2.4360024384356116,1.3828525238442593,-1.3251976772579503,1.0726975955404194,-1.3251976772579503,2.108789527227196,2.785676186915361,5.332813368612797,-1.3251976772579503,2.2857202353862736,-1.3251976772579503,-1.3251976772579503,5.099671346647437,-1.3251976772579503
SRR7146693,1,Pos,PRJNA464410,Duck,Duck,S,H,M,dabbling,Anasplatyrhynchos,"GrizzlyIslandWildlifeArea(GIWA),SolanoCounty",8.0,-2.0476625598719425,-0.9490502712038333,-0.10175241081662989,-2.0476625598719425,-0.43822464743784284,-2.0476625598719425,-0.10175241081662989,-2.0476625598719425,0.3502327129264273,2.714511374925813,-2.0476625598719425,0.14956201746427666,3.561809235313017,-2.0476625598719425,0.7855507841842737,1.0878316560572072,-2.0476625598719425,-2.0476625598719425,0.14956201746427666,-2.0476625598719425,-0.10175241081662989,4.323949287359914,-2.0476625598719425,4.638198387196416,0.14956201746427666,-2.0476625598719425,2.2427968812764485,0.7855507841842737,-0.9490502712038333,0.7855507841842737,-2.0476625598719425,1.802485041838116,-2.0476625598719425,5.386594822261193,-2.0476625598719425,-2.0476625598719425,-2.0476625598719425,-2.0476625598719425,-2.0476625598719425,-2.0476625598719425,-2.0476625598719425,-2.0476625598719425,1.922629353680179,6.223885814883571,1.1712132649962577,-0.43822464743784284,4.023075168130547,-2.0476625598719425,0.14956201746427666,0.5172867975895938,0.3502327129264273,1.4488450015945373,2.4631969466449073,-2.0476625598719425,0.7855507841842737,-2.0476625598719425,4.0137943590560745,-2.0476625598719425,-2.0476625598719425,1.3863246446132038,-0.9490502712038333,-2.0476625598719425,4.054896034741626,-2.0476625598719425,-2.0476625598719425,4.46110657709974,0.14956201746427666,-2.0476625598719425,2.5270484186314404,0.8967764192944978
SRR7146694,1,Pos,PRJNA464410,Duck,Duck,S,H,M,dabbling,Anasplatyrhynchos,"GrizzlyIslandWildlifeArea(GIWA),SolanoCounty",8.0,1.3016749536382832,-1.7428474840851402,2.1489728140254867,-1.7428474840851402,0.822101873376397,0.822101873376397,-1.7428474840851402,-1.7428474840851402,-1.7428474840851402,6.589220223204409,-1.7428474840851402,0.20306266497017322,4.682021539820248,-1.7428474840851402,-1.7428474840851402,2.651601670587299,-1.7428474840851402,-1.7428474840851402,3.375146328331615,-1.7428474840851402,1.691139720400007,-1.7428474840851402,-1.7428474840851402,3.326056718135092,-1.7428474840851402,-1.7428474840851402,0.822101873376397,-1.7428474840851402,1.3926467318440103,-1.7428474840851402,-0.13340957165103884,1.5529893819191898,-1.7428474840851402,-1.7428474840851402,2.227444429466982,-1.7428474840851402,-1.7428474840851402,-1.7428474840851402,-1.7428474840851402,-1.7428474840851402,-1.7428474840851402,-1.7428474840851402,-1.7428474840851402,3.002084644278111,1.5529893819191898,-1.7428474840851402,4.089034993198377,1.201591495081301,2.368026380088172,4.848826247923519,2.4618451353058264,-1.7428474840851402,0.822101873376397,-1.7428474840851402,0.822101873376397,1.201591495081301,-1.7428474840851402,-1.7428474840851402,-1.7428474840851402,2.9845403346272006,-1.7428474840851402,6.229963300036264,-1.7428474840851402,-1.7428474840851402,-1.7428474840851402,-1.7428474840851402,-1.7428474840851402,-1.7428474840851402,1.5529893819191898,3.101339602373452
SRR7146696,1,Pos,PRJNA464410,Duck,Duck,S,H,M,dabbling,Anasplatyrhynchos,"GrizzlyIslandWildlifeArea(GIWA),SolanoCounty",8.0,1.1969827639014854,-1.5110674372007251,-1.5110674372007251,-1.5110674372007251,-1.5110674372007251,-1.5110674372007251,-1.5110674372007251,-1.5110674372007251,-1.5110674372007251,-1.5110674372007251,-1.5110674372007251,-1.5110674372007251,4.338257342746134,-1.5110674372007251,2.7793920039476667,-1.5110674372007251,-1.5110674372007251,-1.5110674372007251,0.8868278355976464,-1.5110674372007251,1.1969827639014854,-1.5110674372007251,-1.5110674372007251,4.771199309695282,-0.4124551485326142,-1.5110674372007251,0.09837047523337539,0.6861571401354949,2.2501326784928377,-1.5110674372007251,-1.5110674372007251,0.6861571401354949,0.09837047523337539,-1.5110674372007251,1.8562283927857495,3.1984627641116097,-1.5110674372007251,-1.5110674372007251,0.43484271185458834,-1.5110674372007251,-1.5110674372007251,-1.5110674372007251,1.053881920260812,4.014385501931059,-1.5110674372007251,-1.5110674372007251,6.291550626241947,-1.5110674372007251,1.784769428803605,5.237692110290954,1.433371541965716,-1.5110674372007251,-1.5110674372007251,-1.5110674372007251,0.8868278355976464,-1.5110674372007251,-1.5110674372007251,-1.5110674372007251,-1.5110674372007251,3.741205990845905,-1.5110674372007251,-1.5110674372007251,5.970488264708791,-1.5110674372007251,-1.5110674372007251,-1.5110674372007251,-1.5110674372007251,6.483564874231101,3.9138825802806783,0.09837047523337539
SRR7146697,0,Neg,PRJNA464410,Duck,Duck,S,H,F,dabbling,Anasplatyrhynchos,"GrizzlyIslandWildlifeArea(GIWA),SolanoCounty",8.0,-2.1739062906571904,-2.1739062906571904,-2.1739062906571904,-2.1739062906571904,-2.1739062906571904,-2.1739062906571904,-2.1739062906571904,-0.22799614160187787,-2.1739062906571904,4.872740987191564,-0.5644683782230908,-2.1739062906571904,2.4608226975724454,-2.1739062906571904,-2.1739062906571904,-2.1739062906571904,1.936967573516121,1.869144977177359,-2.1739062906571904,-2.1739062906571904,0.39104306680434586,-1.0752940019890813,0.7705326885092498,4.346714836901505,-2.1739062906571904,-2.1739062906571904,0.023318286679028688,-2.1739062906571904,1.869144977177359,-2.1739062906571904,-2.1739062906571904,0.22398898214117935,-0.22799614160187787,1.936967573516121,-2.1739062906571904,0.22398898214117935,-2.1739062906571904,-2.1739062906571904,-2.1739062906571904,-2.1739062906571904,-2.1739062906571904,-0.22799614160187787,2.93203918324339,5.6360407958196,-2.1739062906571904,-2.1739062906571904,5.2412688189561045,-2.1739062906571904,-2.1739062906571904,-2.1739062906571904,0.39104306680434586,1.676241311052868,2.8165262961215456,-0.5644683782230908,3.7038294911224483,3.21516543915931,1.1219305753471387,1.1219305753471387,-2.1739062906571904,2.088773586384125,0.22398898214117935,3.0022434419166384,2.4608226975724454,3.5398265148521784,-2.1739062906571904,3.892201799446557,-2.1739062906571904,2.62188425493955,4.948153590971952,3.0678407244024517
SRR7146698,1,Pos,PRJNA464410,Duck,Duck,S,H,F,dabbling,Anasplatyrhynchos,"GrizzlyIslandWildlifeArea(GIWA),SolanoCounty",8.0,2.030881262979128,-1.5800366496650957,1.2531766943911196,-1.5800366496650957,-1.5800366496650957,-1.5800366496650957,-1.5800366496650957,-1.5800366496650957,-1.5800366496650957,2.497500794240623,-1.5800366496650957,-1.5800366496650957,4.952297642557253,-1.5800366496650957,-1.5800366496650957,1.6388391752031044,-1.5800366496650957,-1.5800366496650957,-1.5800366496650957,-1.5800366496650957,1.8539505548200497,1.7158002163392325,-1.5800366496650957,2.3517889830592296,0.8178586231332741,-1.5800366496650957,2.7104227914832943,-1.5800366496650957,0.36587349939021685,1.916470911801384,-1.5800366496650957,3.1294935516472373,-1.5800366496650957,-1.5800366496650957,2.497500794240623,1.9753114118243174,-1.5800366496650957,-1.5800366496650957,-1.5800366496650957,-1.5800366496650957,-1.5800366496650957,-1.5800366496650957,2.0835249964645497,6.057679782999702,-1.5800366496650957,-1.5800366496650957,5.494080166532266,-1.5800366496650957,-1.5800366496650957,-1.5800366496650957,1.787259180321377,-1.5800366496650957,4.25184582761842,-1.5800366496650957,0.36587349939021685,-1.5800366496650957,6.841306216094306,-1.5800366496650957,-1.5800366496650957,3.2157538959316447,-1.5800366496650957,3.488867552555135,-1.5800366496650957,-1.5800366496650957,-1.5800366496650957,-1.5800366496650957,-1.5800366496650957,0.36587349939021685,3.862381060856697,-1.5800366496650957
SRR7146699,1,Pos,PRJNA464410,Duck,Duck,S,H,F,dabbling,Anasplatyrhynchos,"GrizzlyIslandWildlifeArea(GIWA),SolanoCounty",8.0,-1.5011389992729613,-1.5011389992729613,0.4447711497823512,-1.5011389992729613,1.8661568307135123,-1.5011389992729613,-1.5011389992729613,-1.5011389992729613,-1.5011389992729613,4.39875835430953,-1.5011389992729613,-1.5011389992729613,3.708347153568459,-1.5011389992729613,-1.5011389992729613,3.1528213508845617,-1.5011389992729613,-1.5011389992729613,-1.5011389992729613,-1.5011389992729613,0.8967562735254084,-1.5011389992729613,-1.5011389992729613,5.630559511193949,-1.5011389992729613,-1.5011389992729613,2.2600611164206006,-1.5011389992729613,1.7946978667313678,-1.5011389992729613,-1.5011389992729613,1.3320743447832548,0.10829891316113827,-1.5011389992729613,1.8661568307135123,-1.5011389992729613,-1.5011389992729613,-1.5011389992729613,-1.5011389992729613,-1.5011389992729613,-1.5011389992729613,-1.5011389992729613,3.1528213508845617,6.320103084250596,1.7177368255952388,-1.5011389992729613,5.898259084058392,0.10829891316113827,-1.5011389992729613,5.484502818366247,2.893310155399477,-1.5011389992729613,1.3320743447832548,-1.5011389992729613,0.6960855780632578,-1.5011389992729613,2.7893204418754296,-1.5011389992729613,-1.5011389992729613,-1.5011389992729613,-1.5011389992729613,5.574669864705426,-1.5011389992729613,-1.5011389992729613,-1.5011389992729613,-1.5011389992729613,-1.5011389992729613,5.6257518096258465,-1.5011389992729613,-1.5011389992729613
SRR7146700,1,Pos,PRJNA464410,Duck,Duck,S,H,F,dabbling,Anasplatyrhynchos,"GrizzlyIslandWildlifeArea(GIWA),SolanoCounty",8.0,-1.4424999701401582,-1.4424999701401582,1.1224493873213781,-1.4424999701401582,-1.4424999701401582,-1.4424999701401582,-1.4424999701401582,-1.4424999701401582,-1.4424999701401582,6.938873498133544,-1.4424999701401582,-1.4424999701401582,2.7318872997554786,-1.4424999701401582,-1.4424999701401582,3.909358163335908,-1.4424999701401582,-1.4424999701401582,2.489325662584167,-1.4424999701401582,0.5034101789151544,0.5034101789151544,-1.4424999701401582,0.9553953026582116,-1.4424999701401582,-1.4424999701401582,-1.4424999701401582,-1.4424999701401582,2.564833215092312,-1.4424999701401582,-1.4424999701401582,1.501939009026282,-1.4424999701401582,-1.4424999701401582,2.874988143396152,-1.4424999701401582,-1.4424999701401582,-1.4424999701401582,-1.4424999701401582,-1.4424999701401582,-1.4424999701401582,-1.4424999701401582,3.0234081485144255,5.086918868122067,-1.4424999701401582,-1.4424999701401582,4.251232168662542,-1.4424999701401582,-1.4424999701401582,-1.4424999701401582,2.600551297694391,4.576093244356076,5.851197750461279,-1.4424999701401582,1.6929942457889915,-1.4424999701401582,4.774106130944706,-1.4424999701401582,-1.4424999701401582,3.4627748082982714,-1.4424999701401582,5.833364630406374,-1.4424999701401582,-1.4424999701401582,-1.4424999701401582,-1.4424999701401582,-1.4424999701401582,-1.4424999701401582,1.991487234344988,-1.4424999701401582
SRR7146701,1,Pos,PRJNA464410,Duck,Duck,S,H,F,dabbling,Anasplatyrhynchos,"SuisunMarsh/ArnoldRanch,SolanoCounty",7.0,1.4251507188609036,-1.5192882603055375,-1.5192882603055375,-1.5192882603055375,-1.5192882603055375,-1.5192882603055375,-1.5192882603055375,-1.5192882603055375,-1.5192882603055375,5.171554017113026,-1.5192882603055375,-1.5192882603055375,4.940616194071998,-1.5192882603055375,-1.5192882603055375,2.991571246211313,-1.5192882603055375,-1.5192882603055375,1.9146989441796096,-1.5192882603055375,-1.5192882603055375,2.8995523474910607,0.09014965212856385,2.969348109426603,-1.5192882603055375,-1.5192882603055375,2.451003653246585,-1.5192882603055375,5.8788858326649285,-0.42067597163742665,-1.5192882603055375,1.525234177417886,-1.5192882603055375,1.4251507188609036,-1.5192882603055375,0.4266218887497759,-1.5192882603055375,-1.5192882603055375,-1.5192882603055375,-1.5192882603055375,-1.5192882603055375,-1.5192882603055375,2.2419118553880253,5.752415446581831,2.1442733858241096,-1.5192882603055375,3.2080995584068033,-1.5192882603055375,-1.5192882603055375,-1.5192882603055375,-1.5192882603055375,4.39150838373499,5.284216997302801,-1.5192882603055375,-1.5192882603055375,1.9146989441796096,6.631756685379487,-1.5192882603055375,-1.5192882603055375,2.714818244291722,-1.5192882603055375,-1.5192882603055375,-1.5192882603055375,-1.5192882603055375,-1.5192882603055375,-1.5192882603055375,-1.5192882603055375,-1.5192882603055375,-1.5192882603055375,1.9146989441796096
SRR7146702,1,Pos,PRJNA464410,Duck,Duck,FW,U,F,filter,Anasclypeata,"GrizzlyIslandWildlifeArea(GIWA),SolanoCounty",10.0,-0.2858099209114595,-1.3844222095795686,-1.3844222095795686,-1.3844222095795686,5.242295539669456,-1.3844222095795686,-1.3844222095795686,-1.3844222095795686,-1.3844222095795686,5.069202789313122,-1.3844222095795686,1.1805271478819677,3.104214160152571,-1.3844222095795686,-1.3844222095795686,4.187731822598195,-1.3844222095795686,-1.3844222095795686,4.246789572241797,-1.3844222095795686,-1.3844222095795686,-0.2858099209114595,-1.3844222095795686,2.3291498571247384,-1.3844222095795686,-1.3844222095795686,0.22501570285453099,0.5614879394757439,2.1709258519098444,7.158633641362396,-1.3844222095795686,-0.2858099209114595,0.22501570285453099,-1.3844222095795686,-1.3844222095795686,-1.3844222095795686,-1.3844222095795686,-1.3844222095795686,-1.3844222095795686,-1.3844222095795686,-1.3844222095795686,-1.3844222095795686,1.9114146564247605,5.8092636088155425,-1.3844222095795686,1.1805271478819677,4.667666959344848,-1.3844222095795686,2.6586290582549807,4.934545904166866,-1.3844222095795686,-1.3844222095795686,-1.3844222095795686,-1.3844222095795686,0.5614879394757439,-1.3844222095795686,-1.3844222095795686,-1.3844222095795686,-1.3844222095795686,2.9060372315688223,-1.3844222095795686,4.2102891700222695,-1.3844222095795686,-1.3844222095795686,-1.3844222095795686,-1.3844222095795686,-1.3844222095795686,-1.3844222095795686,-1.3844222095795686,-1.3844222095795686
SRR7146703,1,Pos,PRJNA464410,Duck,Duck,FW,U,F,dabbling,Anasamericana,"GrizzlyIslandWildlifeArea(GIWA),SolanoCounty",10.0,-1.5641634164398521,-1.5641634164398521,-1.5641634164398521,-1.5641634164398521,6.457092763704145,3.634333614825973,-1.5641634164398521,-1.5641634164398521,-1.5641634164398521,-1.5641634164398521,1.731673449564477,-1.5641634164398521,4.706825015418447,-1.5641634164398521,1.654712408428348,-1.5641634164398521,-1.5641634164398521,-1.5641634164398521,-1.5641634164398521,-1.5641634164398521,1.3802755627265881,-1.5641634164398521,-1.5641634164398521,5.075712417386684,1.5713307994892975,-1.5641634164398521,1.8031324135466216,-1.5641634164398521,-1.5641634164398521,-1.5641634164398521,-1.5641634164398521,1.731673449564477,1.1438867846623575,-1.5641634164398521,-1.5641634164398521,-1.5641634164398521,4.640394346128838,4.62819907303502,3.8519369857645676,5.1822487121335215,0.38174673261546044,6.07836071779305,-1.5641634164398521,4.296622807026013,-1.5641634164398521,3.9532894800248553,4.62819907303502,-1.5641634164398521,-1.5641634164398521,-1.5641634164398521,2.5789713099516804,-1.5641634164398521,-1.5641634164398521,-1.5641634164398521,-1.5641634164398521,-1.5641634164398521,-1.5641634164398521,-1.5641634164398521,1.5713307994892975,-1.5641634164398521,-1.5641634164398521,-1.5641634164398521,-1.5641634164398521,-1.5641634164398521,-1.5641634164398521,-1.5641634164398521,0.8337318563585177,-1.5641634164398521,-1.5641634164398521,-1.5641634164398521
SRR7146704,1,Pos,PRJNA464410,Duck,Duck,FW,U,M,filter,Anasclypeata,"GrizzlyIslandWildlifeArea(GIWA),SolanoCounty",10.0,-1.4501066567939649,-1.4501066567939649,1.7687691680742361,-1.4501066567939649,-1.4501066567939649,-1.4501066567939649,0.9477886160044058,-1.4501066567939649,-1.4501066567939649,2.16081125585026,-1.4501066567939649,-1.4501066567939649,4.7862629334097395,-1.4501066567939649,4.059281679834013,5.262849543883105,-1.4501066567939649,-1.4501066567939649,0.15933125564013562,-1.4501066567939649,1.4943323223724763,-1.4501066567939649,-1.4501066567939649,3.3290168363175647,-0.351494368125854,-1.4501066567939649,2.5572265284385063,-1.4501066567939649,1.2579435443082456,-1.4501066567939649,-1.4501066567939649,2.5929446110405854,-1.4501066567939649,-1.4501066567939649,-1.4501066567939649,2.263465409910343,-1.4501066567939649,-1.4501066567939649,1.3831066872622513,-1.4501066567939649,-1.4501066567939649,-0.351494368125854,0.49580349226134857,7.236829309209368,0.9477886160044058,-1.4501066567939649,1.3831066872622513,-1.4501066567939649,-1.4501066567939649,-1.4501066567939649,-1.4501066567939649,1.7687691680742361,-1.4501066567939649,-1.4501066567939649,0.15933125564013562,0.9477886160044058,-1.4501066567939649,-1.4501066567939649,-1.4501066567939649,-1.4501066567939649,-1.4501066567939649,6.020117479106002,-1.4501066567939649,1.2579435443082456,-1.4501066567939649,-1.4501066567939649,-0.351494368125854,-0.351494368125854,3.726043075779865,2.8936987650597192
SRR7146705,1,Pos,PRJNA464410,Duck,Duck,FW,U,F,dabbling,Anascarolinensis,"GrizzlyIslandWildlifeArea(GIWA),SolanoCounty",10.0,1.0874576870567934,1.675244351958912,-0.5219802253773071,-0.5219802253773071,-0.5219802253773071,-0.5219802253773071,-0.5219802253773071,-0.5219802253773071,-0.5219802253773071,-0.5219802253773071,-0.5219802253773071,-0.5219802253773071,4.937605288766852,-0.5219802253773071,-0.5219802253773071,-0.5219802253773071,-0.5219802253773071,-0.5219802253773071,-0.5219802253773071,-0.5219802253773071,1.0874576870567934,-0.5219802253773071,-0.5219802253773071,4.131980124780216,-0.5219802253773071,-0.5219802253773071,1.4239299236780063,-0.5219802253773071,-0.5219802253773071,-0.5219802253773071,-0.5219802253773071,1.0874576870567934,-0.5219802253773071,-0.5219802253773071,-0.5219802253773071,-0.5219802253773071,-0.5219802253773071,-0.5219802253773071,-0.5219802253773071,-0.5219802253773071,-0.5219802253773071,-0.5219802253773071,5.080138595502394,8.621472201057244,-0.5219802253773071,-0.5219802253773071,1.0874576870567934,-0.5219802253773071,-0.5219802253773071,-0.5219802253773071,-0.5219802253773071,-0.5219802253773071,-0.5219802253773071,-0.5219802253773071,-0.5219802253773071,-0.5219802253773071,-0.5219802253773071,-0.5219802253773071,-0.5219802253773071,-0.5219802253773071,-0.5219802253773071,-0.5219802253773071,-0.5219802253773071,-0.5219802253773071,-0.5219802253773071,0.576632063290802,-0.5219802253773071,-0.5219802253773071,-0.5219802253773071,-0.5219802253773071
SRR7146707,1,Pos,PRJNA464410,Duck,Duck,S,A,M,dabbling,Anasplatyrhynchos,"GrizzlyIslandWildlifeArea(GIWA),SolanoCounty",7.0,-1.2030572814274425,-1.2030572814274425,-1.2030572814274425,-1.2030572814274425,6.027505871981849,4.605085208553001,-1.2030572814274425,-1.2030572814274425,-1.2030572814274425,-1.2030572814274425,2.0158185434407576,1.6301560626287737,5.137302022300309,-1.2030572814274425,-1.2030572814274425,-1.2030572814274425,-1.2030572814274425,-1.2030572814274425,-1.2030572814274425,-1.2030572814274425,-1.2030572814274425,3.902888192473138,7.177857891696167,-1.2030572814274425,-1.2030572814274425,-1.2030572814274425,1.7413816977389978,-1.2030572814274425,-1.2030572814274425,-1.2030572814274425,2.647090320282616,3.001635337963523,-1.2030572814274425,-1.2030572814274425,-1.2030572814274425,-1.2030572814274425,-1.2030572814274425,1.7413816977389978,-1.2030572814274425,-1.2030572814274425,-1.2030572814274425,-1.2030572814274425,-1.2030572814274425,2.5581428342661194,0.4063806310066571,-1.2030572814274425,-1.2030572814274425,-1.2030572814274425,-1.2030572814274425,-1.2030572814274425,-1.2030572814274425,4.247981172138258,1.9324369345017072,-1.2030572814274425,0.9941672959087766,2.6887630166831835,6.669016698439431,-1.2030572814274425,-1.2030572814274425,-1.2030572814274425,-1.2030572814274425,-1.2030572814274425,-1.2030572814274425,-1.2030572814274425,-1.2030572814274425,-1.2030572814274425,-1.2030572814274425,-1.2030572814274425,-1.2030572814274425,2.2309299230577038
SRR7146710,1,Pos,PRJNA464410,Duck,Duck,S,H,M,dabbling,Anasplatyrhynchos,"GrizzlyIslandWildlifeArea(GIWA),SolanoCounty",8.0,0.465745015328741,-1.4801651337265724,-1.4801651337265724,-1.4801651337265724,-1.4801651337265724,-1.4801651337265724,-0.3815528450584633,-1.4801651337265724,-1.4801651337265724,1.564357303996851,-1.4801651337265724,-1.4801651337265724,2.4116551643840545,-1.4801651337265724,2.8373229798097386,-1.4801651337265724,-1.4801651337265724,-1.4801651337265724,2.326497356043747,-1.4801651337265724,0.9177301390717982,-1.4801651337265724,-1.4801651337265724,4.985979590511047,-1.4801651337265724,-1.4801651337265724,0.465745015328741,-1.4801651337265724,1.0847842237349647,-1.4801651337265724,-1.4801651337265724,0.7170594436096467,-1.4801651337265724,-1.4801651337265724,2.8102943074218185,-1.4801651337265724,-1.4801651337265724,-1.4801651337265724,-1.4801651337265724,-1.4801651337265724,-1.4801651337265724,-1.4801651337265724,3.576080671621736,6.553493294159578,-1.4801651337265724,-1.4801651337265724,5.025618926401656,3.637828678690183,-1.4801651337265724,5.821657208411359,2.66296959266496,0.7170594436096467,1.7387106911416286,-1.4801651337265724,0.12927277870752807,-1.4801651337265724,-1.4801651337265724,-1.4801651337265724,-1.4801651337265724,4.309795037170681,-1.4801651337265724,-1.4801651337265724,6.492645650394832,-1.4801651337265724,-1.4801651337265724,-1.4801651337265724,-1.4801651337265724,-1.4801651337265724,2.326497356043747,3.4101839944951813
SRR7146711,0,Neg,PRJNA464410,Duck,Duck,S,H,F,dabbling,Anasplatyrhynchos,"GrizzlyIslandWildlifeArea(GIWA),SolanoCounty",7.0,-0.5055553362893015,-0.5055553362893015,-0.5055553362893015,-0.5055553362893015,6.713354371329759,-0.5055553362893015,5.742487538219127,-0.5055553362893015,-0.5055553362893015,-0.5055553362893015,-0.5055553362893015,-0.5055553362893015,-0.5055553362893015,-0.5055553362893015,-0.5055553362893015,-0.5055553362893015,-0.5055553362893015,-0.5055553362893015,-0.5055553362893015,-0.5055553362893015,-0.5055553362893015,-0.5055553362893015,8.458756611835213,-0.5055553362893015,-0.5055553362893015,-0.5055553362893015,-0.5055553362893015,-0.5055553362893015,-0.5055553362893015,-0.5055553362893015,-0.5055553362893015,-0.5055553362893015,-0.5055553362893015,-0.5055553362893015,-0.5055553362893015,-0.5055553362893015,-0.5055553362893015,-0.5055553362893015,-0.5055553362893015,-0.5055553362893015,-0.5055553362893015,-0.5055553362893015,-0.5055553362893015,4.129173651940334,-0.5055553362893015,-0.5055553362893015,-0.5055553362893015,-0.5055553362893015,-0.5055553362893015,-0.5055553362893015,-0.5055553362893015,-0.5055553362893015,-0.5055553362893015,-0.5055553362893015,-0.5055553362893015,-0.5055553362893015,4.681830469551453,-0.5055553362893015,-0.5055553362893015,-0.5055553362893015,-0.5055553362893015,-0.5055553362893015,-0.5055553362893015,2.629938879639848,-0.5055553362893015,-0.5055553362893015,-0.5055553362893015,-0.5055553362893015,-0.5055553362893015,-0.5055553362893015
SRR7146713,1,Pos,PRJNA464410,Duck,Duck,S,H,M,dabbling,Anasplatyrhynchos,"GrizzlyIslandWildlifeArea(GIWA),SolanoCounty",8.0,-1.2520159039385712,-1.2520159039385712,-1.2520159039385712,-1.2520159039385712,1.4560342971636384,-1.2520159039385712,-1.2520159039385712,-1.2520159039385712,-1.2520159039385712,6.242970330011961,-1.2520159039385712,-1.2520159039385712,3.492916224424679,-1.2520159039385712,-1.2520159039385712,2.639804394172055,-1.2520159039385712,-1.2520159039385712,1.692423075227869,-1.2520159039385712,-1.2520159039385712,-1.2520159039385712,1.1458793688597986,7.143461528793569,-1.2520159039385712,-1.2520159039385712,1.581197440117645,-1.2520159039385712,5.549267130533049,-1.2520159039385712,-1.2520159039385712,1.8834783119905785,-1.2520159039385712,-1.2520159039385712,-1.2520159039385712,-0.1534036152704621,-1.2520159039385712,-1.2520159039385712,-0.1534036152704621,-1.2520159039385712,-1.2520159039385712,-1.2520159039385712,-1.2520159039385712,5.984323438815772,-1.2520159039385712,-1.2520159039385712,4.164084498265849,-1.2520159039385712,-1.2520159039385712,3.1174319485284503,1.966859920929629,-1.2520159039385712,-1.2520159039385712,-1.2520159039385712,-1.2520159039385712,-1.2520159039385712,-1.2520159039385712,-1.2520159039385712,-1.2520159039385712,3.0384435372098197,-1.2520159039385712,5.139901209454031,-1.2520159039385712,-1.2520159039385712,-1.2520159039385712,-1.2520159039385712,-1.2520159039385712,4.070994075199836,2.5981316977714872,-1.2520159039385712
SRR7146714,0,Neg,PRJNA464410,Duck,Duck,FW,U,F,dabbling,Anasacuta,"ConawayRanch,YoloCounty",10.0,-1.5913138401923774,-1.5913138401923774,-1.5913138401923774,-1.5913138401923774,2.3405117925319487,2.451737427642173,-1.5913138401923774,-1.5913138401923774,2.8031353144800617,3.629041984885948,-1.5913138401923774,-1.5913138401923774,2.0196040724518474,-1.5913138401923774,0.018124072241723077,-1.5913138401923774,4.142027436705368,0.6059107371438426,-1.5913138401923774,-1.5913138401923774,-1.5913138401923774,-1.5913138401923774,4.246416606973563,2.778134012274644,-1.5913138401923774,-1.5913138401923774,0.354596308862936,-1.5913138401923774,-1.5913138401923774,-1.5913138401923774,3.550349716310283,1.2418995038638387,-1.5913138401923774,-1.5913138401923774,-1.5913138401923774,-1.5913138401923774,-1.5913138401923774,0.6059107371438426,-1.5913138401923774,-1.5913138401923774,-1.5913138401923774,-1.5913138401923774,1.5441803757367722,7.249266348296418,3.72189213884941,-1.5913138401923774,2.8745942784622063,-1.5913138401923774,-1.5913138401923774,-1.5913138401923774,-1.5913138401923774,-1.5913138401923774,3.988415985793845,2.0196040724518474,-1.5913138401923774,-1.5913138401923774,2.551820886199155,2.8745942784622063,-1.5913138401923774,-1.5913138401923774,-1.5913138401923774,-1.5913138401923774,0.018124072241723077,4.572000963842264,-1.5913138401923774,4.018157954992583,-1.5913138401923774,-1.5913138401923774,3.797757889624124,-1.5913138401923774
SRR7146716,0,Neg,PRJNA464410,Duck,Duck,FW,U,U,dabbling,Anascarolinensis,"ConawayRanch,YoloCounty",10.0,-0.30555873917992304,-0.30555873917992304,-1.4041710278480322,-1.4041710278480322,2.487649270262594,-1.4041710278480322,3.2305579603816037,-1.4041710278480322,1.814704797020168,3.408013327524385,-1.4041710278480322,0.20526688458606746,2.4024914619222875,-1.4041710278480322,-1.4041710278480322,-1.4041710278480322,2.7389636985435004,-1.4041710278480322,-1.4041710278480322,-1.4041710278480322,-1.4041710278480322,-1.4041710278480322,1.540267951318408,1.429042316208184,-1.4041710278480322,-1.4041710278480322,-1.4041710278480322,-1.4041710278480322,-1.4041710278480322,-1.4041710278480322,-1.4041710278480322,0.5417391212072804,-1.4041710278480322,-1.4041710278480322,-1.4041710278480322,-1.4041710278480322,-1.4041710278480322,-1.4041710278480322,-1.4041710278480322,-1.4041710278480322,-1.4041710278480322,-1.4041710278480322,4.129218460879487,7.217562342842129,0.793053549488187,-1.4041710278480322,3.0844653418841075,-1.4041710278480322,-1.4041710278480322,1.1607783296135041,-1.4041710278480322,-1.4041710278480322,3.014669579948565,0.9937242449503376,-1.4041710278480322,-1.4041710278480322,5.4925233037746795,1.1607783296135041,-1.4041710278480322,-1.4041710278480322,1.9631248021384415,1.3038791732541775,-1.4041710278480322,3.9285477654173366,-1.4041710278480322,2.029816176637114,-1.4041710278480322,-1.4041710278480322,6.323804514257526,-1.4041710278480322
SRR7146717,0,Neg,PRJNA464410,Duck,Duck,FW,U,F,dabbling,Anasacuta,"ConawayRanch,YoloCounty",10.0,-1.4645155454112766,-1.4645155454112766,-1.4645155454112766,-1.4645155454112766,1.8313213205930525,1.670978670517873,1.4799234337551646,-1.4645155454112766,1.5800068923121469,-1.4645155454112766,-1.4645155454112766,-1.4645155454112766,2.9299336092611625,-1.4645155454112766,0.48139460364403686,-1.4645155454112766,3.130604304723314,-1.4645155454112766,0.48139460364403686,-1.4645155454112766,-1.4645155454112766,-1.4645155454112766,3.484244344966892,3.8186881833267123,-1.4645155454112766,-1.4645155454112766,-1.4645155454112766,0.1449223670228239,-1.4645155454112766,-1.4645155454112766,-1.4645155454112766,-1.4645155454112766,0.9333797273870941,-1.4645155454112766,-1.4645155454112766,-1.4645155454112766,-1.4645155454112766,-1.4645155454112766,-1.4645155454112766,-1.4645155454112766,-1.4645155454112766,-1.4645155454112766,2.904932307055745,7.091321269597166,3.1894448047462474,-1.4645155454112766,2.97813571107904,-1.4645155454112766,-1.4645155454112766,0.9333797273870941,-1.4645155454112766,-1.4645155454112766,1.5800068923121469,1.3686977986449396,-1.4645155454112766,-1.4645155454112766,1.8313213205930525,2.74017707397969,-1.4645155454112766,-1.4645155454112766,0.9333797273870941,2.2490565212930314,-1.4645155454112766,3.995069968732883,-1.4645155454112766,6.616031420413222,-1.4645155454112766,-1.4645155454112766,4.060937393720508,-1.4645155454112766
SRR7146718,0,Neg,PRJNA464410,Duck,Duck,FW,U,F,dabbling,Anasacuta,"ConawayRanch,YoloCounty",10.0,-2.0721630990836797,-2.0721630990836797,-2.0721630990836797,-2.0721630990836797,5.14674660853538,2.3466775087129177,2.876596791294488,0.4927862583778566,3.169583915975962,1.6890370166098823,-2.0721630990836797,-2.0721630990836797,2.542957417757579,-2.0721630990836797,0.7610502449725356,-2.0721630990836797,2.971262017835566,-2.0721630990836797,-0.12625295002836712,-2.0721630990836797,-2.0721630990836797,1.5387548135605442,2.070971627307852,-2.0721630990836797,-2.0721630990836797,-2.0721630990836797,0.9723593386397429,-2.0721630990836797,0.3257321737146901,1.6890370166098823,2.9451167377312437,0.4927862583778566,-2.0721630990836797,-2.0721630990836797,-2.0721630990836797,-2.0721630990836797,-2.0721630990836797,-2.0721630990836797,-2.0721630990836797,-2.0721630990836797,-2.0721630990836797,-2.0721630990836797,2.756150638218621,5.110948602659601,1.063331116845469,-2.0721630990836797,4.751123023272006,0.4927862583778566,-2.0721630990836797,4.120199390391192,-2.0721630990836797,-2.0721630990836797,3.979926069840736,0.12506147825253855,1.2951327309027931,-2.0721630990836797,2.438696407433169,2.6373671022286533,-2.0721630990836797,0.3257321737146901,0.3257321737146901,-2.0721630990836797,-2.0721630990836797,5.2023164596901905,-2.0721630990836797,5.18695302901342,-2.0721630990836797,-2.0721630990836797,4.95337521555484,-2.0721630990836797
SRR7146719,0,Neg,PRJNA464410,Duck,Duck,FW,U,U,dabbling,Anascarolinensis,"ConawayRanch,YoloCounty",10.0,-0.4230884825662873,-2.6203130599025073,-2.6203130599025073,-2.6203130599025073,4.4639133621954095,3.412773161896295,4.431542563053387,0.7469827700839673,3.4411438590255106,0.9906048527417184,1.5540742099931304,-2.6203130599025073,2.8392724542416525,-2.6203130599025073,-2.6203130599025073,-2.6203130599025073,3.24615499703079,0.5151811560266433,-2.6203130599025073,0.5151811560266433,0.8761945015639734,-2.6203130599025073,2.555836672671323,1.8455950587520773,-2.6203130599025073,-2.6203130599025073,0.32412591926393386,0.8136741445826399,-2.6203130599025073,-2.6203130599025073,-2.6203130599025073,1.749134792564515,-2.6203130599025073,-2.6203130599025073,-2.6203130599025073,-2.6203130599025073,2.223874026556085,0.32412591926393386,2.7409791058069186,2.5444729140210076,0.21290028415370976,2.509585655020567,-2.6203130599025073,1.642366817138809,-2.6203130599025073,-2.6203130599025073,2.3701195268762296,-2.6203130599025073,0.9906048527417184,2.0144159283271295,-2.6203130599025073,-2.6203130599025073,3.5882769661941225,1.749134792564515,-0.674402910847193,-2.6203130599025073,2.208000677399794,2.0525157745593994,1.1863494298678132,-2.6203130599025073,2.8392724542416525,4.363476905355628,-2.6203130599025073,4.745499777306966,2.5781839713633192,1.2715072382081205,-2.6203130599025073,-2.6203130599025073,1.229834541807552,-2.6203130599025073
SRR7146720,0,Neg,PRJNA464410,Duck,Duck,FW,U,F,dabbling,Anascarolinensis,"ConawayRanch,YoloCounty",10.0,-0.3760057242377641,-1.9854436366718637,-0.03953348761655118,-1.9854436366718637,0.7226065644303459,0.41245163612650604,-1.9854436366718637,-0.3760057242377641,1.6254742759723602,-1.9854436366718637,-1.9854436366718637,-1.9854436366718637,3.2668297913747657,-1.9854436366718637,0.7226065644303459,-1.9854436366718637,2.842870100630437,-1.9854436366718637,-1.9854436366718637,-1.9854436366718637,1.2334321881963364,-1.9854436366718637,-1.9854436366718637,5.415176940699271,-1.9854436366718637,-1.9854436366718637,0.9589953424945765,1.0590788010515588,0.21178094066435538,-1.9854436366718637,0.8477697073843524,2.092093807233855,-1.9854436366718637,-1.9854436366718637,0.5795057207896726,-1.9854436366718637,-1.9854436366718637,1.511063924794616,-1.9854436366718637,1.511063924794616,-0.3760057242377641,-1.9854436366718637,2.72408656464047,4.023369548770731,0.7226065644303459,-0.8868313480037546,5.856442292312759,0.7226065644303459,1.38185219331461,3.680983051440568,0.41245163612650604,-1.9854436366718637,2.7594884916913864,-1.9854436366718637,-1.9854436366718637,-1.9854436366718637,1.150050579257286,-0.3760057242377641,-1.9854436366718637,0.41245163612650604,0.9589953424945765,3.4655948168938364,-1.9854436366718637,3.881024420261433,0.41245163612650604,6.1901039593491625,-1.9854436366718637,-1.9854436366718637,0.21178094066435538,-1.9854436366718637
SRR7146721,0,Neg,PRJNA464410,Duck,Duck,FW,U,F,dabbling,Anascarolinensis,"ConawayRanch,YoloCounty",10.0,-1.6708044344687787,0.2751057145865339,-1.6708044344687787,-1.6708044344687787,1.8845436270206344,-1.6708044344687787,-0.06136652203467907,-1.6708044344687787,4.901478108225229,5.360053041647341,-1.6708044344687787,-1.6708044344687787,2.56330207012848,-1.6708044344687787,-1.6708044344687787,-0.5721921458006696,4.4406629050339,-1.6708044344687787,-1.6708044344687787,-1.6708044344687787,-1.6708044344687787,-1.6708044344687787,2.795103684185805,2.1793431672412797,-1.6708044344687787,-1.6708044344687787,0.8941449229927576,-1.6708044344687787,-1.6708044344687787,-1.6708044344687787,-1.6708044344687787,0.5264201428674404,-1.6708044344687787,-1.6708044344687787,-1.6708044344687787,-1.6708044344687787,-1.6708044344687787,-1.6708044344687787,-1.6708044344687787,-1.6708044344687787,-1.6708044344687787,-1.6708044344687787,3.219544693752975,4.016170921871041,-1.6708044344687787,-1.6708044344687787,4.8289826061870755,2.3722468333657707,-1.6708044344687787,-0.06136652203467907,-1.6708044344687787,-1.6708044344687787,5.105702557903404,2.6196550066796123,2.0427676322355284,-1.6708044344687787,1.464689781460371,3.9886777812908423,-1.6708044344687787,0.5264201428674404,-1.6708044344687787,3.6424015445730085,-1.6708044344687787,6.709652233373988,-1.6708044344687787,4.297903125516587,-1.6708044344687787,-1.6708044344687787,1.8845436270206344,-1.6708044344687787
SRR7146723,0,Neg,PRJNA464410,Duck,Duck,FW,U,U,dabbling,Anascarolinensis,"ConawayRanch,YoloCounty",10.0,1.7339439215799448,-1.5618929444243834,0.8360023283739864,-1.5618929444243834,-1.5618929444243834,-1.5618929444243834,-1.5618929444243834,2.0490249682198405,4.359685475219432,2.7285664967240066,-1.5618929444243834,-1.5618929444243834,6.334287664191107,-1.5618929444243834,-1.5618929444243834,-1.5618929444243834,4.8233014545733415,-1.5618929444243834,-1.5618929444243834,-1.5618929444243834,4.618123709228188,-1.5618929444243834,4.375643260658043,-1.5618929444243834,1.1461572566778262,-1.5618929444243834,3.939365266120343,2.2447695453459353,-1.5618929444243834,-1.5618929444243834,-1.5618929444243834,4.456700270071851,2.445440240808087,-1.5618929444243834,-1.5618929444243834,-1.5618929444243834,-1.5618929444243834,-1.5618929444243834,-1.5618929444243834,-1.5618929444243834,-1.5618929444243834,-1.5618929444243834,-1.5618929444243834,-1.5618929444243834,-1.5618929444243834,-1.5618929444243834,-1.5618929444243834,-1.5618929444243834,-1.5618929444243834,-1.5618929444243834,0.8360023283739864,-1.5618929444243834,5.31230555102891,3.200280990373372,3.6366040868414418,-1.5618929444243834,3.8452788270357345,4.145217320324491,-1.5618929444243834,-1.5618929444243834,-1.5618929444243834,-1.5618929444243834,-1.5618929444243834,6.330559099095969,-1.5618929444243834,1.5736012715047654,-1.5618929444243834,-1.5618929444243834,-1.5618929444243834,-1.5618929444243834
SRR7146724,0,Neg,PRJNA464410,Duck,Duck,FW,U,U,dabbling,Anascarolinensis,"ConawayRanch,YoloCounty",10.0,-1.6702405280349977,-0.5716282393668886,-1.6702405280349977,-1.6702405280349977,-0.06080261560089806,-1.6702405280349977,-1.6702405280349977,-1.6702405280349977,-0.5716282393668886,2.883636363565543,-1.6702405280349977,-1.6702405280349977,2.7486000797615997,-1.6702405280349977,1.5486352968332024,-1.6702405280349977,1.374281909688425,-0.5716282393668886,-1.6702405280349977,-1.6702405280349977,1.1629728160212185,0.7276547447633721,1.037809673067212,2.944879988806261,-1.6702405280349977,-1.6702405280349977,1.697055301951476,-1.6702405280349977,-1.6702405280349977,-1.6702405280349977,-1.6702405280349977,1.465253687894152,-1.6702405280349977,-1.6702405280349977,2.0433315386693094,0.5269840493012214,-1.6702405280349977,-1.6702405280349977,-0.5716282393668886,-1.6702405280349977,-1.6702405280349977,-1.6702405280349977,3.3337057779104615,5.283443682835539,-1.6702405280349977,-1.6702405280349977,5.244490364683564,0.5269840493012214,1.2741984511314426,4.714953870962727,3.3201920587437384,-1.6702405280349977,2.699207324432024,0.7276547447633721,-1.6702405280349977,-1.6702405280349977,-1.6702405280349977,-0.5716282393668886,-1.6702405280349977,0.5269840493012214,-1.6702405280349977,5.14649535255997,-1.6702405280349977,3.108882965076531,-1.6702405280349977,6.9211320615554905,-1.6702405280349977,2.300051385517124,-0.5716282393668886,-1.6702405280349977
SRR7146725,0,Neg,PRJNA464410,Duck,Duck,S,A,F,dabbling,Anasplatyrhynchos,"SuisunMarsh/Balboa,SolanoCounty",7.0,-1.185790175829581,-1.185790175829581,-1.185790175829581,-1.185790175829581,-1.185790175829581,-1.185790175829581,-1.185790175829581,-1.185790175829581,4.212372525688171,2.8572610920049684,2.7460354568947443,-1.185790175829581,0.4236477366045186,-1.185790175829581,-1.185790175829581,-1.185790175829581,2.425127736814643,-1.185790175829581,-1.185790175829581,-1.185790175829581,-1.185790175829581,-1.185790175829581,-1.185790175829581,-1.185790175829581,-1.185790175829581,-1.185790175829581,0.4236477366045186,-1.185790175829581,3.3028461939025586,-1.185790175829581,-1.185790175829581,-1.185790175829581,-1.185790175829581,-1.185790175829581,-1.185790175829581,-1.185790175829581,-1.185790175829581,-1.185790175829581,-1.185790175829581,-1.185790175829581,-1.185790175829581,-1.185790175829581,2.575409939863981,7.879640024350793,-1.185790175829581,-1.185790175829581,2.988597094066056,-1.185790175829581,-1.185790175829581,2.110046690174748,-1.185790175829581,-1.185790175829581,2.369557885659832,1.6474231682266351,-1.185790175829581,-1.185790175829581,1.6474231682266351,-1.185790175829581,-1.185790175829581,1.3791591816319553,-1.185790175829581,2.1815056541568927,-1.185790175829581,4.84729604596922,-1.185790175829581,3.6100003697671594,3.2086589788428572,1.2121050969687888,1.011434401506638,1.8587322618938416
SRR7146726,0,Neg,PRJNA464410,Duck,Duck,S,H,M,dabbling,Anasplatyrhynchos,"SuisunMarsh/Balboa,SolanoCounty",7.0,-1.6154342210785506,-1.6154342210785506,-1.6154342210785506,-1.6154342210785506,5.040006129289097,-1.6154342210785506,-1.6154342210785506,-1.6154342210785506,1.6034416037896504,0.9495151363829857,5.299296671640011,-1.6154342210785506,2.462103222827169,-1.6154342210785506,-1.6154342210785506,2.0481274250510957,1.8810733403879292,-1.6154342210785506,1.751861608907923,-1.6154342210785506,-1.6154342210785506,-1.6154342210785506,1.429088216644872,7.047935080495288,-1.6154342210785506,-1.6154342210785506,-1.6154342210785506,-1.6154342210785506,0.33047592797676284,1.6034416037896504,-1.6154342210785506,0.33047592797676284,-1.6154342210785506,-1.6154342210785506,-1.6154342210785506,-1.6154342210785506,-1.6154342210785506,-1.6154342210785506,2.0981378456257573,-1.6154342210785506,-1.6154342210785506,1.751861608907923,2.850473897576033,4.597171874672968,2.234713380631508,0.5817903562576685,-1.6154342210785506,-1.6154342210785506,-1.6154342210785506,4.487124373535018,-1.6154342210785506,-1.6154342210785506,2.3918989641539206,0.5817903562576685,-1.6154342210785506,-1.6154342210785506,-1.6154342210785506,0.78246105171982,0.5817903562576685,-1.6154342210785506,3.933641863816669,-1.6154342210785506,-1.6154342210785506,2.754013631388471,1.751861608907923,-1.6154342210785506,-1.6154342210785506,-1.6154342210785506,4.69266422043098,-1.6154342210785506
SRR7146727,1,Pos,PRJNA464410,Duck,Duck,FW,U,M,dabbling,Anasplatyrhynchos,"ConawayRanch,YoloCounty",12.0,-1.4330352950955936,-1.4330352950955936,-1.4330352950955936,-1.4330352950955936,3.720256299402185,1.275014906006616,1.702458920833556,2.1778826175486303,1.1319140623659427,4.493890730874817,-1.4330352950955936,-1.4330352950955936,2.8574241460527974,-1.4330352950955936,-1.4330352950955936,-1.4330352950955936,-1.4330352950955936,-1.4330352950955936,-1.4330352950955936,-1.4330352950955936,-1.4330352950955936,-1.4330352950955936,2.7413519748000432,4.035024846039537,-0.33442300642748446,1.275014906006616,0.7641892822406255,-1.4330352950955936,-1.4330352950955936,-1.4330352950955936,-1.4330352950955936,-1.4330352950955936,-1.4330352950955936,-1.4330352950955936,-1.4330352950955936,-1.4330352950955936,-1.4330352950955936,-1.4330352950955936,-1.4330352950955936,-1.4330352950955936,-1.4330352950955936,1.275014906006616,2.417112306614465,7.153497374399256,-1.4330352950955936,-1.4330352950955936,2.4587850030150324,-1.4330352950955936,-1.4330352950955936,0.9648599777027762,-1.4330352950955936,-1.4330352950955936,1.275014906006616,0.512874853959719,0.7641892822406255,-1.4330352950955936,0.512874853959719,-1.4330352950955936,0.512874853959719,0.9648599777027762,-0.33442300642748446,-1.4330352950955936,-0.33442300642748446,2.4987903376287317,1.275014906006616,6.677992543098085,2.373627194674726,0.512874853959719,-1.4330352950955936,-1.4330352950955936
SRR7146728,1,Pos,PRJNA464410,Duck,Duck,S,H,F,dabbling,Anasplatyrhynchos,"SuisunMarsh/Sunrise,SolanoCounty",7.0,-1.2730910736076844,0.9241335037285348,-1.2730910736076844,-1.2730910736076844,3.9254059576581413,-1.2730910736076844,1.1248041991906863,0.33634683882641614,1.9457847512605166,5.125503860927523,-1.2730910736076844,1.2918582838538528,3.9791823544389455,-1.2730910736076844,-1.2730910736076844,2.577056528102374,-1.2730910736076844,-1.2730910736076844,1.5601222704485318,-1.2730910736076844,1.1248041991906863,-1.2730910736076844,0.33634683882641614,-1.2730910736076844,-1.2730910736076844,-1.2730910736076844,2.2822569878817296,-1.2730910736076844,1.1248041991906863,-1.2730910736076844,1.4349591274945261,2.0227457923966448,-1.2730910736076844,-1.2730910736076844,-1.2730910736076844,-1.2730910736076844,-1.2730910736076844,-1.2730910736076844,-1.2730910736076844,1.2918582838538528,0.33634683882641614,1.9457847512605166,-1.2730910736076844,6.232951104910438,-1.2730910736076844,-1.2730910736076844,4.260298415119836,-1.2730910736076844,-1.2730910736076844,-1.2730910736076844,-1.2730910736076844,1.5601222704485318,-1.2730910736076844,0.33634683882641614,-1.2730910736076844,-1.2730910736076844,-1.2730910736076844,-1.2730910736076844,-1.2730910736076844,3.237768432909166,-1.2730910736076844,3.675668816770484,-1.2730910736076844,2.0227457923966448,-1.2730910736076844,-1.2730910736076844,-1.2730910736076844,-1.2730910736076844,-1.2730910736076844,-1.2730910736076844
SRR7146729,1,Pos,PRJNA464410,Duck,Duck,S,H,F,dabbling,Anasplatyrhynchos,"SuisunMarsh/ArnoldRanch,SolanoCounty",7.0,-1.1993362017436358,-1.1993362017436358,0.9978883755925843,-1.1993362017436358,0.9978883755925843,-1.1993362017436358,0.9978883755925843,-1.1993362017436358,-1.1993362017436358,7.415528016846048,-1.1993362017436358,-1.1993362017436358,3.791096385035101,-1.1993362017436358,-1.1993362017436358,-1.1993362017436358,-1.1993362017436358,-1.1993362017436358,2.6073262880266848,-1.1993362017436358,-1.1993362017436358,-0.10072391307552486,-1.1993362017436358,1.3656131557179014,0.7465739473116777,-1.1993362017436358,1.7451027774228054,-1.1993362017436358,2.0965006642606934,0.9978883755925843,-1.1993362017436358,2.167959628242839,-1.1993362017436358,-1.1993362017436358,-1.1993362017436358,-1.1993362017436358,-1.1993362017436358,-1.1993362017436358,-1.1993362017436358,-1.1993362017436358,-1.1993362017436358,-1.1993362017436358,1.5087139993585748,3.034770302853624,-1.1993362017436358,-1.1993362017436358,6.805363308805914,-1.1993362017436358,-1.1993362017436358,4.602782173633427,-1.1993362017436358,-1.1993362017436358,1.5087139993585748,-1.1993362017436358,0.41010171069046475,-1.1993362017436358,2.4642254443860114,-1.1993362017436358,-1.1993362017436358,3.266571916910948,-1.1993362017436358,-1.1993362017436358,-1.1993362017436358,-1.1993362017436358,-1.1993362017436358,1.7451027774228054,-1.1993362017436358,-1.1993362017436358,5.195925396371814,-1.1993362017436358
SRR7146730,1,Pos,PRJNA464410,Duck,Duck,FW,H,M,filter,Anasclypeata,"SacramentoNationalWildlifeRefuge,GlennCounty",10.0,-1.2186156776126174,-1.2186156776126174,-1.2186156776126174,-0.12000338894450646,5.452150643233257,-1.2186156776126174,2.215371526872529,-1.2186156776126174,-1.2186156776126174,-1.2186156776126174,-1.2186156776126174,-1.2186156776126174,-1.2186156776126174,-1.2186156776126174,-1.2186156776126174,-1.2186156776126174,-1.2186156776126174,-1.2186156776126174,-1.2186156776126174,-1.2186156776126174,-1.2186156776126174,-1.2186156776126174,1.1792795951857533,1.825906760110806,-1.2186156776126174,-1.2186156776126174,-1.2186156776126174,-1.2186156776126174,-1.2186156776126174,-1.2186156776126174,1.6145976664435988,-1.2186156776126174,-1.2186156776126174,-1.2186156776126174,-1.2186156776126174,-1.2186156776126174,2.6732046204980096,-1.2186156776126174,2.5880468121577023,-1.2186156776126174,1.9168785383165323,7.131105159859872,-1.2186156776126174,3.5935686777598006,-1.2186156776126174,2.1486801523738572,5.364793544546147,-1.2186156776126174,-1.2186156776126174,-1.2186156776126174,-1.2186156776126174,-1.2186156776126174,-1.2186156776126174,-1.2186156776126174,-1.2186156776126174,-1.2186156776126174,-1.2186156776126174,-1.2186156776126174,2.9557715922830203,0.7272944714426961,5.571481557901288,-1.2186156776126174,1.9168785383165323,0.9786088997236027,1.6145976664435988,6.749357502050318,-1.2186156776126174,-1.2186156776126174,1.6145976664435988,-1.2186156776126174
SRR7146731,1,Pos,PRJNA464410,Duck,Duck,S,H,M,dabbling,Anasplatyrhynchos,"SuisunMarsh/Sunrise,SolanoCounty",7.0,-0.8639079244793599,0.23470436418874918,-0.8639079244793599,-0.8639079244793599,-0.8639079244793599,-0.8639079244793599,-0.8639079244793599,-0.8639079244793599,-0.8639079244793599,5.3724616657243445,-0.8639079244793599,-0.8639079244793599,3.5549326833172383,-0.8639079244793599,-0.8639079244793599,2.431928941524969,-0.8639079244793599,-0.8639079244793599,-0.8639079244793599,-0.8639079244793599,1.0820022245759535,-0.8639079244793599,3.689968967121181,4.409091634084387,-0.8639079244793599,-0.8639079244793599,1.3333166528568592,-0.8639079244793599,-0.8639079244793599,-0.8639079244793599,-0.8639079244793599,1.8441422766228506,-0.8639079244793599,-0.8639079244793599,-0.8639079244793599,-0.8639079244793599,-0.8639079244793599,-0.8639079244793599,-0.8639079244793599,-0.8639079244793599,-0.8639079244793599,-0.8639079244793599,4.73080345512248,8.189661671546874,2.2715862914497897,-0.8639079244793599,4.345578228362061,-0.8639079244793599,-0.8639079244793599,-0.8639079244793599,-0.8639079244793599,-0.8639079244793599,-0.8639079244793599,-0.8639079244793599,-0.8639079244793599,-0.8639079244793599,-0.8639079244793599,-0.8639079244793599,-0.8639079244793599,2.691440137010054,-0.8639079244793599,-0.8639079244793599,-0.8639079244793599,-0.8639079244793599,-0.8639079244793599,1.3333166528568592,-0.8639079244793599,-0.8639079244793599,-0.8639079244793599,-0.8639079244793599
SRR7146732,1,Pos,PRJNA464410,Duck,Duck,S,H,M,dabbling,Anasplatyrhynchos,"SuisunMarsh/ArnoldRanch,SolanoCounty",7.0,-1.835059719742346,0.5628355530560256,-1.835059719742346,-1.835059719742346,1.8285019263873012,-1.835059719742346,0.5628355530560256,-1.835059719742346,1.878512346961962,1.1093792594240952,-1.835059719742346,-1.835059719742346,4.443461704423499,-1.835059719742346,3.52623244596708,2.7800607970989137,2.7396512587610378,-1.835059719742346,-1.835059719742346,-1.835059719742346,1.6614478417241347,-1.835059719742346,1.720288341747068,3.3410900128314838,-1.835059719742346,-1.835059719742346,2.6975397734109103,-1.835059719742346,4.123364973287437,2.6075915367479707,-1.835059719742346,-1.835059719742346,-0.22562180730824544,-1.835059719742346,-1.835059719742346,0.5628355530560256,-1.835059719742346,-1.835059719742346,-1.835059719742346,-1.835059719742346,-1.835059719742346,3.3960488971122413,5.317209136290193,5.379444694408798,-1.835059719742346,-1.835059719742346,3.406687295317297,-1.835059719742346,-1.835059719742346,-1.835059719742346,-1.835059719742346,-1.835059719742346,6.478056983076908,1.5989274847428012,3.35232608609841,-1.835059719742346,4.293990490318199,-1.835059719742346,-1.835059719742346,1.9716027700279746,2.5837808880542523,-1.835059719742346,-1.835059719742346,3.3744264330990754,-1.835059719742346,-1.835059719742346,-1.835059719742346,-1.835059719742346,-1.835059719742346,-1.835059719742346
SRR7146733,1,Pos,PRJNA464410,Duck,Duck,S,H,M,dabbling,Anasplatyrhynchos,"SuisunMarsh/Sunrise,SolanoCounty",7.0,-1.5251715497154965,-0.4265592610473874,0.6720530276207226,1.3080417943407188,2.324976051994562,-1.5251715497154965,1.9713360117509833,-1.5251715497154965,-1.5251715497154965,4.161803806624323,0.42073859933981606,-1.5251715497154965,3.166176332513647,-1.5251715497154965,-1.5251715497154965,2.1884005169888106,-1.5251715497154965,-1.5251715497154965,0.0842663627186031,-1.5251715497154965,0.8727237230828733,0.0842663627186031,-1.5251715497154965,5.2981145726401895,-1.5251715497154965,-1.5251715497154965,1.4192674294509438,0.42073859933981606,-1.5251715497154965,-1.5251715497154965,-1.5251715497154965,1.182878651386713,-1.5251715497154965,-1.5251715497154965,-1.5251715497154965,0.6720530276207226,-1.5251715497154965,-0.4265592610473874,2.679521069675469,-1.5251715497154965,-1.5251715497154965,2.0301765117739166,3.7781333583435788,7.222021633811437,-1.5251715497154965,1.3080417943407188,3.3948093761126277,-1.5251715497154965,-1.5251715497154965,2.1884005169888106,0.8727237230828733,-1.5251715497154965,-1.5251715497154965,-1.5251715497154965,0.42073859933981606,-1.5251715497154965,-1.5251715497154965,-1.5251715497154965,0.42073859933981606,2.445120363836625,-1.5251715497154965,1.519350888007926,-1.5251715497154965,-1.5251715497154965,-1.5251715497154965,-1.5251715497154965,-1.5251715497154965,-1.5251715497154965,5.807197656213566,-1.5251715497154965
SRR7146734,1,Pos,PRJNA464410,Duck,Duck,S,H,F,dabbling,Anasplatyrhynchos,"SuisunMarsh/ArnoldRanch,SolanoCounty",7.0,2.392693386903489,1.489825675361474,-1.2182245257407365,-1.2182245257407365,-1.2182245257407365,-1.2182245257407365,-1.2182245257407365,-1.2182245257407365,-1.2182245257407365,-1.2182245257407365,-1.2182245257407365,-1.2182245257407365,5.3399732770715325,-1.2182245257407365,-1.2182245257407365,3.8755256750660267,-1.2182245257407365,-1.2182245257407365,-1.2182245257407365,-1.2182245257407365,3.151223326726286,1.179670747057635,-1.2182245257407365,-1.2182245257407365,-1.2182245257407365,-1.2182245257407365,2.2157626787444107,1.179670747057635,2.0006512991274654,3.7585092166798386,-1.2182245257407365,3.04445535130058,-1.2182245257407365,-1.2182245257407365,-1.2182245257407365,-1.2182245257407365,-1.2182245257407365,-1.2182245257407365,-1.2182245257407365,-1.2182245257407365,-1.2182245257407365,-1.2182245257407365,6.7898083212285725,7.296365279805387,-1.2182245257407365,-1.2182245257407365,3.850679676479496,-1.2182245257407365,-1.2182245257407365,-1.2182245257407365,0.9790000515954835,-1.2182245257407365,4.249835615394396,-0.11961223707262558,-1.2182245257407365,-1.2182245257407365,4.170847204075765,-1.2182245257407365,-1.2182245257407365,2.149071304245738,-1.2182245257407365,-1.2182245257407365,-1.2182245257407365,-1.2182245257407365,-1.2182245257407365,1.917269690188414,-1.2182245257407365,-1.2182245257407365,-1.2182245257407365,-1.2182245257407365
SRR7146735,1,Pos,PRJNA464410,Duck,Duck,S,H,M,dabbling,Anasplatyrhynchos,"SuisunMarsh/ArnoldRanch,SolanoCounty",7.0,1.8556161553872386,-1.7553017572569862,0.9527484438452243,-1.7553017572569862,-1.7553017572569862,-1.7553017572569862,-1.7553017572569862,-1.7553017572569862,-1.7553017572569862,4.552796684252545,3.2351308295217507,-1.7553017572569862,4.504279706807937,-1.7553017572569862,-1.7553017572569862,-1.7553017572569862,-1.7553017572569862,-1.7553017572569862,1.4635740676112148,-1.7553017572569862,2.252031427975485,-1.7553017572569862,-1.7553017572569862,3.965010019350426,-1.7553017572569862,-1.7553017572569862,2.8398180928776044,0.6425935155413853,5.7916723602595415,-1.7553017572569862,-1.7553017572569862,3.338448443549777,-1.7553017572569862,-1.7553017572569862,-1.7553017572569862,-0.6566894685888753,-1.7553017572569862,-1.7553017572569862,-1.7553017572569862,-1.7553017572569862,-1.7553017572569862,-1.7553017572569862,5.909044874841632,5.880485104138598,3.7127583838781457,-1.7553017572569862,4.920521464377862,-1.7553017572569862,0.9527484438452243,-1.7553017572569862,2.5351576838914056,3.54800315080209,2.562186356279325,-1.7553017572569862,1.678685447228161,-1.7553017572569862,2.8598187595842735,-1.7553017572569862,-1.7553017572569862,3.669648260224417,-1.7553017572569862,3.624595596283474,-1.7553017572569862,0.6425935155413853,-1.7553017572569862,-1.7553017572569862,-1.7553017572569862,-1.7553017572569862,-1.7553017572569862,-1.7553017572569862
SRR7146736,1,Pos,PRJNA464410,Duck,Duck,FW,H,F,dabbling,Anasacuta,"SacramentoNationalWildlifeRefuge,GlennCounty",11.0,-1.2275385489923316,-1.2275385489923316,-1.2275385489923316,-1.2275385489923316,3.8784069249082487,0.381899363441768,-1.2275385489923316,-1.2275385489923316,-1.2275385489923316,1.1703567238060382,-1.2275385489923316,-1.2275385489923316,0.718371600062981,-1.2275385489923316,-1.2275385489923316,-1.2275385489923316,-1.2275385489923316,-1.2275385489923316,-1.2275385489923316,-1.2275385489923316,-1.2275385489923316,-1.2275385489923316,-1.2275385489923316,2.946848720903305,-1.2275385489923316,-1.2275385489923316,-1.2275385489923316,-1.2275385489923316,-1.2275385489923316,-1.2275385489923316,-1.2275385489923316,-1.2275385489923316,-1.2275385489923316,6.713045278111911,-1.2275385489923316,0.381899363441768,-1.2275385489923316,0.718371600062981,-1.2275385489923316,2.74275336455979,-1.2275385489923316,3.1669106056801066,-1.2275385489923316,7.331755818442541,3.326338342608209,-1.2275385489923316,4.381933246192627,-1.2275385489923316,-1.2275385489923316,-1.2275385489923316,0.381899363441768,-1.2275385489923316,4.396478957195006,-1.2275385489923316,-1.2275385489923316,-1.2275385489923316,3.347172429511051,-1.2275385489923316,-1.2275385489923316,0.718371600062981,-1.2275385489923316,-1.2275385489923316,2.3833793636518923,-0.1289262603242225,1.3374108084692047,3.3050609441609238,-1.2275385489923316,-1.2275385489923316,-1.2275385489923316,5.3221121932414786
SRR7146738,1,Pos,PRJNA464410,Duck,Duck,FW,H,U,filter,Anasclypeata,"SacramentoNationalWildlifeRefuge,GlennCounty",11.0,-1.098925039257324,-1.098925039257324,-1.098925039257324,-1.098925039257324,2.7512225624527344,1.0982995380788951,-1.098925039257324,-1.098925039257324,0.8469851097979886,0.5105128731767756,-1.098925039257324,-1.098925039257324,1.2989702335410458,-1.098925039257324,-1.098925039257324,-1.098925039257324,-1.098925039257324,-1.098925039257324,-1.098925039257324,-1.098925039257324,-1.098925039257324,-1.098925039257324,1.2989702335410458,0.5105128731767756,-1.098925039257324,-1.098925039257324,0.5105128731767756,-1.098925039257324,-1.098925039257324,3.555035310900199,-1.098925039257324,-1.098925039257324,-1.098925039257324,-1.098925039257324,-1.098925039257324,-1.098925039257324,0.5105128731767756,-1.098925039257324,1.7342883047988922,-1.098925039257324,-1.098925039257324,-0.00031275058921487187,5.345206217443116,7.781938570610032,-1.098925039257324,-1.098925039257324,3.745262047201267,-1.098925039257324,-1.098925039257324,-1.098925039257324,-1.098925039257324,-1.098925039257324,-1.098925039257324,-1.098925039257324,-1.098925039257324,3.2705228132096975,-1.098925039257324,0.8469851097979886,-1.098925039257324,-1.098925039257324,-1.098925039257324,-1.098925039257324,3.6801984538542047,1.9455973984660986,-1.098925039257324,5.055933054759093,-1.098925039257324,-1.098925039257324,0.5105128731767756,5.940735310604751
SRR7146739,0,Neg,PRJNA464410,Duck,Duck,S,H,M,dabbling,Anasplatyrhynchos,"SuisunMarsh/Balboa,SolanoCounty",7.0,-1.4159331603165155,-1.4159331603165155,-1.4159331603165155,-1.4159331603165155,0.1935047521175841,-1.4159331603165155,-1.4159331603165155,-1.4159331603165155,-1.4159331603165155,5.876404015857362,3.9070768188218925,-1.4159331603165155,1.1490161971450208,-1.4159331603165155,-1.4159331603165155,-1.4159331603165155,-1.4159331603165155,-1.4159331603165155,0.1935047521175841,-1.4159331603165155,-0.3173208716484064,-1.4159331603165155,1.1490161971450208,6.131040957200011,-1.4159331603165155,-1.4159331603165155,-1.4159331603165155,0.1935047521175841,6.692088061060231,-1.4159331603165155,-1.4159331603165155,-1.4159331603165155,-1.4159331603165155,-1.4159331603165155,-0.3173208716484064,-1.4159331603165155,-1.4159331603165155,-1.4159331603165155,-1.4159331603165155,-1.4159331603165155,-1.4159331603165155,-1.4159331603165155,3.3114546583958244,5.630714117532239,3.1379437312840253,-1.4159331603165155,3.275414721912628,2.0180540441686308,-0.3173208716484064,2.694940703856796,2.1949847523277084,-1.4159331603165155,-1.4159331603165155,-1.4159331603165155,1.8799037056878136,-1.4159331603165155,-1.4159331603165155,-1.4159331603165155,-1.4159331603165155,4.085325050228211,-1.4159331603165155,5.150739269486725,-1.4159331603165155,2.5158924724078098,-1.4159331603165155,4.704364258634435,-1.4159331603165155,-1.4159331603165155,-1.4159331603165155,-1.4159331603165155
SRR7146740,1,Pos,PRJNA464410,Duck,Duck,FW,A,M,filter,Anasclypeata,"SacramentoNationalWildlifeRefuge,GlennCounty",11.0,0.078334657986459,-1.5311032544476406,-1.5311032544476406,-1.5311032544476406,-1.5311032544476406,-1.5311032544476406,-1.5311032544476406,0.078334657986459,0.41480689460767195,2.319044347262418,-1.5311032544476406,-1.5311032544476406,3.689252570630684,-1.5311032544476406,-1.5311032544476406,-1.5311032544476406,2.4007223782766847,-1.5311032544476406,0.8667920183507292,0.41480689460767195,-1.5311032544476406,-1.5311032544476406,1.513419183275782,1.4133357247187996,-1.5311032544476406,-1.5311032544476406,-1.5311032544476406,0.6661213228885785,-1.5311032544476406,4.989517873111055,-1.5311032544476406,-1.5311032544476406,-1.5311032544476406,1.513419183275782,-1.5311032544476406,-1.5311032544476406,-1.5311032544476406,-1.5311032544476406,-1.5311032544476406,-1.5311032544476406,-1.5311032544476406,-1.5311032544476406,3.586890557969114,7.1374366894631205,-1.5311032544476406,-1.5311032544476406,5.917230606449834,-1.5311032544476406,-1.5311032544476406,2.934804864206943,-1.5311032544476406,-1.5311032544476406,2.4007223782766847,-0.4324909657795315,0.8667920183507292,-1.5311032544476406,1.6877725704205595,1.3021100896085755,-1.5311032544476406,1.0338461030138957,-1.5311032544476406,-1.5311032544476406,4.557941620999205,3.141725580014265,-1.5311032544476406,2.0798146581965833,-1.5311032544476406,-1.5311032544476406,4.208689657731593,3.525142550900667
SRR7146741,0,Neg,PRJNA464410,Duck,Duck,FW,A,M,dabbling,Anasamericana,"SacramentoNationalWildlifeRefuge,GlennCounty",1.0,2.1918967019152316,1.908770445999311,2.835911193897532,-2.0985627392331594,2.3673453794214243,-2.0985627392331594,2.1355437653640994,-2.0985627392331594,-2.0985627392331594,4.8041799979254325,-2.0985627392331594,-2.0985627392331594,5.472395843935851,0.4663866182283769,-2.0985627392331594,-2.0985627392331594,-2.0985627392331594,2.7136216161392577,-2.0985627392331594,-2.0985627392331594,3.2341560540322094,-2.0985627392331594,-2.0985627392331594,1.0369314766959903,-2.0985627392331594,-2.0985627392331594,3.3524757143325408,2.164117137808156,2.012311124940152,-2.0985627392331594,-2.0985627392331594,2.4761482392702234,-2.0985627392331594,-2.0985627392331594,2.835911193897532,2.164117137808156,-2.0985627392331594,-2.0985627392331594,-2.0985627392331594,-2.0985627392331594,-2.0985627392331594,0.09866183810305973,2.3900736304989803,5.722679344290398,-2.0985627392331594,-2.0985627392331594,5.240325394605719,1.2687330907533143,1.751584862476899,4.808192039415394,2.4761482392702234,-2.0985627392331594,-2.0985627392331594,-2.0985627392331594,1.9789747046725594,-2.0985627392331594,-2.0985627392331594,0.9459596984902632,-2.0985627392331594,1.7080997505371602,2.2189253743031507,-2.0985627392331594,-2.0985627392331594,-2.0985627392331594,-2.0985627392331594,1.2687330907533143,1.751584862476899,-2.0985627392331594,1.94448852860139,-2.0985627392331594
SRR7146743,1,Pos,PRJNA464410,Duck,Duck,S,H,M,dabbling,Anasplatyrhynchos,"SuisunMarsh/ArnoldRanch,SolanoCounty",7.0,-0.8457116467390122,-0.8457116467390122,-0.8457116467390122,-0.8457116467390122,-0.8457116467390122,-0.8457116467390122,-0.8457116467390122,-0.8457116467390122,-0.8457116467390122,7.149594973551809,-0.8457116467390122,-0.8457116467390122,4.427287911824735,-0.8457116467390122,-0.8457116467390122,0.2529006419290969,-0.8457116467390122,-0.8457116467390122,-0.8457116467390122,-0.8457116467390122,0.7637262656950874,-0.8457116467390122,-0.8457116467390122,-0.8457116467390122,-0.8457116467390122,-0.8457116467390122,2.2897825691901366,-0.8457116467390122,7.442068380349419,-0.8457116467390122,-0.8457116467390122,1.8623385543631974,-0.8457116467390122,-0.8457116467390122,0.2529006419290969,-0.8457116467390122,-0.8457116467390122,-0.8457116467390122,-0.8457116467390122,-0.8457116467390122,-0.8457116467390122,-0.8457116467390122,-0.8457116467390122,1.987501697317203,-0.8457116467390122,-0.8457116467390122,6.543852306938622,-0.8457116467390122,-0.8457116467390122,-0.8457116467390122,-0.8457116467390122,5.163101538703582,-0.8457116467390122,-0.8457116467390122,-0.8457116467390122,-0.8457116467390122,-0.8457116467390122,-0.8457116467390122,-0.8457116467390122,2.709636414750401,-0.8457116467390122,5.751434055147639,-0.8457116467390122,-0.8457116467390122,-0.8457116467390122,-0.8457116467390122,-0.8457116467390122,-0.8457116467390122,0.7637262656950874,-0.8457116467390122
SRR7146744,1,Pos,PRJNA464410,Duck,Duck,FW,U,F,dabbling,Anasplatyrhynchos,"ConawayRanch,YoloCounty",12.0,-1.2507522413429495,-1.2507522413429495,-1.2507522413429495,-1.2507522413429495,3.0397071998054415,-1.2507522413429495,3.281847251810306,-1.2507522413429495,2.183234963142197,4.081966551922419,-1.2507522413429495,-1.2507522413429495,2.116543588643524,-1.2507522413429495,-1.2507522413429495,-1.2507522413429495,1.8847419745862002,-1.2507522413429495,-1.2507522413429495,-1.2507522413429495,0.3586856710911501,-1.2507522413429495,4.191665469178844,0.9464723359932696,-1.2507522413429495,1.5824611027132667,-1.2507522413429495,-1.2507522413429495,-1.2507522413429495,0.9464723359932696,-1.2507522413429495,-1.2507522413429495,-1.2507522413429495,-1.2507522413429495,-1.2507522413429495,-1.2507522413429495,-1.2507522413429495,-1.2507522413429495,-1.2507522413429495,-1.2507522413429495,-1.2507522413429495,-1.2507522413429495,4.119885786784713,7.5586627025671005,-1.2507522413429495,-1.2507522413429495,5.723726669682096,-1.2507522413429495,-1.2507522413429495,-1.2507522413429495,-1.2507522413429495,-1.2507522413429495,2.55591024842737,2.412809404786697,-1.2507522413429495,-1.2507522413429495,-1.2507522413429495,-1.2507522413429495,-1.2507522413429495,2.3045958201464636,-1.2507522413429495,-1.2507522413429495,-1.2507522413429495,3.842997959463813,-1.2507522413429495,3.902539353154829,-1.2507522413429495,-1.2507522413429495,5.50268567725483,-1.2507522413429495
SRR7146745,1,Pos,PRJNA464410,Duck,Duck,S,H,F,dabbling,Anasplatyrhynchos,"SuisunMarsh/ArnoldRanch,SolanoCounty",7.0,-0.8619505951294784,-0.8619505951294784,-0.8619505951294784,-0.8619505951294784,2.801611051000168,-0.8619505951294784,-0.8619505951294784,-0.8619505951294784,-0.8619505951294784,6.630809705792901,-0.8619505951294784,-0.8619505951294784,-0.8619505951294784,-0.8619505951294784,-0.8619505951294784,-0.8619505951294784,-0.8619505951294784,-0.8619505951294784,-0.8619505951294784,-0.8619505951294784,-0.8619505951294784,-0.8619505951294784,-0.8619505951294784,4.256043217287276,-0.8619505951294784,-0.8619505951294784,-0.8619505951294784,-0.8619505951294784,1.702998762332058,-0.8619505951294784,-0.8619505951294784,-0.8619505951294784,-0.8619505951294784,-0.8619505951294784,-0.8619505951294784,1.3352739822067408,-0.8619505951294784,-0.8619505951294784,-0.8619505951294784,-0.8619505951294784,-0.8619505951294784,-0.8619505951294784,2.2735436207996713,7.879185827771533,2.9447118946408413,-0.8619505951294784,5.366560408461705,-0.8619505951294784,-0.8619505951294784,-0.8619505951294784,-0.8619505951294784,-0.8619505951294784,-0.8619505951294784,-0.8619505951294784,-0.8619505951294784,-0.8619505951294784,-0.8619505951294784,-0.8619505951294784,-0.8619505951294784,0.7474873173046213,-0.8619505951294784,2.4338862708748508,-0.8619505951294784,-0.8619505951294784,-0.8619505951294784,4.9401677802475845,-0.8619505951294784,-0.8619505951294784,5.818904083660737,-0.8619505951294784
SRR7146746,1,Pos,PRJNA464410,Duck,Duck,S,H,M,dabbling,Anasplatyrhynchos,"SuisunMarsh/ArnoldRanch,SolanoCounty",7.0,1.3611386937022134,-1.4720746503540028,1.5724477873694198,3.016561719378137,3.692711323569511,-1.4720746503540028,-1.4720746503540028,-1.4720746503540028,-1.4720746503540028,7.048911339300931,5.62547420026079,1.2359755507482069,4.084753411345535,-1.4720746503540028,2.3780729513560557,3.571350466565244,-1.4720746503540028,-1.4720746503540028,-1.4720746503540028,-1.4720746503540028,1.2359755507482069,-1.4720746503540028,-1.4720746503540028,-1.4720746503540028,-1.4720746503540028,-1.4720746503540028,1.7468011745141974,-1.4720746503540028,-1.4720746503540028,-1.4720746503540028,-1.4720746503540028,1.2359755507482069,-1.4720746503540028,-1.4720746503540028,-1.4720746503540028,0.925820622444367,-1.4720746503540028,-1.4720746503540028,-1.4720746503540028,-1.4720746503540028,-1.4720746503540028,0.7251499269822164,1.0928747071075335,3.6812169441437756,1.8237622156503264,1.3611386937022134,6.13629982402678,-1.4720746503540028,-1.4720746503540028,-1.4720746503540028,3.7482811747243217,0.7251499269822164,-1.4720746503540028,-1.4720746503540028,-1.4720746503540028,-1.4720746503540028,-1.4720746503540028,-1.4720746503540028,2.702312619541634,4.589382268574013,-1.4720746503540028,-1.4720746503540028,-1.4720746503540028,-1.4720746503540028,-1.4720746503540028,-1.4720746503540028,-1.4720746503540028,-1.4720746503540028,0.925820622444367,-1.4720746503540028
SRR7146747,1,Pos,PRJNA464410,Duck,Duck,S,H,M,dabbling,Anasplatyrhynchos,"SuisunMarsh/ArnoldRanch,SolanoCounty",7.0,-0.5122600235413035,-0.5122600235413035,-0.5122600235413035,-0.5122600235413035,-0.5122600235413035,-0.5122600235413035,-0.5122600235413035,-0.5122600235413035,-0.5122600235413035,-0.5122600235413035,-0.5122600235413035,-0.5122600235413035,4.347552380820368,-0.5122600235413035,-0.5122600235413035,-0.5122600235413035,-0.5122600235413035,-0.5122600235413035,-0.5122600235413035,-0.5122600235413035,2.532262414182119,-0.5122600235413035,-0.5122600235413035,-0.5122600235413035,1.433650125514009,-0.5122600235413035,0.5863522651268056,-0.5122600235413035,-0.5122600235413035,-0.5122600235413035,-0.5122600235413035,2.3209533205149127,-0.5122600235413035,-0.5122600235413035,-0.5122600235413035,-0.5122600235413035,-0.5122600235413035,-0.5122600235413035,-0.5122600235413035,-0.5122600235413035,-0.5122600235413035,-0.5122600235413035,4.316053713760997,8.65130315687595,2.623234192387846,-0.5122600235413035,4.436499866836864,-0.5122600235413035,-0.5122600235413035,-0.5122600235413035,-0.5122600235413035,-0.5122600235413035,-0.5122600235413035,-0.5122600235413035,-0.5122600235413035,-0.5122600235413035,-0.5122600235413035,-0.5122600235413035,-0.5122600235413035,-0.5122600235413035,-0.5122600235413035,-0.5122600235413035,-0.5122600235413035,-0.5122600235413035,-0.5122600235413035,-0.5122600235413035,-0.5122600235413035,-0.5122600235413035,-0.5122600235413035,-0.5122600235413035
SRR7146748,0,Neg,PRJNA464410,Duck,Duck,FW,U,M,filter,Anasclypeata,"SacramentoNationalWildlifeRefuge,GlennCounty",1.0,-1.280197089593801,-1.280197089593801,-1.280197089593801,-1.280197089593801,4.771892079330616,-1.280197089593801,-0.18158480092569196,-1.280197089593801,-1.280197089593801,-1.280197089593801,-1.280197089593801,-1.280197089593801,2.5699505121162574,-1.280197089593801,-1.280197089593801,1.2847522678677352,-1.280197089593801,-1.280197089593801,-0.18158480092569196,-1.280197089593801,1.1176981832045687,1.1176981832045687,-1.280197089593801,0.917027487742418,-0.18158480092569196,-1.280197089593801,0.6657130594615115,0.6657130594615115,1.7643253481296215,-1.280197089593801,-1.280197089593801,1.4278531115084085,-1.280197089593801,-1.280197089593801,0.6657130594615115,-1.280197089593801,-1.280197089593801,-1.280197089593801,-1.280197089593801,-1.280197089593801,-1.280197089593801,-1.280197089593801,6.154060292539334,7.466996093933132,-1.280197089593801,-1.280197089593801,5.665816901505426,-1.280197089593801,2.2163104718726787,3.464735038769449,0.32924082284029854,-1.280197089593801,-1.280197089593801,-1.280197089593801,2.5699505121162574,-1.280197089593801,-1.280197089593801,-1.280197089593801,-1.280197089593801,0.6657130594615115,-1.280197089593801,1.4278531115084085,-1.280197089593801,-1.280197089593801,-1.280197089593801,3.3926317448681047,-1.280197089593801,2.330720823050423,2.611623208516825,0.32924082284029854
SRR7146749,1,Pos,PRJNA464410,Duck,Duck,FW,U,F,dabbling,Anasamericana,"SacramentoNationalWildlifeRefuge,GlennCounty",10.0,-1.9765139625195287,-1.9765139625195287,-1.9765139625195287,-1.9765139625195287,-1.9765139625195287,-1.9765139625195287,-1.9765139625195287,-1.9765139625195287,2.851799774782772,2.8986833606816225,-1.9765139625195287,-1.9765139625195287,3.1048904024649335,-1.9765139625195287,2.0665373053150207,-1.9765139625195287,2.63860655432173,1.158980253409621,1.7370581041847784,-1.9765139625195287,-1.9765139625195287,-1.9765139625195287,3.7305963022293467,4.324271832143715,-1.9765139625195287,-1.9765139625195287,0.8566993815366875,-1.9765139625195287,-1.9765139625195287,-1.9765139625195287,-1.9765139625195287,0.2207106148166904,-1.9765139625195287,-1.9765139625195287,1.2423618623486714,-1.9765139625195287,-1.9765139625195287,-1.9765139625195287,-1.9765139625195287,-1.9765139625195287,-1.9765139625195287,-1.9765139625195287,1.9937779510325928,6.295034412235985,0.7315362385826809,-1.9765139625195287,3.981910730510253,2.3409741510167814,-1.9765139625195287,4.425403234207657,1.0680084752038939,-1.9765139625195287,3.564749582638897,2.2861659145217867,2.3139454786288622,-1.9765139625195287,2.3409741510167814,2.25759254207773,-1.9765139625195287,2.577362929081012,-1.9765139625195287,-1.9765139625195287,5.344012999753211,4.97142310609544,-1.9765139625195287,3.1172362382872336,0.42138131027884107,-1.9765139625195287,-1.9765139625195287,2.197873307376108
SRR7146750,1,Pos,PRJNA464410,Duck,Duck,FW,U,F,dabbling,Anasamericana,"SacramentoNationalWildlifeRefuge,GlennCounty",11.0,-1.0141685511096643,-1.0141685511096643,-1.0141685511096643,-1.0141685511096643,-1.0141685511096643,-1.0141685511096643,-1.0141685511096643,-1.0141685511096643,1.930270428056776,3.1289661752818683,-1.0141685511096643,-1.0141685511096643,2.4823390103568155,-1.0141685511096643,-1.0141685511096643,1.3837267216887055,1.6938816499925453,-1.0141685511096643,0.5952693613244353,-1.0141685511096643,0.5952693613244353,-1.0141685511096643,1.930270428056776,1.8190447929465519,-1.0141685511096643,-1.0141685511096643,-1.0141685511096643,-1.0141685511096643,0.08444373755844481,2.419818653375482,-1.0141685511096643,-1.0141685511096643,-1.0141685511096643,-1.0141685511096643,-1.0141685511096643,-1.0141685511096643,-1.0141685511096643,-1.0141685511096643,-1.0141685511096643,-1.0141685511096643,-1.0141685511096643,-1.0141685511096643,2.204707273758536,7.102845536627646,-1.0141685511096643,-1.0141685511096643,-1.0141685511096643,-1.0141685511096643,-1.0141685511096643,-1.0141685511096643,-1.0141685511096643,1.1830560262265548,3.730763577253586,-1.0141685511096643,-1.0141685511096643,-1.0141685511096643,2.1213256648194854,-1.0141685511096643,-1.0141685511096643,-1.0141685511096643,-1.0141685511096643,1.930270428056776,-1.0141685511096643,4.6660040579074025,-1.0141685511096643,7.675800784256996,-1.0141685511096643,-1.0141685511096643,2.0303538866137583,-1.0141685511096643
SRR7146751,0,Neg,PRJNA464410,Duck,Duck,FW,U,M,dabbling,Anascarolinensis,"ConawayRanch,YoloCounty",10.0,-1.5718622508370528,-1.5718622508370528,-1.5718622508370528,-1.5718622508370528,-1.5718622508370528,-1.5718622508370528,-1.5718622508370528,2.3984296627150687,4.933921809291175,4.789440226735943,-1.5718622508370528,-1.5718622508370528,4.636727775259576,-1.5718622508370528,-1.5718622508370528,-1.5718622508370528,4.205790072385604,1.9834858106523603,-1.5718622508370528,3.043258266004206,1.1361879502651568,-1.5718622508370528,4.620500238637819,4.799749596394804,1.7239746151672763,-1.5718622508370528,3.5814293436607256,-0.47324996216894366,-1.5718622508370528,-1.5718622508370528,-1.5718622508370528,0.03757566159704684,-1.5718622508370528,-1.5718622508370528,-1.5718622508370528,-1.5718622508370528,-1.5718622508370528,-1.5718622508370528,-1.5718622508370528,-1.5718622508370528,-1.5718622508370528,-1.5718622508370528,-1.5718622508370528,2.7719431710166305,-1.5718622508370528,-1.5718622508370528,4.044908846829518,-1.5718622508370528,-1.5718622508370528,-1.5718622508370528,-1.5718622508370528,-1.5718622508370528,5.379909913561859,4.2716821661943065,3.062866737392583,-1.5718622508370528,2.938997255679797,4.862684267950399,-1.5718622508370528,-1.5718622508370528,-1.5718622508370528,-1.5718622508370528,-1.5718622508370528,6.6991746149559015,-1.5718622508370528,-1.5718622508370528,-1.5718622508370528,-1.5718622508370528,-1.5718622508370528,-1.5718622508370528
SRR7146753,1,Pos,PRJNA464410,Duck,Duck,FW,U,F,dabbling,Anasamericana,"SacramentoNationalWildlifeRefuge,GlennCounty",11.0,-1.4213720286171814,-1.4213720286171814,0.18806588381691824,-1.4213720286171814,0.18806588381691824,-1.4213720286171814,-1.4213720286171814,-1.4213720286171814,3.1937484882240774,2.8127344759800774,-1.4213720286171814,-1.4213720286171814,3.939920137092243,-1.4213720286171814,0.5245381204381312,-1.4213720286171814,3.0894874778996684,-1.4213720286171814,-1.4213720286171814,-1.4213720286171814,0.9765232441811884,-1.4213720286171814,2.0751355328492984,2.922433393236502,-1.4213720286171814,-1.4213720286171814,0.5245381204381312,0.18806588381691824,-0.32275973994907226,-1.4213720286171814,-1.4213720286171814,1.143577328844355,-1.4213720286171814,-1.4213720286171814,-1.4213720286171814,-1.4213720286171814,-1.4213720286171814,-1.4213720286171814,-1.4213720286171814,-1.4213720286171814,-1.4213720286171814,-1.4213720286171814,4.063424904873473,7.572179557682799,1.6231504091062412,-1.4213720286171814,1.7975037962510187,-1.4213720286171814,-1.4213720286171814,0.5245381204381312,-1.4213720286171814,-1.4213720286171814,3.708526686305892,-1.4213720286171814,-1.4213720286171814,-1.4213720286171814,1.6231504091062412,1.9459238013692923,-1.4213720286171814,-1.4213720286171814,0.7758525487190377,-1.4213720286171814,2.1339760328722317,4.897596085129253,-1.4213720286171814,3.672378172189581,1.6231504091062412,-1.4213720286171814,2.2922000380871257,-1.4213720286171814
SRR7146754,0,Neg,PRJNA464410,Duck,Duck,FW,U,F,dabbling,Anasacuta,"ConawayRanch,YoloCounty",10.0,-0.5569859572137679,-1.655598245881877,0.2903119031734356,-1.655598245881877,1.3889241918415456,-1.655598245881877,0.9093511115796593,-1.655598245881877,1.1776150981743392,1.1776150981743392,-1.655598245881877,-1.655598245881877,1.8409093155846028,1.3889241918415456,-1.655598245881877,-1.655598245881877,2.105601869811685,-1.655598245881877,-1.655598245881877,-0.04616033344777737,-0.5569859572137679,1.0524519552203326,2.787053010608439,5.218600249571417,-1.655598245881877,-1.655598245881877,0.5416263314543421,0.9093511115796593,-1.655598245881877,-1.655598245881877,-1.655598245881877,0.7422970269164928,0.2903119031734356,-1.655598245881877,-1.655598245881877,-1.655598245881877,-1.655598245881877,-1.655598245881877,-1.655598245881877,-1.655598245881877,-1.655598245881877,1.5632775789863231,0.7422970269164928,7.139378185806893,3.520551486691952,-1.655598245881877,3.089333882481373,-1.655598245881877,-1.655598245881877,1.5632775789863231,-0.04616033344777737,-1.655598245881877,3.4133059563383545,0.2903119031734356,-1.655598245881877,-1.655598245881877,3.348348060063582,0.5416263314543421,-1.655598245881877,-1.655598245881877,-1.655598245881877,2.3874530219526724,-1.655598245881877,3.8456599646628495,-1.655598245881877,5.352002368069976,-0.04616033344777737,-1.655598245881877,2.236222052228749,-1.655598245881877
SRR7146755,0,Neg,PRJNA464410,Duck,Duck,FW,U,M,dabbling,Anasacuta,"ConawayRanch,YoloCounty",10.0,-1.100138690663055,-1.100138690663055,-1.100138690663055,-1.100138690663055,3.2693091618039665,0.5092992217710446,-1.100138690663055,-1.100138690663055,-1.100138690663055,0.8457714583922575,-1.100138690663055,-1.100138690663055,0.5092992217710446,-1.100138690663055,-1.100138690663055,-1.100138690663055,-1.100138690663055,-1.100138690663055,-1.100138690663055,-1.100138690663055,-1.100138690663055,3.7281750466392456,1.6079115104391546,-1.100138690663055,-1.100138690663055,-1.100138690663055,-1.100138690663055,-1.100138690663055,-1.100138690663055,-1.100138690663055,-1.100138690663055,-1.100138690663055,-1.100138690663055,-1.100138690663055,-1.100138690663055,-1.100138690663055,-1.100138690663055,-1.100138690663055,-1.100138690663055,-1.100138690663055,-1.100138690663055,-1.100138690663055,6.0521301653694834,5.369111626132717,4.573184576508437,-1.100138690663055,0.8457714583922575,-0.001526401994945914,-1.100138690663055,2.195698175341274,0.5092992217710446,-1.100138690663055,-1.100138690663055,-1.100138690663055,-1.100138690663055,-1.100138690663055,3.6620352441347004,0.5092992217710446,-1.100138690663055,-1.100138690663055,-1.100138690663055,1.8443002885033852,-1.100138690663055,1.2977565821353148,0.5092992217710446,7.785440600619926,1.097085886673164,-1.100138690663055,2.613433376041252,3.474572287840328
SRR7146756,0,Neg,PRJNA464410,Duck,Duck,FW,U,M,dabbling,Anasacuta,"ConawayRanch,YoloCounty",10.0,-1.5861185488003544,-1.5861185488003544,0.023319363633745205,-1.5861185488003544,3.7368914303380536,1.6327572760678457,0.023319363633745205,-1.5861185488003544,1.1219316523018552,3.666154879246275,-1.5861185488003544,-1.5861185488003544,0.023319363633745205,-1.5861185488003544,-1.5861185488003544,0.35979160025495815,-1.5861185488003544,-1.5861185488003544,0.6111060285358647,-1.5861185488003544,-1.5861185488003544,2.1750815668932075,-1.5861185488003544,1.9692295126890587,-1.5861185488003544,-1.5861185488003544,0.023319363633745205,0.9788308086611819,-1.5861185488003544,-1.5861185488003544,-1.5861185488003544,0.023319363633745205,-1.5861185488003544,-1.5861185488003544,-1.5861185488003544,-1.5861185488003544,-1.5861185488003544,-1.5861185488003544,2.1750815668932075,-1.5861185488003544,-1.5861185488003544,-0.4875062601322453,5.734408413472385,6.32630457267335,2.220543940969965,-0.4875062601322453,4.696148198095652,-1.5861185488003544,-1.5861185488003544,0.35979160025495815,-1.5861185488003544,-1.5861185488003544,2.456932719034195,-1.5861185488003544,1.8478686556847919,-1.5861185488003544,-1.5861185488003544,-1.5861185488003544,-1.5861185488003544,-1.5861185488003544,3.507631652006408,2.456932719034195,-1.5861185488003544,1.4584038889230682,1.1219316523018552,6.596720161965671,-1.5861185488003544,0.6111060285358647,4.895458580476076,-1.5861185488003544
SRR7146757,0,Neg,PRJNA464410,Duck,Duck,FW,U,F,dabbling,Anasacuta,"ConawayRanch,YoloCounty",10.0,-0.9848940341396499,0.11371825452845918,-0.9848940341396499,-0.9848940341396499,1.2123305431965692,-0.9848940341396499,1.7231561669625597,-0.9848940341396499,0.9610161149156626,-0.9848940341396499,-0.9848940341396499,-0.9848940341396499,1.5800553233218864,3.568982857460891,-0.9848940341396499,-0.9848940341396499,0.6245438782944497,-0.9848940341396499,-0.9848940341396499,-0.9848940341396499,-0.9848940341396499,-0.9848940341396499,-0.9848940341396499,1.2123305431965692,-0.9848940341396499,-0.9848940341396499,0.6245438782944497,-0.9848940341396499,-0.9848940341396499,-0.9848940341396499,-0.9848940341396499,-0.9848940341396499,0.11371825452845918,-0.9848940341396499,-0.9848940341396499,-0.9848940341396499,-0.9848940341396499,-0.9848940341396499,-0.9848940341396499,-0.9848940341396499,-0.9848940341396499,-0.9848940341396499,4.931308028467784,7.9220413049195155,-0.9848940341396499,-0.9848940341396499,4.6463177476817155,-0.9848940341396499,-0.9848940341396499,-0.9848940341396499,1.2123305431965692,-0.9848940341396499,1.4130012386587198,-0.9848940341396499,-0.9848940341396499,-0.9848940341396499,-0.9848940341396499,-0.9848940341396499,-0.9848940341396499,0.6245438782944497,-0.9848940341396499,-0.9848940341396499,4.133099778277105,1.5800553233218864,-0.9848940341396499,6.154766301825269,-0.9848940341396499,-0.9848940341396499,4.892841747639989,-0.9848940341396499
SRR7146758,1,Pos,PRJNA464410,Duck,Duck,FW,U,F,filter,Anasclypeata,"SacramentoNationalWildlifeRefuge,GlennCounty",11.0,-1.5712428301852688,-1.5712428301852688,-1.5712428301852688,-1.5712428301852688,-0.47263054151715966,-1.5712428301852688,-1.5712428301852688,-1.5712428301852688,4.081246350083381,2.9613566629679866,-1.5712428301852688,-1.5712428301852688,4.067111839148477,-1.5712428301852688,-1.5712428301852688,-1.5712428301852688,3.288569574176403,-1.5712428301852688,0.3746673188700438,-1.5712428301852688,-1.5712428301852688,-1.5712428301852688,1.8627443742998775,1.796052999801205,-1.5712428301852688,-1.5712428301852688,-1.5712428301852688,0.826652442613101,-1.5712428301852688,3.977833254709951,-1.5712428301852688,0.6259817471509503,-1.5712428301852688,-1.5712428301852688,-1.5712428301852688,0.3746673188700438,-1.5712428301852688,-1.5712428301852688,-1.5712428301852688,-1.5712428301852688,-1.5712428301852688,-1.5712428301852688,6.219866680424758,4.69974560167303,-1.5712428301852688,-1.5712428301852688,6.645655750728343,-1.5712428301852688,-1.5712428301852688,1.8627443742998775,-1.5712428301852688,-1.5712428301852688,4.135867434563607,1.6476329946829313,1.6476329946829313,-1.5712428301852688,2.0923188159443775,3.156144988527071,-1.5712428301852688,-1.5712428301852688,-1.5712428301852688,0.9937065272762675,-1.5712428301852688,4.135867434563607,-1.5712428301852688,-1.5712428301852688,-1.5712428301852688,-1.5712428301852688,4.361002357262741,5.343488062533293
SRR7146759,1,Pos,PRJNA464410,Duck,Duck,FW,U,M,filter,Anasclypeata,"SacramentoNationalWildlifeRefuge,GlennCounty",11.0,-1.2069790240281133,-1.2069790240281133,-1.2069790240281133,-1.2069790240281133,1.1909162487702565,-1.2069790240281133,1.9285151919010364,-1.2069790240281133,0.9902455533081058,0.9902455533081058,-1.2069790240281133,-1.2069790240281133,2.1603168059583604,-1.2069790240281133,-1.2069790240281133,-1.2069790240281133,2.1603168059583604,-1.2069790240281133,-1.2069790240281133,-1.2069790240281133,0.4024588884059863,-0.10836673536000418,1.8375434136953093,2.724846608696212,-1.2069790240281133,-1.2069790240281133,-1.2069790240281133,-1.2069790240281133,-1.2069790240281133,-1.2069790240281133,-1.2069790240281133,0.4024588884059863,-1.2069790240281133,-1.2069790240281133,-1.2069790240281133,-1.2069790240281133,-0.10836673536000418,0.9902455533081058,0.7389311250271993,-1.2069790240281133,-1.2069790240281133,-1.2069790240281133,-1.2069790240281133,7.601240641090294,-1.2069790240281133,-1.2069790240281133,2.2895285374383665,-1.2069790240281133,-1.2069790240281133,-1.2069790240281133,-1.2069790240281133,-1.2069790240281133,3.13682639782557,-1.2069790240281133,-1.2069790240281133,0.7389311250271993,1.357970333433423,1.737459955138327,-1.2069790240281133,-1.2069790240281133,2.724846608696212,-1.2069790240281133,-1.2069790240281133,2.4039388886161106,0.9902455533081058,6.209399455164814,-1.2069790240281133,-1.2069790240281133,1.737459955138327,5.878922440337497
SRR7146761,0,Neg,PRJNA464410,Duck,Duck,S,H,F,dabbling,Anasplatyrhynchos,"GrizzlyIslandWildlifeArea(GIWA),SolanoCounty",7.0,-1.2364145860489257,-1.2364145860489257,-1.2364145860489257,-1.2364145860489257,7.5420653664595605,-1.2364145860489257,-1.2364145860489257,1.8081078516744968,4.179685816155494,-1.2364145860489257,-1.2364145860489257,-1.2364145860489257,3.8573356147578366,-1.2364145860489257,-1.2364145860489257,-1.2364145860489257,3.881579226367829,0.3730233263851739,-1.2364145860489257,-1.2364145860489257,-1.2364145860489257,-1.2364145860489257,4.124877579660499,1.899079629880224,-1.2364145860489257,-1.2364145860489257,-1.2364145860489257,-1.2364145860489257,-1.2364145860489257,-1.2364145860489257,-1.2364145860489257,-1.2364145860489257,-1.2364145860489257,-1.2364145860489257,-1.2364145860489257,-1.2364145860489257,-1.2364145860489257,-1.2364145860489257,4.170757185411192,1.899079629880224,-1.2364145860489257,-1.2364145860489257,-1.2364145860489257,5.63985002584184,-1.2364145860489257,-1.2364145860489257,-1.2364145860489257,-1.2364145860489257,-1.2364145860489257,-1.2364145860489257,0.3730233263851739,-1.2364145860489257,4.791863934181772,-1.2364145860489257,1.4716356150532839,-1.2364145860489257,2.6954110466753995,-1.2364145860489257,2.997691918548333,-1.2364145860489257,-1.2364145860489257,2.841122857856793,-1.2364145860489257,5.4569090822210224,-1.2364145860489257,-1.2364145860489257,-1.2364145860489257,-1.2364145860489257,3.054044855099465,-1.2364145860489257
SRR7146762,1,Pos,PRJNA464410,Duck,Duck,FW,A,F,filter,Anasclypeata,"SacramentoNationalWildlifeRefuge,GlennCounty",12.0,0.5196686685525513,-2.313544675503664,-2.313544675503664,-2.313544675503664,0.8219495404254848,-2.313544675503664,-2.313544675503664,1.7973291886696465,3.0094653036347436,3.057093352623998,-2.313544675503664,-2.313544675503664,4.492177877913321,-2.313544675503664,-2.313544675503664,-2.313544675503664,1.578275622606962,0.3945055255985457,1.29737323714056,0.25140468195787236,1.2418033859857491,-2.313544675503664,4.047757802069331,2.9282023395559778,-2.313544675503664,1.0537511544828089,0.7309777622197586,-2.313544675503664,0.6308943036627754,-2.313544675503664,-2.313544675503664,1.7295065923308854,-2.313544675503664,-2.313544675503664,3.445357098373616,-2.313544675503664,-2.313544675503664,0.08435059729470584,-2.313544675503664,-2.313544675503664,-2.313544675503664,-2.313544675503664,-2.313544675503664,5.255350987903331,-2.313544675503664,-2.313544675503664,3.6396986587841194,-2.313544675503664,-2.313544675503664,3.317667106317701,4.3393183538496825,4.609099215972223,3.709902917457368,2.465578817607865,1.6937885097288063,-2.313544675503664,2.6352152148745036,1.578275622606962,-2.313544675503664,-2.313544675503664,-2.313544675503664,4.00542343824277,-2.313544675503664,4.769003893851636,-2.313544675503664,1.7295065923308854,0.08435059729470584,0.9822921905006643,3.04774749020576,-2.313544675503664
SRR7146763,1,Pos,PRJNA464410,Duck,Duck,S,H,F,dabbling,Anasplatyrhynchos,"SuisunMarsh/ArnoldRanch,SolanoCounty",7.0,2.4678477821206855,-1.4639778506036407,2.3861697511064177,-1.4639778506036407,1.1009715068578965,-1.4639778506036407,-1.4639778506036407,-1.4639778506036407,-1.4639778506036407,-1.4639778506036407,-1.4639778506036407,-1.4639778506036407,6.060583375681719,-1.4639778506036407,2.03252971086284,-1.4639778506036407,-1.4639778506036407,-1.4639778506036407,1.8318590154006884,-1.4639778506036407,2.7987020264376747,-1.4639778506036407,-1.4639778506036407,5.181113118902003,0.93391742219473,-1.4639778506036407,4.262869896983556,1.9700093538815056,3.6540159618131147,-1.4639778506036407,-1.4639778506036407,3.9521225516007794,-1.4639778506036407,-1.4639778506036407,-1.4639778506036407,0.93391742219473,-1.4639778506036407,-1.4639778506036407,-1.4639778506036407,-1.4639778506036407,-1.4639778506036407,-1.4639778506036407,5.990163227543038,6.807059015189314,2.1995837955260056,-1.4639778506036407,4.620521562471531,-1.4639778506036407,-1.4639778506036407,-1.4639778506036407,-1.4639778506036407,0.48193229845167274,1.9033179793828339,1.1009715068578965,-1.4639778506036407,-1.4639778506036407,-1.4639778506036407,-1.4639778506036407,-1.4639778506036407,2.710409419291997,-1.4639778506036407,-1.4639778506036407,-1.4639778506036407,-1.4639778506036407,-1.4639778506036407,-1.4639778506036407,1.4804611285627995,-1.4639778506036407,0.48193229845167274,-1.4639778506036407
SRR7146764,1,Pos,PRJNA464410,Duck,Duck,FW,H,M,filter,Anasclypeata,"SacramentoNationalWildlifeRefuge,GlennCounty",12.0,-0.22616399873426207,-1.8356019111683617,-1.8356019111683617,-1.8356019111683617,-0.7369896225002526,-1.8356019111683617,-1.8356019111683617,-1.8356019111683617,2.2752719530049497,2.398504593428897,-1.8356019111683617,-1.8356019111683617,3.7441279148178603,-1.8356019111683617,-1.8356019111683617,1.5983852933167846,1.8279597349612846,-0.7369896225002526,-1.8356019111683617,-1.8356019111683617,0.7293474462931746,-1.8356019111683617,2.1717312740641086,4.855240366250202,-1.8356019111683617,-1.8356019111683617,0.5622933616300081,-1.8356019111683617,1.299892304760788,0.36162266616785743,-1.8356019111683617,1.299892304760788,-1.8356019111683617,1.2089205265550609,-1.8356019111683617,-1.8356019111683617,-1.8356019111683617,-1.8356019111683617,-1.8356019111683617,-1.8356019111683617,-1.8356019111683617,0.8724482899338479,3.598120092385878,6.513645889398428,5.980008620866828,-1.8356019111683617,3.9482232711613756,-1.8356019111683617,-1.8356019111683617,2.675257595348488,-1.8356019111683617,-1.8356019111683617,3.0395954120327895,1.531693918818112,1.2089205265550609,0.36162266616785743,1.531693918818112,1.3832739136998384,-1.8356019111683617,1.3832739136998384,-1.8356019111683617,1.971060578601958,-1.8356019111683617,4.2890814797258425,-1.8356019111683617,-1.8356019111683617,-1.8356019111683617,-1.8356019111683617,4.266956683445207,0.7293474462931746
SRR7146765,1,Pos,PRJNA464410,Duck,Duck,FW,A,F,filter,Anasclypeata,"SacramentoNationalWildlifeRefuge,GlennCounty",12.0,-1.9890116520131995,-1.9890116520131995,-1.9890116520131995,-1.9890116520131995,1.055510785710223,-0.3795737395790999,0.2082129253230196,1.055510785710223,1.5663364094762136,5.883062327853674,-1.9890116520131995,-1.9890116520131995,3.567816409686338,-1.9890116520131995,-1.9890116520131995,1.861135949696859,1.81765083775712,-0.3795737395790999,-1.9890116520131995,-1.9890116520131995,-0.8903993633450904,-1.9890116520131995,2.154123074378333,2.0183215332192708,-1.9890116520131995,-1.9890116520131995,-0.04310150295788695,-1.9890116520131995,0.9554273271532407,-1.9890116520131995,-1.9890116520131995,1.3782841779732742,-1.9890116520131995,1.3782841779732742,-1.9890116520131995,-1.9890116520131995,-1.9890116520131995,-1.9890116520131995,-1.9890116520131995,-1.9890116520131995,-1.9890116520131995,-1.9890116520131995,5.209171925088743,5.774434736714163,0.5759377054483368,-1.9890116520131995,3.231344173065125,-1.9890116520131995,-1.9890116520131995,3.5040497913273487,0.7190385490890101,-1.9890116520131995,4.586064188586421,1.4449755524719468,3.0544134649060473,2.154123074378333,2.05403961582135,-1.9890116520131995,-1.9890116520131995,1.7245604146911075,-1.9890116520131995,-1.9890116520131995,4.354868782113131,3.418160119446919,-1.9890116520131995,-1.9890116520131995,0.2082129253230196,-1.9890116520131995,4.5663452397974655,1.81765083775712
SRR7146766,1,Pos,PRJNA464410,Duck,Duck,FW,U,M,dabbling,Anasacuta,"GrizzlyIslandWildlifeArea(GIWA),SolanoCounty",1.0,1.0556121842238104,-1.1416123931124087,-1.1416123931124087,-1.1416123931124087,2.93592505079331,-1.1416123931124087,-1.1416123931124087,-1.1416123931124087,-1.1416123931124087,-1.1416123931124087,-1.1416123931124087,-1.1416123931124087,4.460506427767292,-1.1416123931124087,-1.1416123931124087,-1.1416123931124087,-1.1416123931124087,-1.1416123931124087,2.7502079049982173,-1.1416123931124087,-1.1416123931124087,-1.1416123931124087,-1.1416123931124087,6.169605991307219,-1.1416123931124087,-1.1416123931124087,-1.1416123931124087,-1.1416123931124087,-1.1416123931124087,-1.1416123931124087,-1.1416123931124087,1.6916009509438075,-1.1416123931124087,-1.1416123931124087,-1.1416123931124087,-1.1416123931124087,-1.1416123931124087,-1.1416123931124087,-1.1416123931124087,-1.1416123931124087,0.8042977559429048,0.4678255193216918,2.354895168354071,6.450753735407387,4.383840546019375,-1.1416123931124087,4.678470537239953,-1.1416123931124087,-1.1416123931124087,3.227835459354613,0.4678255193216918,-1.1416123931124087,-1.1416123931124087,-1.1416123931124087,1.0556121842238104,-1.1416123931124087,-1.1416123931124087,6.808890041696443,1.8028265860540316,-1.1416123931124087,-1.1416123931124087,-1.1416123931124087,-1.1416123931124087,-1.1416123931124087,-1.1416123931124087,-0.04300010444429958,-1.1416123931124087,-1.1416123931124087,6.698700590207755,-1.1416123931124087
SRR7146767,1,Pos,PRJNA464410,Duck,Duck,FW,A,F,filter,Anasclypeata,"SacramentoNationalWildlifeRefuge,GlennCounty",11.0,-1.5078769611396607,-1.5078769611396607,-1.5078769611396607,0.10156095129443976,2.4239486715846654,1.9261102433454855,1.3253363829165554,-1.5078769611396607,1.9261102433454855,0.6893476161965584,-1.5078769611396607,-1.5078769611396607,2.934774295350656,-1.5078769611396607,-1.5078769611396607,-1.5078769611396607,1.7109988637285403,-1.5078769611396607,-1.5078769611396607,-0.4092646724715516,-1.5078769611396607,-1.5078769611396607,-1.5078769611396607,2.6029969030336506,-1.5078769611396607,-1.5078769611396607,-0.4092646724715516,-1.5078769611396607,-1.5078769611396607,4.599145926602594,-1.5078769611396607,-1.5078769611396607,-1.5078769611396607,-1.5078769611396607,-1.5078769611396607,-1.5078769611396607,-1.5078769611396607,0.4380331879156527,0.6893476161965584,-1.5078769611396607,-1.5078769611396607,0.4380331879156527,3.8248418321257085,7.39362579631195,0.8900183116587099,-1.5078769611396607,5.494278993263961,-1.5078769611396607,-1.5078769611396607,1.4365620180267795,-1.5078769611396607,1.9261102433454855,2.047471100349753,0.10156095129443976,0.10156095129443976,0.6893476161965584,-0.4092646724715516,0.6893476161965584,-1.5078769611396607,-1.5078769611396607,0.10156095129443976,-1.5078769611396607,-1.5078769611396607,2.8096111523966503,-1.5078769611396607,4.0489511005598775,-1.5078769611396607,-1.5078769611396607,2.78258248000873,2.383943336970966
SRR7146769,1,Pos,PRJNA464410,Duck,Duck,FW,A,M,filter,Anasclypeata,"SacramentoNationalWildlifeRefuge,GlennCounty",11.0,-1.385790068113562,-1.385790068113562,-1.385790068113562,-1.385790068113562,-1.385790068113562,-1.385790068113562,-1.385790068113562,-1.385790068113562,0.5601200809417506,1.1791592893479743,-1.385790068113562,-1.385790068113562,3.8236960847278585,-1.385790068113562,-1.385790068113562,-1.385790068113562,2.8768898089277535,-1.385790068113562,-1.385790068113562,-1.385790068113562,1.3222601329886476,-1.385790068113562,-1.385790068113562,-1.385790068113562,-1.385790068113562,-1.385790068113562,1.1791592893479743,0.8114345092226571,-1.385790068113562,-1.385790068113562,-1.385790068113562,-1.385790068113562,-1.385790068113562,-1.385790068113562,1.0121052046848078,-1.385790068113562,-1.385790068113562,2.848316436483697,2.4208724216567576,-1.385790068113562,-1.385790068113562,3.056861188376754,-1.385790068113562,5.051961581622839,-1.385790068113562,0.22364784432053764,3.4100004774831785,-1.385790068113562,1.1791592893479743,-1.385790068113562,-1.385790068113562,-1.385790068113562,2.9836577843534595,1.3222601329886476,-1.385790068113562,7.215560431309399,2.6572611997209874,1.5586489110528783,-1.385790068113562,-1.385790068113562,-1.385790068113562,-1.385790068113562,-1.385790068113562,3.5629698222646056,-1.385790068113562,1.6587323696098606,-1.385790068113562,-1.385790068113562,5.873326059983539,5.958282782459504
SRR7146770,1,Pos,PRJNA464410,Duck,Duck,FW,A,F,filter,Anasclypeata,"SacramentoNationalWildlifeRefuge,GlennCounty",11.0,-1.5965563597000703,-1.5965563597000703,-1.5965563597000703,-0.49794407103195937,3.352203530678099,2.8920800100320703,-1.5965563597000703,-1.5965563597000703,0.9683929977614669,3.716649619341718,-1.5965563597000703,0.6006682176361497,2.067005286429577,-1.5965563597000703,-1.5965563597000703,0.3493537893552441,1.2366569843561468,-1.5965563597000703,-1.5965563597000703,-1.5965563597000703,-1.5965563597000703,-1.5965563597000703,1.6992805063042598,-1.5965563597000703,-1.5965563597000703,-1.5965563597000703,-0.49794407103195937,-1.5965563597000703,-1.5965563597000703,-1.5965563597000703,-1.5965563597000703,-1.5965563597000703,-1.5965563597000703,-1.5965563597000703,-1.5965563597000703,-1.5965563597000703,1.2366569843561468,1.2366569843561468,3.3087184187383603,-1.5965563597000703,1.6223194651681307,2.410776825532402,1.8999512017664104,3.4596894456482383,-1.5965563597000703,2.2101061300702503,2.373735553852052,-1.5965563597000703,-1.5965563597000703,-1.5965563597000703,-1.5965563597000703,-1.5965563597000703,2.2101061300702503,1.6992805063042598,-1.5965563597000703,3.716649619341718,-1.5965563597000703,1.2366569843561468,2.6081362596908964,-1.5965563597000703,-1.5965563597000703,1.6992805063042598,-1.5965563597000703,2.9781546188033134,-1.5965563597000703,-1.5965563597000703,1.8999512017664104,-1.5965563597000703,2.747249062153614,7.421775689892614
SRR7146772,1,Pos,PRJNA464410,Duck,Duck,FW,U,F,filter,Anasclypeata,"GrizzlyIslandWildlifeArea(GIWA),SolanoCounty",1.0,0.15081238744643244,-0.9477999012216767,-0.9477999012216767,0.9981102478336359,2.7157617449079687,2.7657721654826304,-0.9477999012216767,-0.9477999012216767,-0.9477999012216767,-0.9477999012216767,-0.9477999012216767,-0.9477999012216767,3.957474877216752,-0.9477999012216767,-0.9477999012216767,-0.9477999012216767,-0.9477999012216767,-0.9477999012216767,0.9981102478336359,-0.9477999012216767,0.15081238744643244,-0.9477999012216767,-0.9477999012216767,2.4861873032634687,-0.9477999012216767,-0.9477999012216767,1.6171494562398596,-0.9477999012216767,-0.9477999012216767,-0.9477999012216767,0.6616380112124229,1.760250299880532,-0.9477999012216767,-0.9477999012216767,-0.9477999012216767,-0.9477999012216767,1.760250299880532,-0.9477999012216767,1.2494246761145416,-0.9477999012216767,0.9981102478336359,0.15081238744643244,2.6631180114225472,8.08806802890395,-0.9477999012216767,0.6616380112124229,6.0616090314869595,-0.9477999012216767,-0.9477999012216767,0.15081238744643244,-0.9477999012216767,-0.9477999012216767,-0.9477999012216767,-0.9477999012216767,-0.9477999012216767,3.563059605295172,-0.9477999012216767,-0.9477999012216767,-0.9477999012216767,-0.9477999012216767,-0.9477999012216767,-0.9477999012216767,-0.9477999012216767,-0.9477999012216767,-0.9477999012216767,-0.9477999012216767,-0.9477999012216767,-0.9477999012216767,1.8854134428345386,-0.9477999012216767
SRR7146773,0,Neg,PRJNA464410,Duck,Duck,FW,A,M,dabbling,Anasamericana,"SacramentoNationalWildlifeRefuge,GlennCounty",1.0,3.3436654092259817,3.4907188271824783,1.2934942498462592,-1.2714551076152771,2.9029321622803597,-1.2714551076152771,-1.2714551076152771,-1.2714551076152771,-1.2714551076152771,-1.2714551076152771,-1.2714551076152771,-1.2714551076152771,7.208451499014943,-1.2714551076152771,-1.2714551076152771,-1.2714551076152771,-1.2714551076152771,2.024381758389052,-1.2714551076152771,-1.2714551076152771,3.3632738806143587,-1.2714551076152771,2.9029321622803597,5.998857778463748,-1.2714551076152771,-1.2714551076152771,5.137073683444221,3.572731978843314,-1.2714551076152771,-1.2714551076152771,-1.2714551076152771,5.448765047520018,-1.2714551076152771,-1.2714551076152771,-1.2714551076152771,-1.2714551076152771,-1.2714551076152771,-1.2714551076152771,-1.2714551076152771,-1.2714551076152771,-1.2714551076152771,-1.2714551076152771,-1.2714551076152771,5.527600754443519,-1.2714551076152771,-1.2714551076152771,4.05155487152313,-1.2714551076152771,-1.2714551076152771,-1.2714551076152771,2.489745008078285,-1.2714551076152771,-1.2714551076152771,-1.2714551076152771,4.650123312028539,-1.2714551076152771,-1.2714551076152771,-1.2714551076152771,-1.2714551076152771,-1.2714551076152771,-1.2714551076152771,-1.2714551076152771,-1.2714551076152771,-1.2714551076152771,-1.2714551076152771,3.9808183204313523,-1.2714551076152771,-1.2714551076152771,-1.2714551076152771,-1.2714551076152771
SRR7146774,1,Pos,PRJNA464410,Duck,Duck,FW,U,F,dabbling,Anascarolinensis,"GrizzlyIslandWildlifeArea(GIWA),SolanoCounty",1.0,1.3681633635444843,-1.0297319092538864,-1.0297319092538864,1.3681633635444843,0.9161782398014271,-1.0297319092538864,-1.0297319092538864,-1.0297319092538864,-1.0297319092538864,-1.0297319092538864,-1.0297319092538864,-1.0297319092538864,5.141968688157029,-1.0297319092538864,0.5797060031802141,-1.0297319092538864,-1.0297319092538864,-1.0297319092538864,2.820415692456172,-1.0297319092538864,0.5797060031802141,-1.0297319092538864,-1.0297319092538864,6.49698565209882,-1.0297319092538864,-1.0297319092538864,2.940560004298236,0.9161782398014271,-1.0297319092538864,-1.0297319092538864,-1.0297319092538864,2.014790528469537,-1.0297319092538864,-1.0297319092538864,-1.0297319092538864,-1.0297319092538864,-1.0297319092538864,-1.0297319092538864,-1.0297319092538864,-1.0297319092538864,-1.0297319092538864,-1.0297319092538864,-1.0297319092538864,6.8506944350385135,-1.0297319092538864,-1.0297319092538864,5.090565509697065,-1.0297319092538864,-1.0297319092538864,0.9161782398014271,-1.0297319092538864,-1.0297319092538864,-1.0297319092538864,-1.0297319092538864,2.4667756522125943,-1.0297319092538864,-1.0297319092538864,-1.0297319092538864,-1.0297319092538864,1.3681633635444843,-1.0297319092538864,-1.0297319092538864,-1.0297319092538864,1.8034814348023298,-1.0297319092538864,1.5352174482076508,-1.0297319092538864,-1.0297319092538864,7.342435510112094,-1.0297319092538864
SRR7146775,0,Neg,PRJNA464410,Duck,Duck,S,H,M,dabbling,Anasplatyrhynchos,"SuisunMarsh/Balboa,SolanoCounty",7.0,-2.0389375218082124,-2.0389375218082124,-2.0389375218082124,-2.0389375218082124,1.6246241243214339,-2.0389375218082124,-2.0389375218082124,0.9055014573582278,3.192171095046374,2.379903085988385,5.138081244101688,-2.0389375218082124,1.7677249679621072,-2.0389375218082124,-2.0389375218082124,3.05481267899855,3.4944519669193075,-2.0389375218082124,2.7401859713033163,1.1799383030599877,0.9055014573582278,-2.0389375218082124,2.004113746026337,-2.0389375218082124,-2.0389375218082124,-2.0389375218082124,-0.09302737275289985,-2.0389375218082124,1.6746345448960946,-2.0389375218082124,-2.0389375218082124,-0.09302737275289985,-2.0389375218082124,-2.0389375218082124,-2.0389375218082124,-2.0389375218082124,-2.0389375218082124,-2.0389375218082124,-2.0389375218082124,-2.0389375218082124,-2.0389375218082124,-2.0389375218082124,0.7942758222480037,6.358796229570697,-2.0389375218082124,0.5260118356533239,3.7870625855722375,3.9246418218102335,2.493661971345043,-2.0389375218082124,2.071936342365099,0.7942758222480037,3.181418303270112,-0.4294996093741128,3.1372122107656164,-2.0389375218082124,2.978342315006712,2.991500399584223,-2.0389375218082124,4.46983161516347,-2.0389375218082124,-2.0389375218082124,-2.0389375218082124,4.73070445504429,-2.0389375218082124,1.3950496826769339,1.1799383030599877,-2.0389375218082124,1.1799383030599877,-2.0389375218082124
SRR7146776,1,Pos,PRJNA464410,Duck,Duck,S,H,F,dabbling,Anasplatyrhynchos,"GrizzlyIslandWildlifeArea(GIWA),SolanoCounty",7.0,1.8015924898236833,1.8682838643223558,0.6315212371734287,-1.5657033401627904,-1.5657033401627904,-1.5657033401627904,-1.5657033401627904,-1.5657033401627904,-1.5657033401627904,6.3777244277135825,0.6315212371734287,-1.5657033401627904,5.268405398651048,-1.5657033401627904,-1.5657033401627904,-1.5657033401627904,-1.5657033401627904,-1.5657033401627904,2.6684031644344692,-1.5657033401627904,2.097858305966856,-1.5657033401627904,-1.5657033401627904,6.264324742371049,0.9992460172987458,-1.5657033401627904,2.966896152990466,0.04373457227131006,2.4416298450696807,-1.5657033401627904,-1.5657033401627904,3.3246457880589633,0.6315212371734287,-1.5657033401627904,-1.5657033401627904,0.380206808892523,-1.5657033401627904,-1.5657033401627904,-1.5657033401627904,-1.5657033401627904,-1.5657033401627904,-1.5657033401627904,0.6315212371734287,6.219601842377071,1.2675100038934257,-1.5657033401627904,3.868018663391449,-1.5657033401627904,-1.5657033401627904,1.9308042213036893,0.9992460172987458,3.262610397139511,1.5697908757663592,-1.5657033401627904,-1.5657033401627904,-1.5657033401627904,1.2675100038934257,-1.5657033401627904,-1.5657033401627904,3.213420152948739,-1.5657033401627904,3.599082633760724,-1.5657033401627904,-1.5657033401627904,-1.5657033401627904,-1.5657033401627904,-1.5657033401627904,-0.46709105149468133,-1.5657033401627904,-1.5657033401627904
SRR7146777,0,Neg,PRJNA464410,Duck,Duck,FW,A,M,filter,Anasclypeata,"SacramentoNationalWildlifeRefuge,GlennCounty",1.0,-0.1538202442526666,0.18265199236854635,-1.763258156686767,-1.763258156686767,1.1811808224796732,-1.763258156686767,-1.763258156686767,-1.763258156686767,-1.763258156686767,3.424127649153988,-1.763258156686767,-1.763258156686767,4.038860218690296,-0.1538202442526666,-1.763258156686767,0.6346371161116036,-1.763258156686767,-1.763258156686767,0.433966420649452,-1.763258156686767,1.2812642810366563,0.18265199236854635,0.433966420649452,0.6346371161116036,1.1811808224796732,-1.763258156686767,2.0868894450232913,1.455617668181434,-1.763258156686767,1.2812642810366563,-1.763258156686767,1.455617668181434,-1.763258156686767,-1.763258156686767,0.9447920444154434,-1.763258156686767,-1.763258156686767,1.069955187369449,0.433966420649452,-1.763258156686767,-1.763258156686767,-1.763258156686767,3.7461301799412103,7.137699715858296,-1.763258156686767,-1.763258156686767,4.387344611759513,-1.763258156686767,2.0868894450232913,3.1995864735731407,2.168567476037559,-1.763258156686767,-1.763258156686767,-1.763258156686767,1.1811808224796732,1.9979419590067957,-1.763258156686767,-1.763258156686767,-1.763258156686767,1.2812642810366563,-1.763258156686767,-1.763258156686767,1.532578709317562,-1.763258156686767,-1.763258156686767,2.8318616934478227,3.489015271359863,-1.763258156686767,1.9503139100175408,4.457332013412972
SRR7146778,0,Neg,PRJNA464410,Duck,Duck,FW,H,M,filter,Anasclypeata,"SacramentoNationalWildlifeRefuge,GlennCounty",1.0,3.2449321843137673,3.489385522214728,-0.9294550855818695,-0.9294550855818695,-0.9294550855818695,-0.9294550855818695,-0.9294550855818695,-0.9294550855818695,-0.9294550855818695,-0.9294550855818695,-0.9294550855818695,-0.9294550855818695,6.043151165719884,-0.9294550855818695,-0.9294550855818695,-0.9294550855818695,-0.9294550855818695,1.6354942718796668,-0.9294550855818695,-0.9294550855818695,3.181418778591441,-0.9294550855818695,-0.9294550855818695,5.860642149932035,2.437840744404604,-0.9294550855818695,2.6814628270623544,2.504532118903276,-0.9294550855818695,-0.9294550855818695,-0.9294550855818695,4.164295115224892,-0.9294550855818695,-0.9294550855818695,-0.9294550855818695,-0.9294550855818695,-0.9294550855818695,-0.9294550855818695,-0.9294550855818695,-0.9294550855818695,-0.9294550855818695,-0.9294550855818695,-0.9294550855818695,7.888879197970304,-0.9294550855818695,-0.9294550855818695,-0.9294550855818695,-0.9294550855818695,-0.9294550855818695,-0.9294550855818695,-0.9294550855818695,-0.9294550855818695,1.77859511552034,-0.9294550855818695,-0.9294550855818695,-0.9294550855818695,1.4684401872165003,-0.9294550855818695,-0.9294550855818695,-0.9294550855818695,-0.9294550855818695,-0.9294550855818695,-0.9294550855818695,-0.9294550855818695,-0.9294550855818695,5.670415413630966,-0.9294550855818695,-0.9294550855818695,-0.9294550855818695,-0.9294550855818695
SRR7146780,1,Pos,PRJNA464410,Duck,Duck,FW,U,F,dabbling,Anascarolinensis,"GrizzlyIslandWildlifeArea(GIWA),SolanoCounty",1.0,1.5911665752955146,-1.6277092495726864,1.0803409515295241,-1.6277092495726864,3.0818209517396484,-1.6277092495726864,-1.6277092495726864,-1.6277092495726864,-1.6277092495726864,5.1442263062669165,-1.6277092495726864,-1.6277092495726864,5.374446704830936,-1.6277092495726864,-1.6277092495726864,1.3167297295937548,-1.6277092495726864,-1.6277092495726864,-1.6277092495726864,-1.6277092495726864,1.5911665752955146,-1.6277092495726864,-1.6277092495726864,4.204173227710831,-0.5290969609045755,-1.6277092495726864,2.6063972550245733,-1.6277092495726864,1.3167297295937548,-1.6277092495726864,-1.6277092495726864,2.741738602894336,1.0803409515295241,-1.6277092495726864,-1.6277092495726864,-1.6277092495726864,-1.6277092495726864,-1.6277092495726864,1.2055040944835307,-1.6277092495726864,0.7701860232256852,-1.6277092495726864,2.8381988690818982,6.1382838298349895,-1.6277092495726864,-0.018271337138584975,6.39682562203301,-1.6277092495726864,-1.6277092495726864,-1.6277092495726864,-1.6277092495726864,-1.6277092495726864,-1.6277092495726864,-1.6277092495726864,2.379623935659785,1.3167297295937548,-1.6277092495726864,3.537076724350828,-1.6277092495726864,1.2055040944835307,-1.6277092495726864,3.6554944791653026,-1.6277092495726864,-1.6277092495726864,-1.6277092495726864,4.797159774332702,-1.6277092495726864,-1.6277092495726864,4.850800392635883,0.318200899482628
SRR7146781,0,Neg,PRJNA464410,Duck,Duck,FW,H,M,dabbling,Anasamericana,"SacramentoNationalWildlifeRefuge,GlennCounty",1.0,-1.4460429788417306,-1.4460429788417306,0.951852293956641,-1.4460429788417306,2.445777319268897,-1.4460429788417306,1.1189063786198066,-1.4460429788417306,-1.4460429788417306,-1.4460429788417306,-1.4460429788417306,-1.4460429788417306,5.222185269575673,-1.4460429788417306,1.4983960003247105,-1.4460429788417306,-1.4460429788417306,-1.4460429788417306,1.921252851144744,-1.4460429788417306,-1.4460429788417306,0.16339493359237078,-1.4460429788417306,5.498044229387798,-1.4460429788417306,-1.4460429788417306,3.188686009387906,2.2675290878625782,-1.4460429788417306,-1.4460429788417306,-1.4460429788417306,2.36061951092859,2.05046458262475,-1.4460429788417306,-1.4460429788417306,-1.4460429788417306,-1.4460429788417306,-1.4460429788417306,-1.4460429788417306,-1.4460429788417306,0.16339493359237078,1.7728328460264713,-1.4460429788417306,6.2872026676880655,5.2348116999484855,-1.4460429788417306,4.7045597896045495,-1.4460429788417306,2.445777319268897,-1.4460429788417306,2.445777319268897,-1.4460429788417306,-1.4460429788417306,-1.4460429788417306,0.49986717021358373,-1.4460429788417306,-1.4460429788417306,-1.4460429788417306,-0.3474306901736197,-0.3474306901736197,2.5970082889928205,-1.4460429788417306,1.4983960003247105,-1.4460429788417306,-1.4460429788417306,6.86510956915996,-1.4460429788417306,-1.4460429788417306,1.1189063786198066,-1.4460429788417306
SRR7146782,0,Neg,PRJNA464410,Duck,Duck,FW,A,M,dabbling,Anasamericana,"SacramentoNationalWildlifeRefuge,GlennCounty",1.0,1.914098753240423,-1.5824088082260568,1.7134280577782723,-1.5824088082260568,4.515665473940183,-1.5824088082260568,1.3620301709403835,-1.5824088082260568,-1.5824088082260568,3.7788833574833682,0.36350134082925667,-1.5824088082260568,4.7892030390058,-1.5824088082260568,-1.5824088082260568,-1.5824088082260568,-1.5824088082260568,-1.5824088082260568,0.8154864645723139,-1.5824088082260568,1.914098753240423,-1.5824088082260568,-1.5824088082260568,4.819508388501129,-1.5824088082260568,-1.5824088082260568,2.495128635679663,1.9729392532633563,-1.5824088082260568,-1.5824088082260568,1.4621136294973658,2.4249243770064135,-1.5824088082260568,-1.5824088082260568,-1.5824088082260568,-1.5824088082260568,-1.5824088082260568,-1.5824088082260568,-1.5824088082260568,-1.5824088082260568,-1.5824088082260568,0.9825405492354795,-1.5824088082260568,6.907824201607397,2.5284650559472546,-1.5824088082260568,4.47904811070196,-0.48379651955794767,1.3620301709403835,2.131163258478251,-1.5824088082260568,-1.5824088082260568,-1.5824088082260568,-1.5824088082260568,-1.5824088082260568,-1.5824088082260568,-1.5824088082260568,-1.5824088082260568,0.36350134082925667,-1.5824088082260568,4.70730676268294,-1.5824088082260568,1.8515783962590895,-1.5824088082260568,-1.5824088082260568,5.132974578108624,-1.5824088082260568,-1.5824088082260568,5.3223419617357814,-1.5824088082260568
SRR7146783,0,Neg,PRJNA464410,Duck,Duck,FW,A,M,dabbling,Anasamericana,"SacramentoNationalWildlifeRefuge,GlennCounty",1.0,-1.6448854241687245,-1.6448854241687245,-1.6448854241687245,2.7495637305037137,6.624102785337932,-1.6448854241687245,-1.6448854241687245,-1.6448854241687245,-1.6448854241687245,-1.6448854241687245,1.2995535549977157,-1.6448854241687245,2.498249302222808,-1.6448854241687245,-1.6448854241687245,-1.6448854241687245,-1.6448854241687245,-1.6448854241687245,-1.6448854241687245,-1.6448854241687245,-1.6448854241687245,-1.6448854241687245,-1.6448854241687245,4.698995009957606,-0.5462731355006154,-1.6448854241687245,-1.6448854241687245,-1.6448854241687245,-1.6448854241687245,-1.6448854241687245,3.1993016622898667,-1.6448854241687245,-1.6448854241687245,-1.6448854241687245,0.7530098486296453,-1.6448854241687245,2.498249302222808,2.773955183627873,3.7975322863530687,2.559807195222241,2.559807195222241,3.496778132333935,-1.6448854241687245,5.7545126591626286,2.9089914674318162,-1.6448854241687245,2.9898435640609113,-1.6448854241687245,0.5523391531674946,2.018676221960922,-1.6448854241687245,-1.6448854241687245,-1.6448854241687245,-1.6448854241687245,-0.035447511734624904,-1.6448854241687245,-1.6448854241687245,-1.6448854241687245,-1.6448854241687245,-0.035447511734624904,4.8786768819807875,-1.6448854241687245,-1.6448854241687245,-1.6448854241687245,5.007977605184623,5.239601227874058,0.30102472488658805,-1.6448854241687245,3.8315781277627856,-1.6448854241687245
SRR7146784,1,Pos,PRJNA464410,Duck,Duck,FW,U,M,dabbling,Anasacuta,"GrizzlyIslandWildlifeArea(GIWA),SolanoCounty",12.0,-0.8975767420376748,-0.8975767420376748,-0.8975767420376748,-0.8975767420376748,1.0483334070176378,-0.8975767420376748,1.500318530760695,-0.8975767420376748,-0.8975767420376748,0.20103554663043433,-0.8975767420376748,-0.8975767420376748,0.7118611703964248,-0.8975767420376748,-0.8975767420376748,-0.8975767420376748,-0.8975767420376748,-0.8975767420376748,3.4968724126347634,-0.8975767420376748,0.20103554663043433,-0.8975767420376748,-0.8975767420376748,5.637664528975984,-0.8975767420376748,-0.8975767420376748,0.20103554663043433,-0.8975767420376748,-0.8975767420376748,-0.8975767420376748,-0.8975767420376748,-0.8975767420376748,-0.8975767420376748,-0.8975767420376748,-0.8975767420376748,-0.8975767420376748,-0.8975767420376748,-0.8975767420376748,1.500318530760695,0.20103554663043433,-0.8975767420376748,-0.8975767420376748,-0.8975767420376748,7.5259648932971075,2.3982601239666543,-0.8975767420376748,3.545074514452641,-0.8975767420376748,-0.8975767420376748,-0.8975767420376748,-0.8975767420376748,-0.8975767420376748,-0.8975767420376748,-0.8975767420376748,-0.8975767420376748,-0.8975767420376748,0.20103554663043433,-0.8975767420376748,-0.8975767420376748,-0.8975767420376748,2.6577713194517383,4.974541047437741,-0.8975767420376748,-0.8975767420376748,0.20103554663043433,2.146945695685748,-0.8975767420376748,-0.8975767420376748,7.426274389301142,-0.8975767420376748
SRR7146785,0,Neg,PRJNA464410,Duck,Duck,FW,A,M,filter,Anasclypeata,"SacramentoNationalWildlifeRefuge,GlennCounty",1.0,-0.29671724344729267,0.21410838031869783,0.5505806169399108,0.8018950452208173,3.965962633594023,-1.3953295321154018,-1.3953295321154018,-1.3953295321154018,-1.3953295321154018,1.002565740682968,-0.29671724344729267,-1.3953295321154018,3.965962633594023,-1.3953295321154018,-1.3953295321154018,-1.3953295321154018,-0.29671724344729267,2.4548180695946566,-1.3953295321154018,-1.3953295321154018,-1.3953295321154018,-1.3953295321154018,0.8018950452208173,1.4378838119408144,-1.3953295321154018,-1.3953295321154018,1.1696198253461345,0.21410838031869783,-1.3953295321154018,1.1696198253461345,-1.3953295321154018,1.002565740682968,-0.29671724344729267,-1.3953295321154018,-1.3953295321154018,-1.3953295321154018,-1.3953295321154018,1.8235462927527983,0.21410838031869783,1.4378838119408144,-1.3953295321154018,-1.3953295321154018,4.153746552779818,7.6333690519715836,-1.3953295321154018,1.3127206689868078,3.093306837616738,-1.3953295321154018,-1.3953295321154018,2.4964907659952242,-1.3953295321154018,-1.3953295321154018,-1.3953295321154018,0.5505806169399108,4.729353858778802,-1.3953295321154018,-1.3953295321154018,-1.3953295321154018,-1.3953295321154018,0.21410838031869783,-1.3953295321154018,1.740164683813748,-1.3953295321154018,-1.3953295321154018,-1.3953295321154018,3.432984205186899,1.8235462927527983,-1.3953295321154018,0.8018950452208173,-1.3953295321154018
SRR7146786,1,Pos,PRJNA464410,Duck,Duck,FW,U,M,dabbling,Anascarolinensis,"GrizzlyIslandWildlifeArea(GIWA),SolanoCounty",12.0,0.3961237539950586,-0.1916629109070609,-0.1916629109070609,-1.8011008233411605,2.687535546390979,0.3961237539950586,0.3961237539950586,-1.8011008233411605,-0.7024885346730514,3.976551499881496,1.0321125207150557,-1.8011008233411605,2.7097586831756892,-1.8011008233411605,0.3961237539950586,-1.8011008233411605,-1.8011008233411605,-0.7024885346730514,-0.7024885346730514,-1.8011008233411605,-0.1916629109070609,-1.8011008233411605,-1.8011008233411605,5.631974525557419,-1.8011008233411605,-1.8011008233411605,0.7638485341203758,-0.1916629109070609,-0.7024885346730514,-0.7024885346730514,-0.7024885346730514,0.3961237539950586,-1.8011008233411605,-0.1916629109070609,-1.8011008233411605,-1.8011008233411605,0.9069493777610491,0.9069493777610491,0.9069493777610491,-0.1916629109070609,-1.8011008233411605,2.005561666429159,2.4893586178072304,5.951234339961131,-1.8011008233411605,-0.7024885346730514,4.539258480386591,-1.8011008233411605,-1.8011008233411605,0.5967944494572093,-1.8011008233411605,-1.8011008233411605,-1.8011008233411605,-1.8011008233411605,-0.1916629109070609,-1.8011008233411605,-1.8011008233411605,-1.8011008233411605,-1.8011008233411605,-0.7024885346730514,3.1756329190794137,1.4177750015270396,2.5427045985125227,-1.8011008233411605,1.0321125207150557,0.14480932571415206,3.104173955097269,0.3961237539950586,6.547673716450113,0.14480932571415206
SRR7146787,1,Pos,PRJNA464410,Duck,Duck,S,H,M,dabbling,Anasplatyrhynchos,"GrizzlyIslandWildlifeArea(GIWA),SolanoCounty",7.0,-0.9471417455959052,-0.9471417455959052,-0.9471417455959052,-0.9471417455959052,1.7609084555063044,-0.9471417455959052,-0.9471417455959052,-0.9471417455959052,-0.9471417455959052,7.376709385742911,-0.9471417455959052,-0.9471417455959052,2.903005856114153,-0.9471417455959052,-0.9471417455959052,5.155416849017664,-0.9471417455959052,-0.9471417455959052,5.304762137569983,-0.9471417455959052,-0.9471417455959052,-0.9471417455959052,-0.9471417455959052,4.25135528566992,-0.9471417455959052,-0.9471417455959052,0.9987684034594073,-0.9471417455959052,3.5187663730586785,-0.9471417455959052,-0.9471417455959052,0.15147054307220387,-0.9471417455959052,-0.9471417455959052,-0.9471417455959052,-0.9471417455959052,-0.9471417455959052,-0.9471417455959052,-0.9471417455959052,-0.9471417455959052,-0.9471417455959052,0.6622961668381944,-0.9471417455959052,4.451020955921847,-0.9471417455959052,-0.9471417455959052,4.158803728304675,-0.9471417455959052,-0.9471417455959052,-0.9471417455959052,-0.9471417455959052,-0.9471417455959052,1.2500828317403139,-0.9471417455959052,-0.9471417455959052,-0.9471417455959052,2.766430321108402,-0.9471417455959052,-0.9471417455959052,-0.9471417455959052,-0.9471417455959052,7.382998714650476,-0.9471417455959052,-0.9471417455959052,-0.9471417455959052,-0.9471417455959052,-0.9471417455959052,-0.9471417455959052,-0.9471417455959052,-0.9471417455959052
SRR7146788,1,Pos,PRJNA464410,Duck,Duck,FW,U,F,filter,Anasclypeata,"GrizzlyIslandWildlifeArea(GIWA),SolanoCounty",10.0,-0.7517930757347449,-1.850405364402854,0.7145439930586823,-1.850405364402854,2.5440437902695843,0.7145439930586823,-1.850405364402854,-1.850405364402854,-1.850405364402854,-1.850405364402854,-1.850405364402854,-1.850405364402854,3.9637251674222114,-1.850405364402854,2.9117685703949014,2.8409425178262886,-1.850405364402854,-0.24096745196875435,2.4122745126384606,-1.850405364402854,1.6461021970636258,-0.7517930757347449,0.0955047846524586,0.7145439930586823,-0.7517930757347449,-1.850405364402854,1.4454315016014743,1.0940336147635854,1.9997422373072036,4.482874263736836,-1.850405364402854,0.8576448366993557,-1.850405364402854,-1.850405364402854,1.4454315016014743,-1.850405364402854,-1.850405364402854,-1.850405364402854,-0.24096745196875435,-1.850405364402854,-1.850405364402854,-0.24096745196875435,4.574463659502533,6.1057209868106455,-1.850405364402854,-0.7517930757347449,6.008621615348683,-1.850405364402854,-1.850405364402854,2.859124836909479,1.5835818400822914,-1.850405364402854,0.0955047846524586,-1.850405364402854,0.5474899083955158,-1.850405364402854,0.9828079796533613,-1.850405364402854,-1.850405364402854,2.440054076745536,-1.850405364402854,5.7509969701808785,-1.850405364402854,-1.850405364402854,-1.850405364402854,2.1198865491492667,0.7145439930586823,-1.850405364402854,-1.850405364402854,2.9779083728994467
SRR7146789,1,Pos,PRJNA464410,Duck,Duck,S,H,M,dabbling,Anasplatyrhynchos,"MandevilleIsland,SanJoaquinCounty",8.0,-1.2382818688829937,-1.2382818688829937,-1.2382818688829937,-1.2382818688829937,0.9589427084532254,0.7076282801723188,-1.2382818688829937,-1.2382818688829937,-1.2382818688829937,-1.2382818688829937,-1.2382818688829937,-1.2382818688829937,4.044921859854995,-1.2382818688829937,-1.2382818688829937,-1.2382818688829937,-1.2382818688829937,1.159613403915376,-1.2382818688829937,-1.2382818688829937,0.9589427084532254,-1.2382818688829937,1.159613403915376,3.396447119346642,-1.2382818688829937,-1.2382818688829937,1.5949314751732224,-1.2382818688829937,-1.2382818688829937,3.65206725933876,-1.2382818688829937,1.897212347046156,-1.2382818688829937,-1.2382818688829937,-1.2382818688829937,-1.2382818688829937,-1.2382818688829937,-1.2382818688829937,1.3266674885785426,-1.2382818688829937,-1.2382818688829937,-1.2382818688829937,5.751053397091566,7.740252541200325,2.4252797772466526,-1.2382818688829937,3.0243980081583217,-1.2382818688829937,-1.2382818688829937,2.12901396110348,-1.2382818688829937,-1.2382818688829937,1.8062405688404288,-1.2382818688829937,3.0243980081583217,-1.2382818688829937,-1.2382818688829937,-1.2382818688829937,-1.2382818688829937,-1.2382818688829937,-1.2382818688829937,3.272577637633856,-1.2382818688829937,0.3711560435511059,0.7076282801723188,2.995824635714265,-1.2382818688829937,-1.2382818688829937,-0.13966958021488463,2.995824635714265
SRR7146790,1,Pos,PRJNA464410,Duck,Duck,S,A,M,dabbling,Anasplatyrhynchos,"MandevilleIsland,SanJoaquinCounty",8.0,1.9704805562882761,0.5567872209802713,-1.6404373563559478,-1.6404373563559478,4.797314293380453,0.757457916442422,0.3054727926993648,-1.6404373563559478,-1.6404373563559478,1.6553995096483813,-1.6404373563559478,1.0676128447462618,4.488612853704597,-1.6404373563559478,1.3040016228104925,-1.6404373563559478,-1.6404373563559478,-1.6404373563559478,1.495056859573202,-1.6404373563559478,0.9245120011055885,-1.6404373563559478,-1.6404373563559478,5.074946029978733,-1.6404373563559478,-1.6404373563559478,1.9149107051334653,-0.03099944392184817,-1.6404373563559478,-1.6404373563559478,-0.03099944392184817,1.726858473630526,-1.6404373563559478,-1.6404373563559478,-1.6404373563559478,-1.6404373563559478,-1.6404373563559478,-1.6404373563559478,1.3040016228104925,-1.6404373563559478,-1.6404373563559478,2.4026139114786016,3.138686136755581,6.595188363608362,-0.5418250676878387,-1.6404373563559478,4.56815266974068,-1.6404373563559478,-1.6404373563559478,3.264837422082482,-1.6404373563559478,-0.03099944392184817,-1.6404373563559478,-1.6404373563559478,1.5784384685122523,-1.6404373563559478,0.3054727926993648,-1.6404373563559478,4.312805977931836,-0.03099944392184817,-1.6404373563559478,-1.6404373563559478,-1.6404373563559478,-1.6404373563559478,-1.6404373563559478,6.102398599074801,-1.6404373563559478,-1.6404373563559478,4.671297452796967,-1.6404373563559478
SRR7146792,1,Pos,PRJNA464410,Duck,Duck,S,H,F,dabbling,Anasplatyrhynchos,"MandevilleIsland,SanJoaquinCounty",8.0,-0.7924808848907876,-0.7924808848907876,-0.7924808848907876,-0.7924808848907876,-0.7924808848907876,-0.7924808848907876,-0.7924808848907876,5.145055320191639,4.470209304014098,6.933731765616741,-0.7924808848907876,-0.7924808848907876,1.4047436924454315,-0.7924808848907876,-0.7924808848907876,-0.7924808848907876,-0.7924808848907876,-0.7924808848907876,-0.7924808848907876,-0.7924808848907876,-0.7924808848907876,-0.7924808848907876,7.375154830355581,-0.7924808848907876,-0.7924808848907876,5.71330317523744,-0.7924808848907876,-0.7924808848907876,-0.7924808848907876,-0.7924808848907876,-0.7924808848907876,-0.7924808848907876,-0.7924808848907876,-0.7924808848907876,-0.7924808848907876,-0.7924808848907876,-0.7924808848907876,-0.7924808848907876,-0.7924808848907876,-0.7924808848907876,-0.7924808848907876,-0.7924808848907876,-0.7924808848907876,4.406016146375038,-0.7924808848907876,-0.7924808848907876,-0.7924808848907876,-0.7924808848907876,-0.7924808848907876,-0.7924808848907876,-0.7924808848907876,-0.7924808848907876,-0.7924808848907876,6.427892951833162,-0.7924808848907876,-0.7924808848907876,-0.7924808848907876,-0.7924808848907876,-0.7924808848907876,-0.7924808848907876,-0.7924808848907876,-0.7924808848907876,-0.7924808848907876,6.465226792269255,-0.7924808848907876,-0.7924808848907876,-0.7924808848907876,-0.7924808848907876,-0.7924808848907876,-0.7924808848907876
SRR7146794,0,Neg,PRJNA464410,Duck,Duck,S,A,M,dabbling,Anasplatyrhynchos,"MandevilleIsland,SanJoaquinCounty",8.0,-1.5942568396737355,1.5412373762554141,-1.5942568396737355,-1.5942568396737355,-1.5942568396737355,-1.5942568396737355,-1.5942568396737355,3.658016588372894,4.773930346676757,4.784169343977851,-1.5942568396737355,-1.5942568396737355,4.503817442492505,-1.5942568396737355,-1.5942568396737355,-1.5942568396737355,4.11285342507514,-1.5942568396737355,-1.5942568396737355,3.865328674470423,-1.5942568396737355,-1.5942568396737355,5.69124970884905,2.4832806042319833,-1.5942568396737355,2.2975634584368905,2.0693048064559108,-1.5942568396737355,-1.5942568396737355,-1.5942568396737355,-1.5942568396737355,2.916602666843114,-1.5942568396737355,1.113793361428474,-1.5942568396737355,-1.5942568396737355,-1.5942568396737355,-1.5942568396737355,-1.5942568396737355,-1.5942568396737355,-1.5942568396737355,-1.5942568396737355,-1.5942568396737355,4.868772617246934,1.9022507217927442,-1.5942568396737355,3.8905400938169192,-1.5942568396737355,-1.5942568396737355,-1.5942568396737355,-1.5942568396737355,-1.5942568396737355,5.55487475888367,3.776381188453927,3.6684333492311496,-1.5942568396737355,4.231743267706714,-1.5942568396737355,-1.5942568396737355,-1.5942568396737355,-1.5942568396737355,-1.5942568396737355,-1.5942568396737355,6.4144413433147935,-1.5942568396737355,-1.5942568396737355,-1.5942568396737355,-1.5942568396737355,-1.5942568396737355,-1.5942568396737355
SRR7146797,1,Pos,PRJNA464410,Duck,Duck,S,A,M,dabbling,Anasplatyrhynchos,"MandevilleIsland,SanJoaquinCounty",8.0,1.9958002759392937,-1.5007072855271861,0.8971879872711837,-1.5007072855271861,-1.5007072855271861,-1.5007072855271861,-1.5007072855271861,3.2784162075843426,5.716736146169346,4.04055625963124,-1.5007072855271861,-1.5007072855271861,6.256771481056992,-1.5007072855271861,-1.5007072855271861,-1.5007072855271861,5.484934532112022,-1.5007072855271861,-1.5007072855271861,-1.5007072855271861,3.0531696060733546,-1.5007072855271861,5.040322713662716,-1.5007072855271861,0.696517291809033,-1.5007072855271861,1.0642420719343502,2.6424274408643464,-1.5007072855271861,-1.5007072855271861,-1.5007072855271861,3.580697079457276,-1.5007072855271861,-1.5007072855271861,-1.5007072855271861,-1.5007072855271861,-1.5007072855271861,-1.5007072855271861,-1.5007072855271861,-1.5007072855271861,-1.5007072855271861,-1.5007072855271861,-1.5007072855271861,3.5427178313920606,-1.5007072855271861,-1.5007072855271861,-1.5007072855271861,-1.5007072855271861,-1.5007072855271861,-1.5007072855271861,-1.5007072855271861,-1.5007072855271861,5.754177524550151,2.8687405669398354,0.8971879872711837,-1.5007072855271861,3.476026456893388,4.079022540459036,-1.5007072855271861,-1.5007072855271861,-1.5007072855271861,-1.5007072855271861,-1.5007072855271861,5.873921729691759,-1.5007072855271861,3.2950832600695543,-1.5007072855271861,-1.5007072855271861,-1.5007072855271861,-1.5007072855271861
SRR7146798,0,Neg,PRJNA464410,Duck,Duck,S,H,M,dabbling,Anasplatyrhynchos,"MandevilleIsland,SanJoaquinCounty",8.0,-1.4579166329778346,-1.4579166329778346,-1.4579166329778346,-1.4579166329778346,-1.4579166329778346,-1.4579166329778346,-1.4579166329778346,-1.4579166329778346,4.379813814188105,4.02688030051282,-1.4579166329778346,-1.4579166329778346,5.890027190170851,-1.4579166329778346,-1.4579166329778346,-1.4579166329778346,5.58174371688424,-1.4579166329778346,-1.4579166329778346,-1.4579166329778346,-1.4579166329778346,-1.4579166329778346,4.180438036355911,0.7393079443583845,-1.4579166329778346,-1.4579166329778346,2.348745856792485,1.7609591918903655,-1.4579166329778346,-1.4579166329778346,-1.4579166329778346,3.4324324952439182,1.8379202330264937,-1.4579166329778346,-1.4579166329778346,-1.4579166329778346,-1.4579166329778346,-1.4579166329778346,-1.4579166329778346,-1.4579166329778346,-1.4579166329778346,-1.4579166329778346,-1.4579166329778346,-1.4579166329778346,-1.4579166329778346,-1.4579166329778346,2.0974314285115785,-1.4579166329778346,-1.4579166329778346,-1.4579166329778346,-1.4579166329778346,-1.4579166329778346,6.15738170684798,3.074682860175421,2.652957231195476,-1.4579166329778346,3.695374961519944,4.106603774344858,-1.4579166329778346,-1.4579166329778346,-1.4579166329778346,-1.4579166329778346,3.4172806902233166,6.592467820089186,-1.4579166329778346,3.337873912618906,-1.4579166329778346,-1.4579166329778346,3.5855084839414113,-1.4579166329778346
SRR7146800,1,Pos,PRJNA464410,Duck,Duck,FW,H,M,dabbling,Anasamericana,"SacramentoNationalWildlifeRefuge,GlennCounty",10.0,-1.373668904421021,-1.373668904421021,-1.373668904421021,-1.373668904421021,6.555457582885778,2.7038685394846977,-1.373668904421021,-1.373668904421021,-1.373668904421021,-1.373668904421021,-1.373668904421021,-1.373668904421021,2.91679053672737,-1.373668904421021,0.5722412446342915,-1.373668904421021,-1.373668904421021,-1.373668904421021,2.633664280811449,-1.373668904421021,-1.373668904421021,-1.373668904421021,-1.373668904421021,5.479630188765057,-1.373668904421021,-1.373668904421021,0.823555672915198,0.23576900801307854,-1.373668904421021,-1.373668904421021,-1.373668904421021,1.1912804530405152,-1.373668904421021,-1.373668904421021,-1.373668904421021,-1.373668904421021,1.1912804530405152,2.060318300064125,3.371263223942229,1.3343812966811885,-1.373668904421021,5.149893401728491,2.943819209115289,6.666455760027359,-1.373668904421021,-1.373668904421021,4.2858133113386,-1.373668904421021,-1.373668904421021,-1.373668904421021,-1.373668904421021,-1.373668904421021,-1.373668904421021,-1.373668904421021,-1.373668904421021,-1.373668904421021,-1.373668904421021,-1.373668904421021,5.576187550579752,0.23576900801307854,-1.373668904421021,-1.373668904421021,2.91679053672737,-1.373668904421021,-1.373668904421021,2.060318300064125,-1.373668904421021,-1.373668904421021,5.03155955360982,-1.373668904421021
SRR7146802,1,Pos,PRJNA464410,Duck,Duck,FW,U,M,dabbling,Anasplatyrhynchos,"ConawayRanch,YoloCounty",11.0,-1.1976197173647964,-1.1976197173647964,-1.1976197173647964,-1.1976197173647964,0.4118181950693032,-1.1976197173647964,-1.1976197173647964,-1.1976197173647964,-1.1976197173647964,5.44486708400246,-1.1976197173647964,-1.1976197173647964,-1.1976197173647964,2.652527884345262,-1.1976197173647964,-1.1976197173647964,-1.1976197173647964,-1.1976197173647964,-1.1976197173647964,-1.1976197173647964,-1.1976197173647964,-1.1976197173647964,-1.1976197173647964,5.6950219238072926,-1.1976197173647964,-1.1976197173647964,-1.1976197173647964,-1.1976197173647964,-1.1976197173647964,2.772672196187325,-1.1976197173647964,-1.1976197173647964,-1.1976197173647964,-1.1976197173647964,-1.1976197173647964,-1.1976197173647964,-1.1976197173647964,-1.1976197173647964,-1.1976197173647964,0.7482904316905161,-1.1976197173647964,0.4118181950693032,4.343643827793629,7.055868310981108,2.3577283441246166,-1.1976197173647964,2.772672196187325,-1.1976197173647964,-1.1976197173647964,-1.1976197173647964,-1.1976197173647964,-1.1976197173647964,-0.09900742869668733,-1.1976197173647964,-1.1976197173647964,-1.1976197173647964,0.4118181950693032,3.334979775788459,-1.1976197173647964,2.609042772405523,-1.1976197173647964,-1.1976197173647964,1.3673296400967399,0.7482904316905161,-1.1976197173647964,6.7191877735728065,5.217477241806799,-1.1976197173647964,4.904938877248773,-1.1976197173647964
SRR7146803,1,Pos,PRJNA464410,Duck,Duck,FW,U,M,dabbling,Anasplatyrhynchos,"ConawayRanch,YoloCounty",11.0,-1.4953815203281344,-1.4953815203281344,-1.4953815203281344,-1.4953815203281344,-1.4953815203281344,-1.4953815203281344,-1.4953815203281344,-1.4953815203281344,2.1155363923160895,4.076772511849629,-0.3967692316600253,-1.4953815203281344,2.993254849404005,0.45052862872717814,-1.4953815203281344,-1.4953815203281344,1.6401126956010152,-1.4953815203281344,-1.4953815203281344,-1.4953815203281344,-1.4953815203281344,-1.4953815203281344,0.7018430570080847,3.1774473141337713,-1.4953815203281344,-1.4953815203281344,-1.4953815203281344,-1.4953815203281344,-1.4953815203281344,2.436444112396191,-1.4953815203281344,-1.4953815203281344,-1.4953815203281344,-1.4953815203281344,-0.3967692316600253,-1.4953815203281344,-1.4953815203281344,-1.4953815203281344,1.3378318237280817,-1.4953815203281344,-1.4953815203281344,1.6401126956010152,2.547669747506415,6.929477059885307,-1.4953815203281344,-1.4953815203281344,3.86591064538129,0.9025137524702354,-1.4953815203281344,-1.4953815203281344,-1.4953815203281344,4.4208205422793,2.7950779208202565,1.2126686807740752,-1.4953815203281344,-1.4953815203281344,-1.4953815203281344,2.7950779208202565,0.11405639210596519,2.0011260411383454,-1.4953815203281344,-1.4953815203281344,-1.4953815203281344,2.0011260411383454,-1.4953815203281344,6.349642896913349,5.195460757090428,-1.4953815203281344,4.8898128786695905,-1.4953815203281344
SRR7146804,0,Neg,PRJNA464410,Duck,Duck,FW,H,F,dabbling,Anasamericana,"SacramentoNationalWildlifeRefuge,GlennCounty",1.0,-0.9095039395982134,-0.9095039395982134,-0.9095039395982134,-0.9095039395982134,-0.9095039395982134,-0.9095039395982134,-0.9095039395982134,-0.9095039395982134,-0.9095039395982134,-0.9095039395982134,-0.9095039395982134,-0.9095039395982134,2.8040681271060937,-0.9095039395982134,-0.9095039395982134,-0.9095039395982134,-0.9095039395982134,-0.9095039395982134,1.0364062094570992,-0.9095039395982134,0.1891083490698957,-0.9095039395982134,-0.9095039395982134,2.5870036218682664,0.1891083490698957,-0.9095039395982134,-0.9095039395982134,-0.9095039395982134,-0.9095039395982134,0.1891083490698957,-0.9095039395982134,0.6999339728358862,-0.9095039395982134,-0.9095039395982134,0.6999339728358862,-0.9095039395982134,-0.9095039395982134,-0.9095039395982134,-0.9095039395982134,-0.9095039395982134,-0.9095039395982134,-0.9095039395982134,2.3093718852699867,6.334009035067267,5.113943653362819,-0.9095039395982134,2.8516961760953485,-0.9095039395982134,0.6999339728358862,1.9237094044580028,1.0364062094570992,-0.9095039395982134,-0.9095039395982134,-0.9095039395982134,2.8040681271060937,-0.9095039395982134,-0.9095039395982134,-0.9095039395982134,-0.9095039395982134,1.0364062094570992,-0.9095039395982134,-0.9095039395982134,1.2877206377380057,-0.9095039395982134,-0.9095039395982134,8.060165164195542,-0.9095039395982134,-0.9095039395982134,3.623095553555042,-0.9095039395982134
SRR7146806,1,Pos,PRJNA464410,Duck,Duck,FW,U,F,dabbling,Anasplatyrhynchos,"ConawayRanch,YoloCounty",11.0,-1.041093138449087,-1.041093138449087,-1.041093138449087,-1.041093138449087,-1.041093138449087,-1.041093138449087,-1.041093138449087,-1.041093138449087,-1.041093138449087,2.569824774195137,-1.041093138449087,0.5683447739850127,3.249366302699304,-1.041093138449087,1.7921202056071293,-1.041093138449087,2.0034292992743357,-1.041093138449087,-1.041093138449087,-1.041093138449087,0.9048170106062257,-1.041093138449087,-1.041093138449087,4.885832887521324,-1.041093138449087,-1.041093138449087,-1.041093138449087,-1.041093138449087,-1.041093138449087,0.5683447739850127,-1.041093138449087,1.3568021343492829,-1.041093138449087,-1.041093138449087,-1.041093138449087,-1.041093138449087,-1.041093138449087,-1.041093138449087,-1.041093138449087,-1.041093138449087,-1.041093138449087,1.3568021343492829,3.9761866983658374,8.00661065004954,-1.041093138449087,-1.041093138449087,4.8588042151334045,-1.041093138449087,-1.041093138449087,0.9048170106062257,-1.041093138449087,-1.041093138449087,1.1561314388871322,1.3568021343492829,1.3568021343492829,-1.041093138449087,-1.041093138449087,-1.041093138449087,-1.041093138449087,-1.041093138449087,-1.041093138449087,3.738030354662442,-1.041093138449087,3.0697807257242244,-1.041093138449087,-1.041093138449087,-1.041093138449087,-1.041093138449087,4.375007263755332,-1.041093138449087
SRR7146807,1,Pos,PRJNA464410,Duck,Duck,FW,U,M,dabbling,Anasplatyrhynchos,"ConawayRanch,YoloCounty",11.0,-1.548165487153578,-1.548165487153578,-1.548165487153578,2.16540657955073,4.726596534088361,3.3270318360475732,3.179222331558762,-1.548165487153578,-1.548165487153578,2.7145143898877375,-1.548165487153578,-1.548165487153578,-1.548165487153578,-1.548165487153578,-1.548165487153578,-1.548165487153578,-1.548165487153578,-1.548165487153578,-1.548165487153578,-1.548165487153578,-1.548165487153578,-1.548165487153578,-1.548165487153578,3.8767845303278246,-1.548165487153578,-1.548165487153578,-1.548165487153578,-1.548165487153578,-0.4495531984854688,-1.548165487153578,-1.548165487153578,-1.548165487153578,-1.548165487153578,-1.548165487153578,-1.548165487153578,-1.548165487153578,-1.548165487153578,2.5949692392379546,2.2584970026167417,1.3962734920128623,-1.548165487153578,3.7551394209054973,3.6166204867699356,7.0413483658422855,2.3836601455707473,0.6490590901826412,4.061306308031382,-1.548165487153578,-1.548165487153578,-1.548165487153578,-1.548165487153578,4.4992066918927,-1.548165487153578,-1.548165487153578,-1.548165487153578,-1.548165487153578,-1.548165487153578,0.3977446619017355,1.3962734920128623,-1.548165487153578,2.062752425490646,0.6490590901826412,-1.548165487153578,1.3962734920128623,1.1598847139486317,5.604103368878961,-1.548165487153578,-1.548165487153578,5.205272431444202,-1.548165487153578
SRR7146809,1,Pos,PRJNA464410,Duck,Duck,FW,U,M,dabbling,Anasacuta,"ConawayRanch,YoloCounty",11.0,-0.8676855348218648,-0.8676855348218648,-0.8676855348218648,-0.8676855348218648,1.3295390425143543,-0.8676855348218648,0.7417523776122348,-0.8676855348218648,-0.8676855348218648,2.743232377822359,3.1026063787302567,-0.8676855348218648,-0.8676855348218648,-0.8676855348218648,-0.8676855348218648,-0.8676855348218648,-0.8676855348218648,-0.8676855348218648,-0.8676855348218648,-0.8676855348218648,-0.8676855348218648,-0.8676855348218648,1.0782246142334477,5.111200230079257,-0.8676855348218648,-0.8676855348218648,-0.8676855348218648,-0.8676855348218648,-0.8676855348218648,0.23092675384624428,-0.8676855348218648,-0.8676855348218648,-0.8676855348218648,0.23092675384624428,-0.8676855348218648,-0.8676855348218648,-0.8676855348218648,-0.8676855348218648,-0.8676855348218648,-0.8676855348218648,-0.8676855348218648,-0.8676855348218648,4.262213180101209,8.225109273299275,2.1768369029015577,-0.8676855348218648,2.1768369029015577,-0.8676855348218648,-0.8676855348218648,0.23092675384624428,-0.8676855348218648,-0.8676855348218648,-0.8676855348218648,-0.8676855348218648,0.23092675384624428,-0.8676855348218648,2.3511902900463353,-0.8676855348218648,-0.8676855348218648,-0.8676855348218648,-0.8676855348218648,2.1768369029015577,-0.8676855348218648,-0.8676855348218648,-0.8676855348218648,2.743232377822359,0.23092675384624428,-0.8676855348218648,4.878517655718288,-0.8676855348218648
SRR7146810,1,Pos,PRJNA464410,Duck,Duck,FW,U,M,dabbling,Anasplatyrhynchos,"ConawayRanch,YoloCounty",11.0,0.7714687674740652,-2.2730536702493573,-2.2730536702493573,3.04015230879243,5.462816649703209,4.361579687612329,4.267976328940545,-2.2730536702493573,-2.2730536702493573,4.374634703313972,1.2822943912400557,-2.2730536702493573,3.5045986529732986,-2.2730536702493573,0.9458221546188428,-2.2730536702493573,1.160933534235789,-2.2730536702493573,-2.2730536702493573,-2.2730536702493573,-0.07582909291313822,-2.2730536702493573,-0.3271435211940448,3.4273899031413286,-2.2730536702493573,-2.2730536702493573,-0.07582909291313822,-2.2730536702493573,-0.6636157578152568,-2.2730536702493573,-2.2730536702493573,0.7714687674740652,-0.07582909291313822,-2.2730536702493573,-2.2730536702493573,1.0942421597371164,1.658771962474968,1.160933534235789,2.947302154828967,2.999945888314389,1.4405183964549497,1.3378642423948666,-2.2730536702493573,5.239563874425153,-2.2730536702493573,1.0227831957549718,3.151896347232045,-2.2730536702493573,-2.2730536702493573,0.5601596738068588,0.29189568721217896,-2.2730536702493573,0.5601596738068588,-2.2730536702493573,-2.2730536702493573,-2.2730536702493573,-2.2730536702493573,0.12484160254901333,0.12484160254901333,2.3997751642125484,-2.2730536702493573,1.3378642423948666,-2.2730536702493573,-2.2730536702493573,-0.6636157578152568,1.2234538912171224,4.87293079746503,0.6713853089170829,1.6187666278612687,0.8624405456797923
SRR7146811,1,Pos,PRJNA464410,Duck,Duck,FW,U,M,dabbling,Anasplatyrhynchos,"ConawayRanch,YoloCounty",11.0,-1.173096712360632,-1.173096712360632,-1.173096712360632,-1.173096712360632,1.0241278649755872,-1.173096712360632,-1.173096712360632,-1.173096712360632,-1.173096712360632,5.407542424924317,-1.173096712360632,-1.173096712360632,-1.173096712360632,3.2457438954359654,-1.173096712360632,0.7728134366946806,-1.173096712360632,-1.173096712360632,1.2247985604377378,-1.173096712360632,-1.173096712360632,-1.173096712360632,-1.173096712360632,5.153052760794466,-1.173096712360632,-1.173096712360632,-1.173096712360632,-1.173096712360632,0.43634120007346766,-1.173096712360632,-1.173096712360632,-1.173096712360632,-1.173096712360632,-1.173096712360632,-1.173096712360632,-1.173096712360632,-1.173096712360632,-1.173096712360632,-1.173096712360632,-1.173096712360632,-1.173096712360632,-1.173096712360632,1.2247985604377378,7.213304188805582,1.7713422668058083,-1.173096712360632,4.0472591127176925,-1.173096712360632,-1.173096712360632,1.7713422668058083,-1.173096712360632,-1.173096712360632,-1.173096712360632,-1.173096712360632,-1.173096712360632,-1.173096712360632,-1.173096712360632,2.122740153643697,-1.173096712360632,1.3918526451009043,-1.173096712360632,1.5349534887415777,-1.173096712360632,-1.173096712360632,-1.173096712360632,5.986972495235495,6.441215434091368,4.188195453348793,4.869536121321749,-1.173096712360632
SRR7146814,0,Neg,PRJNA464410,Duck,Duck,FW,A,F,dabbling,Anasamericana,"SacramentoNationalWildlifeRefuge,GlennCounty",1.0,-1.6108687135017927,-1.6108687135017927,-1.6108687135017927,-1.6108687135017927,-1.6108687135017927,-1.6108687135017927,-1.6108687135017927,0.9540806439597436,2.8079718942948046,4.5138146773924115,-1.6108687135017927,-1.6108687135017927,3.3930775924436665,-1.6108687135017927,2.000049199142431,-1.6108687135017927,3.6723350152361953,-1.6108687135017927,-1.6108687135017927,-1.6108687135017927,-1.6108687135017927,-1.6108687135017927,-1.6108687135017927,1.9444793479876203,-1.6108687135017927,-1.6108687135017927,0.9540806439597436,-1.6108687135017927,1.3335702656646475,-1.6108687135017927,-1.6108687135017927,-1.6108687135017927,0.5863558638344264,-1.6108687135017927,0.787026559296577,1.4336537242216298,-1.6108687135017927,-1.6108687135017927,-1.6108687135017927,-1.6108687135017927,-1.6108687135017927,-1.6108687135017927,2.6795907276465982,6.9805038760886955,0.787026559296577,-1.6108687135017927,4.933043132062999,0.5863558638344264,-1.6108687135017927,-1.6108687135017927,2.150331402191769,-1.6108687135017927,3.7963030579583257,1.2223446305544234,-1.6108687135017927,-1.6108687135017927,1.885638847964687,5.5707232311100725,-1.6108687135017927,-1.6108687135017927,-1.6108687135017927,-1.6108687135017927,4.5691479401507795,3.458035488718439,-1.6108687135017927,3.6518214754030924,-1.6108687135017927,-1.6108687135017927,4.226861733664147,-1.6108687135017927
SRR7146815,0,Neg,PRJNA464410,Duck,Duck,FW,A,M,dabbling,Anasamericana,"SacramentoNationalWildlifeRefuge,GlennCounty",1.0,-1.6125394106000437,1.8214477938851026,-1.6125394106000437,-1.6125394106000437,-1.6125394106000437,-1.6125394106000437,-1.6125394106000437,-1.6125394106000437,-1.6125394106000437,-1.6125394106000437,-1.6125394106000437,2.756908441866978,5.1548037146653485,-1.6125394106000437,-1.6125394106000437,4.158901712529973,-1.6125394106000437,1.2206739334561725,2.756908441866978,-1.6125394106000437,-1.6125394106000437,-1.6125394106000437,0.5846851667361763,1.6063364142681573,-1.6125394106000437,-1.6125394106000437,1.6063364142681573,-1.6125394106000437,1.6832974554042854,-1.6125394106000437,-1.6125394106000437,1.883968150866437,-1.6125394106000437,-1.6125394106000437,1.8214477938851026,-1.6125394106000437,-1.6125394106000437,0.33337073845526977,-1.6125394106000437,-1.6125394106000437,-1.6125394106000437,-1.6125394106000437,3.1323927177632065,5.152499566180499,-1.6125394106000437,-1.6125394106000437,4.340703923687741,1.522954805329106,1.522954805329106,-1.6125394106000437,2.3577525029520787,-1.6125394106000437,2.279280887510583,-1.6125394106000437,-1.6125394106000437,6.5516862416657835,-1.6125394106000437,-1.6125394106000437,-1.6125394106000437,-1.6125394106000437,-1.6125394106000437,-1.6125394106000437,4.875144607884566,1.6832974554042854,-1.6125394106000437,2.6501404664412718,-1.6125394106000437,-1.6125394106000437,1.2206739334561725,6.273165980642976
SRR7146816,0,Neg,PRJNA464410,Duck,Duck,FW,A,M,dabbling,Anasamericana,"SacramentoNationalWildlifeRefuge,GlennCounty",1.0,-0.7291750134435606,-0.7291750134435606,-0.7291750134435606,-0.7291750134435606,2.5666618525607685,-0.7291750134435606,-0.7291750134435606,-0.7291750134435606,-0.7291750134435606,-0.7291750134435606,-0.7291750134435606,-0.7291750134435606,4.593834965694848,-0.7291750134435606,-0.7291750134435606,-0.7291750134435606,-0.7291750134435606,-0.7291750134435606,-0.7291750134435606,-0.7291750134435606,-0.7291750134435606,-0.7291750134435606,-0.7291750134435606,0.3694372752245485,-0.7291750134435606,-0.7291750134435606,-0.7291750134435606,-0.7291750134435606,-0.7291750134435606,3.5612844277048303,-0.7291750134435606,1.8357743440179757,-0.7291750134435606,-0.7291750134435606,-0.7291750134435606,-0.7291750134435606,1.216735135611752,-0.7291750134435606,-0.7291750134435606,-0.7291750134435606,-0.7291750134435606,-0.7291750134435606,5.19775101252685,8.200260270359864,-0.7291750134435606,-0.7291750134435606,6.679961430476567,-0.7291750134435606,-0.7291750134435606,-0.7291750134435606,-0.7291750134435606,-0.7291750134435606,-0.7291750134435606,-0.7291750134435606,1.8357743440179757,-0.7291750134435606,3.0320251022500013,-0.7291750134435606,-0.7291750134435606,-0.7291750134435606,-0.7291750134435606,-0.7291750134435606,-0.7291750134435606,-0.7291750134435606,-0.7291750134435606,-0.7291750134435606,-0.7291750134435606,-0.7291750134435606,-0.7291750134435606,3.2026506192807647
SRR7146817,1,Pos,PRJNA464410,Duck,Duck,S,H,M,dabbling,Anasplatyrhynchos,"MandevilleIsland,SanJoaquinCounty",7.0,2.771188390658689,-1.9016404438032177,2.4158476697330933,-1.9016404438032177,1.9050220459671028,-1.9016404438032177,-1.9016404438032177,-1.9016404438032177,-1.9016404438032177,3.566419697331914,-1.9016404438032177,0.6633089136583195,5.947293282560854,-1.9016404438032177,-1.9016404438032177,-1.9016404438032177,-1.9016404438032177,1.4656553861832569,0.8064097572989928,-1.9016404438032177,2.5172001639933805,-1.9016404438032177,-1.9016404438032177,3.838152468376017,1.709277468841007,-1.9016404438032177,2.4158476697330933,2.825747374909124,-1.9016404438032177,-1.9016404438032177,-1.9016404438032177,3.5579450703409417,2.0686514697489047,-1.9016404438032177,-1.9016404438032177,-1.9016404438032177,-1.9016404438032177,-1.9016404438032177,-1.9016404438032177,-1.9016404438032177,-1.9016404438032177,1.1428819939202057,2.9425466426553744,6.491122669234843,-1.9016404438032177,-1.9016404438032177,3.307845709038204,-1.9016404438032177,-1.9016404438032177,1.1428819939202057,-1.9016404438032177,-1.9016404438032177,1.7619212023264295,-1.9016404438032177,0.9315729002529993,-1.9016404438032177,2.8941501017935245,-1.9016404438032177,-1.9016404438032177,0.49625482899515294,3.2631455301202967,2.388818997345174,-1.9016404438032177,-1.9016404438032177,2.1414108240313334,1.859559671890345,2.388818997345174,-1.9016404438032177,4.438718859924535,-1.9016404438032177
SRR7146819,1,Pos,PRJNA464410,Duck,Duck,S,H,F,dabbling,Anasplatyrhynchos,"MandevilleIsland,SanJoaquinCounty",7.0,-0.7748793226268589,-0.7748793226268589,-0.7748793226268589,-0.7748793226268589,-0.7748793226268589,-0.7748793226268589,-0.7748793226268589,5.173155666553787,4.215553264151877,7.0399241068625,-0.7748793226268589,-0.7748793226268589,-0.7748793226268589,-0.7748793226268589,-0.7748793226268589,-0.7748793226268589,-0.7748793226268589,-0.7748793226268589,-0.7748793226268589,-0.7748793226268589,-0.7748793226268589,-0.7748793226268589,7.344519266985434,-0.7748793226268589,-0.7748793226268589,5.678745676265832,-0.7748793226268589,-0.7748793226268589,-0.7748793226268589,-0.7748793226268589,-0.7748793226268589,-0.7748793226268589,-0.7748793226268589,-0.7748793226268589,-0.7748793226268589,-0.7748793226268589,-0.7748793226268589,-0.7748793226268589,-0.7748793226268589,-0.7748793226268589,-0.7748793226268589,-0.7748793226268589,-0.7748793226268589,-0.7748793226268589,-0.7748793226268589,-0.7748793226268589,-0.7748793226268589,-0.7748793226268589,-0.7748793226268589,-0.7748793226268589,-0.7748793226268589,-0.7748793226268589,2.986320793066703,6.590933514582613,-0.7748793226268589,-0.7748793226268589,-0.7748793226268589,-0.7748793226268589,-0.7748793226268589,-0.7748793226268589,-0.7748793226268589,-0.7748793226268589,-0.7748793226268589,6.448416356935455,-0.7748793226268589,-0.7748793226268589,1.7900700348346774,-0.7748793226268589,-0.7748793226268589,-0.7748793226268589
SRR7146820,1,Pos,PRJNA464410,Duck,Duck,S,H,M,dabbling,Anasplatyrhynchos,"MandevilleIsland,SanJoaquinCounty",7.0,-0.9385237005199052,-0.9385237005199052,-0.9385237005199052,-0.9385237005199052,-0.9385237005199052,-0.9385237005199052,-0.9385237005199052,5.055437726786664,3.806408427843345,6.9434137887521645,-0.9385237005199052,-0.9385237005199052,1.7695265005823044,-0.9385237005199052,-0.9385237005199052,-0.9385237005199052,-0.9385237005199052,-0.9385237005199052,-0.9385237005199052,-0.9385237005199052,-0.9385237005199052,-0.9385237005199052,7.1320698394296125,-0.9385237005199052,-0.9385237005199052,5.274082395231613,0.6709142119141944,-0.9385237005199052,-0.9385237005199052,-0.9385237005199052,-0.9385237005199052,1.0073864485354074,-0.9385237005199052,-0.9385237005199052,-0.9385237005199052,-0.9385237005199052,-0.9385237005199052,-0.9385237005199052,-0.9385237005199052,-0.9385237005199052,-0.9385237005199052,-0.9385237005199052,-0.9385237005199052,3.6361872779834776,-0.9385237005199052,-0.9385237005199052,2.005915278646535,-0.9385237005199052,-0.9385237005199052,-0.9385237005199052,-0.9385237005199052,-0.9385237005199052,-0.9385237005199052,6.424755886443133,-0.9385237005199052,-0.9385237005199052,3.5041275559704106,-0.9385237005199052,-0.9385237005199052,-0.9385237005199052,-0.9385237005199052,-0.9385237005199052,-0.9385237005199052,6.265625591516034,-0.9385237005199052,-0.9385237005199052,-0.9385237005199052,-0.9385237005199052,-0.9385237005199052,-0.9385237005199052
SRR7146821,1,Pos,PRJNA464410,Duck,Duck,S,H,F,dabbling,Anasplatyrhynchos,"GrizzlyIslandWildlifeArea(GIWA),SolanoCounty",7.0,3.2492811798578147,-1.4602490214545183,2.2533230452497888,-1.4602490214545183,-1.4602490214545183,-1.4602490214545183,-1.4602490214545183,-1.4602490214545183,-1.4602490214545183,-1.4602490214545183,-1.4602490214545183,-1.4602490214545183,6.943327443174751,-1.4602490214545183,3.284683106908731,-1.4602490214545183,-1.4602490214545183,-1.4602490214545183,-1.4602490214545183,-1.4602490214545183,2.203312624675127,1.104700336007018,-1.4602490214545183,6.245463802439908,2.1506688911897056,-1.4602490214545183,3.6577447909622363,1.2478011796476913,2.1506688911897056,-1.4602490214545183,-1.4602490214545183,3.87246977181085,2.883556400399165,-1.4602490214545183,1.83558784454981,3.54369728449094,-1.4602490214545183,-1.4602490214545183,-1.4602490214545183,-1.4602490214545183,-1.4602490214545183,-1.4602490214545183,-1.4602490214545183,3.0506104850623306,-1.4602490214545183,-1.4602490214545183,4.928312384091111,-1.4602490214545183,-1.4602490214545183,-1.4602490214545183,2.6828857049370134,-1.4602490214545183,0.9376462513438515,-1.4602490214545183,-1.4602490214545183,-1.4602490214545183,-1.4602490214545183,-1.4602490214545183,-1.4602490214545183,5.420135060731486,-1.4602490214545183,4.6104887065479705,-1.4602490214545183,-1.4602490214545183,-1.4602490214545183,-1.4602490214545183,1.83558784454981,-1.4602490214545183,-1.4602490214545183,-1.4602490214545183
SRR7146822,1,Pos,PRJNA464410,Duck,Duck,S,H,F,dabbling,Anasplatyrhynchos,"GrizzlyIslandWildlifeArea(GIWA),SolanoCounty",7.0,1.8134320786722586,2.970884867363302,2.030496583910087,-1.6830754827942211,-1.6830754827942211,-1.6830754827942211,-1.6830754827942211,-1.6830754827942211,-1.6830754827942211,5.421068610193306,-1.6830754827942211,-1.6830754827942211,6.653794154490734,-1.6830754827942211,-1.6830754827942211,3.279769147465686,-1.6830754827942211,-1.6830754827942211,-1.6830754827942211,-1.6830754827942211,1.8722725786951928,-1.6830754827942211,-1.6830754827942211,2.32425770243825,1.4524187331349285,-1.6830754827942211,3.5372803422841037,2.1670721189158373,1.6842203471922526,-1.6830754827942211,-1.6830754827942211,4.0306573227151485,2.32425770243825,-1.6830754827942211,-1.6830754827942211,-1.6830754827942211,-1.6830754827942211,-1.6830754827942211,-1.6830754827942211,-1.6830754827942211,-1.6830754827942211,-1.6830754827942211,-1.6830754827942211,3.504310323046534,-1.6830754827942211,-1.6830754827942211,4.369013686130195,-1.6830754827942211,-1.6830754827942211,4.708841630598381,2.4913117871014157,-1.6830754827942211,3.19212184040693,-1.6830754827942211,1.4524187331349285,-1.6830754827942211,4.056717429385013,-1.6830754827942211,-1.6830754827942211,-1.6830754827942211,-1.6830754827942211,-1.6830754827942211,4.849258809428128,-1.6830754827942211,-1.6830754827942211,5.157471046494466,2.0781246328993417,-1.6830754827942211,-1.6830754827942211,-1.6830754827942211
SRR7146823,1,Pos,PRJNA464410,Duck,Duck,S,H,M,dabbling,Anasplatyrhynchos,"GrizzlyIslandWildlifeArea(GIWA),SolanoCounty",7.0,3.248771465525615,2.4677629291743353,4.46482058939659,-1.4240573689362908,-1.4240573689362908,-1.4240573689362908,-1.4240573689362908,-1.4240573689362908,-1.4240573689362908,5.583543245015562,-1.4240573689362908,2.9703917857361475,7.132548824836781,-1.4240573689362908,-1.4240573689362908,-1.4240573689362908,-1.4240573689362908,-1.4240573689362908,-1.4240573689362908,-1.4240573689362908,4.035528145207868,2.780635250454675,-1.4240573689362908,4.085330967691686,3.4511399542648604,-1.4240573689362908,5.108276923286057,2.810049135660968,-0.32544508026818164,-1.4240573689362908,-1.4240573689362908,4.328515269889342,2.2895146977680163,-1.4240573689362908,-1.4240573689362908,-1.4240573689362908,-1.4240573689362908,-1.4240573689362908,2.8664020722121,-1.4240573689362908,-1.4240573689362908,-1.4240573689362908,3.248771465525615,4.991039590235304,-1.4240573689362908,-1.4240573689362908,-1.4240573689362908,-1.4240573689362908,-1.4240573689362908,4.256115240080776,1.4091559751199245,-1.4240573689362908,-1.4240573689362908,-1.4240573689362908,-1.4240573689362908,-1.4240573689362908,-1.4240573689362908,-1.4240573689362908,-1.4240573689362908,-1.4240573689362908,-1.4240573689362908,-1.4240573689362908,-1.4240573689362908,-1.4240573689362908,-1.4240573689362908,-1.4240573689362908,-1.4240573689362908,-1.4240573689362908,-1.4240573689362908,-1.4240573689362908
SRR7146826,1,Pos,PRJNA464410,Duck,Duck,S,H,M,dabbling,Anasplatyrhynchos,"GrizzlyIslandWildlifeArea(GIWA),SolanoCounty",7.0,0.24004752225672465,-1.7058626267985888,1.8494854346908252,1.7281245776865575,4.8147585007601075,2.055337488894974,2.804996879718261,-1.7058626267985888,-1.7058626267985888,5.990804454727873,0.24004752225672465,-0.0964247143644883,4.613105486947846,-1.7058626267985888,1.2385763523678515,4.987461041471359,-1.7058626267985888,-1.7058626267985888,1.2385763523678515,-1.7058626267985888,-1.7058626267985888,-1.7058626267985888,-1.7058626267985888,-1.7058626267985888,0.6920326459997819,-1.7058626267985888,0.8590867306629484,0.24004752225672465,5.505694106515213,-1.7058626267985888,1.7906449346678919,1.905055285845636,-1.7058626267985888,-1.7058626267985888,-1.7058626267985888,1.7906449346678919,-1.7058626267985888,-1.7058626267985888,-1.7058626267985888,-1.7058626267985888,-1.7058626267985888,1.905055285845636,-1.7058626267985888,1.4296315891305609,-1.7058626267985888,-1.7058626267985888,-1.7058626267985888,1.5899742392057403,2.3371886410359615,5.729575393015962,2.185957671312038,-1.7058626267985888,-1.7058626267985888,-1.7058626267985888,-1.7058626267985888,-1.7058626267985888,-1.7058626267985888,-1.7058626267985888,-1.7058626267985888,4.79992143332964,-0.0964247143644883,5.571385099832895,-1.7058626267985888,-1.7058626267985888,-1.7058626267985888,-1.7058626267985888,-1.7058626267985888,-1.7058626267985888,-1.7058626267985888,-1.7058626267985888
SRR7146827,1,Pos,PRJNA464410,Duck,Duck,S,H,M,dabbling,Anasplatyrhynchos,"SuisunMarsh/Sunrise,SolanoCounty",7.0,-1.9149571483518288,-0.30551923591772834,0.6499922091097083,-1.9149571483518288,0.9182561957043873,-1.9149571483518288,1.1295652893715946,-1.9149571483518288,-1.9149571483518288,6.230302418165037,-1.9149571483518288,-1.9149571483518288,4.396777660801086,-1.9149571483518288,3.1539470538684027,4.3330857261566,-1.9149571483518288,-1.9149571483518288,3.5863010621928986,-1.9149571483518288,0.6499922091097083,-1.9149571483518288,-1.9149571483518288,2.319149356245431,-1.9149571483518288,-1.9149571483518288,1.0294818308146123,-1.9149571483518288,1.5815504131146518,-1.9149571483518288,0.9182561957043873,1.3808797176525003,-1.9149571483518288,-1.9149571483518288,0.7930930527503817,2.2897354710391378,-1.9149571483518288,-1.9149571483518288,-1.9149571483518288,-1.9149571483518288,-1.9149571483518288,-1.9149571483518288,3.7304897492914093,4.222769905734406,-1.9149571483518288,-1.9149571483518288,4.340792893401538,-1.9149571483518288,1.1295652893715946,4.093856037090767,2.794573052960506,2.8808333972449125,4.886325886119792,-1.9149571483518288,-1.9149571483518288,-1.9149571483518288,1.8917053414184917,-1.9149571483518288,-1.9149571483518288,4.400400853170506,-1.9149571483518288,4.183117133814411,4.903966916923693,-1.9149571483518288,-1.9149571483518288,-1.9149571483518288,-1.9149571483518288,-1.9149571483518288,-1.9149571483518288,-1.9149571483518288
SRR7146828,0,Neg,PRJNA464410,Duck,Duck,FW,U,F,dabbling,Anasacuta,"ConawayRanch,YoloCounty",10.0,-2.034965082917103,-2.034965082917103,0.16225949441911602,-2.034965082917103,3.1298208910064105,4.340059736910993,4.6876647119383446,-2.034965082917103,2.2277147941242124,0.6730851181851065,-0.08905493386179053,-2.034965082917103,3.288044896221305,-2.034965082917103,0.3629301898812667,-2.034965082917103,2.1081696434744295,0.6730851181851065,-0.4255271704830035,-2.034965082917103,-2.034965082917103,-2.034965082917103,1.4615424785493767,-2.034965082917103,-2.034965082917103,-2.034965082917103,1.52038297857231,-0.08905493386179053,-0.08905493386179053,-2.034965082917103,-2.034965082917103,0.9094738962493372,-2.034965082917103,-2.034965082917103,-2.034965082917103,-2.034965082917103,1.3323307470693706,0.6730851181851065,2.1697275364738626,-2.034965082917103,-2.034965082917103,1.678606983787204,2.61899526724042,6.733609201224583,2.7441584101944256,-2.034965082917103,3.723936690960177,0.3629301898812667,-2.034965082917103,-2.034965082917103,-2.034965082917103,2.709967045446147,2.61899526724042,0.3629301898812667,0.3629301898812667,-2.034965082917103,1.9353268306350184,1.7716974068532165,-2.034965082917103,-2.034965082917103,2.4976344102361523,-2.034965082917103,-2.034965082917103,3.5218629787824343,1.183910741951097,2.1991414216801557,-2.034965082917103,-2.034965082917103,1.1005291330120466,-2.034965082917103
SRR7146829,0,Neg,PRJNA464410,Duck,Duck,FW,U,F,dabbling,Anascarolinensis,"ConawayRanch,YoloCounty",10.0,-1.4637900785669027,-1.4637900785669027,-1.4637900785669027,-1.4637900785669027,-1.4637900785669027,-1.4637900785669027,1.4806489005995376,-1.4637900785669027,3.3483942768055144,3.605114123653329,-1.4637900785669027,-1.4637900785669027,3.245740122745431,-1.4637900785669027,-1.4637900785669027,-1.4637900785669027,3.878544173397908,-1.4637900785669027,1.3694232654893135,-1.4637900785669027,-1.4637900785669027,1.903505751419571,-1.4637900785669027,5.596686287432898,-1.4637900785669027,-1.4637900785669027,-1.4637900785669027,1.4806489005995376,-1.4637900785669027,-1.4637900785669027,-1.4637900785669027,-1.4637900785669027,-1.4637900785669027,-1.4637900785669027,2.2497819881374044,-1.4637900785669027,-1.4637900785669027,-1.4637900785669027,-1.4637900785669027,-1.4637900785669027,-1.4637900785669027,-1.4637900785669027,-1.4637900785669027,3.484969811811265,4.8406587238550784,-1.4637900785669027,4.263057669020294,-1.4637900785669027,-1.4637900785669027,-1.4637900785669027,-1.4637900785669027,-1.4637900785669027,3.7235957272738522,-1.4637900785669027,-1.4637900785669027,-1.4637900785669027,6.547565030594383,2.147127834077321,-1.4637900785669027,-1.4637900785669027,-1.4637900785669027,3.592455726781405,-1.4637900785669027,4.530171348739666,-1.4637900785669027,5.829907642034534,-1.4637900785669027,-1.4637900785669027,6.071506623877186,-1.4637900785669027
SRR7146831,0,Neg,PRJNA464410,Duck,Duck,FW,U,F,dabbling,Anasacuta,"ConawayRanch,YoloCounty",10.0,-1.6895642522158463,-1.6895642522158463,-1.6895642522158463,0.2563458968394663,4.836930607354944,3.9974111041239735,4.993796693550428,-1.6895642522158463,-1.6895642522158463,2.2807276613362752,2.2807276613362752,-1.6895642522158463,1.0184859488863633,1.254874726950594,-1.6895642522158463,-1.6895642522158463,1.7444229522693,-1.6895642522158463,-1.6895642522158463,-0.5909519635477372,-1.6895642522158463,-1.6895642522158463,-1.6895642522158463,1.5293115726523538,-1.6895642522158463,-0.08012633978174666,-0.08012633978174666,-1.6895642522158463,-1.6895642522158463,-1.6895642522158463,-1.6895642522158463,-1.6895642522158463,-1.6895642522158463,-1.6895642522158463,-1.6895642522158463,-0.08012633978174666,-1.6895642522158463,-1.6895642522158463,2.421309611957465,2.421309611957465,0.2563458968394663,-1.6895642522158463,0.7083310205825235,6.3237789291708255,-1.6895642522158463,-1.6895642522158463,2.5151283671751195,-1.6895642522158463,-1.6895642522158463,3.1702481521458257,0.5076603251203728,-1.6895642522158463,-0.5909519635477372,-1.6895642522158463,-1.6895642522158463,-1.6895642522158463,0.7083310205825235,1.254874726950594,-1.6895642522158463,-1.6895642522158463,1.254874726950594,3.803497191124702,-1.6895642522158463,3.230416673612279,-1.6895642522158463,6.1938821019218935,-1.6895642522158463,2.729276355580751,5.622989245886751,-1.6895642522158463
SRR7146832,0,Neg,PRJNA464410,Duck,Duck,FW,U,F,dabbling,Anascarolinensis,"ConawayRanch,YoloCounty",10.0,-0.7410866752544898,-0.7410866752544898,-0.7410866752544898,-0.7410866752544898,-0.7410866752544898,-0.7410866752544898,1.65680859754388,-0.7410866752544898,-0.7410866752544898,2.9724853914498173,-0.7410866752544898,-0.7410866752544898,-0.7410866752544898,-0.7410866752544898,-0.7410866752544898,-0.7410866752544898,-0.7410866752544898,-0.7410866752544898,-0.7410866752544898,-0.7410866752544898,-0.7410866752544898,-0.7410866752544898,-0.7410866752544898,1.8238626822070465,-0.7410866752544898,-0.7410866752544898,0.8683512371796098,-0.7410866752544898,-0.7410866752544898,2.9224749708751565,-0.7410866752544898,-0.7410866752544898,-0.7410866752544898,-0.7410866752544898,-0.7410866752544898,-0.7410866752544898,-0.7410866752544898,-0.7410866752544898,-0.7410866752544898,-0.7410866752544898,-0.7410866752544898,-0.7410866752544898,7.7984549198255095,7.692942274900979,1.65680859754388,-0.7410866752544898,3.5215932017868257,-0.7410866752544898,-0.7410866752544898,-0.7410866752544898,-0.7410866752544898,-0.7410866752544898,-0.7410866752544898,-0.7410866752544898,-0.7410866752544898,-0.7410866752544898,2.6929005292306565,0.3575256134136193,-0.7410866752544898,-0.7410866752544898,-0.7410866752544898,1.2048234738008228,-0.7410866752544898,-0.7410866752544898,-0.7410866752544898,3.2662465099779805,-0.7410866752544898,-0.7410866752544898,1.4561379020817293,0.8683512371796098
SRR7146833,1,Pos,PRJNA464410,Duck,Duck,FW,U,M,dabbling,Anasamericana,"SacramentoNationalWildlifeRefuge,GlennCounty",10.0,-1.284706513228346,-1.284706513228346,-1.284706513228346,-1.284706513228346,-1.284706513228346,-1.284706513228346,-1.284706513228346,3.1097426414440923,3.442681305483994,4.200090420262309,-1.284706513228346,-1.284706513228346,3.1812016054262378,-1.284706513228346,-1.284706513228346,-1.284706513228346,3.269170378372195,-1.284706513228346,-1.284706513228346,-1.284706513228346,-1.284706513228346,-1.284706513228346,4.886994084182569,4.52942401859672,-1.284706513228346,2.9779733638129695,-1.284706513228346,-1.284706513228346,-1.284706513228346,-1.284706513228346,-1.284706513228346,0.6612036358269666,-1.284706513228346,-1.284706513228346,-1.284706513228346,-1.284706513228346,-1.284706513228346,-1.284706513228346,-1.284706513228346,-1.284706513228346,-1.284706513228346,-1.284706513228346,1.5485068308278702,7.570243803271978,1.6597324659380943,-1.284706513228346,3.8800794606951676,-1.284706513228346,-1.284706513228346,-1.284706513228346,-1.284706513228346,-1.284706513228346,3.8090436875784164,3.494416979883183,-1.284706513228346,-1.284706513228346,-1.284706513228346,-1.284706513228346,-1.284706513228346,-1.284706513228346,-1.284706513228346,-1.284706513228346,1.7598159244950766,5.349926844633339,-1.284706513228346,2.211801048238134,-1.284706513228346,-1.284706513228346,3.977983675676539,-1.284706513228346
SRR7146834,1,Pos,PRJNA464410,Duck,Duck,S,A,F,dabbling,Anasplatyrhynchos,"MandevilleIsland,SanJoaquinCounty",8.0,-0.732694240473359,-0.732694240473359,-0.732694240473359,-0.732694240473359,-0.732694240473359,-0.732694240473359,-0.732694240473359,5.659222872919242,3.1174533612366995,7.049278993961025,-0.732694240473359,-0.732694240473359,-0.732694240473359,-0.732694240473359,-0.732694240473359,-0.732694240473359,-0.732694240473359,-0.732694240473359,-0.732694240473359,-0.732694240473359,-0.732694240473359,-0.732694240473359,7.486901213703721,-0.732694240473359,-0.732694240473359,5.523055801280007,-0.732694240473359,-0.732694240473359,-0.732694240473359,-0.732694240473359,-0.732694240473359,-0.732694240473359,-0.732694240473359,-0.732694240473359,-0.732694240473359,-0.732694240473359,-0.732694240473359,-0.732694240473359,-0.732694240473359,-0.732694240473359,-0.732694240473359,-0.732694240473359,-0.732694240473359,3.6861463673232384,-0.732694240473359,-0.732694240473359,-0.732694240473359,-0.732694240473359,-0.732694240473359,-0.732694240473359,-0.732694240473359,-0.732694240473359,-0.732694240473359,6.363198980624173,-0.732694240473359,-0.732694240473359,-0.732694240473359,-0.732694240473359,-0.732694240473359,-0.732694240473359,-0.732694240473359,-0.732694240473359,-0.732694240473359,6.541785318300512,-0.732694240473359,-0.732694240473359,-0.732694240473359,-0.732694240473359,-0.732694240473359,-0.732694240473359
SRR7146835,0,Neg,PRJNA464410,Duck,Duck,S,A,F,dabbling,Anasplatyrhynchos,"MandevilleIsland,SanJoaquinCounty",8.0,2.3444219839591423,-0.12367754751247695,-1.7331154599465766,-1.7331154599465766,-1.7331154599465766,-1.7331154599465766,-1.7331154599465766,2.777744046570273,4.833556969856664,-0.12367754751247695,-1.7331154599465766,-1.7331154599465766,4.984689235077115,-1.7331154599465766,-1.7331154599465766,-1.7331154599465766,4.833556969856664,-1.7331154599465766,2.117032141763482,1.311406977776846,1.8778024526976473,-1.7331154599465766,4.763659530239286,-1.7331154599465766,-1.7331154599465766,0.46410911738964256,3.3606347408601858,1.2113235192198637,-1.7331154599465766,-1.7331154599465766,-1.7331154599465766,3.335788742273655,-1.7331154599465766,-1.7331154599465766,-1.7331154599465766,-1.7331154599465766,-1.7331154599465766,-1.7331154599465766,-1.7331154599465766,-1.7331154599465766,-1.7331154599465766,3.323130345401731,-1.7331154599465766,3.49799315690801,-1.7331154599465766,-1.7331154599465766,0.46410911738964256,-1.7331154599465766,-1.7331154599465766,2.1587048381640495,-1.7331154599465766,-1.7331154599465766,5.862271818907395,1.1000978841096396,-1.7331154599465766,-1.7331154599465766,3.8390385722311877,4.793379399624213,-1.7331154599465766,-1.7331154599465766,-1.7331154599465766,-1.7331154599465766,-1.7331154599465766,6.174168149479771,-1.7331154599465766,3.095198277355724,-1.7331154599465766,-1.7331154599465766,3.9806173455627922,-1.7331154599465766
SRR7146836,0,Neg,PRJNA464410,Duck,Duck,S,H,M,dabbling,Anasplatyrhynchos,"MandevilleIsland,SanJoaquinCounty",8.0,0.5529168148835328,-1.6443077624526863,0.3016023866026263,-1.6443077624526863,-1.6443077624526863,-1.6443077624526863,-1.6443077624526863,2.888291730700569,4.861476297675542,3.167876592919731,2.287517870271639,-1.6443077624526863,5.090283897520262,-1.6443077624526863,-1.6443077624526863,-1.6443077624526863,5.049015905817262,-1.6443077624526863,-0.5456954737845772,-1.6443077624526863,-1.6443077624526863,-1.6443077624526863,4.615273701612237,-1.6443077624526863,-1.6443077624526863,1.0637424386495233,3.117866172345069,0.3016023866026263,-1.6443077624526863,-1.6443077624526863,-1.6443077624526863,2.466566101720625,-1.6443077624526863,-1.6443077624526863,-1.6443077624526863,-1.6443077624526863,-1.6443077624526863,-1.6443077624526863,0.5529168148835328,-1.6443077624526863,-1.6443077624526863,-1.6443077624526863,-1.6443077624526863,2.398743505381863,-1.6443077624526863,-1.6443077624526863,2.2475125356579397,-1.6443077624526863,-1.6443077624526863,-1.6443077624526863,-1.6443077624526863,-1.6443077624526863,5.7792606818064804,3.8969557827057395,2.069264304251621,-1.6443077624526863,4.108264876372946,4.471584363030347,-1.6443077624526863,-1.6443077624526863,-1.6443077624526863,-1.6443077624526863,-1.6443077624526863,6.524462061222584,-1.6443077624526863,3.0285210720092195,-1.6443077624526863,-1.6443077624526863,3.698026489512124,-1.6443077624526863
SRR7146837,0,Neg,PRJNA464410,Duck,Duck,S,H,F,dabbling,Anasplatyrhynchos,"MandevilleIsland,SanJoaquinCounty",8.0,2.487570546834843,-1.6555641795566904,-1.6555641795566904,-1.6555641795566904,-1.6555641795566904,-1.6555641795566904,-1.6555641795566904,-1.6555641795566904,4.847225866358934,5.010119538225719,-1.6555641795566904,-1.6555641795566904,4.205222043909176,-1.6555641795566904,-1.6555641795566904,-1.6555641795566904,4.634151391352307,-1.6555641795566904,3.172749557745611,-1.6555641795566904,-1.6555641795566904,-1.6555641795566904,4.308015164061756,-1.6555641795566904,-1.6555641795566904,2.0079974665729567,2.0580078871476175,-1.6555641795566904,-1.6555641795566904,-1.6555641795566904,-1.6555641795566904,1.05248602154552,1.1776491644995257,-1.6555641795566904,-1.6555641795566904,-1.6555641795566904,-1.6555641795566904,-1.6555641795566904,-1.6555641795566904,-1.6555641795566904,-1.6555641795566904,-1.6555641795566904,-1.6555641795566904,3.3617156572582347,-1.6555641795566904,-1.6555641795566904,2.15109831021363,-1.6555641795566904,-1.6555641795566904,3.564791645521635,-1.6555641795566904,-1.6555641795566904,5.955783537846931,4.115876943573326,3.106609755241066,-1.6555641795566904,4.507750624477952,4.96317480396053,-1.6555641795566904,-1.6555641795566904,-1.6555641795566904,-1.6555641795566904,1.8997838819327235,6.017193717085821,-1.6555641795566904,-1.6555641795566904,-1.6555641795566904,-1.6555641795566904,4.8621070933555846,-1.6555641795566904
SRR7146838,0,Neg,PRJNA464410,Duck,Duck,FW,H,M,filter,Anasclypeata,"SacramentoNationalWildlifeRefuge,GlennCounty",1.0,-1.607431084782652,-1.607431084782652,-1.607431084782652,4.132361827396582,6.299116147585384,4.324814102665359,-1.607431084782652,-1.607431084782652,-1.607431084782652,-1.607431084782652,3.47397328020181,-1.607431084782652,2.5972615346083137,-1.607431084782652,-1.607431084782652,-1.607431084782652,-1.607431084782652,0.3384790642726605,-1.607431084782652,-1.607431084782652,-1.607431084782652,-1.607431084782652,-1.607431084782652,2.0561305613469942,-1.607431084782652,-1.607431084782652,-1.607431084782652,-1.607431084782652,-1.607431084782652,-1.607431084782652,4.330105120299774,-1.607431084782652,-1.607431084782652,-1.607431084782652,-1.607431084782652,-1.607431084782652,3.7252877084827167,3.9338324603757737,2.399902100449818,3.369302657637922,2.4356201830518973,5.405584704856977,-1.607431084782652,4.671090339383192,-1.607431084782652,-1.607431084782652,2.399902100449818,-1.607431084782652,-1.607431084782652,-1.607431084782652,-1.607431084782652,-1.607431084782652,-1.607431084782652,-1.607431084782652,2.106140981921655,-1.607431084782652,-1.607431084782652,-1.607431084782652,3.695873823276423,-1.607431084782652,6.23130647481663,-1.607431084782652,-1.607431084782652,-1.607431084782652,3.312549841045473,4.817437939122735,-1.607431084782652,-1.607431084782652,1.1006191163195576,-1.607431084782652
SRR7146839,1,Pos,PRJNA464410,Duck,Duck,S,H,M,dabbling,Anasplatyrhynchos,"GrizzlyIslandWildlifeArea(GIWA),SolanoCounty",8.0,-1.6136910547953622,1.330747924371079,-1.6136910547953622,-1.6136910547953622,-1.6136910547953622,-1.6136910547953622,0.3322190942599512,-1.6136910547953622,-1.6136910547953622,-1.6136910547953622,-1.6136910547953622,-1.6136910547953622,4.817640027138117,-1.6136910547953622,-1.6136910547953622,-1.6136910547953622,-1.6136910547953622,-1.6136910547953622,-1.6136910547953622,-1.6136910547953622,0.3322190942599512,-1.6136910547953622,0.7842042180030084,2.8971684517214884,-0.00425314236126173,-1.6136910547953622,2.236456546914697,-1.6136910547953622,2.497182809377949,-1.6136910547953622,-1.6136910547953622,1.330747924371079,-1.6136910547953622,1.820296149689784,-1.6136910547953622,-1.6136910547953622,-1.6136910547953622,-1.6136910547953622,-1.6136910547953622,-1.6136910547953622,-1.6136910547953622,0.5835335225408578,4.017520727026004,5.785707028535992,-1.6136910547953622,-1.6136910547953622,5.314846763369303,1.0943591463068483,-1.6136910547953622,-1.6136910547953622,0.3322190942599512,3.0958391465169726,3.793480716664757,-1.6136910547953622,2.0998810119089457,4.010326451391977,3.1654324383161674,-1.6136910547953622,1.330747924371079,1.5218031611337874,-1.6136910547953622,-1.6136910547953622,4.634351819713068,-1.6136910547953622,-1.6136910547953622,-1.6136910547953622,-1.6136910547953622,-1.6136910547953622,3.416746866597074,6.81729043980181
SRR7146840,1,Pos,PRJNA464410,Duck,Duck,S,H,F,dabbling,Anasplatyrhynchos,"GrizzlyIslandWildlifeArea(GIWA),SolanoCounty",7.0,-0.7550824710781825,-0.7550824710781825,-0.7550824710781825,-0.7550824710781825,-0.7550824710781825,-0.7550824710781825,-0.7550824710781825,-0.7550824710781825,-0.7550824710781825,5.515905960780117,-0.7550824710781825,-0.7550824710781825,3.8600380457630763,-0.7550824710781825,-0.7550824710781825,3.3224549728275363,-0.7550824710781825,-0.7550824710781825,4.432303334762572,-0.7550824710781825,-0.7550824710781825,-0.7550824710781825,-0.7550824710781825,-0.7550824710781825,-0.7550824710781825,-0.7550824710781825,1.19082767797713,-0.7550824710781825,-0.7550824710781825,-0.7550824710781825,-0.7550824710781825,1.4421421062580366,-0.7550824710781825,-0.7550824710781825,-0.7550824710781825,-0.7550824710781825,-0.7550824710781825,-0.7550824710781825,-0.7550824710781825,-0.7550824710781825,-0.7550824710781825,-0.7550824710781825,-0.7550824710781825,8.23797215906795,1.6428128017201873,-0.7550824710781825,-0.7550824710781825,-0.7550824710781825,-0.7550824710781825,-0.7550824710781825,-0.7550824710781825,0.8543554413559171,0.3435298175899266,-0.7550824710781825,-0.7550824710781825,-0.7550824710781825,-0.7550824710781825,-0.7550824710781825,-0.7550824710781825,4.567927508060226,-0.7550824710781825,5.986618223573872,-0.7550824710781825,-0.7550824710781825,-0.7550824710781825,-0.7550824710781825,-0.7550824710781825,-0.7550824710781825,1.6428128017201873,-0.7550824710781825
SRR7146841,1,Pos,PRJNA464410,Duck,Duck,FW,H,M,filter,Anasclypeata,"SacramentoNationalWildlifeRefuge,GlennCounty",11.0,-0.5538819847838337,-0.5538819847838337,-0.5538819847838337,-0.5538819847838337,-0.5538819847838337,-0.5538819847838337,-0.5538819847838337,-0.5538819847838337,-0.5538819847838337,1.392028164271479,-0.5538819847838337,-0.5538819847838337,1.055555927650266,-0.5538819847838337,-0.5538819847838337,-0.5538819847838337,-0.5538819847838337,-0.5538819847838337,-0.5538819847838337,-0.5538819847838337,-0.5538819847838337,-0.5538819847838337,-0.5538819847838337,4.305930419577838,-0.5538819847838337,-0.5538819847838337,-0.5538819847838337,-0.5538819847838337,-0.5538819847838337,4.118946849678072,-0.5538819847838337,-0.5538819847838337,-0.5538819847838337,-0.5538819847838337,-0.5538819847838337,-0.5538819847838337,-0.5538819847838337,-0.5538819847838337,-0.5538819847838337,-0.5538819847838337,-0.5538819847838337,-0.5538819847838337,3.252780504986486,8.61886035677703,-0.5538819847838337,-0.5538819847838337,2.3905569943826066,-0.5538819847838337,-0.5538819847838337,-0.5538819847838337,-0.5538819847838337,-0.5538819847838337,-0.5538819847838337,-0.5538819847838337,-0.5538819847838337,-0.5538819847838337,-0.5538819847838337,-0.5538819847838337,-0.5538819847838337,-0.5538819847838337,-0.5538819847838337,-0.5538819847838337,-0.5538819847838337,1.392028164271479,-0.5538819847838337,3.252780504986486,1.8440132880145361,-0.5538819847838337,1.055555927650266,-0.5538819847838337
SRR7146843,1,Pos,PRJNA464410,Duck,Duck,S,H,F,dabbling,Anasplatyrhynchos,"GrizzlyIslandWildlifeArea(GIWA),SolanoCounty",8.0,0.45803123277750935,-1.1514066796565903,-1.1514066796565903,-1.1514066796565903,2.6097934360369717,-1.1514066796565903,-1.1514066796565903,-1.1514066796565903,-1.1514066796565903,3.7389424485651634,-1.1514066796565903,-1.1514066796565903,3.59352544870666,-1.1514066796565903,2.2158891503298834,-1.1514066796565903,-1.1514066796565903,-1.1514066796565903,-1.1514066796565903,-1.1514066796565903,-0.052794390988481155,-1.1514066796565903,-1.1514066796565903,6.167795779111258,-1.1514066796565903,-1.1514066796565903,0.7945034693987223,-1.1514066796565903,-1.1514066796565903,-1.1514066796565903,-1.1514066796565903,-1.1514066796565903,-1.1514066796565903,1.9840875362725594,-1.1514066796565903,-1.1514066796565903,1.79303229950985,-1.1514066796565903,-1.1514066796565903,-1.1514066796565903,-1.1514066796565903,1.413542677804946,-1.1514066796565903,3.5214221548053155,7.661585552313375,-1.1514066796565903,5.464658505476226,-1.1514066796565903,-1.1514066796565903,3.825327062763984,-1.1514066796565903,-1.1514066796565903,0.7945034693987223,-1.1514066796565903,0.7945034693987223,-1.1514066796565903,0.45803123277750935,-1.1514066796565903,-1.1514066796565903,3.9174975225636413,-1.1514066796565903,4.219231348471072,-1.1514066796565903,-1.1514066796565903,-1.1514066796565903,-1.1514066796565903,-1.1514066796565903,-1.1514066796565903,1.0458178976796288,-1.1514066796565903
SRR7146844,1,Pos,PRJNA464410,Duck,Duck,S,H,M,dabbling,Anasplatyrhynchos,"GrizzlyIslandWildlifeArea(GIWA),SolanoCounty",7.0,2.0806606613857435,2.7119324382276018,-1.1382151634824567,0.47122274895164384,1.569835037619753,-1.1382151634824567,-1.1382151634824567,-1.1382151634824567,-1.1382151634824567,3.066477455908509,-1.1382151634824567,-1.1382151634824567,6.561174242774279,-1.1382151634824567,-1.1382151634824567,2.668447326287863,-1.1382151634824567,-1.1382151634824567,1.569835037619753,-1.1382151634824567,1.8062238156839836,-1.1382151634824567,-1.1382151634824567,7.6564582379009645,1.6949981805737595,-1.1382151634824567,3.553132718746687,-1.1382151634824567,-1.1382151634824567,-1.1382151634824567,-1.1382151634824567,2.7119324382276018,-1.1382151634824567,-1.1382151634824567,1.4267341939790796,-1.1382151634824567,-1.1382151634824567,-1.1382151634824567,-1.1382151634824567,-1.1382151634824567,-1.1382151634824567,0.47122274895164384,-1.1382151634824567,5.033485433928458,-1.1382151634824567,-1.1382151634824567,3.124464713558859,-1.1382151634824567,-1.1382151634824567,-1.1382151634824567,-1.1382151634824567,1.0590094138537625,-1.1382151634824567,-1.1382151634824567,-1.1382151634824567,-1.1382151634824567,0.8076949855728559,-1.1382151634824567,-1.1382151634824567,-1.1382151634824567,-1.1382151634824567,-1.1382151634824567,-1.1382151634824567,-1.1382151634824567,-1.1382151634824567,3.1522442776659343,-1.1382151634824567,-1.1382151634824567,-1.1382151634824567,2.5753569032218504
SRR7146846,1,Pos,PRJNA464410,Duck,Duck,S,H,M,dabbling,Anasplatyrhynchos,"GrizzlyIslandWildlifeArea(GIWA),SolanoCounty",7.0,-1.989433949582219,-1.989433949582219,0.5755154078793172,-1.989433949582219,5.1565505181321685,2.973410680677688,-1.989433949582219,-1.989433949582219,-1.989433949582219,-1.989433949582219,5.733243566885784,-1.989433949582219,3.6489207197515263,-1.989433949582219,-1.989433949582219,2.5852770289211637,-1.989433949582219,-1.989433949582219,1.0550884881412035,-1.989433949582219,0.7186162515199905,-1.989433949582219,-0.37999603714811947,4.901175170564947,-1.989433949582219,-1.989433949582219,0.20779062775400003,-1.989433949582219,0.8437793944739971,-1.989433949582219,2.6452950386474168,-1.989433949582219,-1.989433949582219,-1.989433949582219,-1.989433949582219,-1.989433949582219,2.854753136876372,1.7241381171220889,4.737997775268636,3.041003971810216,2.6833948848796867,3.4870296023492915,-1.989433949582219,2.1849533203134177,-1.989433949582219,2.9158408288562097,5.162834906450319,-1.989433949582219,-1.989433949582219,-1.989433949582219,1.5070736118842607,3.323772029459568,4.198830173500371,-1.989433949582219,-1.989433949582219,-1.989433949582219,-1.989433949582219,-1.989433949582219,3.6273371480843517,3.9689907434475624,-1.989433949582219,2.6452950386474168,-1.989433949582219,-1.989433949582219,-1.989433949582219,-1.989433949582219,-1.989433949582219,-1.989433949582219,-1.989433949582219,2.8388797877200815
SRR7146848,1,Pos,PRJNA464410,Duck,Duck,S,H,M,dabbling,Anasplatyrhynchos,"GrizzlyIslandWildlifeArea(GIWA),SolanoCounty",7.0,3.2492531128900195,2.1506408242219104,2.042427239581677,-1.5129208219077368,-1.5129208219077368,-1.5129208219077368,-1.5129208219077368,-1.5129208219077368,-1.5129208219077368,4.795177619601795,2.69177179748323,-1.5129208219077368,6.9396271760149695,-1.5129208219077368,-1.5129208219077368,-1.5129208219077368,-1.5129208219077368,-1.5129208219077368,-1.5129208219077368,-1.5129208219077368,3.377428306314018,-1.5129208219077368,-1.5129208219077368,5.6640979440021635,-1.5129208219077368,-1.5129208219077368,3.4070601039203883,3.141039528249787,5.653345152225902,-1.5129208219077368,-1.5129208219077368,3.819797971357633,1.0520285355538004,-1.5129208219077368,-1.5129208219077368,-1.5129208219077368,-1.5129208219077368,-1.5129208219077368,-1.5129208219077368,-1.5129208219077368,-1.5129208219077368,-1.5129208219077368,-1.5129208219077368,3.6518651520157777,-1.5129208219077368,-1.5129208219077368,3.71818779494685,-1.5129208219077368,2.4573710916443856,0.8849744508906339,-1.5129208219077368,-1.5129208219077368,3.8942509495523825,-1.5129208219077368,-1.5129208219077368,-1.5129208219077368,-0.4143085332396259,-1.5129208219077368,-1.5129208219077368,3.9031795802966838,-1.5129208219077368,3.819797971357633,-1.5129208219077368,-1.5129208219077368,-1.5129208219077368,2.721185682689523,-1.5129208219077368,-1.5129208219077368,-1.5129208219077368,-1.5129208219077368
SRR7146849,1,Pos,PRJNA464410,Duck,Duck,S,H,F,dabbling,Anasplatyrhynchos,"GrizzlyIslandWildlifeArea(GIWA),SolanoCounty",7.0,1.7866408013778994,1.858099765360044,0.8886992081719409,-1.5091960646264297,-1.5091960646264297,-1.5091960646264297,-1.5091960646264297,-1.5091960646264297,-1.5091960646264297,5.9518694497278535,3.065514913876953,-1.5091960646264297,5.8578809952545825,-1.5091960646264297,-1.5091960646264297,1.3240172794297864,-1.5091960646264297,-1.5091960646264297,-0.41058377595832063,-1.5091960646264297,2.5338552032081205,-1.5091960646264297,0.8886992081719409,6.626150884280277,0.4367140844288837,-1.5091960646264297,2.9096445431701685,0.6880285127097894,-1.5091960646264297,-1.5091960646264297,-1.5091960646264297,3.4252778685042617,-1.5091960646264297,-1.5091960646264297,-1.5091960646264297,2.1543655815032166,-1.5091960646264297,-1.5091960646264297,-1.5091960646264297,-1.5091960646264297,-1.5091960646264297,-1.5091960646264297,-1.5091960646264297,5.1866028524320615,-1.5091960646264297,-1.5091960646264297,-1.5091960646264297,-1.5091960646264297,-1.5091960646264297,3.6893009666393963,0.4367140844288837,-1.5091960646264297,-1.5091960646264297,-1.5091960646264297,-1.5091960646264297,-1.5091960646264297,0.8886992081719409,-1.5091960646264297,-1.5091960646264297,4.03988002026879,1.1988541364757808,3.933221645895364,-1.5091960646264297,-1.5091960646264297,-1.5091960646264297,-1.5091960646264297,-1.5091960646264297,3.044680826974111,5.510994643685496,-1.5091960646264297
SRR7146850,1,Pos,PRJNA464410,Duck,Duck,S,H,M,dabbling,Anasplatyrhynchos,"GrizzlyIslandWildlifeArea(GIWA),SolanoCounty",7.0,3.497603309858615,2.1199670114818394,-1.2473288185046343,-1.2473288185046343,-1.2473288185046343,-1.2473288185046343,-1.2473288185046343,-1.2473288185046343,-1.2473288185046343,6.679634726358343,-1.2473288185046343,-1.2473288185046343,6.639128452473054,-1.2473288185046343,-1.2473288185046343,-1.2473288185046343,-1.2473288185046343,-1.2473288185046343,-1.2473288185046343,-1.2473288185046343,3.5317946746068944,-1.2473288185046343,-1.2473288185046343,5.67924821471809,-1.2473288185046343,-1.2473288185046343,4.492464093674599,-1.2473288185046343,5.887562033061249,-1.2473288185046343,-1.2473288185046343,4.270124077960073,1.8881653974245145,-1.2473288185046343,-1.2473288185046343,-1.2473288185046343,-1.2473288185046343,-1.2473288185046343,-1.2473288185046343,-1.2473288185046343,-1.2473288185046343,-1.2473288185046343,-1.2473288185046343,2.4662432481996728,-1.2473288185046343,-1.2473288185046343,-1.2473288185046343,-1.2473288185046343,-1.2473288185046343,-1.2473288185046343,-1.2473288185046343,-1.2473288185046343,-1.2473288185046343,-1.2473288185046343,1.697110160661806,-1.2473288185046343,0.9498957588315848,-1.2473288185046343,-1.2473288185046343,3.3874001697250007,-1.2473288185046343,5.03866927600423,-1.2473288185046343,-1.2473288185046343,-1.2473288185046343,5.019871730036727,-1.2473288185046343,2.863545045668676,-1.2473288185046343,-1.2473288185046343
SRR7146851,1,Pos,PRJNA464410,Duck,Duck,S,H,M,dabbling,Anasplatyrhynchos,"GrizzlyIslandWildlifeArea(GIWA),SolanoCounty",7.0,2.666432069897043,-1.3038598436550783,-1.3038598436550783,-1.3038598436550783,-1.3038598436550783,-1.3038598436550783,-1.3038598436550783,-1.3038598436550783,-1.3038598436550783,-1.3038598436550783,-1.3038598436550783,-1.3038598436550783,6.094314249315387,-1.3038598436550783,-1.3038598436550783,2.2514882178343356,-1.3038598436550783,-1.3038598436550783,0.8933647336811408,-1.3038598436550783,3.6589847866048286,-1.3038598436550783,0.6420503054002351,7.1748003980443755,1.5293535004011378,-1.3038598436550783,3.039945578198605,-1.3038598436550783,2.3070580689891456,-1.3038598436550783,-1.3038598436550783,2.627965789069247,0.8933647336811408,-1.3038598436550783,-1.3038598436550783,1.640579135511362,-1.3038598436550783,-1.3038598436550783,-1.3038598436550783,-1.3038598436550783,-1.3038598436550783,-1.3038598436550783,3.2069996628617714,5.171572873049011,-1.3038598436550783,-1.3038598436550783,4.601502004399492,-1.3038598436550783,-1.3038598436550783,4.009346135386709,-1.3038598436550783,-1.3038598436550783,2.8705274262405585,-1.3038598436550783,-1.3038598436550783,-1.3038598436550783,6.029816552002606,-1.3038598436550783,-1.3038598436550783,3.8835259621856766,-1.3038598436550783,-1.3038598436550783,-1.3038598436550783,-1.3038598436550783,-1.3038598436550783,-1.3038598436550783,-1.3038598436550783,-1.3038598436550783,-1.3038598436550783,-1.3038598436550783
SRR7146852,0,Neg,PRJNA464410,Duck,Duck,S,H,F,dabbling,Anasplatyrhynchos,"GrizzlyIslandWildlifeArea(GIWA),SolanoCounty",7.0,3.193431194263318,-1.3391682988899376,-1.3391682988899376,-1.3391682988899376,-1.3391682988899376,-1.3391682988899376,-1.3391682988899376,-1.3391682988899376,4.763390295723632,3.8593287323758876,-1.3391682988899376,-1.3391682988899376,5.8575182719444125,-1.3391682988899376,3.171691207626912,-1.3391682988899376,5.032443548341918,1.368881902212272,-1.3391682988899376,-1.3391682988899376,-1.3391682988899376,-1.3391682988899376,6.343774870988354,-1.3391682988899376,-1.3391682988899376,-1.3391682988899376,1.9566685671143915,-1.3391682988899376,-1.3391682988899376,-1.3391682988899376,-1.3391682988899376,2.157339262576542,1.2257810585715987,-1.3391682988899376,-1.3391682988899376,-1.3391682988899376,-1.3391682988899376,-1.3391682988899376,-1.3391682988899376,-1.3391682988899376,-1.3391682988899376,-1.3391682988899376,2.7038829689446118,-1.3391682988899376,-1.3391682988899376,-1.3391682988899376,-1.3391682988899376,-1.3391682988899376,-1.3391682988899376,-1.3391682988899376,-1.3391682988899376,-1.3391682988899376,6.082009229705456,4.145628634600717,3.6236763313699694,-1.3391682988899376,3.275952217951321,4.387679448697259,-1.3391682988899376,-1.3391682988899376,-1.3391682988899376,-1.3391682988899376,-1.3391682988899376,6.4876737992683555,-1.3391682988899376,-1.3391682988899376,-1.3391682988899376,-1.3391682988899376,-1.3391682988899376,-1.3391682988899376
SRR7146853,0,Neg,PRJNA464410,Duck,Duck,S,H,M,dabbling,Anasplatyrhynchos,"GrizzlyIslandWildlifeArea(GIWA),SolanoCounty",7.0,-1.6988329008265008,-1.6988329008265008,1.9647287453031463,-1.6988329008265008,-1.6988329008265008,-1.6988329008265008,-1.6988329008265008,-1.6988329008265008,4.575929120415438,4.385666512248671,-1.6988329008265008,-1.6988329008265008,3.160979503535172,-1.6988329008265008,-1.6988329008265008,3.6435013511383105,4.269874659158866,-1.6988329008265008,-1.6988329008265008,-1.6988329008265008,-1.6988329008265008,-1.6988329008265008,3.010697300485834,3.681064452713959,-1.6988329008265008,-1.6988329008265008,1.1343804432297153,3.0802905922850288,-1.6988329008265008,-1.6988329008265008,-1.6988329008265008,-1.6988329008265008,-1.6988329008265008,-1.6988329008265008,0.8661164566350363,-1.6988329008265008,-1.6988329008265008,-1.6988329008265008,-1.6988329008265008,-1.6988329008265008,-1.6988329008265008,-1.6988329008265008,-1.6988329008265008,3.5429141142331417,-1.6988329008265008,-1.6988329008265008,1.5970039651778283,2.192987397284126,2.767075217828083,-1.6988329008265008,1.5200429240417002,-1.6988329008265008,4.712985366883396,2.062367214867062,0.49839167650971916,-1.6988329008265008,1.2456060783399403,3.671805127301162,-1.6988329008265008,2.85504399077404,-1.6988329008265008,6.873794997477837,-1.6988329008265008,4.989521813120261,-1.6988329008265008,-1.6988329008265008,-1.6988329008265008,-1.6988329008265008,4.144711516204859,-1.6988329008265008
SRR7146854,1,Pos,PRJNA464410,Duck,Duck,FW,H,M,dabbling,Anasamericana,"SacramentoNationalWildlifeRefuge,GlennCounty",11.0,-1.0567231239521124,-1.0567231239521124,-1.0567231239521124,-1.0567231239521124,0.041889164715996685,-1.0567231239521124,-1.0567231239521124,-1.0567231239521124,1.9877993137713101,5.639075793106379,-1.0567231239521124,-1.0567231239521124,1.6513270771500972,2.0787710919770372,-1.0567231239521124,-1.0567231239521124,0.041889164715996685,-1.0567231239521124,-1.0567231239521124,-1.0567231239521124,-1.0567231239521124,-1.0567231239521124,-1.0567231239521124,3.5780058642775234,-1.0567231239521124,-1.0567231239521124,-1.0567231239521124,-1.0567231239521124,-1.0567231239521124,-1.0567231239521124,-1.0567231239521124,-1.0567231239521124,-1.0567231239521124,-1.0567231239521124,-1.0567231239521124,-1.0567231239521124,-1.0567231239521124,-1.0567231239521124,-1.0567231239521124,-1.0567231239521124,-1.0567231239521124,2.749939365818207,2.0787710919770372,7.610784828122993,-1.0567231239521124,-1.0567231239521124,3.4541363825647373,-1.0567231239521124,-1.0567231239521124,1.3411721488462574,-1.0567231239521124,2.0787710919770372,-1.0567231239521124,-1.0567231239521124,-1.0567231239521124,0.5527147884819872,-1.0567231239521124,-1.0567231239521124,-1.0567231239521124,-1.0567231239521124,2.2391137420522167,4.6166001432193795,-1.0567231239521124,2.4986249375373006,-1.0567231239521124,2.8350971741585136,-1.0567231239521124,-1.0567231239521124,6.81839615708818,-1.0567231239521124
SRR7146855,0,Neg,PRJNA464410,Duck,Duck,FW,U,F,filter,Anasclypeata,"SacramentoNationalWildlifeRefuge,GlennCounty",1.0,2.0470962567777855,-1.2487406092265436,3.1700999985700538,-1.2487406092265436,-1.2487406092265436,-1.2487406092265436,-1.2487406092265436,-1.2487406092265436,-1.2487406092265436,4.451702964164142,-1.2487406092265436,-1.2487406092265436,5.317931820576697,-1.2487406092265436,-1.2487406092265436,-1.2487406092265436,-1.2487406092265436,-1.2487406092265436,0.9484839681096755,-1.2487406092265436,-1.2487406092265436,-1.2487406092265436,-1.2487406092265436,-1.2487406092265436,-1.2487406092265436,-1.2487406092265436,3.4961915191367066,-1.2487406092265436,-1.2487406092265436,-1.2487406092265436,2.1852465952586027,3.794684507692703,-1.2487406092265436,-1.2487406092265436,1.795781828496879,-1.2487406092265436,-1.2487406092265436,-1.2487406092265436,-1.2487406092265436,-1.2487406092265436,-1.2487406092265436,-1.2487406092265436,-1.2487406092265436,4.417686078885888,-1.2487406092265436,-1.2487406092265436,3.6110717951351283,-1.2487406092265436,-1.2487406092265436,2.11855522075993,2.5124595064670183,-1.2487406092265436,-1.2487406092265436,-1.2487406092265436,5.059357832282987,4.219319531908587,-1.2487406092265436,-1.2487406092265436,1.795781828496879,2.601406992483515,-1.2487406092265436,2.5124595064670183,-1.2487406092265436,-1.2487406092265436,-1.2487406092265436,-1.2487406092265436,-1.2487406092265436,-1.2487406092265436,-1.2487406092265436,7.630453318883774
SRR7146856,0,Neg,PRJNA464410,Duck,Duck,FW,U,M,filter,Anasclypeata,"SacramentoNationalWildlifeRefuge,GlennCounty",1.0,-1.3778043249887375,-1.3778043249887375,0.2316335874453621,-1.3778043249887375,0.8194202523474816,0.2316335874453621,-1.3778043249887375,-1.3778043249887375,-1.3778043249887375,3.1969066535146453,-1.3778043249887375,-1.3778043249887375,3.4820080793729344,-1.3778043249887375,-1.3778043249887375,0.5681058240665751,-1.3778043249887375,0.5681058240665751,-1.3778043249887375,-1.3778043249887375,1.4554090190674787,-1.3778043249887375,-1.3778043249887375,-1.3778043249887375,-1.3778043249887375,-1.3778043249887375,1.666718112734685,0.2316335874453621,-1.3778043249887375,3.1969066535146453,-1.3778043249887375,0.2316335874453621,-1.3778043249887375,-1.3778043249887375,0.2316335874453621,-1.3778043249887375,-1.3778043249887375,-1.3778043249887375,-1.3778043249887375,-1.3778043249887375,0.5681058240665751,-1.3778043249887375,2.9126551161596534,3.0166448296837007,-1.3778043249887375,-1.3778043249887375,4.575439009299046,0.2316335874453621,1.1871450324727988,1.9894915049977362,-1.3778043249887375,-1.3778043249887375,-1.3778043249887375,-1.3778043249887375,3.652633596403698,4.155585163738783,-1.3778043249887375,-1.3778043249887375,-1.3778043249887375,2.2331135876554864,-1.3778043249887375,3.154795168164518,-1.3778043249887375,-1.3778043249887375,-1.3778043249887375,-1.3778043249887375,4.5909032349966274,-1.3778043249887375,3.2569246632408984,7.608767300279316
SRR7146857,0,Neg,PRJNA464410,Duck,Duck,FW,U,F,filter,Anasclypeata,"SacramentoNationalWildlifeRefuge,GlennCounty",1.0,0.31189221887082574,-1.2975456935632748,-1.2975456935632748,-1.2975456935632748,5.0977159045521745,-1.2975456935632748,-1.2975456935632748,-1.2975456935632748,-1.2975456935632748,-1.2975456935632748,-1.2975456935632748,-1.2975456935632748,4.235843795164245,-1.2975456935632748,-1.2975456935632748,0.31189221887082574,-1.2975456935632748,-0.19893340489516564,0.8996788837729444,-1.2975456935632748,-1.2975456935632748,-1.2975456935632748,-1.2975456935632748,4.62403272608054,0.31189221887082574,-1.2975456935632748,-1.2975456935632748,0.8996788837729444,-1.2975456935632748,4.100617007954478,-1.2975456935632748,0.8996788837729444,-1.2975456935632748,-1.2975456935632748,-1.2975456935632748,-1.2975456935632748,-1.2975456935632748,-1.2975456935632748,1.2674036638982615,-1.2975456935632748,-1.2975456935632748,-1.2975456935632748,3.0969034611091635,7.508878370294594,-1.2975456935632748,1.6468932856031655,5.415410507113794,-1.2975456935632748,-1.2975456935632748,4.973442738295024,-1.2975456935632748,-1.2975456935632748,-1.2975456935632748,-1.2975456935632748,3.213313812953575,2.463654422130287,-1.2975456935632748,-1.2975456935632748,1.100349579235096,1.2674036638982615,0.6483644554920387,-1.2975456935632748,-1.2975456935632748,-1.2975456935632748,-1.2975456935632748,1.7469767441601478,-1.2975456935632748,-1.2975456935632748,-1.2975456935632748,3.8441178629393846
SRR7146858,0,Neg,PRJNA464410,Duck,Duck,FW,U,M,filter,Anasclypeata,"SacramentoNationalWildlifeRefuge,GlennCounty",1.0,-1.075178768335416,-1.075178768335416,-1.075178768335416,-1.075178768335416,3.435680738181434,-1.075178768335416,-1.075178768335416,-1.075178768335416,-1.075178768335416,4.7567037089481,-1.075178768335416,-1.075178768335416,0.023433520332693192,2.638393298368891,-1.075178768335416,-1.075178768335416,-1.075178768335416,-1.075178768335416,0.023433520332693192,-1.075178768335416,-1.075178768335416,-1.075178768335416,-1.075178768335416,1.1220458090008032,-1.075178768335416,-1.075178768335416,-1.075178768335416,-1.075178768335416,-1.075178768335416,5.013866107111429,-1.075178768335416,-1.075178768335416,-1.075178768335416,-1.075178768335416,0.5342591440986837,-1.075178768335416,-1.075178768335416,-1.075178768335416,-1.075178768335416,-1.075178768335416,-1.075178768335416,-1.075178768335416,3.6697533600278343,7.913392107879701,-1.075178768335416,0.8707313807198966,4.267155483629395,0.023433520332693192,-1.075178768335416,2.480169293153997,-1.075178768335416,-1.075178768335416,-1.075178768335416,-1.075178768335416,-1.075178768335416,-1.075178768335416,-1.075178768335416,-1.075178768335416,-1.075178768335416,1.4897705891261204,-1.075178768335416,0.8707313807198966,-1.075178768335416,-1.075178768335416,-1.075178768335416,3.652209050376924,4.953099751895282,2.220658097668913,3.8000185548657353,-1.075178768335416
SRR7146859,0,Neg,PRJNA464410,Duck,Duck,FW,U,M,filter,Anasclypeata,"SacramentoNationalWildlifeRefuge,GlennCounty",1.0,-1.1541529650622628,-1.1541529650622628,-1.1541529650622628,-1.1541529650622628,3.573234853650077,-1.1541529650622628,-1.1541529650622628,-1.1541529650622628,-1.1541529650622628,5.459231253317297,-1.1541529650622628,-1.1541529650622628,2.7776726676620624,-1.1541529650622628,-1.1541529650622628,-1.1541529650622628,-1.1541529650622628,-1.1541529650622628,-1.1541529650622628,-1.1541529650622628,-1.1541529650622628,-1.1541529650622628,-1.1541529650622628,5.168412274865021,-1.1541529650622628,-1.1541529650622628,0.7917571839930497,-1.1541529650622628,-0.05554067639415372,-1.1541529650622628,-1.1541529650622628,-0.05554067639415372,-1.1541529650622628,-1.1541529650622628,-0.05554067639415372,-1.1541529650622628,-1.1541529650622628,-1.1541529650622628,-1.1541529650622628,-1.1541529650622628,-1.1541529650622628,-1.1541529650622628,-1.1541529650622628,7.414303520291516,-1.1541529650622628,2.0647228598059373,5.090013935601473,-0.05554067639415372,-1.1541529650622628,-1.1541529650622628,-1.1541529650622628,-1.1541529650622628,-1.1541529650622628,-1.1541529650622628,-1.1541529650622628,1.6790603789939533,-1.1541529650622628,-1.1541529650622628,-1.1541529650622628,1.4107963923992735,-1.1541529650622628,2.923384478843456,-1.1541529650622628,-1.1541529650622628,-1.1541529650622628,3.079953539534996,5.093889909446165,2.5094086810673835,2.456764947581961,6.437204081636287
SRR7146860,0,Neg,PRJNA464410,Duck,Duck,FW,U,M,filter,Anasclypeata,"SacramentoNationalWildlifeRefuge,GlennCounty",1.0,-1.6646098947439194,-1.6646098947439194,-1.6646098947439194,3.8528430017207884,6.2901134397539895,4.298969448874527,-1.6646098947439194,-1.6646098947439194,-1.6646098947439194,2.9305099553906713,3.1475744606284985,-1.6646098947439194,1.4708843211852303,1.6312269712604097,-1.6646098947439194,-1.6646098947439194,-1.6646098947439194,-1.6646098947439194,-1.6646098947439194,-1.6646098947439194,-1.6646098947439194,-1.6646098947439194,-1.6646098947439194,-1.6646098947439194,-1.6646098947439194,-1.6646098947439194,-1.6646098947439194,-1.6646098947439194,-1.6646098947439194,1.2798290844225217,-1.6646098947439194,-1.6646098947439194,-1.6646098947439194,-1.6646098947439194,-1.6646098947439194,-1.6646098947439194,4.415323300351671,3.4413355791566618,3.696682270965506,-1.6646098947439194,2.0965902209496434,3.131180650852822,2.0489621719603885,3.7335528067738335,-1.6646098947439194,2.754230713052679,2.378441373090631,-1.6646098947439194,-1.6646098947439194,-1.6646098947439194,-1.6646098947439194,-1.6646098947439194,-1.6646098947439194,-1.6646098947439194,1.043440306358291,1.998951751385727,-1.6646098947439194,-1.6646098947439194,2.478524831647613,0.9003394627176178,-1.6646098947439194,-1.6646098947439194,-1.6646098947439194,-1.6646098947439194,1.379912542979504,1.379912542979504,3.48868169975386,-1.6646098947439194,1.2798290844225217,6.694993376097547
SRR7146861,0,Neg,PRJNA464410,Duck,Duck,FW,U,M,filter,Anasclypeata,"SacramentoNationalWildlifeRefuge,GlennCounty",1.0,-1.3018232680397892,-1.3018232680397892,-1.3018232680397892,-1.3018232680397892,1.8336709478893605,-1.3018232680397892,3.70212303790567,-1.3018232680397892,-1.3018232680397892,1.263126089421747,-1.3018232680397892,-1.3018232680397892,3.2728877104635936,0.6440868810155234,0.3076146443943104,-1.3018232680397892,-1.3018232680397892,-1.3018232680397892,-1.3018232680397892,-1.3018232680397892,-1.3018232680397892,-0.2032109793716801,-1.3018232680397892,3.015664845496521,-1.3018232680397892,-1.3018232680397892,1.4062269330624204,-0.2032109793716801,-1.3018232680397892,1.99401359796454,-1.3018232680397892,1.642615711126651,-1.3018232680397892,-1.3018232680397892,-1.3018232680397892,-1.3018232680397892,-1.3018232680397892,-1.3018232680397892,-1.3018232680397892,-1.3018232680397892,-1.3018232680397892,-1.3018232680397892,2.630002364684536,7.683496792609323,-1.3018232680397892,-1.3018232680397892,5.644190723059438,0.3076146443943104,-1.3018232680397892,3.1868131016923504,-1.3018232680397892,-1.3018232680397892,-1.3018232680397892,-1.3018232680397892,2.4593768476537727,0.8954013092964299,-1.3018232680397892,-1.3018232680397892,-1.3018232680397892,3.674910474380785,-1.3018232680397892,1.642615711126651,-1.3018232680397892,-1.3018232680397892,-1.3018232680397892,2.1946842934266906,2.1946842934266906,0.3076146443943104,2.74122799979476,3.041982153813894
SRR7146862,0,Neg,PRJNA464410,Duck,Duck,FW,U,M,filter,Anasclypeata,"SacramentoNationalWildlifeRefuge,GlennCounty",1.0,-0.8705773425044168,-0.8705773425044168,-0.8705773425044168,-0.8705773425044168,2.173945095219006,-0.8705773425044168,-0.8705773425044168,-0.8705773425044168,-0.8705773425044168,3.5238718121680215,-0.8705773425044168,-0.8705773425044168,1.0753328065508958,-0.8705773425044168,-0.8705773425044168,-0.8705773425044168,-0.8705773425044168,-0.8705773425044168,-0.8705773425044168,-0.8705773425044168,-0.8705773425044168,-0.8705773425044168,-0.8705773425044168,4.078182547873751,-0.8705773425044168,-0.8705773425044168,-0.8705773425044168,-0.8705773425044168,-0.8705773425044168,6.60646112981528,-0.8705773425044168,-0.8705773425044168,-0.8705773425044168,-0.8705773425044168,-0.8705773425044168,-0.8705773425044168,-0.8705773425044168,-0.8705773425044168,-0.8705773425044168,-0.8705773425044168,-0.8705773425044168,-0.8705773425044168,1.6943720149571195,7.586228698896726,-0.8705773425044168,-0.8705773425044168,1.6943720149571195,-0.8705773425044168,-0.8705773425044168,-0.8705773425044168,-0.8705773425044168,-0.8705773425044168,-0.8705773425044168,-0.8705773425044168,0.22803494616369235,3.363529162092842,-0.8705773425044168,-0.8705773425044168,-0.8705773425044168,-0.8705773425044168,-0.8705773425044168,1.9626360015517994,-0.8705773425044168,-0.8705773425044168,-0.8705773425044168,2.3482984823637834,-0.8705773425044168,0.22803494616369235,4.185668462843891,7.132785716125531
SRR7146863,0,Neg,PRJNA464410,Duck,Duck,S,H,M,dabbling,Anasplatyrhynchos,"SuisunMarsh/Balboa,SolanoCounty",7.0,-1.8161324513825887,-1.8161324513825887,-0.20669453894848733,-1.8161324513825887,0.12977769767272562,-1.8161324513825887,0.7488169060789485,-1.8161324513825887,1.6178547531025584,6.28402899555402,-1.8161324513825887,-1.8161324513825887,3.3255311051200716,-1.8161324513825887,-1.8161324513825887,3.771116207017662,2.0340151503274706,-1.8161324513825887,3.591039320077531,-1.8161324513825887,1.2283899863408347,-1.8161324513825887,-1.8161324513825887,0.7488169060789485,-0.20669453894848733,-1.8161324513825887,1.0170808926736283,1.1283065277838524,2.5533154010844337,-1.8161324513825887,-1.8161324513825887,1.6178547531025584,-1.8161324513825887,-1.8161324513825887,0.12977769767272562,-1.8161324513825887,-1.8161324513825887,-1.8161324513825887,0.8919177497196218,-1.8161324513825887,-1.8161324513825887,0.8919177497196218,0.12977769767272562,2.672503918349552,-1.8161324513825887,-1.8161324513825887,2.649775667271996,2.5276729704710963,-1.8161324513825887,5.399842551268878,-1.8161324513825887,-0.20669453894848733,2.0340151503274706,-1.8161324513825887,0.5817628214157828,-1.8161324513825887,-1.8161324513825887,-0.20669453894848733,0.8919177497196218,4.325904954204768,-1.8161324513825887,6.01707149725847,-1.8161324513825887,2.962991041728942,-1.8161324513825887,5.022272749464756,-1.8161324513825887,-0.7175201627144778,-1.8161324513825887,-1.8161324513825887
SRR7146865,1,Pos,PRJNA464410,Duck,Duck,FW,U,M,dabbling,Anasplatyrhynchos,"ConawayRanch,YoloCounty",10.0,-1.6133546543620154,-1.6133546543620154,-1.6133546543620154,0.33255549469329715,1.8206325501231309,-0.5147423656939063,1.5221395615671343,-1.6133546543620154,1.6824822116423137,5.018647123033614,-1.6133546543620154,0.9515947030995209,2.1478454613315465,2.2784656437486106,-1.6133546543620154,-1.6133546543620154,1.0946955467401942,-1.6133546543620154,0.5838699229742037,-1.6133546543620154,-1.6133546543620154,1.0946955467401942,1.0946955467401942,1.2198586896942007,-1.6133546543620154,-1.6133546543620154,-1.6133546543620154,-1.6133546543620154,-1.6133546543620154,0.5838699229742037,-1.6133546543620154,0.33255549469329715,-1.6133546543620154,-1.6133546543620154,-1.6133546543620154,-1.6133546543620154,0.33255549469329715,-1.6133546543620154,1.5221395615671343,0.33255549469329715,-1.6133546543620154,2.393978530870455,1.4311677833614072,6.3265169219998665,-1.6133546543620154,-1.6133546543620154,6.939012612061876,-1.6133546543620154,-0.003916741927915801,1.2198586896942007,-1.6133546543620154,-1.6133546543620154,2.236792947348043,-1.6133546543620154,1.4311677833614072,-1.6133546543620154,0.9515947030995209,1.9975632582822085,-1.6133546543620154,1.8831529071044644,-1.6133546543620154,-1.6133546543620154,-1.6133546543620154,2.781094500310423,-1.6133546543620154,1.8831529071044644,-1.6133546543620154,-1.6133546543620154,4.7918738036688255,-1.6133546543620154
SRR7146866,1,Pos,PRJNA464410,Duck,Duck,FW,U,M,dabbling,Anasplatyrhynchos,"ConawayRanch,YoloCounty",10.0,-1.0202929304280044,-1.0202929304280044,-1.0202929304280044,-1.0202929304280044,5.022339903254377,2.1152012855011453,5.188297095668624,-1.0202929304280044,-1.0202929304280044,3.5748269197065854,-1.0202929304280044,-1.0202929304280044,-1.0202929304280044,-1.0202929304280044,-1.0202929304280044,-1.0202929304280044,-1.0202929304280044,-1.0202929304280044,-1.0202929304280044,-1.0202929304280044,-1.0202929304280044,-1.0202929304280044,-1.0202929304280044,5.200297239671734,-1.0202929304280044,-1.0202929304280044,-1.0202929304280044,-1.0202929304280044,-1.0202929304280044,1.544656427033532,-1.0202929304280044,-1.0202929304280044,-1.0202929304280044,-1.0202929304280044,-1.0202929304280044,-1.0202929304280044,-1.0202929304280044,-1.0202929304280044,-1.0202929304280044,-1.0202929304280044,-1.0202929304280044,2.2755439355763247,1.6877572706742052,5.3649014685697205,2.987040254804466,-1.0202929304280044,2.3470028995584693,-1.0202929304280044,-1.0202929304280044,-1.0202929304280044,-1.0202929304280044,-1.0202929304280044,-1.0202929304280044,-1.0202929304280044,-1.0202929304280044,-1.0202929304280044,-1.0202929304280044,-1.0202929304280044,-1.0202929304280044,0.07831935824010472,4.99830028406823,0.07831935824010472,-1.0202929304280044,-1.0202929304280044,0.07831935824010472,7.863347302075668,-1.0202929304280044,-1.0202929304280044,3.671054951801139,-1.0202929304280044
SRR7146868,1,Pos,PRJNA464410,Duck,Duck,FW,H,F,dabbling,Anasacuta,"ConawayRanch,YoloCounty",10.0,-1.2195354957553972,-1.2195354957553972,-1.2195354957553972,-1.2195354957553972,-1.2195354957553972,-1.2195354957553972,-1.2195354957553972,-1.2195354957553972,-1.2195354957553972,2.630612105954661,-1.2195354957553972,-1.2195354957553972,1.8249869419680254,-1.2195354957553972,-1.2195354957553972,1.1783597770429726,1.345413861706139,-1.2195354957553972,0.3899024166787024,-1.2195354957553972,-1.2195354957553972,-1.2195354957553972,0.3899024166787024,5.614573243058441,-1.2195354957553972,0.9776890815808219,0.9776890815808219,-1.2195354957553972,0.3899024166787024,-1.2195354957553972,-1.2195354957553972,-0.1209232070872881,-1.2195354957553972,-1.2195354957553972,-1.2195354957553972,-1.2195354957553972,-1.2195354957553972,-1.2195354957553972,-1.2195354957553972,-1.2195354957553972,-1.2195354957553972,-0.1209232070872881,2.891338368417914,7.560483392113754,-1.2195354957553972,-1.2195354957553972,0.9776890815808219,-1.2195354957553972,1.345413861706139,0.7263746532999154,-1.2195354957553972,3.4532933387065086,2.1477603342310765,-0.1209232070872881,0.3899024166787024,-1.2195354957553972,4.28985284087258,0.3899024166787024,-1.2195354957553972,0.7263746532999154,-1.2195354957553972,1.613677848300819,-1.2195354957553972,2.630612105954661,-1.2195354957553972,6.331651371540752,-1.2195354957553972,-1.2195354957553972,0.3899024166787024,-1.2195354957553972
SRR7146869,1,Pos,PRJNA464410,Duck,Duck,FW,U,M,dabbling,Anasplatyrhynchos,"ConawayRanch,YoloCounty",12.0,-2.163039448582058,0.5450107525201515,-2.163039448582058,-1.064427159913949,2.3695600445711973,0.6701738954741572,-2.163039448582058,-0.5536015361479585,1.2709477559030873,4.573927509419796,0.7813995305843822,-2.163039448582058,3.662960658798392,-0.21712929952674553,-2.163039448582058,-2.163039448582058,1.392308612907355,-2.163039448582058,0.03418512875416102,0.03418512875416102,1.392308612907355,-2.163039448582058,1.6871081531280003,4.34274461154617,-2.163039448582058,-2.163039448582058,0.7813995305843822,-2.163039448582058,0.4019099088794782,1.2709477559030873,-2.163039448582058,1.2709477559030873,-2.163039448582058,-2.163039448582058,-2.163039448582058,-2.163039448582058,-2.163039448582058,-2.163039448582058,0.03418512875416102,-2.163039448582058,-2.163039448582058,-0.21712929952674553,4.025224674500532,6.416377086014311,1.3334681128844217,-2.163039448582058,3.035457582683767,-2.163039448582058,-2.163039448582058,1.5981606671115038,-2.163039448582058,-2.163039448582058,2.154448664954252,1.550532618122249,-2.163039448582058,-0.21712929952674553,2.23140970609038,0.7813995305843822,-2.163039448582058,1.6871081531280003,-2.163039448582058,2.5283084336470854,-2.163039448582058,3.758538971061757,-2.163039448582058,3.9746876055041755,2.2796118079082577,-2.163039448582058,3.6084016745479572,1.8442937366504122
SRR7146871,1,Pos,PRJNA464410,Duck,Duck,FW,H,M,dabbling,Anasamericana,"SacramentoNationalWildlifeRefuge,GlennCounty",10.0,-1.6073350035646419,-1.6073350035646419,-1.6073350035646419,-1.6073350035646419,4.151566770312638,-1.6073350035646419,-1.6073350035646419,-1.6073350035646419,-1.6073350035646419,4.791259930970565,2.6553448734766736,-1.6073350035646419,2.5357997228268907,-1.6073350035646419,2.6553448734766736,-1.6073350035646419,-1.6073350035646419,-1.6073350035646419,-1.6073350035646419,-1.6073350035646419,-0.5087227148965328,-1.6073350035646419,-1.6073350035646419,-1.6073350035646419,-1.6073350035646419,-1.6073350035646419,0.9576143538968944,-1.6073350035646419,1.8266522009205044,-1.6073350035646419,-1.6073350035646419,0.9576143538968944,-1.6073350035646419,2.3629569099874796,0.9576143538968944,-1.6073350035646419,-1.6073350035646419,-1.6073350035646419,3.97239482242158,2.626771501032617,1.6115408213035582,6.393349780950106,2.903524502952208,4.0796403527751774,-1.6073350035646419,1.5281592123645078,3.283014124657112,-1.6073350035646419,-1.6073350035646419,-1.6073350035646419,2.1993274862056778,-1.6073350035646419,1.4371874341587807,-1.6073350035646419,-1.6073350035646419,-1.6073350035646419,6.629879699784847,-1.6073350035646419,2.106237063139665,1.2258783404915734,2.284485294545984,5.098304091295361,-1.6073350035646419,-1.6073350035646419,-1.6073350035646419,-1.6073350035646419,-1.6073350035646419,-1.6073350035646419,-1.6073350035646419,-1.6073350035646419
SRR7146872,1,Pos,PRJNA464410,Duck,Duck,FW,H,M,filter,Anasclypeata,"SacramentoNationalWildlifeRefuge,GlennCounty",10.0,-1.1364518180174414,-1.1364518180174414,-1.1364518180174414,-1.1364518180174414,-1.1364518180174414,-1.1364518180174414,-1.1364518180174414,-1.1364518180174414,4.622449955859839,2.7553684800931846,-1.1364518180174414,-1.1364518180174414,1.0607727593187777,-1.1364518180174414,-1.1364518180174414,-1.1364518180174414,4.6895482893630085,-0.037839529349332324,-1.1364518180174414,1.8079871611489988,-1.1364518180174414,-1.1364518180174414,3.7077352684411498,-1.1364518180174414,-1.1364518180174414,-1.1364518180174414,-1.1364518180174414,-1.1364518180174414,-1.1364518180174414,4.634989305112574,-1.1364518180174414,0.4729860944166582,-1.1364518180174414,1.4284975394440949,-1.1364518180174414,-1.1364518180174414,-1.1364518180174414,-1.1364518180174414,-1.1364518180174414,-1.1364518180174414,-1.1364518180174414,-1.1364518180174414,-1.1364518180174414,7.7557472740222515,-1.1364518180174414,-1.1364518180174414,2.795373814706884,-1.1364518180174414,-1.1364518180174414,-1.1364518180174414,-1.1364518180174414,-1.1364518180174414,5.0268629860172,2.906599449817108,1.4284975394440949,-1.1364518180174414,3.396147675135814,-1.1364518180174414,-1.1364518180174414,-1.1364518180174414,-1.1364518180174414,-1.1364518180174414,-1.1364518180174414,5.320317837554722,-1.1364518180174414,-0.037839529349332324,-1.1364518180174414,-1.1364518180174414,-1.1364518180174414,4.224840347691983
SRR7146874,1,Pos,PRJNA464410,Duck,Duck,FW,H,M,dabbling,Anasacuta,"SacramentoNationalWildlifeRefuge,GlennCounty",10.0,-0.9035440923702485,-0.9035440923702485,-0.9035440923702485,-0.9035440923702485,1.042366056685064,-0.9035440923702485,1.9296692516859677,-0.9035440923702485,-0.9035440923702485,-0.9035440923702485,-0.9035440923702485,-0.9035440923702485,2.040894886796192,-0.9035440923702485,0.19506819629786065,-0.9035440923702485,-0.9035440923702485,-0.9035440923702485,1.2936804849659707,-0.9035440923702485,-0.9035440923702485,-0.9035440923702485,-0.9035440923702485,6.061536253231157,-0.9035440923702485,-0.9035440923702485,0.7058938200638512,-0.9035440923702485,-0.9035440923702485,-0.9035440923702485,-0.9035440923702485,-0.9035440923702485,-0.9035440923702485,-0.9035440923702485,-0.9035440923702485,-0.9035440923702485,-0.9035440923702485,-0.9035440923702485,-0.9035440923702485,-0.9035440923702485,-0.9035440923702485,0.7058938200638512,2.5929634690962313,7.917450553377653,2.140978345353174,-0.9035440923702485,4.4387901595945625,-0.9035440923702485,-0.9035440923702485,2.040894886796192,0.7058938200638512,2.140978345353174,-0.9035440923702485,-0.9035440923702485,-0.9035440923702485,-0.9035440923702485,2.530443112114898,-0.9035440923702485,-0.9035440923702485,-0.9035440923702485,-0.9035440923702485,1.9296692516859677,-0.9035440923702485,-0.9035440923702485,-0.9035440923702485,6.571228090027621,-0.9035440923702485,-0.9035440923702485,-0.9035440923702485,-0.9035440923702485
SRR7146875,1,Pos,PRJNA464410,Duck,Duck,FW,H,F,filter,Anasclypeata,"SacramentoNationalWildlifeRefuge,GlennCounty",12.0,-0.8551351390779303,1.1817467881831085,0.879465916310175,-1.9537474277460412,-1.9537474277460412,-1.9537474277460412,-1.9537474277460412,-1.9537474277460412,0.24347714959017885,0.9906915514204,-1.9537474277460412,2.5571120787708095,4.754336656107029,-1.9537474277460412,-1.9537474277460412,3.6987417525226096,-1.9537474277460412,1.2651283971221599,2.2509451916449255,-0.34430951531194065,-0.0078372786907277,-1.9537474277460412,0.611201929715496,-1.9537474277460412,0.24347714959017885,-1.9537474277460412,2.089303840088509,0.611201929715496,0.7543027733561694,-1.9537474277460412,-1.9537474277460412,2.05358575748643,-1.9537474277460412,-1.9537474277460412,1.4135484022404334,-1.9537474277460412,-1.9537474277460412,0.4441478450523295,-1.9537474277460412,-1.9537474277460412,-1.9537474277460412,-1.9537474277460412,2.390057994107643,4.675615825691407,0.24347714959017885,-1.9537474277460412,3.8955773522008186,-0.8551351390779303,1.4135484022404334,-1.9537474277460412,2.5571120787708095,-1.9537474277460412,2.2206398421495965,-1.9537474277460412,2.089303840088509,6.245167017240949,-1.9537474277460412,-1.9537474277460412,-0.34430951531194065,0.7543027733561694,-1.9537474277460412,-1.9537474277460412,4.4613495314255545,1.1817467881831085,-1.9537474277460412,1.8964001739640173,-1.9537474277460412,-1.9537474277460412,0.879465916310175,5.9342119088539045
SRR7146877,1,Pos,PRJNA464410,Duck,Duck,FW,H,F,filter,Anasclypeata,"SacramentoNationalWildlifeRefuge,GlennCounty",10.0,-2.313814862556457,-2.313814862556457,-2.313814862556457,-0.11659028522023807,2.1288363939338586,1.4928476272138624,-2.313814862556457,-1.215202573888348,1.693518322676013,3.2274486826019686,-1.215202573888348,0.519398481499759,3.310202643630881,-2.313814862556457,-2.313814862556457,-2.313814862556457,2.8041789498602974,-2.313814862556457,0.7307075751669654,-2.313814862556457,-0.7043769501223576,-2.313814862556457,1.8293198638350754,-2.313814862556457,-2.313814862556457,-2.313814862556457,-0.3679047135011446,0.8216793533726925,-2.313814862556457,2.979489962168035,-2.313814862556457,-2.313814862556457,-2.313814862556457,-2.313814862556457,-0.7043769501223576,-2.313814862556457,-2.313814862556457,-2.313814862556457,1.4473852531371048,0.6306241166099831,-2.313814862556457,0.2511344949050791,5.037985006501319,5.945902098465065,0.8216793533726925,1.0534809674300165,3.591546985498113,-2.313814862556457,-2.313814862556457,3.36635774646061,-2.313814862556457,-2.313814862556457,3.6289845125702436,0.9050609623117429,0.8216793533726925,1.7970590016168542,1.5363327391536012,2.4135729561558827,0.2511344949050791,-2.313814862556457,-2.313814862556457,3.8785476269184147,-2.313814862556457,3.866201791096115,-2.313814862556457,2.4483590722412982,2.10502574524014,0.7307075751669654,1.4473852531371048,4.224324961211212
SRR7146878,1,Pos,PRJNA464410,Duck,Duck,S,H,F,dabbling,Anasplatyrhynchos,"GrizzlyIslandWildlifeArea(GIWA),SolanoCounty",7.0,1.9477285423534774,1.7548248762289864,1.7548248762289864,-2.095322725481073,3.7597491967213545,0.9491997122423506,2.539406262748563,-2.095322725481073,-2.095322725481073,3.9036138364656106,-2.095322725481073,3.14642428957857,5.855179709327778,-2.095322725481073,-2.095322725481073,-2.095322725481073,-2.095322725481073,-2.095322725481073,-2.095322725481073,-2.095322725481073,2.138783779116187,-2.095322725481073,-2.095322725481073,0.6127274756211376,0.8491162536853682,-2.095322725481073,2.5775061089808338,-2.095322725481073,-2.095322725481073,-2.095322725481073,-2.095322725481073,2.9351151959113633,1.0401714904480768,-2.095322725481073,-2.095322725481073,-2.095322725481073,-2.095322725481073,1.460025336008341,3.4615053362184653,-2.095322725481073,-2.095322725481073,4.1011214023134475,3.4919259329191767,5.835243128752892,-2.095322725481073,1.3386644790040734,2.195136715667319,-2.095322725481073,-2.095322725481073,-2.095322725481073,-2.095322725481073,3.5641594902785485,1.9120104597513983,0.10190185185514711,0.6127274756211376,-2.095322725481073,-2.095322725481073,-2.095322725481073,2.4372767676721834,0.7378906185751433,4.358302273411619,-2.095322725481073,-2.095322725481073,0.10190185185514711,0.6127274756211376,2.222165388055238,-0.14941257642575945,-2.095322725481073,-2.095322725481073,1.2719731045054017
SRR7146880,1,Pos,PRJNA464410,Duck,Duck,FW,U,M,dabbling,Anasplatyrhynchos,"ConawayRanch,YoloCounty",12.0,-2.139235901647253,-2.139235901647253,-2.139235901647253,-2.139235901647253,1.5243257444823932,-2.139235901647253,-2.139235901647253,-2.139235901647253,-2.139235901647253,3.594105375250492,5.241643133916863,-0.19332575259194051,3.527190786465179,2.3494004680848866,-2.139235901647253,-2.139235901647253,1.8680972835852172,-2.139235901647253,0.5688142994549565,-2.139235901647253,-0.19332575259194051,-2.139235901647253,3.2030983503175574,3.0369138309265757,-2.139235901647253,-2.139235901647253,0.2586593711511167,0.2586593711511167,2.2796047061493443,0.9052865360761695,-2.139235901647253,0.6939774424089631,-2.139235901647253,-2.139235901647253,-2.139235901647253,-2.139235901647253,-2.139235901647253,-2.139235901647253,-2.139235901647253,-2.139235901647253,-2.139235901647253,-2.139235901647253,2.255213253025185,5.582555875170282,-2.139235901647253,2.588151917065087,3.844700379039937,-2.139235901647253,-2.139235901647253,1.8680972835852172,-2.139235901647253,-2.139235901647253,2.4354750768561297,0.2586593711511167,-2.139235901647253,-2.139235901647253,3.0918727152073333,2.6398875914642757,-2.139235901647253,0.2586593711511167,-2.139235901647253,2.51472444851027,2.823608728612654,3.3862170374845304,-2.139235901647253,5.479015196229442,3.5477394546925667,4.441403235637695,3.212622231828813,-2.139235901647253
SRR7146881,0,Neg,PRJNA464410,Duck,Duck,S,H,M,dabbling,Anasplatyrhynchos,"GrizzlyIslandWildlifeArea(GIWA),SolanoCounty",7.0,1.0767876452436242,-1.756425698812592,0.6414695739857788,-1.756425698812592,3.3615681136041635,0.4407988785236281,-1.756425698812592,-1.756425698812592,2.6862255576777248,1.539411167191738,-1.756425698812592,-1.756425698812592,4.518336322429347,-1.756425698812592,-1.756425698812592,-1.756425698812592,3.1339234294091627,-1.756425698812592,-1.756425698812592,1.0767876452436242,1.9071359473170553,-1.756425698812592,4.491617175695838,-1.756425698812592,-1.756425698812592,-1.756425698812592,1.9071359473170553,1.3790685171165586,-1.756425698812592,-1.756425698812592,-1.756425698812592,2.0502367909577286,-1.756425698812592,-1.756425698812592,-1.756425698812592,-1.756425698812592,-1.756425698812592,2.2138662147395305,5.711516633473261,-1.756425698812592,-1.756425698812592,1.3790685171165586,1.1880132803538492,3.087761387646,-1.756425698812592,-1.756425698812592,4.84887222213561,-1.756425698812592,-1.756425698812592,-1.756425698812592,-1.756425698812592,-1.756425698812592,3.8080947085101022,1.8544922138316329,2.953104502499743,-1.756425698812592,2.638023455859847,2.0502367909577286,6.580922865684584,-1.756425698812592,-1.756425698812592,-1.756425698812592,1.2880967389108315,3.9573071066967778,-1.756425698812592,-1.756425698812592,-1.756425698812592,-1.756425698812592,-1.756425698812592,-1.756425698812592
SRR7146882,0,Neg,PRJNA464410,Duck,Duck,S,H,M,dabbling,Anasplatyrhynchos,"GrizzlyIslandWildlifeArea(GIWA),SolanoCounty",7.0,0.9312876429850734,-1.4666076298132964,-1.4666076298132964,-1.4666076298132964,2.0298999316531834,-1.4666076298132964,-1.4666076298132964,-1.4666076298132964,5.5134683107484665,2.19695401631635,-1.4666076298132964,-1.4666076298132964,3.537338676132163,-1.4666076298132964,0.9312876429850734,-1.4666076298132964,4.649284495669738,-1.4666076298132964,0.9312876429850734,0.14283028262080322,-1.4666076298132964,-1.4666076298132964,4.507201982055964,-1.4666076298132964,-1.4666076298132964,-1.4666076298132964,1.7522681950549037,1.8292292361910327,-1.4666076298132964,-1.4666076298132964,-1.4666076298132964,1.09834172764824,-1.4666076298132964,-1.4666076298132964,-1.4666076298132964,-1.4666076298132964,-1.4666076298132964,-1.4666076298132964,-1.4666076298132964,-1.4666076298132964,-1.4666076298132964,-1.4666076298132964,-1.4666076298132964,4.599500460290451,-1.4666076298132964,-1.4666076298132964,6.171108802851502,-1.4666076298132964,-1.4666076298132964,-1.4666076298132964,-1.4666076298132964,-1.4666076298132964,5.309899362558886,3.742878523028124,1.5779148079101262,-1.4666076298132964,5.059887229757493,3.931555071704456,-1.4666076298132964,-1.4666076298132964,-1.4666076298132964,3.3617061074890042,-1.4666076298132964,6.592036082402321,-1.4666076298132964,-1.4666076298132964,-1.4666076298132964,-1.4666076298132964,-1.4666076298132964,-1.4666076298132964
SRR7146883,0,Neg,PRJNA464410,Duck,Duck,S,H,F,dabbling,Anasplatyrhynchos,"GrizzlyIslandWildlifeArea(GIWA),SolanoCounty",7.0,-0.37501282071921604,-1.4736251093873252,1.2344250917148845,-1.4736251093873252,2.287575006306237,-1.4736251093873252,-1.4736251093873252,-1.4736251093873252,3.338559245985092,2.920824045285113,-1.4736251093873252,0.13581280304677446,4.206547499629742,-1.4736251093873252,-1.4736251093873252,-1.4736251093873252,3.968792601134468,1.3595882346688901,-1.4736251093873252,-1.4736251093873252,0.4722850396679874,-1.4736251093873252,3.180335240770198,-1.4736251093873252,-1.4736251093873252,-1.4736251093873252,2.239946957316982,0.13581280304677446,-1.4736251093873252,-1.4736251093873252,-1.4736251093873252,0.723599467948894,-1.4736251093873252,-1.4736251093873252,-1.4736251093873252,-1.4736251093873252,-1.4736251093873252,-1.4736251093873252,0.9242701634110446,-1.4736251093873252,-1.4736251093873252,0.9242701634110446,-1.4736251093873252,2.3330373803829945,-1.4736251093873252,-1.4736251093873252,7.535944562126373,-1.4736251093873252,-1.4736251093873252,-1.4736251093873252,-1.4736251093873252,-1.4736251093873252,3.7137606964534298,1.6618691065418245,3.3221654362094153,-1.4736251093873252,1.745250715480875,3.2537627093250148,0.9242701634110446,-1.4736251093873252,1.2344250917148845,-1.4736251093873252,2.533708075845145,3.9335466620727932,-1.4736251093873252,-1.4736251093873252,-1.4736251093873252,-1.4736251093873252,2.0228824520791546,-1.4736251093873252
SRR7146884,0,Neg,PRJNA464410,Duck,Duck,S,H,M,dabbling,Anasplatyrhynchos,"GrizzlyIslandWildlifeArea(GIWA),SolanoCounty",7.0,-1.8207499903982765,-1.8207499903982765,0.7441993670632607,-1.8207499903982765,-0.7221377017301656,-1.8207499903982765,-1.8207499903982765,1.0124633536579397,4.81912584342826,4.295142135084758,2.149541923153846,-1.8207499903982765,5.27348485552648,-1.8207499903982765,-1.8207499903982765,-1.8207499903982765,4.877518063717137,-1.8207499903982765,-1.8207499903982765,1.4750868756060527,4.1581357745028455,-1.8207499903982765,3.8525732767732164,-1.8207499903982765,-1.8207499903982765,1.8928220763060315,3.248154211821955,1.8928220763060315,-1.8207499903982765,-1.8207499903982765,-1.8207499903982765,4.468965580510721,-1.8207499903982765,-1.8207499903982765,-1.8207499903982765,-1.8207499903982765,-1.8207499903982765,-1.8207499903982765,-1.8207499903982765,-1.8207499903982765,-1.8207499903982765,-1.8207499903982765,-1.8207499903982765,3.1696825963804605,-1.8207499903982765,-1.8207499903982765,4.1008284292455395,2.322384735993257,-1.8207499903982765,-1.8207499903982765,-1.8207499903982765,-1.8207499903982765,5.792574989142364,2.441929886643039,4.98497256301871,-1.8207499903982765,3.5591473631421833,2.975040555198465,-1.8207499903982765,-1.8207499903982765,-1.8207499903982765,-1.8207499903982765,-1.8207499903982765,4.946593134867117,-1.8207499903982765,-1.8207499903982765,-1.8207499903982765,-1.8207499903982765,4.202697602562757,-1.8207499903982765
SRR7146886,0,Neg,PRJNA464410,Duck,Duck,S,H,F,dabbling,Anasplatyrhynchos,"GrizzlyIslandWildlifeArea(GIWA),SolanoCounty",7.0,-1.7297918160880599,0.46743276124816013,-1.7297918160880599,-1.7297918160880599,0.9782583850141506,-1.7297918160880599,-1.7297918160880599,0.46743276124816013,-1.7297918160880599,1.881126096556165,-1.7297918160880599,-1.7297918160880599,3.4001068988350145,-1.7297918160880599,3.190189109740066,-1.7297918160880599,4.14794396569158,-1.7297918160880599,-1.7297918160880599,1.2146471630783813,2.2405000974640625,-1.7297918160880599,2.7810676904287908,-1.7297918160880599,-1.7297918160880599,0.6681034567103117,2.6140136057656242,-1.7297918160880599,-1.7297918160880599,-1.7297918160880599,-1.7297918160880599,0.6681034567103117,-1.7297918160880599,-1.7297918160880599,-1.7297918160880599,-1.7297918160880599,-1.7297918160880599,-1.7297918160880599,-1.7297918160880599,-1.7297918160880599,-1.7297918160880599,-1.7297918160880599,3.9014199657333064,6.981157309747796,0.9782583850141506,-1.7297918160880599,3.60292697717731,-1.7297918160880599,-1.7297918160880599,4.552474930807947,-1.7297918160880599,2.8028076770651964,4.191786603555757,1.4890840087801411,1.983780250616248,-1.7297918160880599,1.6375040138984147,2.587696297448251,-1.7297918160880599,3.6951582013933435,-1.7297918160880599,-1.7297918160880599,-1.7297918160880599,5.115023663120203,-1.7297918160880599,1.825556245401354,-1.7297918160880599,-1.7297918160880599,2.587696297448251,-1.7297918160880599
SRR7146887,0,Neg,PRJNA464410,Duck,Duck,S,H,F,dabbling,Anasplatyrhynchos,"GrizzlyIslandWildlifeArea(GIWA),SolanoCounty",7.0,-1.7437143844247593,-1.7437143844247593,2.744921985307381,-1.7437143844247593,-1.7437143844247593,-1.7437143844247593,-1.7437143844247593,1.8116336770646546,4.596644919302993,3.813113677274779,-1.7437143844247593,-1.7437143844247593,5.14892725674733,-1.7437143844247593,-1.7437143844247593,-1.7437143844247593,4.621036372427152,-1.7437143844247593,-1.7437143844247593,2.1481059136858676,2.062948105345561,2.518965492616556,4.240221896262431,-1.7437143844247593,-1.7437143844247593,-1.7437143844247593,3.3125314209235492,-1.7437143844247593,-1.7437143844247593,-1.7437143844247593,1.2007245947416818,2.062948105345561,1.3917798315043903,-1.7437143844247593,-1.7437143844247593,-1.7437143844247593,-1.7437143844247593,-1.7437143844247593,1.5521224815795698,-1.7437143844247593,-1.7437143844247593,2.226577529127363,-1.7437143844247593,3.40957721007302,-1.7437143844247593,2.0174857312688035,1.3917798315043903,-1.7437143844247593,-1.7437143844247593,-1.7437143844247593,-1.7437143844247593,-1.7437143844247593,6.546076198756885,2.4306728854708783,3.1160980199369126,-1.7437143844247593,4.224993175560607,4.5570714102384855,-1.7437143844247593,-1.7437143844247593,-1.7437143844247593,-1.7437143844247593,-1.7437143844247593,5.3201895770473095,-1.7437143844247593,-1.7437143844247593,-1.7437143844247593,-1.7437143844247593,-1.7437143844247593,-1.7437143844247593
SRR7146888,1,Pos,PRJNA464410,Duck,Duck,S,H,F,dabbling,Anasplatyrhynchos,"GrizzlyIslandWildlifeArea(GIWA),SolanoCounty",7.0,1.8273299591712409,1.9943840438344074,2.7967305163593448,-1.669177602295239,-1.669177602295239,-1.669177602295239,-1.669177602295239,-1.669177602295239,-1.669177602295239,5.624520118306198,-1.669177602295239,2.3381555829372322,6.746425733359365,-1.669177602295239,4.236184245759331,-1.669177602295239,-1.669177602295239,1.9943840438344074,-1.669177602295239,-1.669177602295239,2.94594291454602,1.4663166136339107,1.9943840438344074,-1.669177602295239,2.3381555829372322,-1.669177602295239,3.8072859496362716,-1.669177602295239,-1.669177602295239,-1.669177602295239,-1.669177602295239,3.815619331195416,2.6746278195584443,-1.669177602295239,-1.669177602295239,-1.669177602295239,-1.669177602295239,-1.669177602295239,2.841681904221611,-1.669177602295239,-1.669177602295239,3.4724859542074205,-1.669177602295239,3.8798984825999807,-1.669177602295239,-1.669177602295239,5.481523855297287,-1.669177602295239,-1.669177602295239,-1.669177602295239,2.092022513398323,-1.669177602295239,-1.669177602295239,-1.669177602295239,3.0757545260680113,-1.669177602295239,-1.669177602295239,-1.669177602295239,3.190634802066433,4.5980229462461235,-1.669177602295239,-1.669177602295239,-1.669177602295239,-1.669177602295239,1.5496982225729612,-1.669177602295239,-1.669177602295239,-1.669177602295239,-1.669177602295239,-1.669177602295239
