SampleID	SRR5364033	SRR5364035	SRR5364037	SRR5364039	SRR5364041	SRR5364043	SRR12148748_merged	SRR12148807_merged	SRR12148808_merged	SRR12148809_merged	SRR12148810_merged	SRR12148811_merged	SRR12148812_merged	SRR12148813_merged	SRR12148814_merged	SRR12148815_merged	SRR12148817_merged	SRR12148818_merged	SRR12148819_merged	SRR12148820_merged	SRR12148821_merged	SRR12148822_merged	SRR12148823_merged	SRR12148824_merged	SRR12148825_merged	SRR12148826_merged	SRR12148828_merged	SRR12148829_merged	SRR12148830_merged	SRR12148831_merged	SRR12148832_merged	SRR12148833_merged	SRR12148834_merged	SRR12148835_merged	SRR12148836_merged	SRR12148837_merged	SRR12148839_merged	SRR12148840_merged	SRR12148841_merged	SRR12148845_merged	SRR12148846_merged	SRR12148847_merged	SRR12148848_merged	SRR12148849_merged	SRR12148850_merged	SRR12148851_merged	SRR12148852_merged	SRR12148853_merged	SRR12148854_merged	SRR12148855_merged	SRR12148856_merged	SRR4409218	SRR4409219	SRR4409220	SRR4409221	SRR4409222	SRR4409223	SRR4409224	SRR4409225	SRR4409226	SRR4409227	SRR4409228	SRR4409229	SRR4409230	SRR4409231	SRR4409232	SRR7146574	SRR7146575	SRR7146576	SRR7146577	SRR7146578	SRR7146580	SRR7146581	SRR7146582	SRR7146583	SRR7146584	SRR7146585	SRR7146587	SRR7146588	SRR7146589	SRR7146590	SRR7146591	SRR7146592	SRR7146593	SRR7146595	SRR7146596	SRR7146598	SRR7146599	SRR7146601	SRR7146602	SRR7146603	SRR7146604	SRR7146605	SRR7146606	SRR7146607	SRR7146608	SRR7146610	SRR7146611	SRR7146612	SRR7146613	SRR7146614	SRR7146615	SRR7146616	SRR7146617	SRR7146618	SRR7146619	SRR7146620	SRR7146622	SRR7146623	SRR7146624	SRR7146625	SRR7146626	SRR7146627	SRR7146628	SRR7146629	SRR7146630	SRR7146631	SRR7146632	SRR7146633	SRR7146635	SRR7146636	SRR7146637	SRR7146638	SRR7146639	SRR7146640	SRR7146641	SRR7146642	SRR7146643	SRR7146644	SRR7146645	SRR7146646	SRR7146648	SRR7146649	SRR7146650	SRR7146651	SRR7146653	SRR7146654	SRR7146655	SRR7146656	SRR7146657	SRR7146658	SRR7146659	SRR7146660	SRR7146661	SRR7146662	SRR7146663	SRR7146665	SRR7146666	SRR7146667	SRR7146668	SRR7146671	SRR7146672	SRR7146674	SRR7146675	SRR7146676	SRR7146677	SRR7146678	SRR7146679	SRR7146680	SRR7146683	SRR7146684	SRR7146685	SRR7146686	SRR7146687	SRR7146688	SRR7146690	SRR7146691	SRR7146692	SRR7146693	SRR7146694	SRR7146696	SRR7146697	SRR7146698	SRR7146699	SRR7146700	SRR7146701	SRR7146702	SRR7146703	SRR7146704	SRR7146705	SRR7146707	SRR7146710	SRR7146711	SRR7146713	SRR7146714	SRR7146716	SRR7146717	SRR7146718	SRR7146719	SRR7146720	SRR7146721	SRR7146723	SRR7146724	SRR7146725	SRR7146726	SRR7146727	SRR7146728	SRR7146729	SRR7146730	SRR7146731	SRR7146732	SRR7146733	SRR7146734	SRR7146735	SRR7146736	SRR7146738	SRR7146739	SRR7146740	SRR7146741	SRR7146743	SRR7146744	SRR7146745	SRR7146746	SRR7146747	SRR7146748	SRR7146749	SRR7146750	SRR7146751	SRR7146753	SRR7146754	SRR7146755	SRR7146756	SRR7146757	SRR7146758	SRR7146759	SRR7146761	SRR7146762	SRR7146763	SRR7146764	SRR7146765	SRR7146766	SRR7146767	SRR7146769	SRR7146770	SRR7146772	SRR7146773	SRR7146774	SRR7146775	SRR7146776	SRR7146777	SRR7146778	SRR7146780	SRR7146781	SRR7146782	SRR7146783	SRR7146784	SRR7146785	SRR7146786	SRR7146787	SRR7146788	SRR7146789	SRR7146790	SRR7146792	SRR7146794	SRR7146797	SRR7146798	SRR7146800	SRR7146802	SRR7146803	SRR7146804	SRR7146806	SRR7146807	SRR7146809	SRR7146810	SRR7146811	SRR7146814	SRR7146815	SRR7146816	SRR7146817	SRR7146819	SRR7146820	SRR7146821	SRR7146822	SRR7146823	SRR7146826	SRR7146827	SRR7146828	SRR7146829	SRR7146831	SRR7146832	SRR7146833	SRR7146834	SRR7146835	SRR7146836	SRR7146837	SRR7146838	SRR7146839	SRR7146840	SRR7146841	SRR7146843	SRR7146844	SRR7146846	SRR7146848	SRR7146849	SRR7146850	SRR7146851	SRR7146852	SRR7146853	SRR7146854	SRR7146855	SRR7146856	SRR7146857	SRR7146858	SRR7146859	SRR7146860	SRR7146861	SRR7146862	SRR7146863	SRR7146865	SRR7146866	SRR7146868	SRR7146869	SRR7146871	SRR7146872	SRR7146874	SRR7146875	SRR7146877	SRR7146878	SRR7146880	SRR7146881	SRR7146882	SRR7146883	SRR7146884	SRR7146886	SRR7146887	SRR7146888
SRR5364033	0	0.240103738557448	0.502124461833942	0.939161789288179	0.918800207307593	0.879512728459828	0.984815961264718	0.759155169584591	0.596072931276297	0.838490549776504	0.5652	0.760385718676365	0.749769496568663	0.87000070505472	0.965952785292371	0.844872461185633	0.548524150268336	0.551771961144433	0.978478257993677	0.691107637622859	0.960782360535046	0.560259179265659	0.412404613867819	0.559623849539816	0.876973519915586	0.905199617023872	0.565124575126964	0.468008735329895	0.797810951723716	0.943507820506833	0.604738114480854	0.415859030837004	0.716297118349351	0.517365770888409	0.485698678414097	0.901049669557074	0.655720111611934	0.717438126360196	0.823091513442845	0.902094890550275	0.828377127563437	0.988225257034283	0.703104522543014	0.977564188136876	0.974062916704483	0.811150768677515	0.959451425339929	0.95672217546862	0.983272546389804	0.918839361004185	0.989509784143635	0.9988	0.995383380168607	0.977741804937273	0.991549295774648	0.914125700062228	0.889962978198272	0.979364758243982	0.95957361222848	0.994779116465863	0.797421731123389	0.996780684104628	0.995782285599518	0.998598598598599	0.949909837707874	1	1	1	1	1	1	1	1	1	1	1	1	1	1	1	1	1	1	1	1	1	1	1	1	1	1	1	1	1	1	1	1	1	1	1	1	1	1	1	1	1	1	1	1	1	1	1	1	1	1	1	1	1	1	1	1	1	1	1	1	1	1	1	1	1	1	1	1	1	1	1	1	1	1	1	1	1	1	1	1	1	1	1	1	1	1	1	1	1	1	1	1	1	1	1	1	1	1	1	1	1	1	1	1	1	1	1	1	1	1	1	1	1	1	1	1	1	1	1	1	1	1	1	1	1	1	1	1	1	1	1	1	1	1	1	1	1	1	1	1	1	1	1	1	1	1	1	1	1	1	1	1	1	1	1	1	1	1	1	1	1	1	1	1	1	1	1	1	1	1	1	1	1	1	1	1	1	1	1	1	1	1	1	1	1	1	1	1	1	1	1	1	1	1	1	1	1	1	1	1	1	1	1	1	1	1	1	1	1	1	1	1	1	1	1	1	1	1	1	1	1	1	1	1	1	1	1	1	1	1	1	1	1	1	1	1	1	1	1	1	1	1	1	1	1	1	1	1	1	1	1	1	1	1	1	1	1	1	1	1	1
SRR5364035	0.240103738557448	0	0.505413960283899	0.936184758607594	0.902233532361933	0.837858945247962	0.985697018533441	0.766141277662278	0.596072931276297	0.845476657854191	0.57336169512446	0.765000143524875	0.750490058807057	0.876986813132408	0.972938893370059	0.845739700374532	0.57416169512446	0.573918740799873	0.978550984640267	0.690965977652275	0.961663417803769	0.57416169512446	0.570065101765253	0.57416169512446	0.884767958615406	0.906080674292595	0.572919013826784	0.573755025746664	0.798692008992438	0.944388877775555	0.605178643115215	0.57416169512446	0.717178175618073	0.573133100185147	0.573133100185147	0.901122396203665	0.65593474994634	0.717510853006786	0.823164240089436	0.902975947818997	0.829258184832159	0.989106314303006	0.70547361245056	0.985298307539959	0.981416826769941	0.818945207377335	0.967245864039749	0.96451661416844	0.991066985089623	0.926633799704004	0.994066021892368	0.9988	0.995383380168607	0.977741804937272	0.991549295774648	0.914125700062228	0.889962978198272	0.979364758243981	0.959573612228479	0.994779116465863	0.797421731123388	0.996780684104628	0.995782285599518	0.998598598598599	0.949909837707874	1	1	1	1	1	1	1	1	1	1	1	1	1	1	1	1	1	1	1	1	1	1	1	1	1	1	1	1	1	1	1	1	1	1	1	1	1	1	1	1	1	1	1	1	1	1	1	1	1	1	1	1	1	1	1	1	1	1	1	1	1	1	1	1	1	1	1	1	1	1	1	1	1	1	1	1	1	1	1	1	1	1	1	1	1	1	1	1	1	1	1	1	1	1	1	1	1	1	1	1	1	1	1	1	1	1	1	1	1	1	1	1	1	1	1	1	1	1	1	1	1	1	1	1	1	1	1	1	1	1	1	1	1	1	1	1	1	1	1	1	1	1	1	1	1	1	1	1	1	1	1	1	1	1	1	1	1	1	1	1	1	1	1	1	1	1	1	1	1	1	1	1	1	1	1	1	1	1	1	1	1	1	1	1	1	1	1	1	1	1	1	1	1	1	1	1	1	1	1	1	1	1	1	1	1	1	1	1	1	1	1	1	1	1	1	1	1	1	1	1	1	1	1	1	1	1	1	1	1	1	1	1	1	1	1	1	1	1	1	1	1	1	1	1	1	1	1	1	1	1	1	1	1	1	1	1	1	1	1	1	1
SRR5364037	0.502124461833942	0.505413960283899	0	0.684952443781953	0.558971549833816	0.476667521044363	0.941544272734515	0.717180483251523	0.624196324859626	0.808279583725694	0.623997406807131	0.727275639817572	0.710358622289132	0.842544978811178	0.92541076371575	0.805423654993657	0.629978936106673	0.630312509351969	0.938858347812967	0.68419734611164	0.921347372422894	0.636926219322227	0.594584987101829	0.636958024700966	0.847151266436695	0.892105565730615	0.595421393841167	0.596025465939627	0.770812113425027	0.943375911811211	0.636551553176525	0.603725647057603	0.703164357138811	0.635940032414911	0.635940032414911	0.900311075823685	0.641321775563443	0.677818216179486	0.782365897822065	0.850312867318885	0.786041186280957	0.962457564552722	0.678576790326555	0.940386441399407	0.931644543019107	0.805825918698111	0.95024352692935	0.914339144031868	0.978788663362764	0.876456329567433	0.982388982853839	0.9988	0.995383380168607	0.977741804937273	0.991549295774648	0.914125700062228	0.889962978198272	0.979364758243981	0.95957361222848	0.994779116465863	0.797421731123389	0.996780684104628	0.995782285599518	0.998598598598599	0.949909837707874	1	1	1	1	1	1	1	1	1	1	1	1	1	1	1	1	1	1	1	1	1	1	1	1	1	1	1	1	1	1	1	1	1	1	1	1	1	1	1	1	1	1	1	1	1	1	1	1	1	1	1	1	1	1	1	1	1	1	1	1	1	1	1	1	1	1	1	1	1	1	1	1	1	1	1	1	1	1	1	1	1	1	1	1	1	1	1	1	1	1	1	1	1	1	1	1	1	1	1	1	1	1	1	1	1	1	1	1	1	1	1	1	1	1	1	1	1	1	1	1	1	1	1	1	1	1	1	1	1	1	1	1	1	1	1	1	1	1	1	1	1	1	1	1	1	1	1	1	1	1	1	1	1	1	1	1	1	1	1	1	1	1	1	1	1	1	1	1	1	1	1	1	1	1	1	1	1	1	1	1	1	1	1	1	1	1	1	1	1	1	1	1	1	1	1	1	1	1	1	1	1	1	1	1	1	1	1	1	1	1	1	1	1	1	1	1	1	1	1	1	1	1	1	1	1	1	1	1	1	1	1	1	1	1	1	1	1	1	1	1	1	1	1	1	1	1	1	1	1	1	1	1	1	1	1	1	1	1	1	1	1
SRR5364039	0.939161789288179	0.936184758607594	0.684952443781953	0	0.725400114679426	0.620580734871176	0.976666298357024	0.941511911145878	0.94502090586197	0.981266252733203	0.949833889232036	0.982196518091845	0.982631228491911	0.981173659122754	0.967958373935354	0.981470043236566	0.984179326593895	0.984755854163778	0.981470043236566	0.983744872694197	0.982044898656481	0.991126609809449	0.981186380681541	0.991158415188188	0.981470043236566	0.96821695308211	0.981470043236566	0.980860039169872	0.934527486102532	0.989087914350422	0.990554962245389	0.981470043236566	0.981632489717427	0.989087914350422	0.9897291332098	0.988666151381211	0.948155760878312	0.981470043236566	0.980364337796495	0.934527486102532	0.978569090066238	0.976426670228698	0.962235909354834	0.974174869274725	0.949540617606493	0.95310269629779	0.963371836574967	0.934527486102532	0.944569934792094	0.93469400770251	0.949627949220617	0.9988	0.995383380168607	0.991558575252213	0.991558575252213	0.991558575252213	0.991558575252213	0.991558575252213	0.991558575252213	0.994779116465863	0.991558575252213	0.996780684104628	0.995782285599518	0.998598598598599	0.991558575252213	1	1	1	1	1	1	1	1	1	1	1	1	1	1	1	1	1	1	1	1	1	1	1	1	1	1	1	1	1	1	1	1	1	1	1	1	1	1	1	1	1	1	1	1	1	1	1	1	1	1	1	1	1	1	1	1	1	1	1	1	1	1	1	1	1	1	1	1	1	1	1	1	1	1	1	1	1	1	1	1	1	1	1	1	1	1	1	1	1	1	1	1	1	1	1	1	1	1	1	1	1	1	1	1	1	1	1	1	1	1	1	1	1	1	1	1	1	1	1	1	1	1	1	1	1	1	1	1	1	1	1	1	1	1	1	1	1	1	1	1	1	1	1	1	1	1	1	1	1	1	1	1	1	1	1	1	1	1	1	1	1	1	1	1	1	1	1	1	1	1	1	1	1	1	1	1	1	1	1	1	1	1	1	1	1	1	1	1	1	1	1	1	1	1	1	1	1	1	1	1	1	1	1	1	1	1	1	1	1	1	1	1	1	1	1	1	1	1	1	1	1	1	1	1	1	1	1	1	1	1	1	1	1	1	1	1	1	1	1	1	1	1	1	1	1	1	1	1	1	1	1	1	1	1	1	1	1	1	1	1	1
SRR5364041	0.918800207307593	0.902233532361933	0.558971549833816	0.725400114679426	0	0.474363002968909	0.927213870904999	0.884584178498986	0.948080459634645	0.930830692255258	0.94788154158215	0.930683051087315	0.933131042662239	0.954323420597313	0.916900930935597	0.934045836467094	0.987752597183467	0.988086170428763	0.935648630374797	0.98733338654322	0.934279918864097	0.99469988039902	0.93075502048078	0.99473168577776	0.932048681541582	0.980272724423283	0.932048681541582	0.933263245419607	0.936891506639654	0.993320286775408	0.99452967803769	0.96170091507237	0.981319634300497	0.993306288032455	0.993317647058823	0.992884525063243	0.944603413228426	0.933265720081136	0.932160014641065	0.887398549112772	0.931793387575245	0.968700151935448	0.96445055532106	0.944951202354853	0.907107267192357	0.963721902554125	0.968254835944918	0.885598377281947	0.944490252219399	0.885598377281947	0.9478889647725	0.9988	0.995383380168607	0.995131845841785	0.995131845841785	0.995131845841785	0.995131845841785	0.995131845841785	0.995131845841785	0.995131845841785	0.995131845841785	0.996780684104628	0.995782285599518	0.998598598598599	0.995131845841785	1	1	1	1	1	1	1	1	1	1	1	1	1	1	1	1	1	1	1	1	1	1	1	1	1	1	1	1	1	1	1	1	1	1	1	1	1	1	1	1	1	1	1	1	1	1	1	1	1	1	1	1	1	1	1	1	1	1	1	1	1	1	1	1	1	1	1	1	1	1	1	1	1	1	1	1	1	1	1	1	1	1	1	1	1	1	1	1	1	1	1	1	1	1	1	1	1	1	1	1	1	1	1	1	1	1	1	1	1	1	1	1	1	1	1	1	1	1	1	1	1	1	1	1	1	1	1	1	1	1	1	1	1	1	1	1	1	1	1	1	1	1	1	1	1	1	1	1	1	1	1	1	1	1	1	1	1	1	1	1	1	1	1	1	1	1	1	1	1	1	1	1	1	1	1	1	1	1	1	1	1	1	1	1	1	1	1	1	1	1	1	1	1	1	1	1	1	1	1	1	1	1	1	1	1	1	1	1	1	1	1	1	1	1	1	1	1	1	1	1	1	1	1	1	1	1	1	1	1	1	1	1	1	1	1	1	1	1	1	1	1	1	1	1	1	1	1	1	1	1	1	1	1	1	1	1	1	1	1	1	1
SRR5364043	0.879512728459828	0.837858945247962	0.476667521044363	0.620580734871176	0.474363002968909	0	0.739563357519618	0.701511914555333	0.955101671105692	0.804685342358554	0.954902753053198	0.902625305079116	0.799398324818229	0.957866461379819	0.72982045069265	0.923006273078751	0.991378772455323	0.991712345700619	0.937581423277966	0.989903795787439	0.80430740084826	0.998326055670876	0.859327146289742	0.998357861049615	0.74435934589112	0.980363332619252	0.914716344234638	0.929580285382404	0.938912643635273	0.995653073897744	0.997754408106816	0.963654491597878	0.983656542544659	0.995239080935624	0.995888056303043	0.994817317966413	0.953487593029013	0.743945352929	0.74283964748893	0.811953696583326	0.880857569350041	0.96998538497107	0.966151411396365	0.948515026759697	0.718192579553406	0.96542275862943	0.969955692020223	0.871060986200161	0.951193874830482	0.701478355938695	0.953266149327186	0.9988	0.998758021113641	0.998758021113641	0.998758021113641	0.998758021113641	0.998758021113641	0.998758021113641	0.998758021113641	0.998758021113641	0.998758021113641	0.998758021113641	0.998758021113641	0.998758021113641	0.998758021113641	1	1	1	1	1	1	1	1	1	1	1	1	1	1	1	1	1	1	1	1	1	1	1	1	1	1	1	1	1	1	1	1	1	1	1	1	1	1	1	1	1	1	1	1	1	1	1	1	1	1	1	1	1	1	1	1	1	1	1	1	1	1	1	1	1	1	1	1	1	1	1	1	1	1	1	1	1	1	1	1	1	1	1	1	1	1	1	1	1	1	1	1	1	1	1	1	1	1	1	1	1	1	1	1	1	1	1	1	1	1	1	1	1	1	1	1	1	1	1	1	1	1	1	1	1	1	1	1	1	1	1	1	1	1	1	1	1	1	1	1	1	1	1	1	1	1	1	1	1	1	1	1	1	1	1	1	1	1	1	1	1	1	1	1	1	1	1	1	1	1	1	1	1	1	1	1	1	1	1	1	1	1	1	1	1	1	1	1	1	1	1	1	1	1	1	1	1	1	1	1	1	1	1	1	1	1	1	1	1	1	1	1	1	1	1	1	1	1	1	1	1	1	1	1	1	1	1	1	1	1	1	1	1	1	1	1	1	1	1	1	1	1	1	1	1	1	1	1	1	1	1	1	1	1	1	1	1	1	1	1	1
SRR12148748_merged	0.984815961264718	0.985697018533441	0.941544272734515	0.976666298357024	0.927213870904999	0.739563357519618	0	0.602751270465402	0.974043407060993	0.577076286125808	0.976459307010475	0.839292440454997	0.778427867427895	0.845951789457897	0.204583777470628	0.726620619773228	0.970602109787969	0.967481513153207	0.717190760462316	0.919306113925282	0.620094657710521	0.976064989740386	0.652802636941998	0.954276231040361	0.322385662542206	0.705543772274565	0.691553052148021	0.699224247850075	0.607328744890866	0.755849115028485	0.878244921038866	0.883606513626145	0.829578764203716	0.80777471160867	0.890837550362611	0.760516545785072	0.943323243083188	0.4168619581526	0.395480542613585	0.491555259835758	0.602235223321967	0.729195415789326	0.700784442296572	0.590755120368336	0.133831415031332	0.761004949925176	0.757413275226203	0.555004656794663	0.755884728650374	0.324331447308661	0.800693823448945	0.9988	0.995383380168607	0.988315874294923	0.991549295774648	0.988315874294923	0.988315874294924	0.988315874294923	0.988315874294924	0.994779116465863	0.988315874294924	0.996780684104628	0.995782285599518	0.998598598598599	0.988315874294924	1	1	1	1	1	1	1	1	1	1	1	1	1	1	1	1	1	1	1	1	1	1	1	1	1	1	1	1	1	1	1	1	1	1	1	1	1	1	1	1	1	1	1	1	1	1	1	1	1	1	1	1	1	1	1	1	1	1	1	1	1	1	1	1	1	1	1	1	1	1	1	1	1	1	1	1	1	1	1	1	1	1	1	1	1	1	1	1	1	1	1	1	1	1	1	1	1	1	1	1	1	1	1	1	1	1	1	1	1	1	1	1	1	1	1	1	1	1	1	1	1	1	1	1	1	1	1	1	1	1	1	1	1	1	1	1	1	1	1	1	1	1	1	1	1	1	1	1	1	1	1	1	1	1	1	1	1	1	1	1	1	1	1	1	1	1	1	1	1	1	1	1	1	1	1	1	1	1	1	1	1	1	1	1	1	1	1	1	1	1	1	1	1	1	1	1	1	1	1	1	1	1	1	1	1	1	1	1	1	1	1	1	1	1	1	1	1	1	1	1	1	1	1	1	1	1	1	1	1	1	1	1	1	1	1	1	1	1	1	1	1	1	1	1	1	1	1	1	1	1	1	1	1	1	1	1	1	1	1	1	1
SRR12148807_merged	0.759155169584591	0.766141277662278	0.717180483251523	0.941511911145878	0.884584178498986	0.701511914555333	0.602751270465402	0	0.394635893796991	0.579755515627929	0.584132378223496	0.30567207525377	0.246658586613966	0.458550667529492	0.570470848412213	0.717632910509428	0.440900870192201	0.43668290074933	0.856115140928894	0.396286022349829	0.716527092785911	0.446765725790647	0.564760277315462	0.428984201130309	0.485319974635981	0.82250511337401	0.602142012354428	0.64508502963404	0.539425803893873	0.887559842436491	0.464352375332477	0.669608546407692	0.387292764371227	0.50620881072248	0.512526265520535	0.839643765380551	0.485046196442661	0.336496810315103	0.424244603587174	0.635815509223838	0.648647330145412	0.899719873625693	0.424677834546206	0.870709643393502	0.570000393547635	0.719938210241117	0.856774410564637	0.74482981818256	0.863954602974288	0.455990833624006	0.886728347070383	0.9988	0.995383380168607	0.977741804937272	0.991549295774648	0.914125700062228	0.889962978198272	0.979364758243981	0.959573612228479	0.994779116465863	0.797421731123388	0.996780684104628	0.995782285599518	0.998598598598599	0.949909837707874	1	1	1	1	1	1	1	1	1	1	1	1	1	1	1	1	1	1	1	1	1	1	1	1	1	1	1	1	1	1	1	1	1	1	1	1	1	1	1	1	1	1	1	1	1	1	1	1	1	1	1	1	1	1	1	1	1	1	1	1	1	1	1	1	1	1	1	1	1	1	1	1	1	1	1	1	1	1	1	1	1	1	1	1	1	1	1	1	1	1	1	1	1	1	1	1	1	1	1	1	1	1	1	1	1	1	1	1	1	1	1	1	1	1	1	1	1	1	1	1	1	1	1	1	1	1	1	1	1	1	1	1	1	1	1	1	1	1	1	1	1	1	1	1	1	1	1	1	1	1	1	1	1	1	1	1	1	1	1	1	1	1	1	1	1	1	1	1	1	1	1	1	1	1	1	1	1	1	1	1	1	1	1	1	1	1	1	1	1	1	1	1	1	1	1	1	1	1	1	1	1	1	1	1	1	1	1	1	1	1	1	1	1	1	1	1	1	1	1	1	1	1	1	1	1	1	1	1	1	1	1	1	1	1	1	1	1	1	1	1	1	1	1	1	1	1	1	1	1	1	1	1	1	1	1	1	1	1	1	1	1
SRR12148808_merged	0.596072931276297	0.596072931276297	0.624196324859626	0.94502090586197	0.948080459634645	0.955101671105692	0.974043407060993	0.394635893796991	0	0.844362362952316	0.251289561210178	0.411691684567104	0.395132296661013	0.526119213754883	0.956290762126436	0.838790581473619	0.242166266005106	0.242065650143047	0.965762075439495	0.337356223563337	0.953010415499035	0.241309605670336	0.57396971296933	0.242501488674011	0.872003260361144	0.866757876399072	0.569278933798175	0.586575681692683	0.601307532385189	0.940179700937182	0.329025606187484	0.575457917507467	0.360523452017553	0.38997699330052	0.372032899218593	0.895644762850651	0.240518402108556	0.660029827216484	0.797733133262163	0.824142527074621	0.815607961716087	0.975426819313699	0.428794381458827	0.97615196691868	0.942980645669336	0.782850273349171	0.927564703231445	0.726634088638097	0.771773588769452	0.734361962005372	0.771978587077073	0.9988	0.995383380168607	0.977741804937272	0.991549295774648	0.914125700062228	0.889962978198272	0.979364758243981	0.959573612228479	0.994779116465863	0.797421731123388	0.996780684104628	0.995782285599518	0.998598598598599	0.949909837707874	1	1	1	1	1	1	1	1	1	1	1	1	1	1	1	1	1	1	1	1	1	1	1	1	1	1	1	1	1	1	1	1	1	1	1	1	1	1	1	1	1	1	1	1	1	1	1	1	1	1	1	1	1	1	1	1	1	1	1	1	1	1	1	1	1	1	1	1	1	1	1	1	1	1	1	1	1	1	1	1	1	1	1	1	1	1	1	1	1	1	1	1	1	1	1	1	1	1	1	1	1	1	1	1	1	1	1	1	1	1	1	1	1	1	1	1	1	1	1	1	1	1	1	1	1	1	1	1	1	1	1	1	1	1	1	1	1	1	1	1	1	1	1	1	1	1	1	1	1	1	1	1	1	1	1	1	1	1	1	1	1	1	1	1	1	1	1	1	1	1	1	1	1	1	1	1	1	1	1	1	1	1	1	1	1	1	1	1	1	1	1	1	1	1	1	1	1	1	1	1	1	1	1	1	1	1	1	1	1	1	1	1	1	1	1	1	1	1	1	1	1	1	1	1	1	1	1	1	1	1	1	1	1	1	1	1	1	1	1	1	1	1	1	1	1	1	1	1	1	1	1	1	1	1	1	1	1	1	1	1	1
SRR12148809_merged	0.838490549776504	0.845476657854191	0.808279583725694	0.981266252733203	0.930830692255258	0.804685342358554	0.577076286125808	0.579755515627929	0.844362362952316	0	0.843572284491543	0.694657726740632	0.649002216927943	0.662305606268291	0.531203698918691	0.342715710721289	0.834043212700778	0.830275782617918	0.449411424875048	0.770405572596472	0.375004408398641	0.839622111665752	0.600906661225223	0.816559719465532	0.333910077657287	0.454048022498013	0.38307038441721	0.450750241602385	0.540205184092212	0.429460214439464	0.717041099333185	0.743673022643829	0.67503371751231	0.612588367461499	0.733357122478093	0.395983900292381	0.809627957450082	0.491292086271283	0.319660862317748	0.378538326114818	0.27629364108599	0.444556670142932	0.607309373126453	0.425776856946614	0.526545408625796	0.290341203528487	0.398940596154755	0.492834860747143	0.451180280534426	0.527513384819119	0.58013137560152	0.9988	0.995383380168607	0.977741804937273	0.991549295774648	0.914125700062228	0.889962978198272	0.979364758243982	0.95957361222848	0.994779116465863	0.850825351538618	0.996780684104628	0.995782285599518	0.998598598598599	0.949909837707874	1	1	1	1	1	1	1	1	1	1	1	1	1	1	1	1	1	1	1	1	1	1	1	1	1	1	1	1	1	1	1	1	1	1	1	1	1	1	1	1	1	1	1	1	1	1	1	1	1	1	1	1	1	1	1	1	1	1	1	1	1	1	1	1	1	1	1	1	1	1	1	1	1	1	1	1	1	1	1	1	1	1	1	1	1	1	1	1	1	1	1	1	1	1	1	1	1	1	1	1	1	1	1	1	1	1	1	1	1	1	1	1	1	1	1	1	1	1	1	1	1	1	1	1	1	1	1	1	1	1	1	1	1	1	1	1	1	1	1	1	1	1	1	1	1	1	1	1	1	1	1	1	1	1	1	1	1	1	1	1	1	1	1	1	1	1	1	1	1	1	1	1	1	1	1	1	1	1	1	1	1	1	1	1	1	1	1	1	1	1	1	1	1	1	1	1	1	1	1	1	1	1	1	1	1	1	1	1	1	1	1	1	1	1	1	1	1	1	1	1	1	1	1	1	1	1	1	1	1	1	1	1	1	1	1	1	1	1	1	1	1	1	1	1	1	1	1	1	1	1	1	1	1	1	1	1	1	1	1	1	1
SRR12148810_merged	0.5652	0.57336169512446	0.623997406807131	0.949833889232036	0.94788154158215	0.954902753053198	0.976459307010475	0.584132378223496	0.251289561210178	0.843572284491543	0	0.636676744186046	0.620610193223187	0.749839122703023	0.957910528471938	0.840032958801498	0.4354	0.435	0.96657037037037	0.560594572591588	0.955431145765648	0.434984017278618	0.544551185855972	0.434	0.873557024423034	0.876001525185631	0.55601068200493	0.558753314355429	0.621360433272021	0.941189077815563	0.472577197912485	0.546990754452672	0.585765046888321	0.4344	0.4336	0.896453057781527	0.149917664734922	0.66127281025864	0.800490137107475	0.832168854463922	0.818820223787816	0.978875085737341	0.563977448427799	0.977923232323232	0.951406973058637	0.788093877551021	0.930978047250679	0.70887491995731	0.777796309667068	0.742284639898024	0.71177805124067	0.9988	0.995383380168607	0.977741804937272	0.991549295774648	0.914125700062228	0.889962978198272	0.979364758243981	0.959573612228479	0.994779116465863	0.797421731123389	0.996780684104628	0.995782285599518	0.998598598598599	0.949909837707874	1	1	1	1	1	1	1	1	1	1	1	1	1	1	1	1	1	1	1	1	1	1	1	1	1	1	1	1	1	1	1	1	1	1	1	1	1	1	1	1	1	1	1	1	1	1	1	1	1	1	1	1	1	1	1	1	1	1	1	1	1	1	1	1	1	1	1	1	1	1	1	1	1	1	1	1	1	1	1	1	1	1	1	1	1	1	1	1	1	1	1	1	1	1	1	1	1	1	1	1	1	1	1	1	1	1	1	1	1	1	1	1	1	1	1	1	1	1	1	1	1	1	1	1	1	1	1	1	1	1	1	1	1	1	1	1	1	1	1	1	1	1	1	1	1	1	1	1	1	1	1	1	1	1	1	1	1	1	1	1	1	1	1	1	1	1	1	1	1	1	1	1	1	1	1	1	1	1	1	1	1	1	1	1	1	1	1	1	1	1	1	1	1	1	1	1	1	1	1	1	1	1	1	1	1	1	1	1	1	1	1	1	1	1	1	1	1	1	1	1	1	1	1	1	1	1	1	1	1	1	1	1	1	1	1	1	1	1	1	1	1	1	1	1	1	1	1	1	1	1	1	1	1	1	1	1	1	1	1	1	1
SRR12148811_merged	0.760385718676365	0.765000143524875	0.727275639817572	0.982196518091845	0.930683051087315	0.902625305079116	0.839292440454997	0.30567207525377	0.411691684567104	0.694657726740632	0.636676744186046	0	0.129678596315279	0.221142526295474	0.822308099044426	0.670584008361641	0.225402504472272	0.221918152643117	0.853703703703704	0.154577140723444	0.815191896983343	0.213977346928525	0.602680586058546	0.41421359241371	0.720811426248899	0.836157003579613	0.61009845980394	0.646538345139355	0.589611880284602	0.889297219909098	0.425286613202879	0.678049329597759	0.216996024901366	0.491237576125495	0.514148837209302	0.844422307337695	0.504607860754628	0.564067594001304	0.657614453370087	0.735609813327772	0.678691848417969	0.910015141847798	0.393722723440724	0.88759657296479	0.827970091770169	0.756621974371144	0.863569497590789	0.808691767392222	0.926829657925914	0.744099584488219	0.937735513790693	0.9988	0.995383380168607	0.977741804937272	0.991549295774648	0.914125700062228	0.889962978198273	0.979364758243981	0.95957361222848	0.994779116465863	0.797421731123389	0.996780684104628	0.995782285599518	0.998598598598599	0.949909837707874	1	1	1	1	1	1	1	1	1	1	1	1	1	1	1	1	1	1	1	1	1	1	1	1	1	1	1	1	1	1	1	1	1	1	1	1	1	1	1	1	1	1	1	1	1	1	1	1	1	1	1	1	1	1	1	1	1	1	1	1	1	1	1	1	1	1	1	1	1	1	1	1	1	1	1	1	1	1	1	1	1	1	1	1	1	1	1	1	1	1	1	1	1	1	1	1	1	1	1	1	1	1	1	1	1	1	1	1	1	1	1	1	1	1	1	1	1	1	1	1	1	1	1	1	1	1	1	1	1	1	1	1	1	1	1	1	1	1	1	1	1	1	1	1	1	1	1	1	1	1	1	1	1	1	1	1	1	1	1	1	1	1	1	1	1	1	1	1	1	1	1	1	1	1	1	1	1	1	1	1	1	1	1	1	1	1	1	1	1	1	1	1	1	1	1	1	1	1	1	1	1	1	1	1	1	1	1	1	1	1	1	1	1	1	1	1	1	1	1	1	1	1	1	1	1	1	1	1	1	1	1	1	1	1	1	1	1	1	1	1	1	1	1	1	1	1	1	1	1	1	1	1	1	1	1	1	1	1	1	1	1
SRR12148812_merged	0.749769496568663	0.750490058807057	0.710358622289132	0.982631228491911	0.933131042662239	0.799398324818229	0.778427867427895	0.246658586613966	0.395132296661013	0.649002216927943	0.620610193223187	0.129678596315279	0	0.294214060874027	0.769164778265813	0.761679800452459	0.208452769251809	0.208166204434328	0.905431839007868	0.202271907183362	0.757871191456555	0.211322611413154	0.58682738349473	0.412036559233046	0.669203450280043	0.885797429546653	0.642758232056047	0.674052216074794	0.635935883121425	0.936827970466678	0.490219396379753	0.695780055543828	0.252264738946849	0.536303545539599	0.540369084290115	0.891426861565016	0.542663170664403	0.491980272146894	0.597949834475493	0.733650484042594	0.704550273343203	0.956183921009395	0.472350341163711	0.93913150610621	0.774734711430031	0.808846204401671	0.937228386285719	0.862050246456469	0.983137551315624	0.691929184040857	0.98913303528237	0.9988	0.995383380168607	0.977741804937273	0.991549295774648	0.914125700062228	0.889962978198272	0.979364758243982	0.95957361222848	0.994779116465863	0.797421731123389	0.996780684104628	0.995782285599518	0.998598598598599	0.949909837707874	1	1	1	1	1	1	1	1	1	1	1	1	1	1	1	1	1	1	1	1	1	1	1	1	1	1	1	1	1	1	1	1	1	1	1	1	1	1	1	1	1	1	1	1	1	1	1	1	1	1	1	1	1	1	1	1	1	1	1	1	1	1	1	1	1	1	1	1	1	1	1	1	1	1	1	1	1	1	1	1	1	1	1	1	1	1	1	1	1	1	1	1	1	1	1	1	1	1	1	1	1	1	1	1	1	1	1	1	1	1	1	1	1	1	1	1	1	1	1	1	1	1	1	1	1	1	1	1	1	1	1	1	1	1	1	1	1	1	1	1	1	1	1	1	1	1	1	1	1	1	1	1	1	1	1	1	1	1	1	1	1	1	1	1	1	1	1	1	1	1	1	1	1	1	1	1	1	1	1	1	1	1	1	1	1	1	1	1	1	1	1	1	1	1	1	1	1	1	1	1	1	1	1	1	1	1	1	1	1	1	1	1	1	1	1	1	1	1	1	1	1	1	1	1	1	1	1	1	1	1	1	1	1	1	1	1	1	1	1	1	1	1	1	1	1	1	1	1	1	1	1	1	1	1	1	1	1	1	1	1	1
SRR12148813_merged	0.87000070505472	0.876986813132408	0.842544978811178	0.981173659122754	0.954323420597313	0.957866461379819	0.845951789457897	0.458550667529492	0.526119213754883	0.662305606268291	0.749839122703023	0.221142526295474	0.294214060874027	0	0.779424410151902	0.739890332327626	0.336349178660768	0.331315098653569	0.82382346780687	0.196282289581354	0.832337233637857	0.325049642738717	0.729902434797412	0.519108888368626	0.656532317822055	0.768393807469403	0.659198330897155	0.73071773649801	0.6162478704017	0.824784340389121	0.545608053842678	0.770344186357695	0.288008799045507	0.54006979882918	0.59093799644339	0.766424317547765	0.64457787560977	0.680518925359259	0.714202212879037	0.730006758959367	0.719672707432645	0.832143571645613	0.501203878672584	0.780129890088396	0.813830147008399	0.709319163349987	0.771684095060541	0.753833603569009	0.84712131728175	0.715578294079282	0.901478859268547	0.9988	0.995383380168607	0.977741804937272	0.991549295774648	0.914125700062228	0.889962978198272	0.979364758243981	0.95957361222848	0.994779116465863	0.882335506816835	0.996780684104628	0.995782285599518	0.998598598598599	0.949909837707874	1	1	1	1	1	1	1	1	1	1	1	1	1	1	1	1	1	1	1	1	1	1	1	1	1	1	1	1	1	1	1	1	1	1	1	1	1	1	1	1	1	1	1	1	1	1	1	1	1	1	1	1	1	1	1	1	1	1	1	1	1	1	1	1	1	1	1	1	1	1	1	1	1	1	1	1	1	1	1	1	1	1	1	1	1	1	1	1	1	1	1	1	1	1	1	1	1	1	1	1	1	1	1	1	1	1	1	1	1	1	1	1	1	1	1	1	1	1	1	1	1	1	1	1	1	1	1	1	1	1	1	1	1	1	1	1	1	1	1	1	1	1	1	1	1	1	1	1	1	1	1	1	1	1	1	1	1	1	1	1	1	1	1	1	1	1	1	1	1	1	1	1	1	1	1	1	1	1	1	1	1	1	1	1	1	1	1	1	1	1	1	1	1	1	1	1	1	1	1	1	1	1	1	1	1	1	1	1	1	1	1	1	1	1	1	1	1	1	1	1	1	1	1	1	1	1	1	1	1	1	1	1	1	1	1	1	1	1	1	1	1	1	1	1	1	1	1	1	1	1	1	1	1	1	1	1	1	1	1	1	1
SRR12148814_merged	0.965952785292371	0.972938893370059	0.92541076371575	0.967958373935354	0.916900930935597	0.72982045069265	0.204583777470628	0.570470848412213	0.956290762126436	0.531203698918691	0.957910528471938	0.822308099044426	0.769164778265813	0.779424410151902	0	0.733779748890291	0.961555866939192	0.9585274678725	0.757614353394771	0.907239805590127	0.630843017588935	0.967611085992268	0.714649602989323	0.944621847100168	0.290880004494142	0.757976053444472	0.61086716349732	0.743640938761522	0.774526945457033	0.797660105556547	0.867950348415294	0.875413859540632	0.819828777564853	0.818785714423858	0.886691192134371	0.788795584222921	0.922837738607088	0.416575409171777	0.424024764178079	0.617329180648632	0.654542944955572	0.775057216767188	0.766781154410932	0.609555429574547	0.261283728642557	0.680705465307795	0.625359787236357	0.637465881024844	0.773539938866927	0.390992713790082	0.823733348914553	0.9988	0.995383380168607	0.978287587054486	0.991549295774648	0.978287587054486	0.978287587054486	0.979364758243981	0.978287587054486	0.994779116465863	0.978287587054486	0.996780684104628	0.995782285599518	0.998598598598598	0.978287587054486	1	1	1	1	1	1	1	1	1	1	1	1	1	1	1	1	1	1	1	1	1	1	1	1	1	1	1	1	1	1	1	1	1	1	1	1	1	1	1	1	1	1	1	1	1	1	1	1	1	1	1	1	1	1	1	1	1	1	1	1	1	1	1	1	1	1	1	1	1	1	1	1	1	1	1	1	1	1	1	1	1	1	1	1	1	1	1	1	1	1	1	1	1	1	1	1	1	1	1	1	1	1	1	1	1	1	1	1	1	1	1	1	1	1	1	1	1	1	1	1	1	1	1	1	1	1	1	1	1	1	1	1	1	1	1	1	1	1	1	1	1	1	1	1	1	1	1	1	1	1	1	1	1	1	1	1	1	1	1	1	1	1	1	1	1	1	1	1	1	1	1	1	1	1	1	1	1	1	1	1	1	1	1	1	1	1	1	1	1	1	1	1	1	1	1	1	1	1	1	1	1	1	1	1	1	1	1	1	1	1	1	1	1	1	1	1	1	1	1	1	1	1	1	1	1	1	1	1	1	1	1	1	1	1	1	1	1	1	1	1	1	1	1	1	1	1	1	1	1	1	1	1	1	1	1	1	1	1	1	1	1
SRR12148815_merged	0.844872461185633	0.845739700374532	0.805423654993657	0.981470043236566	0.934045836467094	0.923006273078751	0.726620619773228	0.717632910509428	0.838790581473619	0.342715710721289	0.840032958801498	0.670584008361641	0.761679800452459	0.739890332327626	0.733779748890291	0	0.828588035081372	0.825663210709645	0.436275179674056	0.774258813186367	0.43631970149399	0.833102891094555	0.666534030069141	0.809419273327308	0.571158478660581	0.517272067726901	0.507768381142307	0.496697429605835	0.600476460295262	0.445638706392964	0.676905962588916	0.746231446733208	0.668194488347366	0.645998835633464	0.747683146067416	0.48239040876256	0.772061926776976	0.630259909301593	0.474815591523422	0.506134619231057	0.37102380054356	0.462827224240831	0.568298192375693	0.542622700160153	0.695070024395022	0.341842467324008	0.49745866681388	0.603851142581911	0.538144444895144	0.709851213707531	0.541767203568668	0.9988	0.995383380168607	0.977741804937272	0.991549295774648	0.914125700062228	0.889962978198272	0.979364758243981	0.959573612228479	0.994779116465863	0.845973782771536	0.996780684104628	0.995782285599518	0.998598598598599	0.949909837707874	1	1	1	1	1	1	1	1	1	1	1	1	1	1	1	1	1	1	1	1	1	1	1	1	1	1	1	1	1	1	1	1	1	1	1	1	1	1	1	1	1	1	1	1	1	1	1	1	1	1	1	1	1	1	1	1	1	1	1	1	1	1	1	1	1	1	1	1	1	1	1	1	1	1	1	1	1	1	1	1	1	1	1	1	1	1	1	1	1	1	1	1	1	1	1	1	1	1	1	1	1	1	1	1	1	1	1	1	1	1	1	1	1	1	1	1	1	1	1	1	1	1	1	1	1	1	1	1	1	1	1	1	1	1	1	1	1	1	1	1	1	1	1	1	1	1	1	1	1	1	1	1	1	1	1	1	1	1	1	1	1	1	1	1	1	1	1	1	1	1	1	1	1	1	1	1	1	1	1	1	1	1	1	1	1	1	1	1	1	1	1	1	1	1	1	1	1	1	1	1	1	1	1	1	1	1	1	1	1	1	1	1	1	1	1	1	1	1	1	1	1	1	1	1	1	1	1	1	1	1	1	1	1	1	1	1	1	1	1	1	1	1	1	1	1	1	1	1	1	1	1	1	1	1	1	1	1	1	1	1	1
SRR12148817_merged	0.548524150268336	0.57416169512446	0.629978936106673	0.984179326593895	0.987752597183467	0.991378772455323	0.970602109787969	0.440900870192201	0.242166266005106	0.834043212700778	0.4354	0.225402504472272	0.208452769251809	0.336349178660768	0.961555866939192	0.828588035081372	0	0.0103672826145536	0.955858900044947	0.148311540362911	0.944983693691704	0.0218892112960123	0.517882530638631	0.222324350133613	0.862455943662401	0.888311807551758	0.545859528768799	0.531508692467013	0.643733225552768	0.937786215561538	0.344888916737105	0.518803634595784	0.226290096033747	0.33791485569254	0.340957423971378	0.890950411539555	0.44554353798465	0.648749017772056	0.790649707769371	0.868853406474639	0.809717433223587	0.971905119267201	0.440772448153712	0.973570930935272	0.968051960570296	0.810823080573911	0.939875993801841	0.938120509829452	0.984999411590378	0.883254557878819	0.99160724989832	0.9988	0.995383380168607	0.977741804937273	0.991549295774648	0.914125700062228	0.889962978198272	0.979364758243982	0.95957361222848	0.994779116465863	0.797421731123389	0.996780684104628	0.995782285599518	0.998598598598599	0.949909837707874	1	1	1	1	1	1	1	1	1	1	1	1	1	1	1	1	1	1	1	1	1	1	1	1	1	1	1	1	1	1	1	1	1	1	1	1	1	1	1	1	1	1	1	1	1	1	1	1	1	1	1	1	1	1	1	1	1	1	1	1	1	1	1	1	1	1	1	1	1	1	1	1	1	1	1	1	1	1	1	1	1	1	1	1	1	1	1	1	1	1	1	1	1	1	1	1	1	1	1	1	1	1	1	1	1	1	1	1	1	1	1	1	1	1	1	1	1	1	1	1	1	1	1	1	1	1	1	1	1	1	1	1	1	1	1	1	1	1	1	1	1	1	1	1	1	1	1	1	1	1	1	1	1	1	1	1	1	1	1	1	1	1	1	1	1	1	1	1	1	1	1	1	1	1	1	1	1	1	1	1	1	1	1	1	1	1	1	1	1	1	1	1	1	1	1	1	1	1	1	1	1	1	1	1	1	1	1	1	1	1	1	1	1	1	1	1	1	1	1	1	1	1	1	1	1	1	1	1	1	1	1	1	1	1	1	1	1	1	1	1	1	1	1	1	1	1	1	1	1	1	1	1	1	1	1	1	1	1	1	1	1
SRR12148818_merged	0.551771961144433	0.573918740799873	0.630312509351969	0.984755854163778	0.988086170428763	0.991712345700619	0.967481513153207	0.43668290074933	0.242065650143047	0.830275782617918	0.435	0.221918152643117	0.208166204434328	0.331315098653569	0.9585274678725	0.825663210709645	0.0103672826145536	0	0.952877659000108	0.1441434491998	0.94262252380763	0.0215746588669408	0.515796117005294	0.218458812096267	0.85960658710525	0.884384750718039	0.542340730164586	0.531291015215126	0.640027194200795	0.933970224559975	0.342148547209215	0.519104319734698	0.22085355881483	0.335040692993982	0.339345189504373	0.888898350205902	0.442208784902978	0.646365327265442	0.786974940352081	0.865351207165063	0.807306813554858	0.969229641192193	0.436815477528598	0.97124631478373	0.966173519441736	0.807832847424684	0.936487889262811	0.934606600682657	0.980716852668521	0.880409488752252	0.986893552775443	0.9988	0.995383380168607	0.977741804937272	0.991549295774648	0.914125700062228	0.889962978198272	0.979364758243981	0.959573612228479	0.994779116465863	0.797421731123388	0.996780684104628	0.995782285599518	0.998598598598599	0.949909837707874	1	1	1	1	1	1	1	1	1	1	1	1	1	1	1	1	1	1	1	1	1	1	1	1	1	1	1	1	1	1	1	1	1	1	1	1	1	1	1	1	1	1	1	1	1	1	1	1	1	1	1	1	1	1	1	1	1	1	1	1	1	1	1	1	1	1	1	1	1	1	1	1	1	1	1	1	1	1	1	1	1	1	1	1	1	1	1	1	1	1	1	1	1	1	1	1	1	1	1	1	1	1	1	1	1	1	1	1	1	1	1	1	1	1	1	1	1	1	1	1	1	1	1	1	1	1	1	1	1	1	1	1	1	1	1	1	1	1	1	1	1	1	1	1	1	1	1	1	1	1	1	1	1	1	1	1	1	1	1	1	1	1	1	1	1	1	1	1	1	1	1	1	1	1	1	1	1	1	1	1	1	1	1	1	1	1	1	1	1	1	1	1	1	1	1	1	1	1	1	1	1	1	1	1	1	1	1	1	1	1	1	1	1	1	1	1	1	1	1	1	1	1	1	1	1	1	1	1	1	1	1	1	1	1	1	1	1	1	1	1	1	1	1	1	1	1	1	1	1	1	1	1	1	1	1	1	1	1	1	1	1
SRR12148819_merged	0.978478257993677	0.978550984640267	0.938858347812967	0.981470043236566	0.935648630374797	0.937581423277966	0.717190760462316	0.856115140928894	0.965762075439495	0.449411424875048	0.96657037037037	0.853703703703704	0.905431839007868	0.82382346780687	0.757614353394771	0.436275179674056	0.955858900044947	0.952877659000108	0	0.892577516458113	0.286964157139596	0.960219182465403	0.80458427379514	0.935956604864168	0.625435338991243	0.55629030595918	0.639809818034962	0.574556622502942	0.650488501990648	0.302529494887967	0.838180894664235	0.868308332346756	0.781921819517727	0.757419513376192	0.85936936936937	0.441001904477231	0.922327994446475	0.756481019163045	0.544434704496624	0.493845618957727	0.472359056113719	0.314199816116298	0.738655739657142	0.462224345557679	0.697075681069342	0.3856264427693	0.474844612540619	0.595393258787069	0.474723821294218	0.751647249543999	0.386057027372339	0.9988	0.995383380168607	0.97957957957958	0.991549295774648	0.97957957957958	0.97957957957958	0.97957957957958	0.97957957957958	0.994779116465863	0.97957957957958	0.996780684104628	0.995782285599518	0.998598598598599	0.97957957957958	1	1	1	1	1	1	1	1	1	1	1	1	1	1	1	1	1	1	1	1	1	1	1	1	1	1	1	1	1	1	1	1	1	1	1	1	1	1	1	1	1	1	1	1	1	1	1	1	1	1	1	1	1	1	1	1	1	1	1	1	1	1	1	1	1	1	1	1	1	1	1	1	1	1	1	1	1	1	1	1	1	1	1	1	1	1	1	1	1	1	1	1	1	1	1	1	1	1	1	1	1	1	1	1	1	1	1	1	1	1	1	1	1	1	1	1	1	1	1	1	1	1	1	1	1	1	1	1	1	1	1	1	1	1	1	1	1	1	1	1	1	1	1	1	1	1	1	1	1	1	1	1	1	1	1	1	1	1	1	1	1	1	1	1	1	1	1	1	1	1	1	1	1	1	1	1	1	1	1	1	1	1	1	1	1	1	1	1	1	1	1	1	1	1	1	1	1	1	1	1	1	1	1	1	1	1	1	1	1	1	1	1	1	1	1	1	1	1	1	1	1	1	1	1	1	1	1	1	1	1	1	1	1	1	1	1	1	1	1	1	1	1	1	1	1	1	1	1	1	1	1	1	1	1	1	1	1	1	1	1	1
SRR12148820_merged	0.691107637622859	0.690965977652275	0.68419734611164	0.983744872694197	0.98733338654322	0.989903795787439	0.919306113925282	0.396286022349829	0.337356223563337	0.770405572596472	0.560594572591588	0.154577140723444	0.202271907183362	0.196282289581354	0.907239805590127	0.774258813186367	0.148311540362911	0.1441434491998	0.892577516458113	0	0.896113972050081	0.136004251274552	0.607329400276051	0.332982853928546	0.80167497103933	0.826394817004682	0.605006174773403	0.616651391274615	0.582861152683714	0.876189620556404	0.382460076537861	0.615642248306922	0.167812703513356	0.417062336697015	0.428929624604252	0.828596559398475	0.459571835839243	0.593039082314613	0.730250580557868	0.809020531261345	0.749770812141305	0.911484310068854	0.389553289576008	0.91329547548453	0.915964049511842	0.751550595814988	0.882909876141502	0.883379551258938	0.922756581385818	0.831353401599685	0.941642403275131	0.9988	0.995383380168607	0.977741804937272	0.991549295774648	0.914125700062228	0.889962978198272	0.979364758243981	0.959573612228479	0.994779116465863	0.797421731123388	0.996780684104628	0.995782285599518	0.998598598598599	0.949909837707874	1	1	1	1	1	1	1	1	1	1	1	1	1	1	1	1	1	1	1	1	1	1	1	1	1	1	1	1	1	1	1	1	1	1	1	1	1	1	1	1	1	1	1	1	1	1	1	1	1	1	1	1	1	1	1	1	1	1	1	1	1	1	1	1	1	1	1	1	1	1	1	1	1	1	1	1	1	1	1	1	1	1	1	1	1	1	1	1	1	1	1	1	1	1	1	1	1	1	1	1	1	1	1	1	1	1	1	1	1	1	1	1	1	1	1	1	1	1	1	1	1	1	1	1	1	1	1	1	1	1	1	1	1	1	1	1	1	1	1	1	1	1	1	1	1	1	1	1	1	1	1	1	1	1	1	1	1	1	1	1	1	1	1	1	1	1	1	1	1	1	1	1	1	1	1	1	1	1	1	1	1	1	1	1	1	1	1	1	1	1	1	1	1	1	1	1	1	1	1	1	1	1	1	1	1	1	1	1	1	1	1	1	1	1	1	1	1	1	1	1	1	1	1	1	1	1	1	1	1	1	1	1	1	1	1	1	1	1	1	1	1	1	1	1	1	1	1	1	1	1	1	1	1	1	1	1	1	1	1	1	1
SRR12148821_merged	0.960782360535046	0.961663417803769	0.921347372422894	0.982044898656481	0.934279918864097	0.80430740084826	0.620094657710521	0.716527092785911	0.953010415499035	0.375004408398641	0.955431145765648	0.815191896983343	0.757871191456555	0.832337233637857	0.630843017588935	0.43631970149399	0.944983693691704	0.94262252380763	0.286964157139596	0.896113972050081	0	0.949775246050491	0.719700745963579	0.927286574148828	0.555342361818744	0.597938774810313	0.637652567972067	0.62616677425745	0.720424889915139	0.405894434247473	0.855780180536438	0.86609578916074	0.813035002966353	0.800226539243154	0.875966601689408	0.568628060876008	0.923412886193846	0.647247396614112	0.477827648278285	0.515060923132672	0.481086672158183	0.438370943110534	0.769724267645919	0.559011164274322	0.580915736544507	0.470906808467377	0.554812408450965	0.598480396677954	0.58470461932788	0.627341138058659	0.421526710826384	0.9988	0.995383380168607	0.977741804937273	0.991549295774648	0.961663417803769	0.961663417803769	0.979364758243981	0.961663417803769	0.994779116465863	0.961663417803769	0.996780684104628	0.995782285599518	0.998598598598599	0.961663417803769	1	1	1	1	1	1	1	1	1	1	1	1	1	1	1	1	1	1	1	1	1	1	1	1	1	1	1	1	1	1	1	1	1	1	1	1	1	1	1	1	1	1	1	1	1	1	1	1	1	1	1	1	1	1	1	1	1	1	1	1	1	1	1	1	1	1	1	1	1	1	1	1	1	1	1	1	1	1	1	1	1	1	1	1	1	1	1	1	1	1	1	1	1	1	1	1	1	1	1	1	1	1	1	1	1	1	1	1	1	1	1	1	1	1	1	1	1	1	1	1	1	1	1	1	1	1	1	1	1	1	1	1	1	1	1	1	1	1	1	1	1	1	1	1	1	1	1	1	1	1	1	1	1	1	1	1	1	1	1	1	1	1	1	1	1	1	1	1	1	1	1	1	1	1	1	1	1	1	1	1	1	1	1	1	1	1	1	1	1	1	1	1	1	1	1	1	1	1	1	1	1	1	1	1	1	1	1	1	1	1	1	1	1	1	1	1	1	1	1	1	1	1	1	1	1	1	1	1	1	1	1	1	1	1	1	1	1	1	1	1	1	1	1	1	1	1	1	1	1	1	1	1	1	1	1	1	1	1	1	1	1
SRR12148822_merged	0.560259179265659	0.57416169512446	0.636926219322227	0.991126609809449	0.99469988039902	0.998326055670876	0.976064989740386	0.446765725790647	0.241309605670336	0.839622111665752	0.434984017278618	0.213977346928525	0.211322611413154	0.325049642738717	0.967611085992268	0.833102891094555	0.0218892112960123	0.0215746588669408	0.960219182465403	0.136004251274552	0.949775246050491	0	0.533507125380811	0.221414959072182	0.867301677483547	0.886111353114629	0.549347615050287	0.547655327061431	0.648001442533279	0.935453872631978	0.342810706014655	0.535225887152162	0.229817491838505	0.346923730689159	0.349619870410367	0.889680106907348	0.446823236755354	0.65470563963229	0.794550281178744	0.873664547928706	0.815161217272531	0.977426733841926	0.445086144360203	0.979122033873654	0.972921037949294	0.811552871688632	0.94405474030821	0.943340148583204	0.983415420629166	0.888506846794513	0.99061074266772	0.9988	0.995383380168607	0.977741804937272	0.991549295774648	0.914125700062228	0.889962978198272	0.979364758243981	0.959573612228479	0.994779116465863	0.797421731123389	0.996780684104628	0.995782285599518	0.998598598598599	0.949909837707874	1	1	1	1	1	1	1	1	1	1	1	1	1	1	1	1	1	1	1	1	1	1	1	1	1	1	1	1	1	1	1	1	1	1	1	1	1	1	1	1	1	1	1	1	1	1	1	1	1	1	1	1	1	1	1	1	1	1	1	1	1	1	1	1	1	1	1	1	1	1	1	1	1	1	1	1	1	1	1	1	1	1	1	1	1	1	1	1	1	1	1	1	1	1	1	1	1	1	1	1	1	1	1	1	1	1	1	1	1	1	1	1	1	1	1	1	1	1	1	1	1	1	1	1	1	1	1	1	1	1	1	1	1	1	1	1	1	1	1	1	1	1	1	1	1	1	1	1	1	1	1	1	1	1	1	1	1	1	1	1	1	1	1	1	1	1	1	1	1	1	1	1	1	1	1	1	1	1	1	1	1	1	1	1	1	1	1	1	1	1	1	1	1	1	1	1	1	1	1	1	1	1	1	1	1	1	1	1	1	1	1	1	1	1	1	1	1	1	1	1	1	1	1	1	1	1	1	1	1	1	1	1	1	1	1	1	1	1	1	1	1	1	1	1	1	1	1	1	1	1	1	1	1	1	1	1	1	1	1	1	1
SRR12148823_merged	0.412404613867819	0.570065101765253	0.594584987101829	0.981186380681541	0.93075502048078	0.859327146289742	0.652802636941998	0.564760277315462	0.57396971296933	0.600906661225223	0.544551185855972	0.602680586058546	0.58682738349473	0.729902434797412	0.714649602989323	0.666534030069141	0.517882530638631	0.515796117005294	0.80458427379514	0.607329400276051	0.719700745963579	0.533507125380811	0	0.513728906827932	0.630753296449162	0.723719637712596	0.367421886930976	0.293114889272469	0.568739855679986	0.837230619905784	0.499537879271804	0.262672480590554	0.581329151267909	0.38915966397624	0.384961880120742	0.789898476797308	0.605182918787019	0.462529894179969	0.539902282149327	0.550594646363272	0.569385463638724	0.853204570953147	0.520612471086084	0.741924418832569	0.648694482087954	0.705660867192932	0.833653976274496	0.667371714245873	0.880908198842918	0.577226096059624	0.894257018291764	0.9988	0.995383380168607	0.977741804937272	0.991549295774648	0.914125700062228	0.889962978198272	0.979364758243981	0.95957361222848	0.994779116465863	0.797421731123389	0.996780684104628	0.995782285599518	0.998598598598599	0.949909837707874	1	1	1	1	1	1	1	1	1	1	1	1	1	1	1	1	1	1	1	1	1	1	1	1	1	1	1	1	1	1	1	1	1	1	1	1	1	1	1	1	1	1	1	1	1	1	1	1	1	1	1	1	1	1	1	1	1	1	1	1	1	1	1	1	1	1	1	1	1	1	1	1	1	1	1	1	1	1	1	1	1	1	1	1	1	1	1	1	1	1	1	1	1	1	1	1	1	1	1	1	1	1	1	1	1	1	1	1	1	1	1	1	1	1	1	1	1	1	1	1	1	1	1	1	1	1	1	1	1	1	1	1	1	1	1	1	1	1	1	1	1	1	1	1	1	1	1	1	1	1	1	1	1	1	1	1	1	1	1	1	1	1	1	1	1	1	1	1	1	1	1	1	1	1	1	1	1	1	1	1	1	1	1	1	1	1	1	1	1	1	1	1	1	1	1	1	1	1	1	1	1	1	1	1	1	1	1	1	1	1	1	1	1	1	1	1	1	1	1	1	1	1	1	1	1	1	1	1	1	1	1	1	1	1	1	1	1	1	1	1	1	1	1	1	1	1	1	1	1	1	1	1	1	1	1	1	1	1	1	1	1
SRR12148824_merged	0.559623849539816	0.57416169512446	0.636958024700966	0.991158415188188	0.99473168577776	0.998357861049615	0.954276231040361	0.428984201130309	0.242501488674011	0.816559719465532	0.434	0.41421359241371	0.412036559233046	0.519108888368626	0.944621847100168	0.809419273327308	0.222324350133613	0.218458812096267	0.935956604864168	0.332982853928546	0.927286574148828	0.221414959072182	0.513728906827932	0	0.842687153283899	0.85962657188101	0.520153994218888	0.518503293956867	0.627184779491196	0.910775352349382	0.235938373743717	0.509398436180556	0.351631957130678	0.319911691419139	0.181595278111244	0.856409286616375	0.431118100814054	0.630024276609144	0.771571786609381	0.849957186298898	0.791836502524756	0.954667725472275	0.375759476632632	0.957644674031229	0.950974526102041	0.788995598239296	0.920199231689331	0.919708032626071	0.955558637414051	0.865924827547335	0.966750307143233	0.9988	0.995383380168607	0.977741804937273	0.991549295774648	0.914125700062228	0.889962978198272	0.979364758243982	0.95957361222848	0.994779116465863	0.797421731123389	0.996780684104628	0.995782285599518	0.998598598598599	0.949909837707874	1	1	1	1	1	1	1	1	1	1	1	1	1	1	1	1	1	1	1	1	1	1	1	1	1	1	1	1	1	1	1	1	1	1	1	1	1	1	1	1	1	1	1	1	1	1	1	1	1	1	1	1	1	1	1	1	1	1	1	1	1	1	1	1	1	1	1	1	1	1	1	1	1	1	1	1	1	1	1	1	1	1	1	1	1	1	1	1	1	1	1	1	1	1	1	1	1	1	1	1	1	1	1	1	1	1	1	1	1	1	1	1	1	1	1	1	1	1	1	1	1	1	1	1	1	1	1	1	1	1	1	1	1	1	1	1	1	1	1	1	1	1	1	1	1	1	1	1	1	1	1	1	1	1	1	1	1	1	1	1	1	1	1	1	1	1	1	1	1	1	1	1	1	1	1	1	1	1	1	1	1	1	1	1	1	1	1	1	1	1	1	1	1	1	1	1	1	1	1	1	1	1	1	1	1	1	1	1	1	1	1	1	1	1	1	1	1	1	1	1	1	1	1	1	1	1	1	1	1	1	1	1	1	1	1	1	1	1	1	1	1	1	1	1	1	1	1	1	1	1	1	1	1	1	1	1	1	1	1	1	1
SRR12148825_merged	0.876973519915586	0.884767958615406	0.847151266436695	0.981470043236566	0.932048681541582	0.74435934589112	0.322385662542206	0.485319974635981	0.872003260361144	0.333910077657287	0.873557024423034	0.720811426248899	0.669203450280043	0.656532317822055	0.290880004494142	0.571158478660581	0.862455943662401	0.85960658710525	0.625435338991243	0.80167497103933	0.555342361818744	0.867301677483547	0.630753296449162	0.842687153283899	0	0.597016142133984	0.44588680488214	0.542358447301143	0.585516794788258	0.617154665528669	0.746233966365854	0.772662746202505	0.694084056481071	0.664230869720693	0.770418507730226	0.567530838168613	0.833527941000861	0.298611739802885	0.254292480816519	0.437319660251309	0.47624637404068	0.633268786897816	0.634073407453384	0.576385635426639	0.286279456407376	0.48558821512024	0.580699653793832	0.575222623774131	0.663763579474466	0.357758699685029	0.763228519920657	0.9988	0.995383380168607	0.977741804937273	0.991549295774648	0.914125700062228	0.889962978198272	0.979364758243981	0.95957361222848	0.994779116465863	0.88908805736052	0.996780684104628	0.995782285599518	0.998598598598599	0.949909837707874	1	1	1	1	1	1	1	1	1	1	1	1	1	1	1	1	1	1	1	1	1	1	1	1	1	1	1	1	1	1	1	1	1	1	1	1	1	1	1	1	1	1	1	1	1	1	1	1	1	1	1	1	1	1	1	1	1	1	1	1	1	1	1	1	1	1	1	1	1	1	1	1	1	1	1	1	1	1	1	1	1	1	1	1	1	1	1	1	1	1	1	1	1	1	1	1	1	1	1	1	1	1	1	1	1	1	1	1	1	1	1	1	1	1	1	1	1	1	1	1	1	1	1	1	1	1	1	1	1	1	1	1	1	1	1	1	1	1	1	1	1	1	1	1	1	1	1	1	1	1	1	1	1	1	1	1	1	1	1	1	1	1	1	1	1	1	1	1	1	1	1	1	1	1	1	1	1	1	1	1	1	1	1	1	1	1	1	1	1	1	1	1	1	1	1	1	1	1	1	1	1	1	1	1	1	1	1	1	1	1	1	1	1	1	1	1	1	1	1	1	1	1	1	1	1	1	1	1	1	1	1	1	1	1	1	1	1	1	1	1	1	1	1	1	1	1	1	1	1	1	1	1	1	1	1	1	1	1	1	1	1
SRR12148826_merged	0.905199617023872	0.906080674292595	0.892105565730615	0.96821695308211	0.980272724423283	0.980363332619252	0.705543772274565	0.82250511337401	0.866757876399072	0.454048022498013	0.876001525185631	0.836157003579613	0.885797429546653	0.768393807469403	0.757976053444472	0.517272067726901	0.888311807551758	0.884384750718039	0.55629030595918	0.826394817004682	0.597938774810313	0.886111353114629	0.723719637712596	0.85962657188101	0.597016142133984	0	0.544200981776825	0.553752094249362	0.519458371830256	0.422809827869648	0.73948800469972	0.816598889697054	0.694601158003709	0.66072995867148	0.785027453341361	0.355812715573735	0.835439593135657	0.710677245909293	0.545349145076453	0.37917844437905	0.362136444183743	0.388873147114553	0.612004347728401	0.502086724492906	0.67177953377458	0.434410096368469	0.436613694170466	0.556882557579441	0.460851371196364	0.664677878016614	0.624786489112407	0.9988	0.995383380168607	0.977741804937272	0.991549295774648	0.914125700062228	0.906281356612482	0.979364758243981	0.959573612228479	0.994779116465863	0.906281356612483	0.996780684104628	0.995782285599518	0.998598598598599	0.949909837707874	1	1	1	1	1	1	1	1	1	1	1	1	1	1	1	1	1	1	1	1	1	1	1	1	1	1	1	1	1	1	1	1	1	1	1	1	1	1	1	1	1	1	1	1	1	1	1	1	1	1	1	1	1	1	1	1	1	1	1	1	1	1	1	1	1	1	1	1	1	1	1	1	1	1	1	1	1	1	1	1	1	1	1	1	1	1	1	1	1	1	1	1	1	1	1	1	1	1	1	1	1	1	1	1	1	1	1	1	1	1	1	1	1	1	1	1	1	1	1	1	1	1	1	1	1	1	1	1	1	1	1	1	1	1	1	1	1	1	1	1	1	1	1	1	1	1	1	1	1	1	1	1	1	1	1	1	1	1	1	1	1	1	1	1	1	1	1	1	1	1	1	1	1	1	1	1	1	1	1	1	1	1	1	1	1	1	1	1	1	1	1	1	1	1	1	1	1	1	1	1	1	1	1	1	1	1	1	1	1	1	1	1	1	1	1	1	1	1	1	1	1	1	1	1	1	1	1	1	1	1	1	1	1	1	1	1	1	1	1	1	1	1	1	1	1	1	1	1	1	1	1	1	1	1	1	1	1	1	1	1	1
SRR12148828_merged	0.565124575126964	0.572919013826784	0.595421393841167	0.981470043236566	0.932048681541582	0.914716344234638	0.691553052148021	0.602142012354428	0.569278933798175	0.38307038441721	0.55601068200493	0.61009845980394	0.642758232056047	0.659198330897155	0.61086716349732	0.507768381142307	0.545859528768799	0.542340730164586	0.639809818034962	0.605006174773403	0.637652567972067	0.549347615050287	0.367421886930976	0.520153994218888	0.44588680488214	0.544200981776825	0	0.207523015916244	0.496797279362583	0.623303625392293	0.450997873363006	0.454301751141071	0.516704073648323	0.360016116677167	0.449224979457683	0.572849675984151	0.596785178067807	0.446339726082198	0.456341261583559	0.478037809252736	0.405509171936045	0.613777956324141	0.458163244483115	0.562417058377069	0.646407471022636	0.425819093454966	0.511865711398096	0.549574684148171	0.626709511364771	0.624857835992793	0.75363056550923	0.9988	0.995383380168607	0.977741804937272	0.991549295774648	0.914125700062228	0.889962978198272	0.979364758243981	0.959573612228479	0.994779116465863	0.797421731123389	0.996780684104628	0.995782285599518	0.998598598598599	0.949909837707874	1	1	1	1	1	1	1	1	1	1	1	1	1	1	1	1	1	1	1	1	1	1	1	1	1	1	1	1	1	1	1	1	1	1	1	1	1	1	1	1	1	1	1	1	1	1	1	1	1	1	1	1	1	1	1	1	1	1	1	1	1	1	1	1	1	1	1	1	1	1	1	1	1	1	1	1	1	1	1	1	1	1	1	1	1	1	1	1	1	1	1	1	1	1	1	1	1	1	1	1	1	1	1	1	1	1	1	1	1	1	1	1	1	1	1	1	1	1	1	1	1	1	1	1	1	1	1	1	1	1	1	1	1	1	1	1	1	1	1	1	1	1	1	1	1	1	1	1	1	1	1	1	1	1	1	1	1	1	1	1	1	1	1	1	1	1	1	1	1	1	1	1	1	1	1	1	1	1	1	1	1	1	1	1	1	1	1	1	1	1	1	1	1	1	1	1	1	1	1	1	1	1	1	1	1	1	1	1	1	1	1	1	1	1	1	1	1	1	1	1	1	1	1	1	1	1	1	1	1	1	1	1	1	1	1	1	1	1	1	1	1	1	1	1	1	1	1	1	1	1	1	1	1	1	1	1	1	1	1	1	1
SRR12148829_merged	0.468008735329895	0.573755025746664	0.596025465939627	0.980860039169872	0.933263245419607	0.929580285382404	0.699224247850075	0.64508502963404	0.586575681692683	0.450750241602385	0.558753314355429	0.646538345139355	0.674052216074794	0.73071773649801	0.743640938761522	0.496697429605835	0.531508692467013	0.531291015215126	0.574556622502942	0.616651391274615	0.62616677425745	0.547655327061431	0.293114889272469	0.518503293956867	0.542358447301143	0.553752094249362	0.207523015916244	0	0.488212738367639	0.551720876912267	0.466280398780874	0.358540052864578	0.529075127053845	0.301689050045856	0.368076616510777	0.519173234808772	0.608906609280808	0.489158252723496	0.416838090729539	0.459404017986292	0.407112871566125	0.585681964528946	0.464804121459348	0.600065655881028	0.679832936868285	0.482423500510412	0.597866350400382	0.61415061870601	0.624185866012472	0.698200995584004	0.733237522235758	0.9988	0.995383380168607	0.977741804937273	0.991549295774648	0.914125700062228	0.889962978198272	0.979364758243981	0.959573612228479	0.994779116465863	0.797421731123389	0.996780684104628	0.995782285599518	0.998598598598599	0.949909837707874	1	1	1	1	1	1	1	1	1	1	1	1	1	1	1	1	1	1	1	1	1	1	1	1	1	1	1	1	1	1	1	1	1	1	1	1	1	1	1	1	1	1	1	1	1	1	1	1	1	1	1	1	1	1	1	1	1	1	1	1	1	1	1	1	1	1	1	1	1	1	1	1	1	1	1	1	1	1	1	1	1	1	1	1	1	1	1	1	1	1	1	1	1	1	1	1	1	1	1	1	1	1	1	1	1	1	1	1	1	1	1	1	1	1	1	1	1	1	1	1	1	1	1	1	1	1	1	1	1	1	1	1	1	1	1	1	1	1	1	1	1	1	1	1	1	1	1	1	1	1	1	1	1	1	1	1	1	1	1	1	1	1	1	1	1	1	1	1	1	1	1	1	1	1	1	1	1	1	1	1	1	1	1	1	1	1	1	1	1	1	1	1	1	1	1	1	1	1	1	1	1	1	1	1	1	1	1	1	1	1	1	1	1	1	1	1	1	1	1	1	1	1	1	1	1	1	1	1	1	1	1	1	1	1	1	1	1	1	1	1	1	1	1	1	1	1	1	1	1	1	1	1	1	1	1	1	1	1	1	1	1
SRR12148830_merged	0.797810951723716	0.798692008992438	0.770812113425027	0.934527486102532	0.936891506639654	0.938912643635273	0.607328744890866	0.539425803893873	0.601307532385189	0.540205184092212	0.621360433272021	0.589611880284602	0.635935883121425	0.6162478704017	0.774526945457033	0.600476460295262	0.643733225552768	0.640027194200795	0.650488501990648	0.582861152683714	0.720424889915139	0.648001442533279	0.568739855679986	0.627184779491196	0.585516794788258	0.519458371830256	0.496797279362583	0.488212738367639	0	0.618007885247599	0.527485335927918	0.695468742516714	0.484394298865282	0.455294652409664	0.550182382996117	0.563117349835618	0.574231108503692	0.575829155579033	0.490504853398328	0.381067648326448	0.470381582356418	0.645845998456128	0.348689268593444	0.462965887500937	0.566933809837981	0.473479022510292	0.62428753924834	0.429453877547281	0.602593085286257	0.507267506799753	0.705772319239554	0.9988	0.995383380168607	0.977741804937272	0.991549295774648	0.914125700062228	0.889962978198272	0.979364758243981	0.95957361222848	0.994779116465863	0.798692008992438	0.996780684104628	0.995782285599518	0.998598598598599	0.949909837707874	1	1	1	1	1	1	1	1	1	1	1	1	1	1	1	1	1	1	1	1	1	1	1	1	1	1	1	1	1	1	1	1	1	1	1	1	1	1	1	1	1	1	1	1	1	1	1	1	1	1	1	1	1	1	1	1	1	1	1	1	1	1	1	1	1	1	1	1	1	1	1	1	1	1	1	1	1	1	1	1	1	1	1	1	1	1	1	1	1	1	1	1	1	1	1	1	1	1	1	1	1	1	1	1	1	1	1	1	1	1	1	1	1	1	1	1	1	1	1	1	1	1	1	1	1	1	1	1	1	1	1	1	1	1	1	1	1	1	1	1	1	1	1	1	1	1	1	1	1	1	1	1	1	1	1	1	1	1	1	1	1	1	1	1	1	1	1	1	1	1	1	1	1	1	1	1	1	1	1	1	1	1	1	1	1	1	1	1	1	1	1	1	1	1	1	1	1	1	1	1	1	1	1	1	1	1	1	1	1	1	1	1	1	1	1	1	1	1	1	1	1	1	1	1	1	1	1	1	1	1	1	1	1	1	1	1	1	1	1	1	1	1	1	1	1	1	1	1	1	1	1	1	1	1	1	1	1	1	1	1	1
SRR12148831_merged	0.943507820506833	0.944388877775555	0.943375911811211	0.989087914350422	0.993320286775408	0.995653073897744	0.755849115028485	0.887559842436491	0.940179700937182	0.429460214439464	0.941189077815563	0.889297219909098	0.936827970466678	0.824784340389121	0.797660105556547	0.445638706392964	0.937786215561538	0.933970224559975	0.302529494887967	0.876189620556404	0.405894434247473	0.935453872631978	0.837230619905784	0.910775352349382	0.617154665528669	0.422809827869648	0.623303625392293	0.551720876912267	0.618007885247599	0	0.793322574591193	0.869745131735973	0.760496302158983	0.715987018564501	0.832588957791559	0.325064000568988	0.903357834048029	0.772439904194706	0.57358844612797	0.450347305498605	0.444686616560776	0.204852227254004	0.713891626713085	0.44496727628354	0.746607086869038	0.34430016615568	0.37926878706287	0.647653415421611	0.407484505324651	0.778540241721597	0.451670079829967	0.9988	0.995383380168607	0.977741804937273	0.991549295774648	0.945389077815563	0.945389077815563	0.979364758243981	0.959573612228479	0.994779116465863	0.945389077815563	0.996780684104628	0.995782285599518	0.998598598598599	0.949909837707874	1	1	1	1	1	1	1	1	1	1	1	1	1	1	1	1	1	1	1	1	1	1	1	1	1	1	1	1	1	1	1	1	1	1	1	1	1	1	1	1	1	1	1	1	1	1	1	1	1	1	1	1	1	1	1	1	1	1	1	1	1	1	1	1	1	1	1	1	1	1	1	1	1	1	1	1	1	1	1	1	1	1	1	1	1	1	1	1	1	1	1	1	1	1	1	1	1	1	1	1	1	1	1	1	1	1	1	1	1	1	1	1	1	1	1	1	1	1	1	1	1	1	1	1	1	1	1	1	1	1	1	1	1	1	1	1	1	1	1	1	1	1	1	1	1	1	1	1	1	1	1	1	1	1	1	1	1	1	1	1	1	1	1	1	1	1	1	1	1	1	1	1	1	1	1	1	1	1	1	1	1	1	1	1	1	1	1	1	1	1	1	1	1	1	1	1	1	1	1	1	1	1	1	1	1	1	1	1	1	1	1	1	1	1	1	1	1	1	1	1	1	1	1	1	1	1	1	1	1	1	1	1	1	1	1	1	1	1	1	1	1	1	1	1	1	1	1	1	1	1	1	1	1	1	1	1	1	1	1	1	1
SRR12148832_merged	0.604738114480854	0.605178643115215	0.636551553176525	0.990554962245389	0.99452967803769	0.997754408106816	0.878244921038866	0.464352375332477	0.329025606187484	0.717041099333185	0.472577197912485	0.425286613202879	0.490219396379753	0.545608053842678	0.867950348415294	0.676905962588916	0.344888916737105	0.342148547209215	0.838180894664235	0.382460076537861	0.855780180536438	0.342810706014655	0.499537879271804	0.235938373743717	0.746233966365854	0.73948800469972	0.450997873363006	0.466280398780874	0.527485335927918	0.793322574591193	0	0.526108318543917	0.323196585285887	0.25549183391785	0.231040465676435	0.72904294346192	0.383199005580855	0.549280997768886	0.681205635289253	0.754097793229699	0.695076914272234	0.858763446733842	0.264637413293906	0.858554770236826	0.878517019431602	0.692081780122728	0.791203087544178	0.843429858697286	0.836641592846965	0.791930874666965	0.899784756695619	0.9988	0.995383380168607	0.977741804937273	0.991549295774648	0.914125700062228	0.889962978198272	0.979364758243981	0.959573612228479	0.994779116465863	0.797421731123389	0.996780684104628	0.995782285599518	0.998598598598599	0.949909837707874	1	1	1	1	1	1	1	1	1	1	1	1	1	1	1	1	1	1	1	1	1	1	1	1	1	1	1	1	1	1	1	1	1	1	1	1	1	1	1	1	1	1	1	1	1	1	1	1	1	1	1	1	1	1	1	1	1	1	1	1	1	1	1	1	1	1	1	1	1	1	1	1	1	1	1	1	1	1	1	1	1	1	1	1	1	1	1	1	1	1	1	1	1	1	1	1	1	1	1	1	1	1	1	1	1	1	1	1	1	1	1	1	1	1	1	1	1	1	1	1	1	1	1	1	1	1	1	1	1	1	1	1	1	1	1	1	1	1	1	1	1	1	1	1	1	1	1	1	1	1	1	1	1	1	1	1	1	1	1	1	1	1	1	1	1	1	1	1	1	1	1	1	1	1	1	1	1	1	1	1	1	1	1	1	1	1	1	1	1	1	1	1	1	1	1	1	1	1	1	1	1	1	1	1	1	1	1	1	1	1	1	1	1	1	1	1	1	1	1	1	1	1	1	1	1	1	1	1	1	1	1	1	1	1	1	1	1	1	1	1	1	1	1	1	1	1	1	1	1	1	1	1	1	1	1	1	1	1	1	1	1
SRR12148833_merged	0.415859030837004	0.57416169512446	0.603725647057603	0.981470043236566	0.96170091507237	0.963654491597878	0.883606513626145	0.669608546407692	0.575457917507467	0.743673022643829	0.546990754452672	0.678049329597759	0.695780055543828	0.770344186357695	0.875413859540632	0.746231446733208	0.518803634595784	0.519104319734698	0.868308332346756	0.615642248306922	0.86609578916074	0.535225887152162	0.262672480590554	0.509398436180556	0.772662746202505	0.816598889697054	0.454301751141071	0.358540052864578	0.695468742516714	0.869745131735973	0.526108318543917	0	0.621745852285455	0.428315195170976	0.402360736441865	0.818360902665598	0.601867838883197	0.596349724635912	0.7027846960277	0.781280672194593	0.716356585604906	0.88702234857154	0.604311515409145	0.883824963889669	0.884164888790644	0.748681984701025	0.871076147674806	0.850726102684022	0.912330189931047	0.810524300558665	0.938522766675943	0.9988	0.995383380168607	0.977741804937272	0.991549295774648	0.914125700062227	0.889962978198272	0.979364758243981	0.95957361222848	0.994779116465863	0.797421731123388	0.996780684104628	0.995782285599518	0.998598598598599	0.949909837707874	1	1	1	1	1	1	1	1	1	1	1	1	1	1	1	1	1	1	1	1	1	1	1	1	1	1	1	1	1	1	1	1	1	1	1	1	1	1	1	1	1	1	1	1	1	1	1	1	1	1	1	1	1	1	1	1	1	1	1	1	1	1	1	1	1	1	1	1	1	1	1	1	1	1	1	1	1	1	1	1	1	1	1	1	1	1	1	1	1	1	1	1	1	1	1	1	1	1	1	1	1	1	1	1	1	1	1	1	1	1	1	1	1	1	1	1	1	1	1	1	1	1	1	1	1	1	1	1	1	1	1	1	1	1	1	1	1	1	1	1	1	1	1	1	1	1	1	1	1	1	1	1	1	1	1	1	1	1	1	1	1	1	1	1	1	1	1	1	1	1	1	1	1	1	1	1	1	1	1	1	1	1	1	1	1	1	1	1	1	1	1	1	1	1	1	1	1	1	1	1	1	1	1	1	1	1	1	1	1	1	1	1	1	1	1	1	1	1	1	1	1	1	1	1	1	1	1	1	1	1	1	1	1	1	1	1	1	1	1	1	1	1	1	1	1	1	1	1	1	1	1	1	1	1	1	1	1	1	1	1	1
SRR12148834_merged	0.716297118349351	0.717178175618073	0.703164357138811	0.981632489717427	0.981319634300497	0.983656542544659	0.829578764203716	0.387292764371227	0.360523452017553	0.67503371751231	0.585765046888321	0.216996024901366	0.252264738946849	0.288008799045507	0.819828777564853	0.668194488347366	0.226290096033747	0.22085355881483	0.781921819517727	0.167812703513356	0.813035002966353	0.229817491838505	0.581329151267909	0.351631957130678	0.694084056481071	0.694601158003709	0.516704073648323	0.529075127053845	0.484394298865282	0.760496302158983	0.323196585285887	0.621745852285455	0	0.339015424577761	0.421616709292412	0.708022539329487	0.462482481724177	0.509303548489125	0.633457044144889	0.694793316394248	0.641917766403846	0.795132384026928	0.295643781942631	0.816400722197823	0.843542233264835	0.637175565878526	0.750302649034598	0.791828412493484	0.802909271279275	0.74898624620131	0.867304599607778	0.9988	0.995383380168607	0.977741804937272	0.991549295774648	0.914125700062228	0.889962978198272	0.979364758243981	0.959573612228479	0.994779116465863	0.797421731123388	0.996780684104628	0.995782285599518	0.998598598598599	0.949909837707874	1	1	1	1	1	1	1	1	1	1	1	1	1	1	1	1	1	1	1	1	1	1	1	1	1	1	1	1	1	1	1	1	1	1	1	1	1	1	1	1	1	1	1	1	1	1	1	1	1	1	1	1	1	1	1	1	1	1	1	1	1	1	1	1	1	1	1	1	1	1	1	1	1	1	1	1	1	1	1	1	1	1	1	1	1	1	1	1	1	1	1	1	1	1	1	1	1	1	1	1	1	1	1	1	1	1	1	1	1	1	1	1	1	1	1	1	1	1	1	1	1	1	1	1	1	1	1	1	1	1	1	1	1	1	1	1	1	1	1	1	1	1	1	1	1	1	1	1	1	1	1	1	1	1	1	1	1	1	1	1	1	1	1	1	1	1	1	1	1	1	1	1	1	1	1	1	1	1	1	1	1	1	1	1	1	1	1	1	1	1	1	1	1	1	1	1	1	1	1	1	1	1	1	1	1	1	1	1	1	1	1	1	1	1	1	1	1	1	1	1	1	1	1	1	1	1	1	1	1	1	1	1	1	1	1	1	1	1	1	1	1	1	1	1	1	1	1	1	1	1	1	1	1	1	1	1	1	1	1	1	1
SRR12148835_merged	0.517365770888409	0.573133100185147	0.635940032414911	0.989087914350422	0.993306288032455	0.995239080935624	0.80777471160867	0.50620881072248	0.38997699330052	0.612588367461499	0.4344	0.491237576125495	0.536303545539599	0.54006979882918	0.818785714423858	0.645998835633464	0.33791485569254	0.335040692993982	0.757419513376192	0.417062336697015	0.800226539243154	0.346923730689159	0.38915966397624	0.319911691419139	0.664230869720693	0.66072995867148	0.360016116677167	0.301689050045856	0.455294652409664	0.715987018564501	0.25549183391785	0.428315195170976	0.339015424577761	0	0.204081366287143	0.669101886150703	0.393551694608691	0.512367094049619	0.596846777413665	0.667721902678436	0.604454569130714	0.753662502800395	0.299722583013052	0.789715243084677	0.811076976768648	0.61936412221095	0.720543687106219	0.769507817850905	0.754543491005585	0.739532435192713	0.841007392820131	0.9988	0.995383380168607	0.977741804937272	0.991549295774648	0.914125700062228	0.889962978198272	0.979364758243981	0.959573612228479	0.994779116465863	0.797421731123388	0.996780684104628	0.995782285599518	0.998598598598599	0.949909837707874	1	1	1	1	1	1	1	1	1	1	1	1	1	1	1	1	1	1	1	1	1	1	1	1	1	1	1	1	1	1	1	1	1	1	1	1	1	1	1	1	1	1	1	1	1	1	1	1	1	1	1	1	1	1	1	1	1	1	1	1	1	1	1	1	1	1	1	1	1	1	1	1	1	1	1	1	1	1	1	1	1	1	1	1	1	1	1	1	1	1	1	1	1	1	1	1	1	1	1	1	1	1	1	1	1	1	1	1	1	1	1	1	1	1	1	1	1	1	1	1	1	1	1	1	1	1	1	1	1	1	1	1	1	1	1	1	1	1	1	1	1	1	1	1	1	1	1	1	1	1	1	1	1	1	1	1	1	1	1	1	1	1	1	1	1	1	1	1	1	1	1	1	1	1	1	1	1	1	1	1	1	1	1	1	1	1	1	1	1	1	1	1	1	1	1	1	1	1	1	1	1	1	1	1	1	1	1	1	1	1	1	1	1	1	1	1	1	1	1	1	1	1	1	1	1	1	1	1	1	1	1	1	1	1	1	1	1	1	1	1	1	1	1	1	1	1	1	1	1	1	1	1	1	1	1	1	1	1	1	1	1
SRR12148836_merged	0.485698678414097	0.573133100185147	0.635940032414911	0.9897291332098	0.993317647058823	0.995888056303043	0.890837550362611	0.512526265520535	0.372032899218593	0.733357122478093	0.4336	0.514148837209302	0.540369084290115	0.59093799644339	0.886691192134371	0.747683146067416	0.340957423971378	0.339345189504373	0.85936936936937	0.428929624604252	0.875966601689408	0.349619870410367	0.384961880120742	0.181595278111244	0.770418507730226	0.785027453341361	0.449224979457683	0.368076616510777	0.550182382996117	0.832588957791559	0.231040465676435	0.402360736441865	0.421616709292412	0.204081366287143	0	0.771621931674399	0.421705945481863	0.556963877417953	0.691486775762937	0.775308438646555	0.72018947368421	0.876864676215452	0.364313799319047	0.884573737373737	0.890247226624406	0.715187755102041	0.844894877691825	0.849219637139808	0.879760689931809	0.800840705332484	0.91153754286867	0.9988	0.995383380168607	0.977741804937273	0.991549295774648	0.914125700062228	0.889962978198272	0.979364758243981	0.95957361222848	0.994779116465863	0.797421731123389	0.996780684104628	0.995782285599518	0.998598598598599	0.949909837707874	1	1	1	1	1	1	1	1	1	1	1	1	1	1	1	1	1	1	1	1	1	1	1	1	1	1	1	1	1	1	1	1	1	1	1	1	1	1	1	1	1	1	1	1	1	1	1	1	1	1	1	1	1	1	1	1	1	1	1	1	1	1	1	1	1	1	1	1	1	1	1	1	1	1	1	1	1	1	1	1	1	1	1	1	1	1	1	1	1	1	1	1	1	1	1	1	1	1	1	1	1	1	1	1	1	1	1	1	1	1	1	1	1	1	1	1	1	1	1	1	1	1	1	1	1	1	1	1	1	1	1	1	1	1	1	1	1	1	1	1	1	1	1	1	1	1	1	1	1	1	1	1	1	1	1	1	1	1	1	1	1	1	1	1	1	1	1	1	1	1	1	1	1	1	1	1	1	1	1	1	1	1	1	1	1	1	1	1	1	1	1	1	1	1	1	1	1	1	1	1	1	1	1	1	1	1	1	1	1	1	1	1	1	1	1	1	1	1	1	1	1	1	1	1	1	1	1	1	1	1	1	1	1	1	1	1	1	1	1	1	1	1	1	1	1	1	1	1	1	1	1	1	1	1	1	1	1	1	1	1	1
SRR12148837_merged	0.901049669557074	0.901122396203665	0.900311075823685	0.988666151381211	0.992884525063243	0.994817317966413	0.760516545785072	0.839643765380551	0.895644762850651	0.395983900292381	0.896453057781527	0.844422307337695	0.891426861565016	0.766424317547765	0.788795584222921	0.48239040876256	0.890950411539555	0.888898350205902	0.441001904477231	0.828596559398475	0.568628060876008	0.889680106907348	0.789898476797308	0.856409286616375	0.567530838168613	0.355812715573735	0.572849675984151	0.519173234808772	0.563117349835618	0.325064000568988	0.72904294346192	0.818360902665598	0.708022539329487	0.669101886150703	0.771621931674399	0	0.856331093074007	0.677202276915027	0.508102661695547	0.435742614892583	0.406334886789066	0.384747334031762	0.667439011832931	0.456565396218145	0.747820835625402	0.361530999578237	0.394530422971911	0.637373285434503	0.435673703324179	0.759529069880488	0.605112954963934	0.9988	0.995383380168607	0.977741804937273	0.991549295774648	0.914125700062228	0.902150991142977	0.979364758243981	0.959573612228479	0.994779116465863	0.902150991142977	0.996780684104628	0.995782285599518	0.998598598598599	0.949909837707874	1	1	1	1	1	1	1	1	1	1	1	1	1	1	1	1	1	1	1	1	1	1	1	1	1	1	1	1	1	1	1	1	1	1	1	1	1	1	1	1	1	1	1	1	1	1	1	1	1	1	1	1	1	1	1	1	1	1	1	1	1	1	1	1	1	1	1	1	1	1	1	1	1	1	1	1	1	1	1	1	1	1	1	1	1	1	1	1	1	1	1	1	1	1	1	1	1	1	1	1	1	1	1	1	1	1	1	1	1	1	1	1	1	1	1	1	1	1	1	1	1	1	1	1	1	1	1	1	1	1	1	1	1	1	1	1	1	1	1	1	1	1	1	1	1	1	1	1	1	1	1	1	1	1	1	1	1	1	1	1	1	1	1	1	1	1	1	1	1	1	1	1	1	1	1	1	1	1	1	1	1	1	1	1	1	1	1	1	1	1	1	1	1	1	1	1	1	1	1	1	1	1	1	1	1	1	1	1	1	1	1	1	1	1	1	1	1	1	1	1	1	1	1	1	1	1	1	1	1	1	1	1	1	1	1	1	1	1	1	1	1	1	1	1	1	1	1	1	1	1	1	1	1	1	1	1	1	1	1	1	1
SRR12148839_merged	0.655720111611934	0.65593474994634	0.641321775563443	0.948155760878312	0.944603413228426	0.953487593029013	0.943323243083188	0.485046196442661	0.240518402108556	0.809627957450082	0.149917664734922	0.504607860754628	0.542663170664403	0.64457787560977	0.922837738607088	0.772061926776976	0.44554353798465	0.442208784902978	0.922327994446475	0.459571835839243	0.923412886193846	0.446823236755354	0.605182918787019	0.431118100814054	0.833527941000861	0.835439593135657	0.596785178067807	0.608906609280808	0.574231108503692	0.903357834048029	0.383199005580855	0.601867838883197	0.462482481724177	0.393551694608691	0.421705945481863	0.856331093074007	0	0.617271579631312	0.763834086181326	0.79661477808995	0.779478458201163	0.941951653505401	0.426560911397441	0.942055237934182	0.918692039571009	0.753339071623498	0.871786915067346	0.675372095138155	0.738527116105391	0.708372714474517	0.684482817523685	0.9988	0.995383380168607	0.977741804937273	0.991549295774648	0.914125700062227	0.889962978198272	0.979364758243981	0.959573612228479	0.994779116465863	0.797421731123388	0.996780684104628	0.995782285599518	0.998598598598599	0.949909837707874	1	1	1	1	1	1	1	1	1	1	1	1	1	1	1	1	1	1	1	1	1	1	1	1	1	1	1	1	1	1	1	1	1	1	1	1	1	1	1	1	1	1	1	1	1	1	1	1	1	1	1	1	1	1	1	1	1	1	1	1	1	1	1	1	1	1	1	1	1	1	1	1	1	1	1	1	1	1	1	1	1	1	1	1	1	1	1	1	1	1	1	1	1	1	1	1	1	1	1	1	1	1	1	1	1	1	1	1	1	1	1	1	1	1	1	1	1	1	1	1	1	1	1	1	1	1	1	1	1	1	1	1	1	1	1	1	1	1	1	1	1	1	1	1	1	1	1	1	1	1	1	1	1	1	1	1	1	1	1	1	1	1	1	1	1	1	1	1	1	1	1	1	1	1	1	1	1	1	1	1	1	1	1	1	1	1	1	1	1	1	1	1	1	1	1	1	1	1	1	1	1	1	1	1	1	1	1	1	1	1	1	1	1	1	1	1	1	1	1	1	1	1	1	1	1	1	1	1	1	1	1	1	1	1	1	1	1	1	1	1	1	1	1	1	1	1	1	1	1	1	1	1	1	1	1	1	1	1	1	1	1
SRR12148840_merged	0.717438126360196	0.717510853006786	0.677818216179486	0.981470043236566	0.933265720081136	0.743945352929	0.4168619581526	0.336496810315103	0.660029827216484	0.491292086271283	0.66127281025864	0.564067594001304	0.491980272146894	0.680518925359259	0.416575409171777	0.630259909301593	0.648749017772056	0.646365327265442	0.756481019163045	0.593039082314613	0.647247396614112	0.65470563963229	0.462529894179969	0.630024276609144	0.298611739802885	0.710677245909293	0.446339726082198	0.489158252723496	0.575829155579033	0.772439904194706	0.549280997768886	0.596349724635912	0.509303548489125	0.512367094049619	0.556963877417953	0.677202276915027	0.617271579631312	0	0.279657490376926	0.568677974877933	0.535475224624136	0.78080157031409	0.505356183725679	0.79938442357844	0.431525858603742	0.664448766683374	0.739797450608302	0.730439464113527	0.796713475409914	0.409430626450952	0.880658733572097	0.9988	0.995383380168607	0.977741804937272	0.991549295774648	0.914125700062228	0.889962978198272	0.979364758243981	0.959573612228479	0.994779116465863	0.797421731123388	0.996780684104628	0.995782285599518	0.998598598598599	0.949909837707874	1	1	1	1	1	1	1	1	1	1	1	1	1	1	1	1	1	1	1	1	1	1	1	1	1	1	1	1	1	1	1	1	1	1	1	1	1	1	1	1	1	1	1	1	1	1	1	1	1	1	1	1	1	1	1	1	1	1	1	1	1	1	1	1	1	1	1	1	1	1	1	1	1	1	1	1	1	1	1	1	1	1	1	1	1	1	1	1	1	1	1	1	1	1	1	1	1	1	1	1	1	1	1	1	1	1	1	1	1	1	1	1	1	1	1	1	1	1	1	1	1	1	1	1	1	1	1	1	1	1	1	1	1	1	1	1	1	1	1	1	1	1	1	1	1	1	1	1	1	1	1	1	1	1	1	1	1	1	1	1	1	1	1	1	1	1	1	1	1	1	1	1	1	1	1	1	1	1	1	1	1	1	1	1	1	1	1	1	1	1	1	1	1	1	1	1	1	1	1	1	1	1	1	1	1	1	1	1	1	1	1	1	1	1	1	1	1	1	1	1	1	1	1	1	1	1	1	1	1	1	1	1	1	1	1	1	1	1	1	1	1	1	1	1	1	1	1	1	1	1	1	1	1	1	1	1	1	1	1	1	1
SRR12148841_merged	0.823091513442845	0.823164240089436	0.782365897822065	0.980364337796495	0.932160014641065	0.74283964748893	0.395480542613585	0.424244603587174	0.797733133262163	0.319660862317748	0.800490137107475	0.657614453370087	0.597949834475493	0.714202212879037	0.424024764178079	0.474815591523422	0.790649707769371	0.786974940352081	0.544434704496624	0.730250580557868	0.477827648278285	0.794550281178744	0.539902282149327	0.771571786609381	0.254292480816519	0.545349145076453	0.456341261583559	0.416838090729539	0.490504853398328	0.57358844612797	0.681205635289253	0.7027846960277	0.633457044144889	0.596846777413665	0.691486775762937	0.508102661695547	0.763834086181326	0.279657490376926	0	0.372685388442931	0.334729250174997	0.60509073297943	0.565005558866004	0.562712485313104	0.362522613516171	0.475688380615404	0.581398136903671	0.549271933679387	0.640813561475005	0.372752260811741	0.719900877756579	0.9988	0.995383380168607	0.977741804937272	0.991549295774648	0.914125700062228	0.889962978198272	0.979364758243981	0.959573612228479	0.994779116465863	0.824192835028748	0.996780684104628	0.995782285599518	0.998598598598599	0.949909837707874	1	1	1	1	1	1	1	1	1	1	1	1	1	1	1	1	1	1	1	1	1	1	1	1	1	1	1	1	1	1	1	1	1	1	1	1	1	1	1	1	1	1	1	1	1	1	1	1	1	1	1	1	1	1	1	1	1	1	1	1	1	1	1	1	1	1	1	1	1	1	1	1	1	1	1	1	1	1	1	1	1	1	1	1	1	1	1	1	1	1	1	1	1	1	1	1	1	1	1	1	1	1	1	1	1	1	1	1	1	1	1	1	1	1	1	1	1	1	1	1	1	1	1	1	1	1	1	1	1	1	1	1	1	1	1	1	1	1	1	1	1	1	1	1	1	1	1	1	1	1	1	1	1	1	1	1	1	1	1	1	1	1	1	1	1	1	1	1	1	1	1	1	1	1	1	1	1	1	1	1	1	1	1	1	1	1	1	1	1	1	1	1	1	1	1	1	1	1	1	1	1	1	1	1	1	1	1	1	1	1	1	1	1	1	1	1	1	1	1	1	1	1	1	1	1	1	1	1	1	1	1	1	1	1	1	1	1	1	1	1	1	1	1	1	1	1	1	1	1	1	1	1	1	1	1	1	1	1	1	1	1
SRR12148845_merged	0.902094890550275	0.902975947818997	0.850312867318885	0.934527486102532	0.887398549112772	0.811953696583326	0.491555259835758	0.635815509223838	0.824142527074621	0.378538326114818	0.832168854463922	0.735609813327772	0.733650484042594	0.730006758959367	0.617329180648632	0.506134619231057	0.868853406474639	0.865351207165063	0.493845618957727	0.809020531261345	0.515060923132672	0.873664547928706	0.550594646363272	0.849957186298898	0.437319660251309	0.37917844437905	0.478037809252736	0.459404017986292	0.381067648326448	0.450347305498605	0.754097793229699	0.781280672194593	0.694793316394248	0.667721902678436	0.775308438646555	0.435742614892583	0.79661477808995	0.568677974877933	0.372685388442931	0	0.324630614609782	0.438213355608334	0.547037846462422	0.414035723452764	0.456991600569308	0.441493381698378	0.490599051420308	0.38600746325476	0.450186817422251	0.424630947948476	0.599924289780823	0.9988	0.995383380168607	0.977741804937272	0.991549295774648	0.914125700062228	0.90481043620057	0.979364758243981	0.959573612228479	0.994779116465863	0.904810436200571	0.996780684104628	0.995782285599518	0.998598598598599	0.949909837707874	1	1	1	1	1	1	1	1	1	1	1	1	1	1	1	1	1	1	1	1	1	1	1	1	1	1	1	1	1	1	1	1	1	1	1	1	1	1	1	1	1	1	1	1	1	1	1	1	1	1	1	1	1	1	1	1	1	1	1	1	1	1	1	1	1	1	1	1	1	1	1	1	1	1	1	1	1	1	1	1	1	1	1	1	1	1	1	1	1	1	1	1	1	1	1	1	1	1	1	1	1	1	1	1	1	1	1	1	1	1	1	1	1	1	1	1	1	1	1	1	1	1	1	1	1	1	1	1	1	1	1	1	1	1	1	1	1	1	1	1	1	1	1	1	1	1	1	1	1	1	1	1	1	1	1	1	1	1	1	1	1	1	1	1	1	1	1	1	1	1	1	1	1	1	1	1	1	1	1	1	1	1	1	1	1	1	1	1	1	1	1	1	1	1	1	1	1	1	1	1	1	1	1	1	1	1	1	1	1	1	1	1	1	1	1	1	1	1	1	1	1	1	1	1	1	1	1	1	1	1	1	1	1	1	1	1	1	1	1	1	1	1	1	1	1	1	1	1	1	1	1	1	1	1	1	1	1	1	1	1	1
SRR12148846_merged	0.828377127563437	0.829258184832159	0.786041186280957	0.978569090066238	0.931793387575245	0.880857569350041	0.602235223321967	0.648647330145412	0.815607961716087	0.27629364108599	0.818820223787816	0.678691848417969	0.704550273343203	0.719672707432645	0.654542944955572	0.37102380054356	0.809717433223587	0.807306813554858	0.472359056113719	0.749770812141305	0.481086672158183	0.815161217272531	0.569385463638724	0.791836502524756	0.47624637404068	0.362136444183743	0.405509171936045	0.407112871566125	0.470381582356418	0.444686616560776	0.695076914272234	0.716356585604906	0.641917766403846	0.604454569130714	0.72018947368421	0.406334886789066	0.779478458201163	0.535475224624136	0.334729250174997	0.324630614609782	0	0.37599041771669	0.542320043751264	0.456227677149075	0.595286328740979	0.370510330945474	0.479882213381954	0.524373667890177	0.460077441868313	0.609669747052978	0.617896253407151	0.9988	0.995383380168607	0.977741804937273	0.991549295774648	0.914125700062228	0.889962978198272	0.979364758243981	0.959573612228479	0.994779116465863	0.829465395772897	0.996780684104628	0.995782285599518	0.998598598598599	0.949909837707874	1	1	1	1	1	1	1	1	1	1	1	1	1	1	1	1	1	1	1	1	1	1	1	1	1	1	1	1	1	1	1	1	1	1	1	1	1	1	1	1	1	1	1	1	1	1	1	1	1	1	1	1	1	1	1	1	1	1	1	1	1	1	1	1	1	1	1	1	1	1	1	1	1	1	1	1	1	1	1	1	1	1	1	1	1	1	1	1	1	1	1	1	1	1	1	1	1	1	1	1	1	1	1	1	1	1	1	1	1	1	1	1	1	1	1	1	1	1	1	1	1	1	1	1	1	1	1	1	1	1	1	1	1	1	1	1	1	1	1	1	1	1	1	1	1	1	1	1	1	1	1	1	1	1	1	1	1	1	1	1	1	1	1	1	1	1	1	1	1	1	1	1	1	1	1	1	1	1	1	1	1	1	1	1	1	1	1	1	1	1	1	1	1	1	1	1	1	1	1	1	1	1	1	1	1	1	1	1	1	1	1	1	1	1	1	1	1	1	1	1	1	1	1	1	1	1	1	1	1	1	1	1	1	1	1	1	1	1	1	1	1	1	1	1	1	1	1	1	1	1	1	1	1	1	1	1	1	1	1	1	1
SRR12148847_merged	0.988225257034283	0.989106314303006	0.962457564552722	0.976426670228698	0.968700151935448	0.96998538497107	0.729195415789326	0.899719873625693	0.975426819313699	0.444556670142932	0.978875085737341	0.910015141847798	0.956183921009395	0.832143571645613	0.775057216767188	0.462827224240831	0.971905119267201	0.969229641192193	0.314199816116298	0.911484310068854	0.438370943110534	0.977426733841926	0.853204570953147	0.954667725472275	0.633268786897816	0.388873147114553	0.613777956324141	0.585681964528946	0.645845998456128	0.204852227254004	0.858763446733842	0.88702234857154	0.795132384026928	0.753662502800395	0.876864676215452	0.384747334031762	0.941951653505401	0.78080157031409	0.60509073297943	0.438213355608334	0.37599041771669	0	0.734451027484474	0.428567385463357	0.716935374809734	0.353164973877386	0.375138463417631	0.628325649680099	0.359870578916103	0.784437558799172	0.453701835787775	0.9988	0.995383380168607	0.990921928585838	0.991549295774648	0.990921928585838	0.990921928585838	0.990921928585838	0.990921928585838	0.994779116465863	0.990921928585838	0.996780684104628	0.995782285599518	0.998598598598599	0.990921928585838	1	1	1	1	1	1	1	1	1	1	1	1	1	1	1	1	1	1	1	1	1	1	1	1	1	1	1	1	1	1	1	1	1	1	1	1	1	1	1	1	1	1	1	1	1	1	1	1	1	1	1	1	1	1	1	1	1	1	1	1	1	1	1	1	1	1	1	1	1	1	1	1	1	1	1	1	1	1	1	1	1	1	1	1	1	1	1	1	1	1	1	1	1	1	1	1	1	1	1	1	1	1	1	1	1	1	1	1	1	1	1	1	1	1	1	1	1	1	1	1	1	1	1	1	1	1	1	1	1	1	1	1	1	1	1	1	1	1	1	1	1	1	1	1	1	1	1	1	1	1	1	1	1	1	1	1	1	1	1	1	1	1	1	1	1	1	1	1	1	1	1	1	1	1	1	1	1	1	1	1	1	1	1	1	1	1	1	1	1	1	1	1	1	1	1	1	1	1	1	1	1	1	1	1	1	1	1	1	1	1	1	1	1	1	1	1	1	1	1	1	1	1	1	1	1	1	1	1	1	1	1	1	1	1	1	1	1	1	1	1	1	1	1	1	1	1	1	1	1	1	1	1	1	1	1	1	1	1	1	1	1
SRR12148848_merged	0.703104522543014	0.70547361245056	0.678576790326555	0.962235909354834	0.96445055532106	0.966151411396365	0.700784442296572	0.424677834546206	0.428794381458827	0.607309373126453	0.563977448427799	0.393722723440724	0.472350341163711	0.501203878672584	0.766781154410932	0.568298192375693	0.440772448153712	0.436815477528598	0.738655739657142	0.389553289576008	0.769724267645919	0.445086144360203	0.520612471086084	0.375759476632632	0.634073407453384	0.612004347728401	0.458163244483115	0.464804121459348	0.348689268593444	0.713891626713085	0.264637413293906	0.604311515409145	0.295643781942631	0.299722583013052	0.364313799319047	0.667439011832931	0.426560911397441	0.505356183725679	0.565005558866004	0.547037846462422	0.542320043751264	0.734451027484474	0	0.705288132903461	0.697012584654967	0.573878450238497	0.69390778702142	0.655964925067987	0.711772614833651	0.642317727929362	0.754069778787741	0.9988	0.995383380168607	0.977741804937273	0.991549295774648	0.914125700062228	0.889962978198272	0.979364758243981	0.959573612228479	0.994779116465863	0.797421731123388	0.996780684104628	0.995782285599518	0.998598598598599	0.949909837707874	1	1	1	1	1	1	1	1	1	1	1	1	1	1	1	1	1	1	1	1	1	1	1	1	1	1	1	1	1	1	1	1	1	1	1	1	1	1	1	1	1	1	1	1	1	1	1	1	1	1	1	1	1	1	1	1	1	1	1	1	1	1	1	1	1	1	1	1	1	1	1	1	1	1	1	1	1	1	1	1	1	1	1	1	1	1	1	1	1	1	1	1	1	1	1	1	1	1	1	1	1	1	1	1	1	1	1	1	1	1	1	1	1	1	1	1	1	1	1	1	1	1	1	1	1	1	1	1	1	1	1	1	1	1	1	1	1	1	1	1	1	1	1	1	1	1	1	1	1	1	1	1	1	1	1	1	1	1	1	1	1	1	1	1	1	1	1	1	1	1	1	1	1	1	1	1	1	1	1	1	1	1	1	1	1	1	1	1	1	1	1	1	1	1	1	1	1	1	1	1	1	1	1	1	1	1	1	1	1	1	1	1	1	1	1	1	1	1	1	1	1	1	1	1	1	1	1	1	1	1	1	1	1	1	1	1	1	1	1	1	1	1	1	1	1	1	1	1	1	1	1	1	1	1	1	1	1	1	1	1	1
SRR12148849_merged	0.977564188136876	0.985298307539959	0.940386441399407	0.974174869274725	0.944951202354853	0.948515026759697	0.590755120368336	0.870709643393502	0.97615196691868	0.425776856946614	0.977923232323232	0.88759657296479	0.93913150610621	0.780129890088396	0.609555429574547	0.542622700160153	0.973570930935272	0.97124631478373	0.462224345557679	0.91329547548453	0.559011164274322	0.979122033873654	0.741924418832569	0.957644674031229	0.576385635426639	0.502086724492906	0.562417058377069	0.600065655881028	0.462965887500937	0.44496727628354	0.858554770236826	0.883824963889669	0.816400722197823	0.789715243084677	0.884573737373737	0.456565396218145	0.942055237934182	0.79938442357844	0.562712485313104	0.414035723452764	0.456227677149075	0.428567385463357	0.705288132903461	0	0.54204396491771	0.377825190682334	0.304732107470974	0.348312785150209	0.471535450777328	0.586162774977307	0.604856932356764	0.9988	0.995383380168607	0.98989898989899	0.991549295774648	0.98989898989899	0.98989898989899	0.98989898989899	0.98989898989899	0.994779116465863	0.98989898989899	0.996780684104628	0.995782285599518	0.998598598598599	0.98989898989899	1	1	1	1	1	1	1	1	1	1	1	1	1	1	1	1	1	1	1	1	1	1	1	1	1	1	1	1	1	1	1	1	1	1	1	1	1	1	1	1	1	1	1	1	1	1	1	1	1	1	1	1	1	1	1	1	1	1	1	1	1	1	1	1	1	1	1	1	1	1	1	1	1	1	1	1	1	1	1	1	1	1	1	1	1	1	1	1	1	1	1	1	1	1	1	1	1	1	1	1	1	1	1	1	1	1	1	1	1	1	1	1	1	1	1	1	1	1	1	1	1	1	1	1	1	1	1	1	1	1	1	1	1	1	1	1	1	1	1	1	1	1	1	1	1	1	1	1	1	1	1	1	1	1	1	1	1	1	1	1	1	1	1	1	1	1	1	1	1	1	1	1	1	1	1	1	1	1	1	1	1	1	1	1	1	1	1	1	1	1	1	1	1	1	1	1	1	1	1	1	1	1	1	1	1	1	1	1	1	1	1	1	1	1	1	1	1	1	1	1	1	1	1	1	1	1	1	1	1	1	1	1	1	1	1	1	1	1	1	1	1	1	1	1	1	1	1	1	1	1	1	1	1	1	1	1	1	1	1	1	1
SRR12148850_merged	0.974062916704483	0.981416826769941	0.931644543019107	0.949540617606493	0.907107267192357	0.718192579553406	0.133831415031332	0.570000393547635	0.942980645669336	0.526545408625796	0.951406973058637	0.827970091770169	0.774734711430031	0.813830147008399	0.261283728642557	0.695070024395022	0.968051960570296	0.966173519441736	0.697075681069342	0.915964049511842	0.580915736544507	0.972921037949294	0.648694482087954	0.950974526102041	0.286279456407376	0.67177953377458	0.646407471022636	0.679832936868285	0.566933809837981	0.746607086869038	0.878517019431602	0.884164888790644	0.843542233264835	0.811076976768648	0.890247226624406	0.747820835625402	0.918692039571009	0.431525858603742	0.362522613516171	0.456991600569308	0.595286328740979	0.716935374809734	0.697012584654967	0.54204396491771	0	0.686224974934506	0.694242071016838	0.477020179383574	0.693512039733441	0.275870024648861	0.74011307066445	0.9988	0.995383380168607	0.985736925515055	0.991549295774648	0.985736925515055	0.985736925515056	0.985736925515055	0.985736925515055	0.994779116465863	0.985736925515055	0.996780684104628	0.995782285599518	0.998598598598599	0.985736925515056	1	1	1	1	1	1	1	1	1	1	1	1	1	1	1	1	1	1	1	1	1	1	1	1	1	1	1	1	1	1	1	1	1	1	1	1	1	1	1	1	1	1	1	1	1	1	1	1	1	1	1	1	1	1	1	1	1	1	1	1	1	1	1	1	1	1	1	1	1	1	1	1	1	1	1	1	1	1	1	1	1	1	1	1	1	1	1	1	1	1	1	1	1	1	1	1	1	1	1	1	1	1	1	1	1	1	1	1	1	1	1	1	1	1	1	1	1	1	1	1	1	1	1	1	1	1	1	1	1	1	1	1	1	1	1	1	1	1	1	1	1	1	1	1	1	1	1	1	1	1	1	1	1	1	1	1	1	1	1	1	1	1	1	1	1	1	1	1	1	1	1	1	1	1	1	1	1	1	1	1	1	1	1	1	1	1	1	1	1	1	1	1	1	1	1	1	1	1	1	1	1	1	1	1	1	1	1	1	1	1	1	1	1	1	1	1	1	1	1	1	1	1	1	1	1	1	1	1	1	1	1	1	1	1	1	1	1	1	1	1	1	1	1	1	1	1	1	1	1	1	1	1	1	1	1	1	1	1	1	1	1
SRR12148851_merged	0.811150768677515	0.818945207377335	0.805825918698111	0.95310269629779	0.963721902554125	0.96542275862943	0.761004949925176	0.719938210241117	0.782850273349171	0.290341203528487	0.788093877551021	0.756621974371144	0.808846204401671	0.709319163349987	0.680705465307795	0.341842467324008	0.810823080573911	0.807832847424684	0.3856264427693	0.751550595814988	0.470906808467377	0.811552871688632	0.705660867192932	0.788995598239296	0.48558821512024	0.434410096368469	0.425819093454966	0.482423500510412	0.473479022510292	0.34430016615568	0.692081780122728	0.748681984701025	0.637175565878526	0.61936412221095	0.715187755102041	0.361530999578237	0.753339071623498	0.664448766683374	0.475688380615404	0.441493381698378	0.370510330945474	0.353164973877386	0.573878450238497	0.377825190682334	0.686224974934506	0	0.339721121147602	0.528795765905081	0.413321299638989	0.679026417450345	0.468789919841247	0.9988	0.995383380168607	0.977741804937273	0.991549295774648	0.914125700062228	0.889962978198272	0.979364758243982	0.95957361222848	0.994779116465863	0.823265306122449	0.996780684104628	0.995782285599518	0.998598598598599	0.949909837707874	1	1	1	1	1	1	1	1	1	1	1	1	1	1	1	1	1	1	1	1	1	1	1	1	1	1	1	1	1	1	1	1	1	1	1	1	1	1	1	1	1	1	1	1	1	1	1	1	1	1	1	1	1	1	1	1	1	1	1	1	1	1	1	1	1	1	1	1	1	1	1	1	1	1	1	1	1	1	1	1	1	1	1	1	1	1	1	1	1	1	1	1	1	1	1	1	1	1	1	1	1	1	1	1	1	1	1	1	1	1	1	1	1	1	1	1	1	1	1	1	1	1	1	1	1	1	1	1	1	1	1	1	1	1	1	1	1	1	1	1	1	1	1	1	1	1	1	1	1	1	1	1	1	1	1	1	1	1	1	1	1	1	1	1	1	1	1	1	1	1	1	1	1	1	1	1	1	1	1	1	1	1	1	1	1	1	1	1	1	1	1	1	1	1	1	1	1	1	1	1	1	1	1	1	1	1	1	1	1	1	1	1	1	1	1	1	1	1	1	1	1	1	1	1	1	1	1	1	1	1	1	1	1	1	1	1	1	1	1	1	1	1	1	1	1	1	1	1	1	1	1	1	1	1	1	1	1	1	1	1	1
SRR12148852_merged	0.959451425339929	0.967245864039749	0.95024352692935	0.963371836574967	0.968254835944918	0.969955692020223	0.757413275226203	0.856774410564637	0.927564703231445	0.398940596154755	0.930978047250679	0.863569497590789	0.937228386285719	0.771684095060541	0.625359787236357	0.49745866681388	0.939875993801841	0.936487889262811	0.474844612540619	0.882909876141502	0.554812408450965	0.94405474030821	0.833653976274496	0.920199231689331	0.580699653793832	0.436613694170466	0.511865711398096	0.597866350400382	0.62428753924834	0.37926878706287	0.791203087544178	0.871076147674806	0.750302649034598	0.720543687106219	0.844894877691825	0.394530422971911	0.871786915067346	0.739797450608302	0.581398136903671	0.490599051420308	0.479882213381954	0.375138463417631	0.69390778702142	0.304732107470974	0.694242071016838	0.339721121147602	0	0.537266434773994	0.390569823815276	0.710611297243206	0.573119587389454	0.9988	0.995383380168607	0.977741804937272	0.991549295774648	0.971565962784863	0.971565962784863	0.979364758243981	0.971565962784863	0.994779116465863	0.971565962784863	0.996780684104628	0.995782285599518	0.998598598598598	0.971565962784863	1	1	1	1	1	1	1	1	1	1	1	1	1	1	1	1	1	1	1	1	1	1	1	1	1	1	1	1	1	1	1	1	1	1	1	1	1	1	1	1	1	1	1	1	1	1	1	1	1	1	1	1	1	1	1	1	1	1	1	1	1	1	1	1	1	1	1	1	1	1	1	1	1	1	1	1	1	1	1	1	1	1	1	1	1	1	1	1	1	1	1	1	1	1	1	1	1	1	1	1	1	1	1	1	1	1	1	1	1	1	1	1	1	1	1	1	1	1	1	1	1	1	1	1	1	1	1	1	1	1	1	1	1	1	1	1	1	1	1	1	1	1	1	1	1	1	1	1	1	1	1	1	1	1	1	1	1	1	1	1	1	1	1	1	1	1	1	1	1	1	1	1	1	1	1	1	1	1	1	1	1	1	1	1	1	1	1	1	1	1	1	1	1	1	1	1	1	1	1	1	1	1	1	1	1	1	1	1	1	1	1	1	1	1	1	1	1	1	1	1	1	1	1	1	1	1	1	1	1	1	1	1	1	1	1	1	1	1	1	1	1	1	1	1	1	1	1	1	1	1	1	1	1	1	1	1	1	1	1	1	1
SRR12148853_merged	0.95672217546862	0.96451661416844	0.914339144031868	0.934527486102532	0.885598377281947	0.871060986200161	0.555004656794663	0.74482981818256	0.726634088638097	0.492834860747143	0.70887491995731	0.808691767392222	0.862050246456469	0.753833603569009	0.637465881024844	0.603851142581911	0.938120509829452	0.934606600682657	0.595393258787069	0.883379551258938	0.598480396677954	0.943340148583204	0.667371714245873	0.919708032626071	0.575222623774131	0.556882557579441	0.549574684148171	0.61415061870601	0.429453877547281	0.647653415421611	0.843429858697286	0.850726102684022	0.791828412493484	0.769507817850905	0.849219637139808	0.637373285434503	0.675372095138155	0.730439464113527	0.549271933679387	0.38600746325476	0.524373667890177	0.628325649680099	0.655964925067987	0.348312785150209	0.477020179383574	0.528795765905081	0.537266434773994	0	0.413796067623283	0.346151953798913	0.451309091699825	0.9988	0.995383380168607	0.977741804937272	0.991549295774648	0.968836712913554	0.968836712913554	0.979364758243981	0.968836712913554	0.994779116465863	0.968836712913554	0.996780684104628	0.995782285599518	0.998598598598599	0.968836712913554	1	1	1	1	1	1	1	1	1	1	1	1	1	1	1	1	1	1	1	1	1	1	1	1	1	1	1	1	1	1	1	1	1	1	1	1	1	1	1	1	1	1	1	1	1	1	1	1	1	1	1	1	1	1	1	1	1	1	1	1	1	1	1	1	1	1	1	1	1	1	1	1	1	1	1	1	1	1	1	1	1	1	1	1	1	1	1	1	1	1	1	1	1	1	1	1	1	1	1	1	1	1	1	1	1	1	1	1	1	1	1	1	1	1	1	1	1	1	1	1	1	1	1	1	1	1	1	1	1	1	1	1	1	1	1	1	1	1	1	1	1	1	1	1	1	1	1	1	1	1	1	1	1	1	1	1	1	1	1	1	1	1	1	1	1	1	1	1	1	1	1	1	1	1	1	1	1	1	1	1	1	1	1	1	1	1	1	1	1	1	1	1	1	1	1	1	1	1	1	1	1	1	1	1	1	1	1	1	1	1	1	1	1	1	1	1	1	1	1	1	1	1	1	1	1	1	1	1	1	1	1	1	1	1	1	1	1	1	1	1	1	1	1	1	1	1	1	1	1	1	1	1	1	1	1	1	1	1	1	1	1
SRR12148854_merged	0.983272546389804	0.991066985089623	0.978788663362764	0.944569934792094	0.944490252219399	0.951193874830482	0.755884728650374	0.863954602974288	0.771773588769452	0.451180280534426	0.777796309667068	0.926829657925914	0.983137551315624	0.84712131728175	0.773539938866927	0.538144444895144	0.984999411590378	0.980716852668521	0.474723821294218	0.922756581385818	0.58470461932788	0.983415420629166	0.880908198842918	0.955558637414051	0.663763579474466	0.460851371196364	0.626709511364771	0.624185866012472	0.602593085286257	0.407484505324651	0.836641592846965	0.912330189931047	0.802909271279275	0.754543491005585	0.879760689931809	0.435673703324179	0.738527116105391	0.796713475409914	0.640813561475005	0.450186817422251	0.460077441868313	0.359870578916103	0.711772614833651	0.471535450777328	0.693512039733441	0.413321299638989	0.390569823815276	0.413796067623283	0	0.626326946808617	0.31216977842579	0.9988	0.995387083834737	0.995387083834737	0.995387083834737	0.995387083834737	0.995387083834737	0.995387083834737	0.995387083834737	0.995387083834737	0.995387083834737	0.996780684104628	0.995782285599518	0.998598598598599	0.995387083834738	1	1	1	1	1	1	1	1	1	1	1	1	1	1	1	1	1	1	1	1	1	1	1	1	1	1	1	1	1	1	1	1	1	1	1	1	1	1	1	1	1	1	1	1	1	1	1	1	1	1	1	1	1	1	1	1	1	1	1	1	1	1	1	1	1	1	1	1	1	1	1	1	1	1	1	1	1	1	1	1	1	1	1	1	1	1	1	1	1	1	1	1	1	1	1	1	1	1	1	1	1	1	1	1	1	1	1	1	1	1	1	1	1	1	1	1	1	1	1	1	1	1	1	1	1	1	1	1	1	1	1	1	1	1	1	1	1	1	1	1	1	1	1	1	1	1	1	1	1	1	1	1	1	1	1	1	1	1	1	1	1	1	1	1	1	1	1	1	1	1	1	1	1	1	1	1	1	1	1	1	1	1	1	1	1	1	1	1	1	1	1	1	1	1	1	1	1	1	1	1	1	1	1	1	1	1	1	1	1	1	1	1	1	1	1	1	1	1	1	1	1	1	1	1	1	1	1	1	1	1	1	1	1	1	1	1	1	1	1	1	1	1	1	1	1	1	1	1	1	1	1	1	1	1	1	1	1	1	1	1	1
SRR12148855_merged	0.918839361004185	0.926633799704004	0.876456329567433	0.93469400770251	0.885598377281947	0.701478355938695	0.324331447308661	0.455990833624006	0.734361962005372	0.527513384819119	0.742284639898024	0.744099584488219	0.691929184040857	0.715578294079282	0.390992713790082	0.709851213707531	0.883254557878819	0.880409488752252	0.751647249543999	0.831353401599685	0.627341138058659	0.888506846794513	0.577226096059624	0.865924827547335	0.357758699685029	0.664677878016614	0.624857835992793	0.698200995584004	0.507267506799753	0.778540241721597	0.791930874666965	0.810524300558665	0.74898624620131	0.739532435192713	0.800840705332484	0.759529069880488	0.708372714474517	0.409430626450952	0.372752260811741	0.424630947948476	0.609669747052978	0.784437558799172	0.642317727929362	0.586162774977307	0.275870024648861	0.679026417450345	0.710611297243206	0.346151953798913	0.626326946808617	0	0.678694602345842	0.9988	0.995383380168607	0.977741804937273	0.991549295774648	0.930953898449118	0.930953898449118	0.979364758243981	0.959573612228479	0.994779116465863	0.930953898449119	0.996780684104628	0.995782285599518	0.998598598598599	0.949909837707874	1	1	1	1	1	1	1	1	1	1	1	1	1	1	1	1	1	1	1	1	1	1	1	1	1	1	1	1	1	1	1	1	1	1	1	1	1	1	1	1	1	1	1	1	1	1	1	1	1	1	1	1	1	1	1	1	1	1	1	1	1	1	1	1	1	1	1	1	1	1	1	1	1	1	1	1	1	1	1	1	1	1	1	1	1	1	1	1	1	1	1	1	1	1	1	1	1	1	1	1	1	1	1	1	1	1	1	1	1	1	1	1	1	1	1	1	1	1	1	1	1	1	1	1	1	1	1	1	1	1	1	1	1	1	1	1	1	1	1	1	1	1	1	1	1	1	1	1	1	1	1	1	1	1	1	1	1	1	1	1	1	1	1	1	1	1	1	1	1	1	1	1	1	1	1	1	1	1	1	1	1	1	1	1	1	1	1	1	1	1	1	1	1	1	1	1	1	1	1	1	1	1	1	1	1	1	1	1	1	1	1	1	1	1	1	1	1	1	1	1	1	1	1	1	1	1	1	1	1	1	1	1	1	1	1	1	1	1	1	1	1	1	1	1	1	1	1	1	1	1	1	1	1	1	1	1	1	1	1	1	1
SRR12148856_merged	0.989509784143635	0.994066021892368	0.982388982853839	0.949627949220617	0.9478889647725	0.953266149327186	0.800693823448945	0.886728347070383	0.771978587077073	0.58013137560152	0.71177805124067	0.937735513790693	0.98913303528237	0.901478859268547	0.823733348914553	0.541767203568668	0.99160724989832	0.986893552775443	0.386057027372339	0.941642403275131	0.421526710826384	0.99061074266772	0.894257018291764	0.966750307143233	0.763228519920657	0.624786489112407	0.75363056550923	0.733237522235758	0.705772319239554	0.451670079829967	0.899784756695619	0.938522766675943	0.867304599607778	0.841007392820131	0.91153754286867	0.605112954963934	0.684482817523685	0.880658733572097	0.719900877756579	0.599924289780823	0.617896253407151	0.453701835787775	0.754069778787741	0.604856932356764	0.74011307066445	0.468789919841247	0.573119587389454	0.451309091699825	0.31216977842579	0.678694602345842	0	0.9988	0.998386120637482	0.998386120637482	0.998386120637483	0.998386120637482	0.998386120637482	0.998386120637482	0.998386120637482	0.998386120637482	0.998386120637482	0.998386120637482	0.998386120637482	0.998598598598599	0.998386120637482	1	1	1	1	1	1	1	1	1	1	1	1	1	1	1	1	1	1	1	1	1	1	1	1	1	1	1	1	1	1	1	1	1	1	1	1	1	1	1	1	1	1	1	1	1	1	1	1	1	1	1	1	1	1	1	1	1	1	1	1	1	1	1	1	1	1	1	1	1	1	1	1	1	1	1	1	1	1	1	1	1	1	1	1	1	1	1	1	1	1	1	1	1	1	1	1	1	1	1	1	1	1	1	1	1	1	1	1	1	1	1	1	1	1	1	1	1	1	1	1	1	1	1	1	1	1	1	1	1	1	1	1	1	1	1	1	1	1	1	1	1	1	1	1	1	1	1	1	1	1	1	1	1	1	1	1	1	1	1	1	1	1	1	1	1	1	1	1	1	1	1	1	1	1	1	1	1	1	1	1	1	1	1	1	1	1	1	1	1	1	1	1	1	1	1	1	1	1	1	1	1	1	1	1	1	1	1	1	1	1	1	1	1	1	1	1	1	1	1	1	1	1	1	1	1	1	1	1	1	1	1	1	1	1	1	1	1	1	1	1	1	1	1	1	1	1	1	1	1	1	1	1	1	1	1	1	1	1	1	1	1
SRR4409218	0.9988	0.9988	0.9988	0.9988	0.9988	0.9988	0.9988	0.9988	0.9988	0.9988	0.9988	0.9988	0.9988	0.9988	0.9988	0.9988	0.9988	0.9988	0.9988	0.9988	0.9988	0.9988	0.9988	0.9988	0.9988	0.9988	0.9988	0.9988	0.9988	0.9988	0.9988	0.9988	0.9988	0.9988	0.9988	0.9988	0.9988	0.9988	0.9988	0.9988	0.9988	0.9988	0.9988	0.9988	0.9988	0.9988	0.9988	0.9988	0.9988	0.9988	0.9988	0	0.902095222802087	0.632361311210036	0.814302615694165	0.868342543040863	0.862807486631016	0.818543071009508	0.921739823008849	0.842124497991968	0.842840351954164	0.85112555331992	0.859303916449086	0.856914914914915	0.865710198357043	0.907462681085493	1	1	1	1	1	1	1	1	1	1	1	1	1	1	1	1	1	1	1	1	1	1	1	1	1	1	1	1	1	1	1	1	1	1	1	1	1	1	1	1	1	1	1	1	1	1	1	1	1	1	1	1	1	1	1	1	1	1	1	1	1	1	1	1	1	1	1	1	1	1	1	1	1	1	1	1	1	1	1	1	1	1	1	1	1	1	1	1	1	1	1	1	1	1	1	1	1	1	1	1	1	1	1	1	1	1	1	1	1	1	1	1	1	1	1	1	1	1	1	1	1	1	1	1	1	1	1	1	1	1	1	1	1	1	1	1	1	1	1	1	1	1	1	1	1	1	1	1	1	1	1	1	1	1	1	1	1	1	1	1	1	1	1	1	1	1	1	1	1	1	1	1	1	1	1	1	1	1	1	1	1	1	1	1	1	1	1	1	1	1	1	1	1	1	1	1	1	1	1	1	1	1	1	1	1	1	1	1	1	1	1	1	1	1	1	1	1	1	1	1	1	1	1	1	1	1	1	1	1	1	1	1	1	1	1	1	1	1	1	1	1	1	1	1	1	1	1	1	1	1	1	1	1	1	1	1	1	1	1	1
SRR4409219	0.995383380168607	0.995383380168607	0.995383380168607	0.995383380168607	0.995383380168607	0.998758021113641	0.995383380168607	0.995383380168607	0.995383380168607	0.995383380168607	0.995383380168607	0.995383380168607	0.995383380168607	0.995383380168607	0.995383380168607	0.995383380168607	0.995383380168607	0.995383380168607	0.995383380168607	0.995383380168607	0.995383380168607	0.995383380168607	0.995383380168607	0.995383380168607	0.995383380168607	0.995383380168607	0.995383380168607	0.995383380168607	0.995383380168607	0.995383380168607	0.995383380168607	0.995383380168607	0.995383380168607	0.995383380168607	0.995383380168607	0.995383380168607	0.995383380168607	0.995383380168607	0.995383380168607	0.995383380168607	0.995383380168607	0.995383380168607	0.995383380168607	0.995383380168607	0.995383380168607	0.995383380168607	0.995383380168607	0.995383380168607	0.995387083834737	0.995383380168607	0.998386120637482	0.902095222802087	0	0.595842239671072	0.899751217057464	0.864337585021906	0.874479182234159	0.624954671939354	0.742260633857107	0.779757569015524	0.888596779385941	0.878294738321539	0.879147820283166	0.789323044441471	0.898858973852654	0.902997946248609	1	1	1	1	1	1	1	1	1	1	1	1	1	1	1	1	1	1	1	1	1	1	1	1	1	1	1	1	1	1	1	1	1	1	1	1	1	1	1	1	1	1	1	1	1	1	1	1	1	1	1	1	1	1	1	1	1	1	1	1	1	1	1	1	1	1	1	1	1	1	1	1	1	1	1	1	1	1	1	1	1	1	1	1	1	1	1	1	1	1	1	1	1	1	1	1	1	1	1	1	1	1	1	1	1	1	1	1	1	1	1	1	1	1	1	1	1	1	1	1	1	1	1	1	1	1	1	1	1	1	1	1	1	1	1	1	1	1	1	1	1	1	1	1	1	1	1	1	1	1	1	1	1	1	1	1	1	1	1	1	1	1	1	1	1	1	1	1	1	1	1	1	1	1	1	1	1	1	1	1	1	1	1	1	1	1	1	1	1	1	1	1	1	1	1	1	1	1	1	1	1	1	1	1	1	1	1	1	1	1	1	1	1	1	1	1	1	1	1	1	1	1	1	1	1	1	1	1	1	1	1	1	1	1	1	1	1	1	1	1	1	1	1	1	1	1	1	1	1	1	1	1	1	1	1	1	1	1	1	1
SRR4409220	0.977741804937273	0.977741804937272	0.977741804937273	0.991558575252213	0.995131845841785	0.998758021113641	0.988315874294923	0.977741804937272	0.977741804937272	0.977741804937273	0.977741804937272	0.977741804937272	0.977741804937273	0.977741804937272	0.978287587054486	0.977741804937272	0.977741804937273	0.977741804937272	0.97957957957958	0.977741804937272	0.977741804937273	0.977741804937272	0.977741804937272	0.977741804937273	0.977741804937273	0.977741804937272	0.977741804937272	0.977741804937273	0.977741804937272	0.977741804937273	0.977741804937273	0.977741804937272	0.977741804937272	0.977741804937272	0.977741804937273	0.977741804937273	0.977741804937273	0.977741804937272	0.977741804937272	0.977741804937272	0.977741804937273	0.990921928585838	0.977741804937273	0.98989898989899	0.985736925515055	0.977741804937273	0.977741804937272	0.977741804937272	0.995387083834737	0.977741804937273	0.998386120637482	0.632361311210036	0.595842239671072	0	0.643048660233355	0.541710307100217	0.559677199987148	0.340072619034656	0.640757566532843	0.721229637286499	0.657196758436331	0.722812797464675	0.734714209229553	0.750452313908405	0.742694356924617	0.792444343777742	1	1	1	1	1	1	1	1	1	1	1	1	1	1	1	1	1	1	1	1	1	1	1	1	1	1	1	1	1	1	1	1	1	1	1	1	1	1	1	1	1	1	1	1	1	1	1	1	1	1	1	1	1	1	1	1	1	1	1	1	1	1	1	1	1	1	1	1	1	1	1	1	1	1	1	1	1	1	1	1	1	1	1	1	1	1	1	1	1	1	1	1	1	1	1	1	1	1	1	1	1	1	1	1	1	1	1	1	1	1	1	1	1	1	1	1	1	1	1	1	1	1	1	1	1	1	1	1	1	1	1	1	1	1	1	1	1	1	1	1	1	1	1	1	1	1	1	1	1	1	1	1	1	1	1	1	1	1	1	1	1	1	1	1	1	1	1	1	1	1	1	1	1	1	1	1	1	1	1	1	1	1	1	1	1	1	1	1	1	1	1	1	1	1	1	1	1	1	1	1	1	1	1	1	1	1	1	1	1	1	1	1	1	1	1	1	1	1	1	1	1	1	1	1	1	1	1	1	1	1	1	1	1	1	1	1	1	1	1	1	1	1	1	1	1	1	1	1	1	1	1	1	1	1	1	1	1	1	1	1
SRR4409221	0.991549295774648	0.991549295774648	0.991549295774648	0.991558575252213	0.995131845841785	0.998758021113641	0.991549295774648	0.991549295774648	0.991549295774648	0.991549295774648	0.991549295774648	0.991549295774648	0.991549295774648	0.991549295774648	0.991549295774648	0.991549295774648	0.991549295774648	0.991549295774648	0.991549295774648	0.991549295774648	0.991549295774648	0.991549295774648	0.991549295774648	0.991549295774648	0.991549295774648	0.991549295774648	0.991549295774648	0.991549295774648	0.991549295774648	0.991549295774648	0.991549295774648	0.991549295774648	0.991549295774648	0.991549295774648	0.991549295774648	0.991549295774648	0.991549295774648	0.991549295774648	0.991549295774648	0.991549295774648	0.991549295774648	0.991549295774648	0.991549295774648	0.991549295774648	0.991549295774648	0.991549295774648	0.991549295774648	0.991549295774648	0.995387083834737	0.991549295774648	0.998386120637483	0.814302615694165	0.899751217057464	0.643048660233355	0	0.560330579202241	0.547130748290649	0.740037432769793	0.845933363657407	0.878665971734019	0.637522948206942	0.906036217303823	0.914188161707744	0.931188331188331	0.927712699760978	0.954714288588089	1	1	1	1	1	1	1	1	1	1	1	1	1	1	1	1	1	1	1	1	1	1	1	1	1	1	1	1	1	1	1	1	1	1	1	1	1	1	1	1	1	1	1	1	1	1	1	1	1	1	1	1	1	1	1	1	1	1	1	1	1	1	1	1	1	1	1	1	1	1	1	1	1	1	1	1	1	1	1	1	1	1	1	1	1	1	1	1	1	1	1	1	1	1	1	1	1	1	1	1	1	1	1	1	1	1	1	1	1	1	1	1	1	1	1	1	1	1	1	1	1	1	1	1	1	1	1	1	1	1	1	1	1	1	1	1	1	1	1	1	1	1	1	1	1	1	1	1	1	1	1	1	1	1	1	1	1	1	1	1	1	1	1	1	1	1	1	1	1	1	1	1	1	1	1	1	1	1	1	1	1	1	1	1	1	1	1	1	1	1	1	1	1	1	1	1	1	1	1	1	1	1	1	1	1	1	1	1	1	1	1	1	1	1	1	1	1	1	1	1	1	1	1	1	1	1	1	1	1	1	1	1	1	1	1	1	1	1	1	1	1	1	1	1	1	1	1	1	1	1	1	1	1	1	1	1	1	1	1	1
SRR4409222	0.914125700062228	0.914125700062228	0.914125700062228	0.991558575252213	0.995131845841785	0.998758021113641	0.988315874294923	0.914125700062228	0.914125700062228	0.914125700062228	0.914125700062228	0.914125700062228	0.914125700062228	0.914125700062228	0.978287587054486	0.914125700062228	0.914125700062228	0.914125700062228	0.97957957957958	0.914125700062228	0.961663417803769	0.914125700062228	0.914125700062228	0.914125700062228	0.914125700062228	0.914125700062228	0.914125700062228	0.914125700062228	0.914125700062228	0.945389077815563	0.914125700062228	0.914125700062227	0.914125700062228	0.914125700062228	0.914125700062228	0.914125700062228	0.914125700062227	0.914125700062228	0.914125700062228	0.914125700062228	0.914125700062228	0.990921928585838	0.914125700062228	0.98989898989899	0.985736925515055	0.914125700062228	0.971565962784863	0.968836712913554	0.995387083834737	0.930953898449118	0.998386120637482	0.868342543040863	0.864337585021906	0.541710307100217	0.560330579202241	0	0.168644592836547	0.620433279565432	0.751096453351796	0.828416591068693	0.435770631581775	0.609579776940005	0.623570874878389	0.857349571101905	0.60304835781777	0.665250152564439	1	1	1	1	1	1	1	1	1	1	1	1	1	1	1	1	1	1	1	1	1	1	1	1	1	1	1	1	1	1	1	1	1	1	1	1	1	1	1	1	1	1	1	1	1	1	1	1	1	1	1	1	1	1	1	1	1	1	1	1	1	1	1	1	1	1	1	1	1	1	1	1	1	1	1	1	1	1	1	1	1	1	1	1	1	1	1	1	1	1	1	1	1	1	1	1	1	1	1	1	1	1	1	1	1	1	1	1	1	1	1	1	1	1	1	1	1	1	1	1	1	1	1	1	1	1	1	1	1	1	1	1	1	1	1	1	1	1	1	1	1	1	1	1	1	1	1	1	1	1	1	1	1	1	1	1	1	1	1	1	1	1	1	1	1	1	1	1	1	1	1	1	1	1	1	1	1	1	1	1	1	1	1	1	1	1	1	1	1	1	1	1	1	1	1	1	1	1	1	1	1	1	1	1	1	1	1	1	1	1	1	1	1	1	1	1	1	1	1	1	1	1	1	1	1	1	1	1	1	1	1	1	1	1	1	1	1	1	1	1	1	1	1	1	1	1	1	1	1	1	1	1	1	1	1	1	1	1	1	1
SRR4409223	0.889962978198272	0.889962978198272	0.889962978198272	0.991558575252213	0.995131845841785	0.998758021113641	0.988315874294924	0.889962978198272	0.889962978198272	0.889962978198272	0.889962978198272	0.889962978198273	0.889962978198272	0.889962978198272	0.978287587054486	0.889962978198272	0.889962978198272	0.889962978198272	0.97957957957958	0.889962978198272	0.961663417803769	0.889962978198272	0.889962978198272	0.889962978198272	0.889962978198272	0.906281356612482	0.889962978198272	0.889962978198272	0.889962978198272	0.945389077815563	0.889962978198272	0.889962978198272	0.889962978198272	0.889962978198272	0.889962978198272	0.902150991142977	0.889962978198272	0.889962978198272	0.889962978198272	0.90481043620057	0.889962978198272	0.990921928585838	0.889962978198272	0.98989898989899	0.985736925515056	0.889962978198272	0.971565962784863	0.968836712913554	0.995387083834737	0.930953898449118	0.998386120637482	0.862807486631016	0.874479182234159	0.559677199987148	0.547130748290649	0.168644592836547	0	0.630417321013649	0.763759405612607	0.855497762336884	0.408177211394631	0.64351729463577	0.638210967346277	0.881790634731812	0.627295153489362	0.679102376793124	1	1	1	1	1	1	1	1	1	1	1	1	1	1	1	1	1	1	1	1	1	1	1	1	1	1	1	1	1	1	1	1	1	1	1	1	1	1	1	1	1	1	1	1	1	1	1	1	1	1	1	1	1	1	1	1	1	1	1	1	1	1	1	1	1	1	1	1	1	1	1	1	1	1	1	1	1	1	1	1	1	1	1	1	1	1	1	1	1	1	1	1	1	1	1	1	1	1	1	1	1	1	1	1	1	1	1	1	1	1	1	1	1	1	1	1	1	1	1	1	1	1	1	1	1	1	1	1	1	1	1	1	1	1	1	1	1	1	1	1	1	1	1	1	1	1	1	1	1	1	1	1	1	1	1	1	1	1	1	1	1	1	1	1	1	1	1	1	1	1	1	1	1	1	1	1	1	1	1	1	1	1	1	1	1	1	1	1	1	1	1	1	1	1	1	1	1	1	1	1	1	1	1	1	1	1	1	1	1	1	1	1	1	1	1	1	1	1	1	1	1	1	1	1	1	1	1	1	1	1	1	1	1	1	1	1	1	1	1	1	1	1	1	1	1	1	1	1	1	1	1	1	1	1	1	1	1	1	1	1
SRR4409224	0.979364758243982	0.979364758243981	0.979364758243981	0.991558575252213	0.995131845841785	0.998758021113641	0.988315874294923	0.979364758243981	0.979364758243981	0.979364758243982	0.979364758243981	0.979364758243981	0.979364758243982	0.979364758243981	0.979364758243981	0.979364758243981	0.979364758243982	0.979364758243981	0.97957957957958	0.979364758243981	0.979364758243981	0.979364758243981	0.979364758243981	0.979364758243982	0.979364758243981	0.979364758243981	0.979364758243981	0.979364758243981	0.979364758243981	0.979364758243981	0.979364758243981	0.979364758243981	0.979364758243981	0.979364758243981	0.979364758243981	0.979364758243981	0.979364758243981	0.979364758243981	0.979364758243981	0.979364758243981	0.979364758243981	0.990921928585838	0.979364758243981	0.98989898989899	0.985736925515055	0.979364758243982	0.979364758243981	0.979364758243981	0.995387083834737	0.979364758243981	0.998386120637482	0.818543071009508	0.624954671939354	0.340072619034656	0.740037432769793	0.620433279565432	0.630417321013649	0	0.644607983953514	0.737174431084646	0.699612869296434	0.757334580006847	0.762473519674805	0.758674758108301	0.771076912750051	0.811093393888451	1	1	1	1	1	1	1	1	1	1	1	1	1	1	1	1	1	1	1	1	1	1	1	1	1	1	1	1	1	1	1	1	1	1	1	1	1	1	1	1	1	1	1	1	1	1	1	1	1	1	1	1	1	1	1	1	1	1	1	1	1	1	1	1	1	1	1	1	1	1	1	1	1	1	1	1	1	1	1	1	1	1	1	1	1	1	1	1	1	1	1	1	1	1	1	1	1	1	1	1	1	1	1	1	1	1	1	1	1	1	1	1	1	1	1	1	1	1	1	1	1	1	1	1	1	1	1	1	1	1	1	1	1	1	1	1	1	1	1	1	1	1	1	1	1	1	1	1	1	1	1	1	1	1	1	1	1	1	1	1	1	1	1	1	1	1	1	1	1	1	1	1	1	1	1	1	1	1	1	1	1	1	1	1	1	1	1	1	1	1	1	1	1	1	1	1	1	1	1	1	1	1	1	1	1	1	1	1	1	1	1	1	1	1	1	1	1	1	1	1	1	1	1	1	1	1	1	1	1	1	1	1	1	1	1	1	1	1	1	1	1	1	1	1	1	1	1	1	1	1	1	1	1	1	1	1	1	1	1	1
SRR4409225	0.95957361222848	0.959573612228479	0.95957361222848	0.991558575252213	0.995131845841785	0.998758021113641	0.988315874294924	0.959573612228479	0.959573612228479	0.95957361222848	0.959573612228479	0.95957361222848	0.95957361222848	0.95957361222848	0.978287587054486	0.959573612228479	0.95957361222848	0.959573612228479	0.97957957957958	0.959573612228479	0.961663417803769	0.959573612228479	0.95957361222848	0.95957361222848	0.95957361222848	0.959573612228479	0.959573612228479	0.959573612228479	0.95957361222848	0.959573612228479	0.959573612228479	0.95957361222848	0.959573612228479	0.959573612228479	0.95957361222848	0.959573612228479	0.959573612228479	0.959573612228479	0.959573612228479	0.959573612228479	0.959573612228479	0.990921928585838	0.959573612228479	0.98989898989899	0.985736925515055	0.95957361222848	0.971565962784863	0.968836712913554	0.995387083834737	0.959573612228479	0.998386120637482	0.921739823008849	0.742260633857107	0.640757566532843	0.845933363657407	0.751096453351796	0.763759405612607	0.644607983953514	0	0.815808204660961	0.877960038462165	0.905647804769081	0.904750111368795	0.701011590834599	0.891932630786905	0.952097056719014	1	1	1	1	1	1	1	1	1	1	1	1	1	1	1	1	1	1	1	1	1	1	1	1	1	1	1	1	1	1	1	1	1	1	1	1	1	1	1	1	1	1	1	1	1	1	1	1	1	1	1	1	1	1	1	1	1	1	1	1	1	1	1	1	1	1	1	1	1	1	1	1	1	1	1	1	1	1	1	1	1	1	1	1	1	1	1	1	1	1	1	1	1	1	1	1	1	1	1	1	1	1	1	1	1	1	1	1	1	1	1	1	1	1	1	1	1	1	1	1	1	1	1	1	1	1	1	1	1	1	1	1	1	1	1	1	1	1	1	1	1	1	1	1	1	1	1	1	1	1	1	1	1	1	1	1	1	1	1	1	1	1	1	1	1	1	1	1	1	1	1	1	1	1	1	1	1	1	1	1	1	1	1	1	1	1	1	1	1	1	1	1	1	1	1	1	1	1	1	1	1	1	1	1	1	1	1	1	1	1	1	1	1	1	1	1	1	1	1	1	1	1	1	1	1	1	1	1	1	1	1	1	1	1	1	1	1	1	1	1	1	1	1	1	1	1	1	1	1	1	1	1	1	1	1	1	1	1	1	1
SRR4409226	0.994779116465863	0.994779116465863	0.994779116465863	0.994779116465863	0.995131845841785	0.998758021113641	0.994779116465863	0.994779116465863	0.994779116465863	0.994779116465863	0.994779116465863	0.994779116465863	0.994779116465863	0.994779116465863	0.994779116465863	0.994779116465863	0.994779116465863	0.994779116465863	0.994779116465863	0.994779116465863	0.994779116465863	0.994779116465863	0.994779116465863	0.994779116465863	0.994779116465863	0.994779116465863	0.994779116465863	0.994779116465863	0.994779116465863	0.994779116465863	0.994779116465863	0.994779116465863	0.994779116465863	0.994779116465863	0.994779116465863	0.994779116465863	0.994779116465863	0.994779116465863	0.994779116465863	0.994779116465863	0.994779116465863	0.994779116465863	0.994779116465863	0.994779116465863	0.994779116465863	0.994779116465863	0.994779116465863	0.994779116465863	0.995387083834737	0.994779116465863	0.998386120637482	0.842124497991968	0.779757569015524	0.721229637286499	0.878665971734019	0.828416591068693	0.855497762336884	0.737174431084646	0.815808204660961	0	0.850331467059152	0.808255557441032	0.819859595038116	0.765246571873078	0.843288642447972	0.884007320856575	1	1	1	1	1	1	1	1	1	1	1	1	1	1	1	1	1	1	1	1	1	1	1	1	1	1	1	1	1	1	1	1	1	1	1	1	1	1	1	1	1	1	1	1	1	1	1	1	1	1	1	1	1	1	1	1	1	1	1	1	1	1	1	1	1	1	1	1	1	1	1	1	1	1	1	1	1	1	1	1	1	1	1	1	1	1	1	1	1	1	1	1	1	1	1	1	1	1	1	1	1	1	1	1	1	1	1	1	1	1	1	1	1	1	1	1	1	1	1	1	1	1	1	1	1	1	1	1	1	1	1	1	1	1	1	1	1	1	1	1	1	1	1	1	1	1	1	1	1	1	1	1	1	1	1	1	1	1	1	1	1	1	1	1	1	1	1	1	1	1	1	1	1	1	1	1	1	1	1	1	1	1	1	1	1	1	1	1	1	1	1	1	1	1	1	1	1	1	1	1	1	1	1	1	1	1	1	1	1	1	1	1	1	1	1	1	1	1	1	1	1	1	1	1	1	1	1	1	1	1	1	1	1	1	1	1	1	1	1	1	1	1	1	1	1	1	1	1	1	1	1	1	1	1	1	1	1	1	1	1
SRR4409227	0.797421731123389	0.797421731123388	0.797421731123389	0.991558575252213	0.995131845841785	0.998758021113641	0.988315874294924	0.797421731123388	0.797421731123388	0.850825351538618	0.797421731123389	0.797421731123389	0.797421731123389	0.882335506816835	0.978287587054486	0.845973782771536	0.797421731123389	0.797421731123388	0.97957957957958	0.797421731123388	0.961663417803769	0.797421731123389	0.797421731123389	0.797421731123389	0.88908805736052	0.906281356612483	0.797421731123389	0.797421731123389	0.798692008992438	0.945389077815563	0.797421731123389	0.797421731123388	0.797421731123388	0.797421731123388	0.797421731123389	0.902150991142977	0.797421731123388	0.797421731123388	0.824192835028748	0.904810436200571	0.829465395772897	0.990921928585838	0.797421731123388	0.98989898989899	0.985736925515055	0.823265306122449	0.971565962784863	0.968836712913554	0.995387083834737	0.930953898449119	0.998386120637482	0.842840351954164	0.888596779385941	0.657196758436331	0.637522948206942	0.435770631581775	0.408177211394631	0.699612869296434	0.877960038462165	0.850331467059152	0	0.529425952070104	0.530801290938619	0.903806568999939	0.502489953575941	0.571147935173317	1	1	1	1	1	1	1	1	1	1	1	1	1	1	1	1	1	1	1	1	1	1	1	1	1	1	1	1	1	1	1	1	1	1	1	1	1	1	1	1	1	1	1	1	1	1	1	1	1	1	1	1	1	1	1	1	1	1	1	1	1	1	1	1	1	1	1	1	1	1	1	1	1	1	1	1	1	1	1	1	1	1	1	1	1	1	1	1	1	1	1	1	1	1	1	1	1	1	1	1	1	1	1	1	1	1	1	1	1	1	1	1	1	1	1	1	1	1	1	1	1	1	1	1	1	1	1	1	1	1	1	1	1	1	1	1	1	1	1	1	1	1	1	1	1	1	1	1	1	1	1	1	1	1	1	1	1	1	1	1	1	1	1	1	1	1	1	1	1	1	1	1	1	1	1	1	1	1	1	1	1	1	1	1	1	1	1	1	1	1	1	1	1	1	1	1	1	1	1	1	1	1	1	1	1	1	1	1	1	1	1	1	1	1	1	1	1	1	1	1	1	1	1	1	1	1	1	1	1	1	1	1	1	1	1	1	1	1	1	1	1	1	1	1	1	1	1	1	1	1	1	1	1	1	1	1	1	1	1	1
SRR4409228	0.996780684104628	0.996780684104628	0.996780684104628	0.996780684104628	0.996780684104628	0.998758021113641	0.996780684104628	0.996780684104628	0.996780684104628	0.996780684104628	0.996780684104628	0.996780684104628	0.996780684104628	0.996780684104628	0.996780684104628	0.996780684104628	0.996780684104628	0.996780684104628	0.996780684104628	0.996780684104628	0.996780684104628	0.996780684104628	0.996780684104628	0.996780684104628	0.996780684104628	0.996780684104628	0.996780684104628	0.996780684104628	0.996780684104628	0.996780684104628	0.996780684104628	0.996780684104628	0.996780684104628	0.996780684104628	0.996780684104628	0.996780684104628	0.996780684104628	0.996780684104628	0.996780684104628	0.996780684104628	0.996780684104628	0.996780684104628	0.996780684104628	0.996780684104628	0.996780684104628	0.996780684104628	0.996780684104628	0.996780684104628	0.996780684104628	0.996780684104628	0.998386120637482	0.85112555331992	0.878294738321539	0.722812797464675	0.906036217303823	0.609579776940005	0.64351729463577	0.757334580006847	0.905647804769081	0.808255557441032	0.529425952070104	0	0.0623076074442235	0.845607176593092	0.0739432386746849	0.454776650106721	1	1	1	1	1	1	1	1	1	1	1	1	1	1	1	1	1	1	1	1	1	1	1	1	1	1	1	1	1	1	1	1	1	1	1	1	1	1	1	1	1	1	1	1	1	1	1	1	1	1	1	1	1	1	1	1	1	1	1	1	1	1	1	1	1	1	1	1	1	1	1	1	1	1	1	1	1	1	1	1	1	1	1	1	1	1	1	1	1	1	1	1	1	1	1	1	1	1	1	1	1	1	1	1	1	1	1	1	1	1	1	1	1	1	1	1	1	1	1	1	1	1	1	1	1	1	1	1	1	1	1	1	1	1	1	1	1	1	1	1	1	1	1	1	1	1	1	1	1	1	1	1	1	1	1	1	1	1	1	1	1	1	1	1	1	1	1	1	1	1	1	1	1	1	1	1	1	1	1	1	1	1	1	1	1	1	1	1	1	1	1	1	1	1	1	1	1	1	1	1	1	1	1	1	1	1	1	1	1	1	1	1	1	1	1	1	1	1	1	1	1	1	1	1	1	1	1	1	1	1	1	1	1	1	1	1	1	1	1	1	1	1	1	1	1	1	1	1	1	1	1	1	1	1	1	1	1	1	1	1
SRR4409229	0.995782285599518	0.995782285599518	0.995782285599518	0.995782285599518	0.995782285599518	0.998758021113641	0.995782285599518	0.995782285599518	0.995782285599518	0.995782285599518	0.995782285599518	0.995782285599518	0.995782285599518	0.995782285599518	0.995782285599518	0.995782285599518	0.995782285599518	0.995782285599518	0.995782285599518	0.995782285599518	0.995782285599518	0.995782285599518	0.995782285599518	0.995782285599518	0.995782285599518	0.995782285599518	0.995782285599518	0.995782285599518	0.995782285599518	0.995782285599518	0.995782285599518	0.995782285599518	0.995782285599518	0.995782285599518	0.995782285599518	0.995782285599518	0.995782285599518	0.995782285599518	0.995782285599518	0.995782285599518	0.995782285599518	0.995782285599518	0.995782285599518	0.995782285599518	0.995782285599518	0.995782285599518	0.995782285599518	0.995782285599518	0.995782285599518	0.995782285599518	0.998386120637482	0.859303916449086	0.879147820283166	0.734714209229553	0.914188161707744	0.623570874878389	0.638210967346277	0.762473519674805	0.904750111368795	0.819859595038116	0.530801290938619	0.0623076074442235	0	0.852802792750573	0.068791267543277	0.477549474370606	1	1	1	1	1	1	1	1	1	1	1	1	1	1	1	1	1	1	1	1	1	1	1	1	1	1	1	1	1	1	1	1	1	1	1	1	1	1	1	1	1	1	1	1	1	1	1	1	1	1	1	1	1	1	1	1	1	1	1	1	1	1	1	1	1	1	1	1	1	1	1	1	1	1	1	1	1	1	1	1	1	1	1	1	1	1	1	1	1	1	1	1	1	1	1	1	1	1	1	1	1	1	1	1	1	1	1	1	1	1	1	1	1	1	1	1	1	1	1	1	1	1	1	1	1	1	1	1	1	1	1	1	1	1	1	1	1	1	1	1	1	1	1	1	1	1	1	1	1	1	1	1	1	1	1	1	1	1	1	1	1	1	1	1	1	1	1	1	1	1	1	1	1	1	1	1	1	1	1	1	1	1	1	1	1	1	1	1	1	1	1	1	1	1	1	1	1	1	1	1	1	1	1	1	1	1	1	1	1	1	1	1	1	1	1	1	1	1	1	1	1	1	1	1	1	1	1	1	1	1	1	1	1	1	1	1	1	1	1	1	1	1	1	1	1	1	1	1	1	1	1	1	1	1	1	1	1	1	1	1
SRR4409230	0.998598598598599	0.998598598598599	0.998598598598599	0.998598598598599	0.998598598598599	0.998758021113641	0.998598598598599	0.998598598598599	0.998598598598599	0.998598598598599	0.998598598598599	0.998598598598599	0.998598598598599	0.998598598598599	0.998598598598598	0.998598598598599	0.998598598598599	0.998598598598599	0.998598598598599	0.998598598598599	0.998598598598599	0.998598598598599	0.998598598598599	0.998598598598599	0.998598598598599	0.998598598598599	0.998598598598599	0.998598598598599	0.998598598598599	0.998598598598599	0.998598598598599	0.998598598598599	0.998598598598599	0.998598598598599	0.998598598598599	0.998598598598599	0.998598598598599	0.998598598598599	0.998598598598599	0.998598598598599	0.998598598598599	0.998598598598599	0.998598598598599	0.998598598598599	0.998598598598599	0.998598598598599	0.998598598598598	0.998598598598599	0.998598598598599	0.998598598598599	0.998598598598599	0.856914914914915	0.789323044441471	0.750452313908405	0.931188331188331	0.857349571101905	0.881790634731812	0.758674758108301	0.701011590834599	0.765246571873078	0.903806568999939	0.845607176593092	0.852802792750573	0	0.858599613438323	0.903374543692846	1	1	1	1	1	1	1	1	1	1	1	1	1	1	1	1	1	1	1	1	1	1	1	1	1	1	1	1	1	1	1	1	1	1	1	1	1	1	1	1	1	1	1	1	1	1	1	1	1	1	1	1	1	1	1	1	1	1	1	1	1	1	1	1	1	1	1	1	1	1	1	1	1	1	1	1	1	1	1	1	1	1	1	1	1	1	1	1	1	1	1	1	1	1	1	1	1	1	1	1	1	1	1	1	1	1	1	1	1	1	1	1	1	1	1	1	1	1	1	1	1	1	1	1	1	1	1	1	1	1	1	1	1	1	1	1	1	1	1	1	1	1	1	1	1	1	1	1	1	1	1	1	1	1	1	1	1	1	1	1	1	1	1	1	1	1	1	1	1	1	1	1	1	1	1	1	1	1	1	1	1	1	1	1	1	1	1	1	1	1	1	1	1	1	1	1	1	1	1	1	1	1	1	1	1	1	1	1	1	1	1	1	1	1	1	1	1	1	1	1	1	1	1	1	1	1	1	1	1	1	1	1	1	1	1	1	1	1	1	1	1	1	1	1	1	1	1	1	1	1	1	1	1	1	1	1	1	1	1	1
SRR4409231	0.949909837707874	0.949909837707874	0.949909837707874	0.991558575252213	0.995131845841785	0.998758021113641	0.988315874294924	0.949909837707874	0.949909837707874	0.949909837707874	0.949909837707874	0.949909837707874	0.949909837707874	0.949909837707874	0.978287587054486	0.949909837707874	0.949909837707874	0.949909837707874	0.97957957957958	0.949909837707874	0.961663417803769	0.949909837707874	0.949909837707874	0.949909837707874	0.949909837707874	0.949909837707874	0.949909837707874	0.949909837707874	0.949909837707874	0.949909837707874	0.949909837707874	0.949909837707874	0.949909837707874	0.949909837707874	0.949909837707874	0.949909837707874	0.949909837707874	0.949909837707874	0.949909837707874	0.949909837707874	0.949909837707874	0.990921928585838	0.949909837707874	0.98989898989899	0.985736925515056	0.949909837707874	0.971565962784863	0.968836712913554	0.995387083834738	0.949909837707874	0.998386120637482	0.865710198357043	0.898858973852654	0.742694356924617	0.927712699760978	0.60304835781777	0.627295153489362	0.771076912750051	0.891932630786905	0.843288642447972	0.502489953575941	0.0739432386746849	0.068791267543277	0.858599613438323	0	0.479484945989907	1	1	1	1	1	1	1	1	1	1	1	1	1	1	1	1	1	1	1	1	1	1	1	1	1	1	1	1	1	1	1	1	1	1	1	1	1	1	1	1	1	1	1	1	1	1	1	1	1	1	1	1	1	1	1	1	1	1	1	1	1	1	1	1	1	1	1	1	1	1	1	1	1	1	1	1	1	1	1	1	1	1	1	1	1	1	1	1	1	1	1	1	1	1	1	1	1	1	1	1	1	1	1	1	1	1	1	1	1	1	1	1	1	1	1	1	1	1	1	1	1	1	1	1	1	1	1	1	1	1	1	1	1	1	1	1	1	1	1	1	1	1	1	1	1	1	1	1	1	1	1	1	1	1	1	1	1	1	1	1	1	1	1	1	1	1	1	1	1	1	1	1	1	1	1	1	1	1	1	1	1	1	1	1	1	1	1	1	1	1	1	1	1	1	1	1	1	1	1	1	1	1	1	1	1	1	1	1	1	1	1	1	1	1	1	1	1	1	1	1	1	1	1	1	1	1	1	1	1	1	1	1	1	1	1	1	1	1	1	1	1	1	1	1	1	1	1	1	1	1	1	1	1	1	1	1	1	1	1	1
SRR4409232	1	1	1	1	1	1	1	1	1	1	1	1	1	1	1	1	1	1	1	1	1	1	1	1	1	1	1	1	1	1	1	1	1	1	1	1	1	1	1	1	1	1	1	1	1	1	1	1	1	1	1	0.907462681085493	0.902997946248609	0.792444343777742	0.954714288588089	0.665250152564439	0.679102376793124	0.811093393888451	0.952097056719014	0.884007320856575	0.571147935173317	0.454776650106721	0.477549474370606	0.903374543692846	0.479484945989907	0	1	1	1	1	1	1	1	1	1	1	1	1	1	1	1	1	1	1	1	1	1	1	1	1	1	1	1	1	1	1	1	1	1	1	1	1	1	1	1	1	1	1	1	1	1	1	1	1	1	1	1	1	1	1	1	1	1	1	1	1	1	1	1	1	1	1	1	1	1	1	1	1	1	1	1	1	1	1	1	1	1	1	1	1	1	1	1	1	1	1	1	1	1	1	1	1	1	1	1	1	1	1	1	1	1	1	1	1	1	1	1	1	1	1	1	1	1	1	1	1	1	1	1	1	1	1	1	1	1	1	1	1	1	1	1	1	1	1	1	1	1	1	1	1	1	1	1	1	1	1	1	1	1	1	1	1	1	1	1	1	1	1	1	1	1	1	1	1	1	1	1	1	1	1	1	1	1	1	1	1	1	1	1	1	1	1	1	1	1	1	1	1	1	1	1	1	1	1	1	1	1	1	1	1	1	1	1	1	1	1	1	1	1	1	1	1	1	1	1	1	1	1	1	1	1	1	1	1	1	1	1	1	1	1	1	1	1	1	1	1	1	1	1	1	1	1	1	1	1	1	1	1	1	1	1	1	1	1	1	1
SRR7146574	1	1	1	1	1	1	1	1	1	1	1	1	1	1	1	1	1	1	1	1	1	1	1	1	1	1	1	1	1	1	1	1	1	1	1	1	1	1	1	1	1	1	1	1	1	1	1	1	1	1	1	1	1	1	1	1	1	1	1	1	1	1	1	1	1	1	0	0.7212	0.859	0.8676	0.866	0.5172	0.8336	0.8292	0.807	0.6708	0.616	0.8898	0.515	0.7162	0.781858759783264	0.8996	0.8016	0.8864	0.8652	0.7116	0.871	0.8394	0.8746	0.8866	0.8388	0.822753353353353	0.8644	0.7488	0.7812	0.8856	0.7742	0.835	0.7122	0.8144	0.7554	0.7168	0.776181716343269	0.807646200607903	0.714157045363308	0.5798	0.793	0.817316844007228	0.6688	0.825	0.726384793917567	0.803367320784942	0.833905276123999	0.673	0.814	0.8236	0.763403220611916	0.6358	0.832	0.7112	0.742	0.609793003618818	0.7996	0.7478	0.7878	0.6638	0.8906	0.7778	0.829304704704705	0.6292	0.8716	0.778311333600321	0.7128	0.8532	0.819185797159432	0.7166	0.8402	0.7154	0.5638	0.634	0.8278	0.791731194867683	0.689	0.8908	0.7904	0.955	0.7832	0.9652	0.8606	0.7686	0.7586	0.6994	0.7099918200409	0.8808	0.8602	0.8524	0.8682	0.7982	0.862	0.8402	0.6534	0.8664	0.674943017206883	0.659225682182986	0.679	0.89393808174828	0.735405448717949	0.8516	0.7172	0.744472012830794	0.69702430318829	0.6366	0.478323481050732	0.538	0.5778	0.5382	0.7404	0.8006	0.740190990990991	0.86858475085051	0.7564	0.757183276655331	0.9654	0.7594	0.8124	0.7398	0.852	0.661	0.719332551082339	0.6744	0.7498	0.8216	0.6162	0.8536	0.8468	0.8422	0.702003805260213	0.724933333333333	0.8302	0.843593438687738	0.611374223291241	0.81016188951161	0.781514859437751	0.694808012820513	0.8122	0.8694	0.7708	0.6664	0.5934	0.715483540248298	0.7416	0.81	0.7354	0.8648	0.7478	0.7338	0.8648	0.7892	0.83	0.8226	0.8922	0.7632	0.8416	0.681	0.8708	0.8126	0.639671809256662	0.785082870464221	0.7792	0.7072	0.8082	0.749	0.8666	0.914	0.7606	0.8308	0.7954	0.7856	0.774493274086043	0.739978115623125	0.8488	0.615654014892333	0.7812	0.7478	0.8142	0.8388	0.8362	0.7508	0.838	0.5508	0.8434	0.7556	0.9628	0.688	0.7716	0.772	0.7854	0.8376	0.8052	0.8726	0.8218	0.8094	0.87	0.7614	0.8228	0.7474	0.8132	0.6994	0.740871082390953	0.9762	0.9594	0.823105358948433	0.775992598617324	0.82463726049735	0.773589271417134	0.638315315315315	0.7812	0.7034	0.8154	0.8754	0.8262	0.9734	0.7428	0.7514	0.7112	0.848	0.697034740651387	0.7778	0.8876	0.8366	0.885239620738349	0.7168	0.8419667752443	0.793845086241476	0.86777432787548	0.659838611278346	0.7878	0.7722	0.8164	0.8764	0.8836	0.7256	0.8144	0.7872	0.8986	0.7438	0.8744	0.7884	0.6604	0.8894	0.8474	0.753877933520224	0.5876	0.828	0.8592	0.8154	0.6552	0.730088951499296	0.7108	0.8122	0.584	0.7456	0.7182	0.7432	0.7236	0.747062129703763
SRR7146575	1	1	1	1	1	1	1	1	1	1	1	1	1	1	1	1	1	1	1	1	1	1	1	1	1	1	1	1	1	1	1	1	1	1	1	1	1	1	1	1	1	1	1	1	1	1	1	1	1	1	1	1	1	1	1	1	1	1	1	1	1	1	1	1	1	1	0.7212	0	0.9088	0.915	0.9016	0.8486	0.8974	0.8978	0.9436	0.833	0.8512	0.7226	0.7234	0.8164	0.888352919927754	0.8416	0.8628	0.9342	0.92	0.8792	0.8768	0.9158	0.9202	0.9274	0.916	0.897560960960961	0.9272	0.8088	0.6048	0.9314	0.6236	0.9062	0.8288	0.8704	0.8326	0.9176	0.876989077815563	0.64217811550152	0.588087354476114	0.6858	0.9228	0.89391836980526	0.8326	0.957	0.891793357342937	0.939787985582699	0.942873085608705	0.843	0.87	0.9032	0.773767793880837	0.8484	0.8846	0.8392	0.8686	0.79334041013269	0.8694	0.721	0.8974	0.8606	0.906	0.868	0.871175775775776	0.8436	0.709	0.880174529435322	0.8434	0.7932	0.885590958191639	0.7934	0.8972	0.9128	0.8208	0.8234	0.8766	0.87333023255814	0.5758	0.9354	0.845	0.9564	0.9366	0.977	0.9464	0.9746	0.9388	0.8744	0.8143918200409	0.92	0.9074	0.6076	0.912	0.8208	0.901	0.8784	0.8184	0.912	0.852778151260504	0.814594542536116	0.8858	0.920399109672198	0.876764743589744	0.9086	0.85	0.896456134723336	0.833118147182675	0.8118	0.79377132544616	0.7892	0.8742	0.8894	0.7926	0.4934	0.896994594594595	0.916599159495697	0.7912	0.833582556511302	0.8334	0.879	0.8798	0.8918	0.896	0.6366	0.629378110459236	0.8056	0.879	0.9718	0.804	0.9184	0.8008	0.8966	0.773219921656407	0.855774374374374	0.7094	0.903193478695739	0.859296812988575	0.865550200160128	0.889333333333333	0.805849679487179	0.8648	0.9158	0.891	0.7992	0.773	0.880195434521426	0.8092	0.8698	0.8018	0.9074	0.774	0.8566	0.9244	0.9376	0.9008	0.8952	0.9148	0.834	0.896	0.8124	0.9168	0.702	0.837124984972951	0.862491019663491	0.8496	0.8622	0.8514	0.8056	0.8726	0.8946	0.8074	0.8848	0.8598	0.859	0.882485275701878	0.844188317663533	0.9132	0.794901428858925	0.8488	0.7992	0.6308	0.9138	0.8738	0.8374	0.9462	0.7868	0.8964	0.7362	0.9812	0.8822	0.9574	0.9606	0.574	0.918	0.8878	0.9116	0.8816	0.7754	0.9172	0.5098	0.9052	0.831	0.8568	0.8176	0.870251050080775	0.9958	0.9854	0.900599191102123	0.890596258641724	0.895831390134529	0.862923939151321	0.846895095095095	0.7574	0.9172	0.7726	0.926	0.895	0.9918	0.925	0.9486	0.9352	0.497	0.799580136710897	0.9196	0.934	0.8758	0.913048295339923	0.505	0.927415309446254	0.884166867228239	0.972357145744896	0.858663536022477	0.9728	0.9394	0.9126	0.9236	0.9256	0.7568	0.8948	0.8618	0.639	0.796	0.9248	0.933	0.8054	0.8568	0.927	0.861752422907489	0.7592	0.926	0.906	0.8616	0.834	0.733880418595291	0.8254	0.713	0.8344	0.8624	0.9062	0.8722	0.9334	0.811546517213771
SRR7146576	1	1	1	1	1	1	1	1	1	1	1	1	1	1	1	1	1	1	1	1	1	1	1	1	1	1	1	1	1	1	1	1	1	1	1	1	1	1	1	1	1	1	1	1	1	1	1	1	1	1	1	1	1	1	1	1	1	1	1	1	1	1	1	1	1	1	0.859	0.9088	0	0.0784	0.4552	0.6896	0.8552	0.4132	0.9602	0.7226	0.9684	0.9532	0.7742	0.356	0.639550592012844	0.907	0.2264	0.0812	0.5216	0.4322	0.51	0.4062	0.1764	0.6966	0.3234	0.623463863863864	0.2634	0.6248	0.8488	0.0768	0.5524	0.6486	0.2686	0.2862	0.15	0.9236	0.553118623724745	0.912904356636272	0.840149096748294	0.7508	0.9496	0.166466010841197	0.5436	0.9696	0.45359799919968	0.962169963956748	0.958026688564976	0.7212	0.1466	0.3426	0.657332367149759	0.6592	0.762	0.4804	0.8664	0.64201302774427	0.6092	0.3066	0.3542	0.9768	0.9252	0.795	0.871714314314314	0.9476	0.906	0.400142330796956	0.9796	0.971	0.321672214442889	0.2334	0.6692	0.9262	0.494	0.92	0.4114	0.482687570168404	0.753	0.1272	0.2644	0.947	0.9524	0.9818	0.9562	0.9892	0.9546	0.8026	0.929926789366053	0.096	0.0432	0.9392	0.0515999999999999	0.2576	0.1992	0.0744	0.739	0.0414	0.719304761904762	0.875900802568218	0.65	0.922394415216511	0.267447756410256	0.3452	0.5516	0.949125421010425	0.92133065971526	0.6926	0.744012953679567	0.7078	0.9064	0.8244	0.818	0.9288	0.365389389389389	0.0709927956774065	0.9836	0.648336947389478	0.984	0.8194	0.2606	0.4008	0.4286	0.8224	0.954925551284645	0.9216	0.9374	0.987	0.861	0.1154	0.8954	0.4196	0.468126245103526	0.955188988988989	0.9696	0.10522900580116	0.816028703146923	0.30669095276221	0.467539759036145	0.749867948717949	0.4546	0.249	0.846	0.3582	0.7112	0.981397356828194	0.2868	0.3222	0.9542	0.0776000000000001	0.3414	0.5656	0.6454	0.9582	0.1612	0.3012	0.9182	0.6818	0.2278	0.8874	0.3156	0.884	0.751046924464035	0.567654125278735	0.5192	0.715	0.7474	0.214	0.9072	0.9506	0.1372	0.8746	0.6886	0.5286	0.718995031306807	0.229250850170034	0.3002	0.699328919299658	0.7338	0.4502	0.783	0.503	0.1398	0.6984	0.942	0.672	0.1672	0.5636	0.9748	0.9138	0.972	0.9652	0.6306	0.5582	0.4912	0.8348	0.0978000000000001	0.4056	0.0632	0.7662	0.5118	0.415	0.8888	0.2206	0.492478836833602	0.9936	0.9804	0.959699898887765	0.953413176087841	0.902431227068895	0.975397277822258	0.917145345345345	0.3314	0.9346	0.6562	0.5192	0.2452	0.9854	0.9566	0.9588	0.9488	0.924	0.793019380780056	0.183	0.0598	0.9492	0.913773209602582	0.9562	0.943488273615635	0.867173124749298	0.966157145744896	0.899578928356412	0.9842	0.9302	0.3756	0.953	0.9478	0.2746	0.144	0.4296	0.9474	0.167	0.4696	0.97	0.678	0.8942	0.3166	0.400357228674409	0.9418	0.2434	0.2922	0.8994	0.5628	0.69085691285973	0.7072	0.964	0.9388	0.9682	0.9498	0.3656	0.9698	0.956979503602882
SRR7146577	1	1	1	1	1	1	1	1	1	1	1	1	1	1	1	1	1	1	1	1	1	1	1	1	1	1	1	1	1	1	1	1	1	1	1	1	1	1	1	1	1	1	1	1	1	1	1	1	1	1	1	1	1	1	1	1	1	1	1	1	1	1	1	1	1	1	0.8676	0.915	0.0784	0	0.4776	0.7174	0.9026	0.4522	0.95	0.76	0.9802	0.955	0.813	0.3908	0.667956050571945	0.9224	0.2524	0.0294	0.5306	0.4474	0.5518	0.4212	0.206	0.719	0.3532	0.638054654654654	0.2788	0.675	0.8686	0.0346	0.5982	0.6796	0.2742	0.2942	0.1538	0.9366	0.575715703140628	0.902678014184397	0.849749096748294	0.7432	0.972	0.159100341296928	0.5728	0.97	0.459797198879552	0.967187264717661	0.951164401560255	0.7714	0.1494	0.3918	0.651945249597423	0.6578	0.7942	0.494	0.9134	0.670242299959791	0.641	0.3158	0.3676	0.9692	0.942	0.8216	0.886308908908909	0.9566	0.9124	0.426542811373649	0.968	0.9638	0.329468733746749	0.2522	0.7064	0.9232	0.5252	0.9416	0.4274	0.50888612670409	0.7908	0.1206	0.301	0.9668	0.9684	0.9766	0.9544	0.976	0.9552	0.8284	0.915726789366053	0.1168	0.065	0.92	0.0494	0.2724	0.2248	0.0928000000000001	0.775	0.0652000000000001	0.74610412164866	0.893944462279293	0.6644	0.927269526507487	0.262258012820513	0.3808	0.577	0.960969687249398	0.948725967515541	0.7218	0.761247884499699	0.7148	0.9084	0.8274	0.8508	0.9412	0.381404404404404	0.0328372223334	0.9744	0.669936907381476	0.9898	0.8442	0.299	0.4262	0.462	0.8398	0.967103135747522	0.923	0.9442	0.9706	0.8698	0.1278	0.9346	0.4486	0.466926245103525	0.970976776776777	0.9856	0.119826805361072	0.824700581278813	0.339885988791033	0.461797590361446	0.751863461538462	0.4758	0.2658	0.8674	0.385	0.7104	0.975395674809772	0.3136	0.3702	0.9556	0.0166	0.3438	0.5786	0.6584	0.9646	0.16	0.3302	0.9232	0.7076	0.2466	0.912	0.3254	0.8856	0.775850891604889	0.566092154875329	0.5392	0.725	0.7754	0.2432	0.915	0.9744	0.1382	0.8788	0.7076	0.5402	0.730208887093517	0.227452770554111	0.301	0.72247526665325	0.747	0.487	0.8278	0.5418	0.1264	0.7448	0.9698	0.6768	0.1668	0.5836	0.9812	0.908	0.9594	0.9714	0.6706	0.6024	0.5276	0.847	0.1268	0.449	0.0974	0.7924	0.5576	0.4364	0.8786	0.2112	0.514905977382875	1	0.9862	0.964499898887766	0.952666531110207	0.902828128821851	0.974597758206565	0.917153753753754	0.3216	0.9722	0.693	0.526	0.2862	0.9918	0.9572	0.9656	0.9562	0.934	0.796921833534379	0.1834	0.037	0.974	0.926185354044785	0.9704	0.955888273615635	0.894173124749298	0.971337861330099	0.900348223961469	0.9674	0.9624	0.4132	0.9412	0.9608	0.297	0.1852	0.4658	0.9682	0.1776	0.5262	0.965	0.7084	0.9372	0.339	0.4321608329996	0.9508	0.268	0.315	0.886	0.5784	0.68165691285973	0.7426	0.954	0.9342	0.9666	0.955	0.3558	0.953	0.943379503602882
SRR7146578	1	1	1	1	1	1	1	1	1	1	1	1	1	1	1	1	1	1	1	1	1	1	1	1	1	1	1	1	1	1	1	1	1	1	1	1	1	1	1	1	1	1	1	1	1	1	1	1	1	1	1	1	1	1	1	1	1	1	1	1	1	1	1	1	1	1	0.866	0.9016	0.4552	0.4776	0	0.6748	0.6042	0.306	0.9508	0.6782	0.9196	0.9534	0.6878	0.4126	0.55949676901465	0.9108	0.4566	0.4848	0.5366	0.4514	0.4858	0.4342	0.4408	0.7084	0.4314	0.609662062062062	0.4756	0.612	0.8238	0.484	0.4838	0.6302	0.4762	0.4684	0.478	0.9224	0.245261412282457	0.892101317122594	0.697340666399036	0.7526	0.6126	0.462959566352138	0.5074	0.9226	0.340961584633854	0.924183179815779	0.914364401560254	0.5888	0.4714	0.3518	0.578138808373591	0.6612	0.6822	0.4838	0.5772	0.618117893043828	0.4864	0.4694	0.4428	0.9646	0.744	0.4526	0.565305305305305	0.9126	0.9122	0.40436563876652	0.9834	0.9666	0.425589877975595	0.448	0.414	0.9106	0.473	0.7674	0.1736	0.445515316760224	0.5474	0.4848	0.4472	0.9556	0.8602	0.976	0.9566	0.9756	0.9366	0.7336	0.93637627811861	0.3842	0.4618	0.955	0.4554	0.366	0.4488	0.4812	0.724	0.4668	0.703704281712685	0.894893097913322	0.6086	0.66011177660866	0.457168269230769	0.3516	0.5012	0.908328307939054	0.90959562863445	0.6266	0.766023380790054	0.5718	0.8678	0.7802	0.8016	0.8788	0.454983583583583	0.467993516109666	0.9794	0.615524144828966	0.9834	0.5158	0.4284	0.4628	0.4424	0.8466	0.960504794659114	0.7842	0.9074	0.9792	0.8666	0.4712	0.5952	0.411	0.428407050923335	0.934991991991992	0.9842	0.401394478895779	0.822650310683504	0.348499279423539	0.481386345381526	0.666958333333334	0.4662	0.4826	0.615	0.468	0.6928	0.942793752503004	0.4526	0.4192	0.8666	0.476	0.4768	0.5228	0.6498	0.8766	0.4572	0.3594	0.903	0.6988	0.483	0.9238	0.4732	0.888	0.751378401122019	0.510397445773363	0.3896	0.6914	0.62	0.4708	0.9286	0.9572	0.4752	0.7544	0.5418	0.4736	0.443908907291456	0.455595479095819	0.3884	0.673095592674583	0.5812	0.4182	0.762	0.4726	0.4742	0.557	0.9032	0.694	0.4632	0.5294	0.932	0.8694	0.9456	0.9616	0.5876	0.466	0.4966	0.8108	0.4372	0.4506	0.4334	0.7278	0.4576	0.4284	0.8962	0.4768	0.489782552504039	0.9508	0.938	0.754630738119312	0.917213176087841	0.861356053811659	0.935397758206565	0.883946946946947	0.4594	0.7914	0.6828	0.5326	0.4138	0.9426	0.9674	0.9636	0.9274	0.9204	0.814282106956172	0.4236	0.4716	0.7338	0.649084728666532	0.8252	0.786423127035831	0.566936060970718	0.836457934101476	0.63416528195866	0.9684	0.893	0.4298	0.9304	0.9712	0.4394	0.4492	0.3792	0.9526	0.4658	0.5068	0.9282	0.6632	0.8752	0.3822	0.351908209851822	0.9092	0.473	0.3746	0.9052	0.5728	0.66959613604347	0.658	0.9712	0.9396	0.974	0.9226	0.463	0.9434	0.915576461168935
SRR7146580	1	1	1	1	1	1	1	1	1	1	1	1	1	1	1	1	1	1	1	1	1	1	1	1	1	1	1	1	1	1	1	1	1	1	1	1	1	1	1	1	1	1	1	1	1	1	1	1	1	1	1	1	1	1	1	1	1	1	1	1	1	1	1	1	1	1	0.5172	0.8486	0.6896	0.7174	0.6748	0	0.809	0.628	0.78	0.473	0.7702	0.8794	0.5544	0.532	0.559787116195063	0.9072	0.6178	0.7152	0.6926	0.5306	0.6906	0.6334	0.6842	0.7058	0.625	0.64052032032032	0.7026	0.5158	0.7872	0.7152	0.605	0.6128	0.5826	0.6542	0.6376	0.729	0.57198675735147	0.902833029381966	0.797531031714171	0.6334	0.8546	0.70274278257378	0.5028	0.859	0.578995198079232	0.843575010012014	0.83906778895504	0.586	0.6566	0.6332	0.656996779388084	0.5338	0.7536	0.4842	0.7662	0.474176598311218	0.6116	0.6384	0.5434	0.7122	0.9454	0.7006	0.829712312312312	0.6672	0.9096	0.561640688826592	0.809	0.8156	0.663190078015603	0.6364	0.6394	0.7382	0.2902	0.8236	0.6632	0.61802774659182	0.6796	0.7196	0.628	0.9526	0.855	0.9574	0.8024	0.7774	0.7394	0.685	0.863832310838446	0.708	0.6992	0.9484	0.6996	0.6426	0.693	0.6802	0.5898	0.7028	0.573484513805522	0.759077367576244	0.47	0.941587373532983	0.592802884615385	0.5872	0.5158	0.818078748997594	0.863529095648686	0.4984	0.388511289352316	0.5634	0.6808	0.4736	0.7218	0.9096	0.644774174174174	0.71919963978387	0.7376	0.638198159631926	0.9698	0.6892	0.585	0.5458	0.6526	0.6052	0.74005110256929	0.8028	0.645	0.8146	0.7256	0.6444	0.9038	0.6546	0.532715053161724	0.820182982982983	0.9086	0.64818599719944	0.726107436359992	0.647163170536429	0.654940562248996	0.620916346153846	0.5748	0.7002	0.7292	0.5994	0.5868	0.80659759711654	0.5836	0.5724	0.8398	0.7078	0.6308	0.5132	0.6616	0.7424	0.624	0.6298	0.9028	0.6066	0.6664	0.7744	0.698	0.7606	0.493911320376678	0.666918183661058	0.5816	0.5698	0.7392	0.6254	0.87	0.9226	0.6512	0.8798	0.662	0.5446	0.632743728539689	0.635185597119424	0.7146	0.572606641175287	0.7114	0.6286	0.7912	0.6578	0.693	0.6426	0.8312	0.5872	0.6912	0.6344	0.7972	0.6622	0.7872	0.782	0.6666	0.6146	0.6292	0.8318	0.639	0.6576	0.6878	0.696	0.5866	0.539	0.8546	0.6496	0.621467205169629	0.8106	0.7952	0.877305358948433	0.805462627084181	0.855627395026498	0.865798238590873	0.732852852852853	0.6346	0.5848	0.6346	0.7012	0.5588	0.8078	0.7748	0.7686	0.6878	0.9272	0.706468837957378	0.6174	0.7116	0.874	0.929058704861812	0.8718	0.851985016286645	0.787679342158042	0.855465009096422	0.727310254866546	0.8176	0.735	0.58	0.9168	0.9106	0.644	0.6378	0.5768	0.947	0.63	0.692	0.8276	0.5372	0.906	0.6722	0.529101001201442	0.5794	0.597	0.6872	0.8646	0.4958	0.654439404306702	0.5876	0.8426	0.654	0.8684	0.7292	0.5422	0.7572	0.827379503602882
SRR7146581	1	1	1	1	1	1	1	1	1	1	1	1	1	1	1	1	1	1	1	1	1	1	1	1	1	1	1	1	1	1	1	1	1	1	1	1	1	1	1	1	1	1	1	1	1	1	1	1	1	1	1	1	1	1	1	1	1	1	1	1	1	1	1	1	1	1	0.8336	0.8974	0.8552	0.9026	0.6042	0.809	0	0.6442	0.8712	0.706	0.8812	0.9052	0.6708	0.825	0.744828817981136	0.913	0.8768	0.9052	0.8862	0.8354	0.8244	0.884	0.8386	0.8876	0.8858	0.874997597597598	0.8774	0.7656	0.877	0.9042	0.8316	0.8756	0.8324	0.86	0.871	0.835	0.575342068413683	0.903238500506585	0.722002408671216	0.8732	0.4594	0.880544308371813	0.8524	0.9582	0.778961024409764	0.946366359631558	0.945563128721002	0.7628	0.8822	0.7846	0.871961352657005	0.8702	0.7394	0.7158	0.497	0.780298914354644	0.7212	0.8788	0.7914	0.8712	0.6934	0.6118	0.355573773773774	0.8412	0.913	0.784528874649579	0.9012	0.889	0.833789637927586	0.8442	0.2268	0.835599999999999	0.8212	0.7444	0.5988	0.809473456295108	0.631	0.9064	0.7924	0.9468	0.8842	0.9588	0.871	0.899	0.8654	0.843	0.915032310838446	0.813	0.874	0.947	0.863	0.805	0.8136	0.8638	0.8616	0.8874	0.738562945178071	0.840408988764045	0.8022	0.607027114528531	0.813520512820513	0.6814	0.7256	0.920920128307939	0.774788851012633	0.7276	0.824964026468819	0.742	0.8476	0.8298	0.8598	0.8684	0.866979179179179	0.894393396037623	0.983	0.705784276855371	0.9816	0.4232	0.7884	0.8268	0.8198	0.7818	0.869157191988671	0.718	0.8428	0.9002	0.8446	0.8414	0.3194	0.8556	0.85441410184667	0.931384784784785	0.9642	0.853195599119824	0.796506073361395	0.767111449159327	0.851895582329317	0.829333653846154	0.8536	0.8784	0.6856	0.7968	0.8622	0.962797356828194	0.836	0.8528	0.942	0.8918	0.8798	0.6354	0.852	0.8176	0.8136	0.7404	0.919	0.8554	0.857	0.81	0.8794	0.8166	0.760147705870567	0.800061828501926	0.7254	0.7304	0.7186	0.8596	0.8702	0.9336	0.8852	0.7472	0.6864	0.785	0.612193132700464	0.867197559511902	0.8174	0.822955443751258	0.7834	0.8052	0.8276	0.8126	0.8914	0.6884	0.9108	0.868	0.8842	0.7874	0.927	0.8172	0.8828	0.8666	0.768	0.7732	0.8328	0.8874	0.8268	0.848	0.8472	0.8372	0.8114	0.7496	0.7962	0.887	0.824439418416801	0.9436	0.9336	0.737619615773509	0.851852623017487	0.893956053811659	0.96879679743795	0.769855455455455	0.8268	0.7542	0.8612	0.893	0.7702	0.9496	0.8692	0.8732	0.8534	0.9322	0.782550462404503	0.8824	0.893	0.805	0.271011862013314	0.8362	0.791143648208469	0.538804412354593	0.872057934101476	0.406893598233996	0.894999999999999	0.8352	0.8606	0.9396	0.9454	0.851	0.8692	0.8232	0.9534	0.873	0.8738	0.9232	0.8402	0.8652	0.7926	0.746898598317981	0.9286	0.8188	0.7828	0.8108	0.7984	0.878697685651036	0.7796	0.8844	0.8456	0.8916	0.8546	0.8068	0.8792	0.939379503602882
SRR7146582	1	1	1	1	1	1	1	1	1	1	1	1	1	1	1	1	1	1	1	1	1	1	1	1	1	1	1	1	1	1	1	1	1	1	1	1	1	1	1	1	1	1	1	1	1	1	1	1	1	1	1	1	1	1	1	1	1	1	1	1	1	1	1	1	1	1	0.8292	0.8978	0.4132	0.4522	0.306	0.628	0.6442	0	0.9232	0.4912	0.9054	0.9184	0.6732	0.3776	0.537748023279149	0.9112	0.4238	0.449	0.5148	0.2482	0.4376	0.4342	0.3388	0.6942	0.4426	0.627041441441442	0.4384	0.391	0.8406	0.4512	0.528	0.6454	0.4058	0.406	0.419	0.886	0.36991374274855	0.908230395136778	0.68095150541951	0.7164	0.7854	0.441537442280667	0.5102	0.9546	0.366960944377751	0.948969963956748	0.940963128721002	0.5876	0.4246	0.3252	0.648932367149758	0.645	0.5018	0.4018	0.6886	0.535492400482509	0.3498	0.4186	0.4008	0.9162	0.7746	0.6108	0.725504504504505	0.9038	0.9148	0.339086583900681	0.9422	0.9318	0.371184636927386	0.3722	0.4718	0.9052	0.414	0.73	0.2424	0.320185244587009	0.552	0.4516	0.3818	0.9448	0.893	0.965	0.9318	0.9684	0.9196	0.7792	0.912432310838446	0.3622	0.4194	0.9482	0.4144	0.3562	0.38	0.4038	0.707	0.4408	0.62848131252501	0.816178170144462	0.6114	0.770759206798867	0.398972756410257	0.2112	0.445	0.919525421010425	0.83793358732705	0.4674	0.708935271706437	0.5686	0.8638	0.8206	0.8116	0.8632	0.407366966966967	0.443593396037623	0.9898	0.551324144828966	0.9846	0.6366	0.3884	0.2406	0.3868	0.6874	0.911398705239733	0.7124	0.8756	0.9664	0.8046	0.4208	0.6932	0.416	0.433213094571908	0.898327527527528	0.953	0.409992318463693	0.785420324714372	0.190191673338671	0.463933333333333	0.697617948717949	0.4332	0.4232	0.6606	0.3406	0.7026	0.949797356828194	0.312	0.3334	0.9518	0.4404	0.4192	0.457	0.6266	0.878	0.4044	0.3108	0.9146	0.6076	0.372	0.8406	0.4354	0.8596	0.686978761771188	0.484802878572877	0.381	0.5978	0.4522	0.3998	0.7554	0.9436	0.4298	0.7408	0.3634	0.4924	0.536593213492224	0.415398319663933	0.3708	0.603701308110284	0.6368	0.3216	0.742	0.2746	0.4358	0.383	0.9204	0.6538	0.4222	0.447	0.9596	0.8752	0.951	0.9338	0.492	0.451	0.4276	0.8362	0.347	0.3152	0.3758	0.7448	0.4362	0.3318	0.8336	0.4296	0.422379644588045	0.9738	0.9662	0.770088776541962	0.910013176087841	0.902356053811659	0.973198238590873	0.851546946946947	0.3934	0.6292	0.4982	0.5182	0.357	0.9698	0.9176	0.935	0.8776	0.9334	0.737214153598713	0.4384	0.4404	0.7886	0.767524631833771	0.8508	0.798211726384365	0.610055836341757	0.867266504952497	0.719776881396749	0.9624	0.8692	0.2448	0.9496	0.9366	0.3894	0.4142	0.3788	0.9612	0.413	0.4916	0.9354	0.6084	0.8714	0.3468	0.294807529034842	0.9226	0.4274	0.3286	0.843	0.5222	0.690358341718656	0.6436	0.9274	0.8876	0.9308	0.888	0.3908	0.949	0.942979503602882
SRR7146583	1	1	1	1	1	1	1	1	1	1	1	1	1	1	1	1	1	1	1	1	1	1	1	1	1	1	1	1	1	1	1	1	1	1	1	1	1	1	1	1	1	1	1	1	1	1	1	1	1	1	1	1	1	1	1	1	1	1	1	1	1	1	1	1	1	1	0.807	0.9436	0.9602	0.95	0.9508	0.78	0.8712	0.9232	0	0.8422	0.8374	0.8642	0.7376	0.9204	0.781399558498896	0.9726	0.9542	0.9768	0.966	0.9108	0.9696	0.9546	0.9604	0.9716	0.9564	0.939381781781782	0.9596	0.8272	0.9392	0.9738	0.9536	0.9456	0.8752	0.9056	0.9488	0.339	0.923596479295859	0.796384599797366	0.754724126856684	0.8832	0.9312	0.861969724954829	0.935	0.9396	0.910588075230092	0.895124068882659	0.696774994867584	0.9298	0.9586	0.9582	0.779396779388084	0.9154	0.908	0.6392	0.9218	0.751971290711701	0.8738	0.9574	0.7194	0.6956	0.9708	0.9208	0.904139139139139	0.481	0.9692	0.84926856227473	0.8022	0.788	0.931591078215643	0.9238	0.8888	0.4312	0.8862	0.9384	0.9404	0.717118845228549	0.9042	0.977	0.8886	0.9762	0.91	0.9206	0.5234	0.3304	0.371	0.8592	0.715302658486708	0.9718	0.962	0.8658	0.9642	0.9046	0.9734	0.9672	0.942	0.9628	0.861396398559424	0.816569823434992	0.7806	0.726118332658843	0.811970192307692	0.8392	0.8988	0.863581555733761	0.933695728895127	0.8508	0.81721523962302	0.9058	0.8436	0.8032	0.9286	0.9152	0.877725525525526	0.955584630778467	0.8842	0.959197479495899	0.948	0.92	0.79	0.9074	0.8982	0.7104	0.60516528424034	0.8578	0.3708	0.2418	0.9082	0.893	0.944	0.9364	0.850304868494684	0.944566766766767	0.9786	0.941395919183837	0.773966285828824	0.937784787830264	0.856546184738956	0.83884391025641	0.9386	0.967	0.9322	0.9182	0.7018	0.93636924309171	0.903	0.9562	0.9272	0.962	0.9572	0.7362	0.9188	0.3224	0.844	0.8964	0.9618	0.9382	0.9688	0.8126	0.9482	0.7634	0.594060108194751	0.735607541050071	0.844	0.7926	0.9344	0.9422	0.9106	0.9276	0.958	0.7086	0.9124	0.7716	0.818792647949909	0.905790318063613	0.8408	0.790419279533105	0.8738	0.8796	0.9664	0.9526	0.9312	0.9422	0.93	0.9032	0.9302	0.9132	0.768	0.412	0.3482	0.251	0.9636	0.9504	0.9258	0.9658	0.94	0.9626	0.966	0.9086	0.9548	0.8638	0.8688	0.9478	0.683668820678514	0.792	0.7822	0.726472800808898	0.699159658397723	0.701393069710558	0.892746357085669	0.797133733733734	0.8816	0.836	0.9262	0.9692	0.8008	0.7908	0.3648	0.2814	0.4882	0.9646	0.867495054282268	0.9318	0.9774	0.9356	0.7572820254186	0.8932	0.670412703583062	0.749063136782992	0.719779300586214	0.770325185631145	0.3686	0.6754	0.9324	0.8384	0.9308	0.9348	0.958	0.9432	0.9574	0.9494	0.9606	0.8984	0.929199999999999	0.9634	0.9534	0.834065438526231	0.9248	0.7734	0.9712	0.8534	0.7724	0.720767921110887	0.8394	0.7744	0.423	0.8318	0.4498	0.7448	0.4916	0.696373738991193
SRR7146584	1	1	1	1	1	1	1	1	1	1	1	1	1	1	1	1	1	1	1	1	1	1	1	1	1	1	1	1	1	1	1	1	1	1	1	1	1	1	1	1	1	1	1	1	1	1	1	1	1	1	1	1	1	1	1	1	1	1	1	1	1	1	1	1	1	1	0.6708	0.833	0.7226	0.76	0.6782	0.473	0.706	0.4912	0.8422	0	0.7424	0.8734	0.4814	0.4978	0.440589163154726	0.8692	0.638	0.7524	0.678	0.537	0.6434	0.613	0.5644	0.7216	0.594	0.595709109109109	0.7494	0.4284	0.7688	0.769	0.62	0.6174	0.6406	0.674	0.6798	0.8084	0.514761272254451	0.887572441742654	0.728251384985949	0.5984	0.7364	0.738683276450512	0.4334	0.78	0.502337174869948	0.728166359631558	0.829386204064874	0.4004	0.637	0.6218	0.691668921095008	0.629	0.5508	0.5452	0.6862	0.379354885404101	0.4762	0.674	0.6132	0.7578	0.8368	0.5858	0.684882682682683	0.7576	0.8682	0.559970764917902	0.8214	0.851	0.570981836367273	0.6338	0.6218	0.8254	0.4942	0.7468	0.6508	0.534926222935044	0.5246	0.7044	0.6224	0.9058	0.7326	0.9504	0.8664	0.897	0.8216	0.5992	0.844110838445808	0.7164	0.7206	0.8388	0.7288	0.6062	0.6548	0.7226	0.524	0.7502	0.359345658263305	0.716903370786517	0.5218	0.872293484419263	0.659874358974359	0.5826	0.5462	0.724200801924619	0.731858191297374	0.1998	0.596426829757369	0.5154	0.636	0.6682	0.7084	0.8576	0.68155015015015	0.741777186311787	0.9618	0.575777675535107	0.9824	0.5652	0.6248	0.558	0.6388	0.5226	0.817494922112077	0.6914	0.6222	0.8978	0.655	0.6962	0.8036	0.6572	0.509369445998881	0.695311111111111	0.8654	0.659776075215043	0.651757706955302	0.526942514011209	0.64761124497992	0.476151602564102	0.68	0.6278	0.5666	0.5606	0.56	0.712193271926312	0.524	0.4702	0.7502	0.7536	0.591	0.5298	0.6792	0.7644	0.657	0.6128	0.794	0.5042	0.6222	0.6394	0.6962	0.8014	0.54545289521138	0.587063855665923	0.5512	0.3472	0.579	0.6102	0.7246	0.8914	0.681	0.8084	0.548	0.6464	0.52708931528984	0.646176955391078	0.6858	0.43002624270477	0.6346	0.5186	0.702	0.5584	0.7196	0.4876	0.7486	0.552	0.6542	0.5648	0.8172	0.7542	0.859	0.8394	0.6216	0.5338	0.5844	0.7902	0.6418	0.5694	0.6828	0.648	0.536	0.5112	0.7684	0.6492	0.610651050080775	0.8318	0.8178	0.813507583417594	0.701978609190728	0.781637668161435	0.79419743795036	0.584214614614615	0.6606	0.6376	0.5458	0.6852	0.6244	0.8288	0.8494	0.8536	0.7394	0.883	0.574478568556494	0.668	0.759	0.8088	0.867758079483559	0.7714	0.780081107491857	0.573361492178099	0.695865009096422	0.806389243427654	0.8848	0.7372	0.5098	0.8776	0.8688	0.6222	0.6884	0.5654	0.9274	0.6492	0.7168	0.714	0.5312	0.8212	0.6518	0.431336643972767	0.8148	0.6744	0.6612	0.7814	0.47	0.670808573153552	0.5136	0.825	0.7698	0.8312	0.7672	0.6198	0.8616	0.741379503602882
SRR7146585	1	1	1	1	1	1	1	1	1	1	1	1	1	1	1	1	1	1	1	1	1	1	1	1	1	1	1	1	1	1	1	1	1	1	1	1	1	1	1	1	1	1	1	1	1	1	1	1	1	1	1	1	1	1	1	1	1	1	1	1	1	1	1	1	1	1	0.616	0.8512	0.9684	0.9802	0.9196	0.7702	0.8812	0.9054	0.8374	0.7424	0	0.8876	0.5612	0.838	0.891550270921132	0.9802	0.9228	0.9872	0.9704	0.9332	0.9734	0.9712	0.9638	0.973	0.9706	0.946167167167167	0.946	0.823	0.9366	0.9864	0.906	0.963	0.7456	0.9232	0.8382	0.8322	0.847176955391078	0.900788449848024	0.891919630670413	0.5474	0.6794	0.945495482834772	0.7198	0.75	0.776524529811925	0.576493872647177	0.901060151919524	0.6496	0.9294	0.9516	0.856446376811594	0.9176	0.9052	0.7936	0.801	0.67915432247688	0.9	0.895	0.8474	0.4708	0.7552	0.8716	0.935564564564564	0.6926	0.98	0.883093792551061	0.684	0.8302	0.926990598119624	0.8946	0.9074	0.8398	0.8204	0.4796	0.9332	0.926095589414595	0.8684	0.9878	0.8856	0.9776	0.572	0.9634	0.8512	0.8676	0.8192	0.7466	0.770112065439673	0.957	0.955	0.9686	0.9626	0.9316	0.9464	0.9506	0.7522	0.9704	0.834960384153661	0.724807704654896	0.5298	0.958131930392553	0.794174038461539	0.8938	0.902	0.583500721732157	0.661712211750551	0.7066	0.792915139362342	0.575	0.737	0.8972	0.8392	0.9202	0.787418218218218	0.973793516109666	0.974	0.716147829565913	0.9852	0.867	0.866	0.9314	0.912	0.7178	0.713888084159417	0.658	0.7516	0.851	0.6978	0.9162	0.8592	0.9588	0.8345875769446	0.731741541541542	0.9138	0.950995679135827	0.866087552615755	0.945978863090472	0.936220883534136	0.812361538461539	0.9192	0.969	0.8322	0.7706	0.7126	0.74631117340809	0.8528	0.9238	0.6924	0.9698	0.863	0.7652	0.938	0.8046	0.8948	0.9066	0.9782	0.9152	0.9572	0.6874	0.9608	0.8666	0.743079382889201	0.907836691668356	0.849	0.8456	0.8938	0.8492	0.9318	0.9556	0.8636	0.9508	0.9166	0.724	0.901754716218946	0.911585837167433	0.9716	0.730136727711813	0.9198	0.9232	0.9558	0.9286	0.9628	0.9086	0.6862	0.5512	0.9494	0.902	0.9454	0.8406	0.8474	0.8492	0.9374	0.9586	0.9274	0.9728	0.9122	0.948	0.9658	0.9216	0.9518	0.8144	0.921	0.8146	0.933258804523425	0.9504	0.9394	0.764926592517695	0.853545831638877	0.944036689767631	0.619025620496397	0.728597597597598	0.896	0.84	0.9178	0.978	0.8832	0.9464	0.8322	0.833	0.8118	0.9562	0.826476558102131	0.872	0.9778	0.84	0.964921928585838	0.706	0.874758957654723	0.894182671480144	0.905245765110168	0.884108649407987	0.848	0.5724	0.9354	0.9522	0.9222	0.8306	0.9628	0.9142	0.9636	0.8434	0.9708	0.5062	0.7596	0.9754	0.9608	0.875489707649179	0.8658	0.8736	0.9502	0.9228	0.7434	0.966688951499295	0.805	0.8306	0.6388	0.7142	0.8166	0.7694	0.8396	0.799255884707766
SRR7146587	1	1	1	1	1	1	1	1	1	1	1	1	1	1	1	1	1	1	1	1	1	1	1	1	1	1	1	1	1	1	1	1	1	1	1	1	1	1	1	1	1	1	1	1	1	1	1	1	1	1	1	1	1	1	1	1	1	1	1	1	1	1	1	1	1	1	0.8898	0.7226	0.9532	0.955	0.9534	0.8794	0.9052	0.9184	0.8642	0.8734	0.8876	0	0.8448	0.9348	0.88881372667068	0.9056	0.9588	0.9666	0.9578	0.9196	0.9358	0.9582	0.9538	0.9686	0.9562	0.947991991991992	0.9612	0.8082	0.6	0.966	0.7348	0.9444	0.9032	0.9276	0.9424	0.8796	0.918799559911982	0.538844579533941	0.848455319148936	0.8052	0.9356	0.93634888576591	0.9266	0.9454	0.914797919167667	0.939186784140969	0.910014822418395	0.9192	0.9504	0.9642	0.876826409017713	0.9188	0.9324	0.8818	0.9076	0.876636911942099	0.904	0.8774	0.885	0.8636	0.959	0.9404	0.940183783783784	0.8804	0.6284	0.901185342410893	0.8748	0.8664	0.93519599919984	0.9138	0.9034	0.8804	0.9008	0.9172	0.946	0.927959582999198	0.7684	0.967	0.8956	0.9664	0.9262	0.9602	0.8892	0.913	0.8794	0.909	0.948705521472393	0.9604	0.9568	0.8312	0.9588	0.896	0.9632	0.9484	0.946	0.9482	0.935995278111245	0.908192937399679	0.8566	0.94957652772157	0.860928205128205	0.9	0.9336	0.931761026463512	0.959126488871065	0.8886	0.919557248847002	0.9056	0.9048	0.936	0.8514	0.637	0.915594994994995	0.960398559135481	0.831	0.95539823964793	0.839	0.9168	0.882	0.9086	0.9074	0.7418	0.729257090835525	0.87	0.8648	0.9056	0.8984	0.9118	0.8564	0.9266	0.85312714045887	0.972384984984985	0.8922	0.950799839967993	0.897313128883544	0.938186549239391	0.936795983935743	0.913562179487179	0.934	0.9554	0.922	0.9312	0.942	0.949197356828194	0.9266	0.9594	0.9408	0.9592	0.914	0.885	0.9186	0.9016	0.8932	0.9026	0.9474	0.9214	0.9622	0.8908	0.9448	0.2198	0.850187377279102	0.950345672004865	0.8898	0.9042	0.9506	0.9356	0.9186	0.9218	0.9508	0.943	0.9526	0.8774	0.931178307412644	0.947999039807962	0.954	0.917179150734554	0.9474	0.9082	0.561	0.9314	0.9304	0.9396	0.9256	0.9048	0.941	0.8488	0.934	0.8804	0.8948	0.9062	0.628	0.9648	0.9404	0.9622	0.9362	0.9028	0.9604	0.7036	0.9632	0.9092	0.9456	0.9514	0.924250726978998	0.9486	0.9306	0.936888776541961	0.941703212688085	0.944058214431309	0.878742033626901	0.905792192192192	0.8718	0.8868	0.8466	0.9624	0.8968	0.9474	0.8924	0.9024	0.8926	0.6592	0.93718536389224	0.923	0.9668	0.948	0.950182650796853	0.7958	0.935494136807817	0.928523064580826	0.943525005053568	0.936973389524383	0.9094	0.8614	0.9302	0.9486	0.9646	0.895	0.9566	0.9434	0.6676	0.952	0.9628	0.9102	0.9352	0.9226	0.9436	0.873555546655987	0.869	0.8892	0.9606	0.9378	0.8374	0.890673093177702	0.8914	0.832	0.8624	0.9158	0.893	0.8916	0.8876	0.928969255404323
SRR7146588	1	1	1	1	1	1	1	1	1	1	1	1	1	1	1	1	1	1	1	1	1	1	1	1	1	1	1	1	1	1	1	1	1	1	1	1	1	1	1	1	1	1	1	1	1	1	1	1	1	1	1	1	1	1	1	1	1	1	1	1	1	1	1	1	1	1	0.515	0.7234	0.7742	0.813	0.6878	0.5544	0.6708	0.6732	0.7376	0.4814	0.5612	0.8448	0	0.5528	0.596948223961469	0.878	0.7368	0.8316	0.8072	0.73	0.7302	0.72	0.7632	0.8122	0.7166	0.741905705705706	0.773	0.5448	0.701	0.8278	0.5906	0.7088	0.5804	0.7522	0.6866	0.7038	0.636785557111422	0.801893414387031	0.662834042553192	0.6064	0.7476	0.765076410359366	0.619	0.8658	0.66079087635054	0.860349058870645	0.867033463354547	0.5468	0.7574	0.6568	0.691365861513688	0.6978	0.686	0.4892	0.6562	0.397223803779654	0.6422	0.7062	0.6112	0.6352	0.7278	0.6014	0.726673073073073	0.587	0.8708	0.595793832599119	0.584	0.7552	0.738581556311262	0.712	0.6574	0.7072	0.604	0.5954	0.7068	0.665102646351243	0.5442	0.8348	0.6788	0.94	0.7694	0.9444	0.7496	0.7744	0.7026	0.652	0.676471983640082	0.758	0.7908	0.8704	0.7836	0.6396	0.729	0.7538	0.4802	0.7966	0.552158943577431	0.724605457463884	0.5646	0.83673808174828	0.653823076923077	0.6272	0.6104	0.78282437850842	0.535565390014036	0.4346	0.605130780028073	0.49	0.7402	0.658	0.6694	0.7872	0.77316976976977	0.808393155893536	0.9296	0.588783396679336	0.9518	0.666	0.6498	0.7374	0.7266	0.4978	0.686899251466721	0.5324	0.6388	0.7696	0.6786	0.7346	0.7264	0.7224	0.629351315053162	0.621322722722723	0.8606	0.729178715743149	0.646104790539186	0.680538991192954	0.753608032128514	0.580578525641026	0.7314	0.7948	0.6824	0.5376	0.5116	0.741974849819784	0.644	0.6944	0.6296	0.8088	0.674	0.4522	0.7726	0.6348	0.6884	0.6872	0.894	0.7024	0.769	0.5592	0.8016	0.6864	0.516687317170908	0.675740604094871	0.6	0.5366	0.6846	0.6718	0.8318	0.8828	0.7054	0.7798	0.6928	0.5716	0.654200161583518	0.688776715343069	0.7534	0.450824431475146	0.6932	0.6408	0.6996	0.7512	0.7586	0.6238	0.865	0.5286	0.7756	0.6326	0.8336	0.6406	0.742	0.7252	0.6714	0.649	0.683	0.8212	0.7268	0.7188	0.7644	0.608	0.6482	0.5584	0.7718	0.643	0.689067528271406	0.847	0.8312	0.821359150657229	0.726079381862546	0.795965919282511	0.810990872698158	0.639043843843844	0.6826	0.7462	0.7376	0.8162	0.6182	0.8472	0.7362	0.7398	0.6722	0.858	0.598614877362284	0.7618	0.8162	0.7954	0.842618801694573	0.6362	0.763617589576547	0.72047260328921	0.824020012128563	0.754528516957656	0.7602	0.687	0.7384	0.8828	0.857	0.615	0.712	0.6184	0.8734	0.6756	0.7954	0.8044	0.4916	0.8328	0.7454	0.560858470164197	0.8258	0.6682	0.7458	0.7764	0.5572	0.706829422418998	0.5544	0.7462	0.536	0.626	0.6622	0.5686	0.7252	0.723674459567654
SRR7146589	1	1	1	1	1	1	1	1	1	1	1	1	1	1	1	1	1	1	1	1	1	1	1	1	1	1	1	1	1	1	1	1	1	1	1	1	1	1	1	1	1	1	1	1	1	1	1	1	1	1	1	1	1	1	1	1	1	1	1	1	1	1	1	1	1	1	0.7162	0.8164	0.356	0.3908	0.4126	0.532	0.825	0.3776	0.9204	0.4978	0.838	0.9348	0.5528	0	0.495528075456552	0.8772	0.2792	0.399	0.5074	0.3778	0.4786	0.3006	0.3238	0.6614	0.185	0.570180580580581	0.362	0.452	0.7508	0.398	0.4284	0.4468	0.2678	0.3116	0.2798	0.878	0.434712022404481	0.896193515704154	0.761868727418707	0.6122	0.8586	0.387942019674764	0.3518	0.8742	0.345789595838335	0.833169963956748	0.88211989324574	0.5706	0.3334	0.221	0.61382576489533	0.5512	0.7018	0.4076	0.6946	0.387414073180539	0.5342	0.307	0.3032	0.8398	0.9204	0.6414	0.770499099099099	0.786	0.8752	0.229237565078094	0.8444	0.9032	0.309193158631726	0.3298	0.6378	0.8798	0.3146	0.809	0.3954	0.41514033680834	0.6304	0.4034	0.3026	0.911	0.8622	0.9576	0.9192	0.9468	0.8856	0.697	0.81158282208589	0.3852	0.3616	0.9356	0.3684	0.3042	0.333	0.3694	0.4612	0.3776	0.591887474989996	0.813900481540931	0.5382	0.916952165115338	0.365765384615385	0.3312	0.458	0.82824073777065	0.810129095648687	0.4352	0.62841816723481	0.5552	0.7796	0.732	0.7402	0.8882	0.36937977977978	0.386793396037623	0.9756	0.581922184436888	0.9798	0.7064	0.3048	0.3708	0.368	0.6754	0.918694922112078	0.757	0.725	0.9506	0.7042	0.3556	0.8822	0.336	0.304703861219922	0.749782382382382	0.8718	0.307784356871374	0.777009741431149	0.319964771817454	0.454324497991968	0.611447115384615	0.4232	0.3478	0.7084	0.2398	0.507	0.78159759711654	0.2208	0.2032	0.7642	0.3838	0.2722	0.4726	0.592	0.8494	0.336	0.313	0.8778	0.5814	0.3214	0.761	0.3514	0.8604	0.660526467641755	0.518610338536388	0.4624	0.5824	0.7204	0.2296	0.8798	0.9222	0.2846	0.8364	0.6416	0.4716	0.606147606544132	0.289979395879176	0.3478	0.473184906419803	0.6574	0.3674	0.7494	0.5008	0.3618	0.6122	0.8398	0.5696	0.3616	0.4812	0.869	0.8056	0.9108	0.9034	0.6096	0.3938	0.327	0.7938	0.3172	0.3518	0.362	0.5968	0.3164	0.2722	0.838	0.2766	0.440390306946688	0.8828	0.8702	0.900199191102123	0.775199511996747	0.809231227068895	0.892398238590873	0.772490490490491	0.3304	0.8416	0.6156	0.5098	0.3014	0.8796	0.916800000000001	0.9116	0.8416	0.8894	0.67833952553277	0.349	0.3846	0.8706	0.901999717571112	0.848	0.86862996742671	0.776566947452868	0.832929290479078	0.853052016857315	0.9364	0.8694	0.2896	0.9124	0.8704	0.2862	0.2788	0.2596	0.9322	0.2662	0.485	0.8228	0.4824	0.8608	0.3294	0.241827953544253	0.878	0.3728	0.328	0.8504	0.478	0.640492573958543	0.5596	0.8672	0.8018	0.8326	0.847	0.3354	0.9148	0.750779503602882
SRR7146590	1	1	1	1	1	1	1	1	1	1	1	1	1	1	1	1	1	1	1	1	1	1	1	1	1	1	1	1	1	1	1	1	1	1	1	1	1	1	1	1	1	1	1	1	1	1	1	1	1	1	1	1	1	1	1	1	1	1	1	1	1	1	1	1	1	1	0.781858759783264	0.888352919927754	0.639550592012844	0.667956050571945	0.55949676901465	0.559787116195063	0.744828817981136	0.537748023279149	0.781399558498896	0.440589163154726	0.891550270921132	0.88881372667068	0.596948223961469	0.495528075456552	0	0.843163234998996	0.577898133654425	0.686556050571945	0.672330122416215	0.589636644591611	0.525036042544652	0.601519887617901	0.574668031306442	0.627363234998996	0.44174308649408	0.616652293473485	0.66714581577363	0.48421352598836	0.798150190648204	0.684156050571945	0.540706241220148	0.499924061810154	0.622562954043749	0.548586915512743	0.658130122416215	0.754606983744732	0.451197524273067	0.816395684537153	0.699952016704245	0.64971402769416	0.726890909090909	0.575742749197905	0.39766871362633	0.665984025687337	0.442965265576429	0.55998544832165	0.78244367948129	0.435550431466988	0.665130122416215	0.522987597832631	0.568255983386994	0.576890628135661	0.603216536223159	0.524133614288581	0.70726498093518	0.322571411072677	0.425703752759382	0.652513746738912	0.493738470800722	0.866914790286976	0.838021312462372	0.568309331727875	0.535347026737755	0.815645875978326	0.83916801123821	0.477533304866502	0.890392574754164	0.877806903471804	0.56026079789508	0.596219586594421	0.551568091511138	0.761893718643387	0.5251711418824	0.835870439494281	0.555676299418021	0.4554439384203	0.589608348384507	0.689356050571945	0.515412843668473	0.880973469797311	0.570578567128236	0.92609969897652	0.813275215733494	0.877713425647201	0.756265061208107	0.411956732891832	0.843851918609161	0.604904274533414	0.650530122416215	0.870936544250452	0.646924663857114	0.52968850090307	0.583903592213526	0.668922616897451	0.587726991772025	0.662750592012844	0.488446070782316	0.748165311014109	0.471726791089705	0.756338487319858	0.575229337439602	0.524261368653421	0.469023841059603	0.587499543355186	0.845389664743827	0.403874533413606	0.639370692115776	0.588069757174393	0.581270760585992	0.621755047160345	0.760711980734497	0.81991069636765	0.573803665194394	0.656734317532121	0.884629420028096	0.599704006625126	0.956494240417419	0.52775308047361	0.517033313265101	0.594419586594421	0.509066064619707	0.684263014248445	0.837463114017155	0.714738832028898	0.714535259883604	0.825246638571142	0.748300461569336	0.613239373871162	0.815252699177202	0.534524061810155	0.4076813600489	0.647683324504517	0.902731165964278	0.590099516993505	0.69083024194468	0.532933752179347	0.586386968705647	0.555732037002732	0.648666666666667	0.629724663857114	0.55235035119406	0.604040056191049	0.537478627332932	0.620967235738073	0.565029139072848	0.423231868352398	0.652596989765202	0.667325346177002	0.655724663857114	0.494833995584989	0.564631948625326	0.727469074854505	0.572175235801726	0.471404053782862	0.855763234998996	0.584847240618101	0.586015572948023	0.813099779249448	0.592329520369255	0.797218502909894	0.539677942471846	0.503290225892299	0.478623841059603	0.378830784667871	0.659016536223159	0.613724663857114	0.847658077463375	0.918983624322697	0.661924663857114	0.720039133052378	0.568037005819787	0.593928838049368	0.275234646515584	0.605307053784829	0.47101846277343	0.442702693686609	0.543050130443508	0.431575998394541	0.668926389725065	0.57118819987959	0.640724663857114	0.608222677102147	0.639165603050371	0.636103110575958	0.629951274332731	0.45435015051174	0.690783022275737	0.727073168773831	0.785465061208108	0.786774232390127	0.568776680714429	0.437771984748143	0.509552799518362	0.769768693558098	0.591530122416215	0.540349387918924	0.613663255067228	0.639550190648204	0.456608749749147	0.530553401565322	0.813152317880794	0.661924663857114	0.500646462917376	0.684383022275737	0.657583022275738	0.806838742117537	0.681524095303454	0.716958285975006	0.660783051486343	0.550585263168045	0.577662572747341	0.71577234597632	0.555432911900462	0.672356050571945	0.513649006622516	0.689402127232591	0.770729961870359	0.784855508729681	0.74640766606462	0.863183624322697	0.700884696750617	0.609499418021272	0.671956050571945	0.861662251655629	0.776018855474359	0.837613806943608	0.693215033720513	0.547818056723788	0.456524530279847	0.758980533814971	0.822678025285972	0.791071121814168	0.537184105960265	0.848306602448324	0.935566566325507	0.616322616897451	0.622524663857114	0.530324663857114	0.950583624322697	0.64951715833835	0.647950592012844	0.558731567328918	0.571849889624724	0.794563234998997	0.521682520569938	0.353393166722805	0.868910616094722	0.617380012040939	0.537249769215332	0.817733895243829	0.536103592213526	0.554722482279961	0.513512743327313	0.823673168773831	0.827279991972707	0.880679911699779	0.74423299217339	0.57272815572948	0.790255508729681	0.728745067095217
SRR7146591	1	1	1	1	1	1	1	1	1	1	1	1	1	1	1	1	1	1	1	1	1	1	1	1	1	1	1	1	1	1	1	1	1	1	1	1	1	1	1	1	1	1	1	1	1	1	1	1	1	1	1	1	1	1	1	1	1	1	1	1	1	1	1	1	1	1	0.8996	0.8416	0.907	0.9224	0.9108	0.9072	0.913	0.9112	0.9726	0.8692	0.9802	0.9056	0.878	0.8772	0.843163234998996	0	0.7732	0.92	0.9144	0.9064	0.4894	0.9026	0.877	0.2248	0.8738	0.915793793793794	0.9204	0.8164	0.8282	0.918	0.8272	0.8002	0.9212	0.7724	0.922	0.9494	0.904997359471895	0.83946484295846	0.853389883580891	0.8404	0.9764	0.908740493876732	0.8442	0.9866	0.906595358143257	0.93293007609131	0.96964257852597	0.7802	0.9126	0.8948	0.84717423510467	0.7136	0.8482	0.9014	0.8606	0.845660233212706	0.7516	0.8402	0.811	0.9906	0.9454	0.8364	0.894974174174174	0.9534	0.3492	0.896378614337204	0.9656	0.9764	0.874391278255651	0.8974	0.9094	0.9394	0.8996	0.9418	0.8972	0.9129966319166	0.8128	0.9222	0.8088	0.1366	0.9704	0.9814	0.9676	0.999	0.9678	0.9142	0.938526789366053	0.9158	0.9138	0.8776	0.9086	0.8518	0.8024	0.8996	0.9124	0.9032	0.909597599039616	0.913	0.9124	0.9444484014569	0.911392948717949	0.909	0.842	0.973754290296712	0.962133266492881	0.8672	0.9136	0.9128	0.9234	0.9126	0.8638	0.8846	0.911994994994995	0.92019963978387	0.9282	0.9136	0.9352	0.913	0.8644	0.9056	0.5742	0.7094	0.901463928788185	0.5896	0.9166	0.9968	0.3786	0.909	0.8738	0.564	0.870836261891438	0.98078938938939	0.6298	0.915199399879976	0.911191621567448	0.901394875900721	0.919591164658635	0.907	0.8798	0.8664	0.8628	0.9102	0.9018	0.99479759711654	0.892	0.8732	0.9484	0.9198	0.8638	0.9002	0.3264	0.985	0.8946	0.7888	0.188	0.5234	0.7896	0.9354	0.747	0.8594	0.905985934682428	0.912323940806811	0.8994	0.9082	0.896	0.876	0.9218	0.9452	0.907	0.8936	0.9116	0.9124	0.916384164815189	0.904196519303861	0.848	0.839137089957738	0.4924	0.7786	0.737	0.9072	0.8844	0.8976	0.969	0.9054	0.9044	0.624	0.9812	0.924	0.9716	0.9792	0.8432	0.6356	0.6548	0.1176	0.912400000000001	0.7052	0.9084	0.8298	0.7832	0.8936	0.9102	0.9186	0.902116639741518	0.9996	0.9878	0.983699898887765	0.879745912972753	0.928631227068895	0.933792153722978	0.944152152152152	0.8646	0.8164	0.5776	0.9142	0.9084	0.9916	0.9614	0.975	0.977	0.794	0.910595818254926	0.9232	0.9142	0.9626	0.935303812789994	0.913	0.968166449511401	0.9158	0.938393612290277	0.926978928356412	0.9982	0.9694	0.9058	0.9674	0.9824	0.8594	0.897	0.8974	0.8888	0.9084	0.9108	0.8886	0.9044	0.1556	0.7288	0.851525750901081	0.9258	0.921	0.739	0.9138	0.8842	0.867915516200443	0.7062	0.9592	0.9502	0.9806	0.9772	0.911	0.9756	0.965179503602882
SRR7146592	1	1	1	1	1	1	1	1	1	1	1	1	1	1	1	1	1	1	1	1	1	1	1	1	1	1	1	1	1	1	1	1	1	1	1	1	1	1	1	1	1	1	1	1	1	1	1	1	1	1	1	1	1	1	1	1	1	1	1	1	1	1	1	1	1	1	0.8016	0.8628	0.2264	0.2524	0.4566	0.6178	0.8768	0.4238	0.9542	0.638	0.9228	0.9588	0.7368	0.2792	0.577898133654425	0.7732	0	0.2482	0.5154	0.4166	0.4014	0.372	0.2054	0.5742	0.2774	0.60124004004004	0.2658	0.5658	0.812	0.2434	0.5402	0.5256	0.2172	0.1298	0.195	0.922	0.534912862572514	0.907696251266464	0.809749096748294	0.682	0.9562	0.243980164625577	0.4188	0.9626	0.448390796318527	0.90553007609131	0.942564401560255	0.5712	0.1866	0.318	0.628854106280193	0.478	0.7328	0.4552	0.8178	0.545550623240852	0.4898	0.2602	0.2704	0.9278	0.9538	0.6988	0.869302102102102	0.876	0.7774	0.375697637164598	0.9332	0.9322	0.284457291458292	0.233	0.6846	0.916	0.4182	0.89	0.431	0.484650040096231	0.6928	0.2514	0.1964	0.8226	0.958	0.979	0.9656	0.986	0.9352	0.8074	0.882513292433538	0.2512	0.2294	0.9478	0.232	0.243	0.1198	0.2164	0.6824	0.231	0.679291556622649	0.851144462279294	0.6344	0.94502492917847	0.273447756410256	0.3666	0.4636	0.916675862068965	0.907133787848406	0.6054	0.713835893322639	0.659	0.8688	0.8096	0.7884	0.9104	0.388400800800801	0.25379963978387	0.986	0.621737027405481	0.9866	0.8042	0.2376	0.4038	0.3176	0.648	0.954001011531459	0.7558	0.8366	0.9876	0.6878	0.2254	0.9294	0.2892	0.402726245103525	0.893988388388388	0.7878	0.207396199239848	0.830655161354981	0.317085348278623	0.473125301204819	0.703268269230769	0.426	0.2084	0.7986	0.3322	0.6508	0.91259759711654	0.2204	0.2518	0.8926	0.2394	0.2924	0.5338	0.5148	0.9352	0.22	0.2016	0.7866	0.499	0.0942	0.861	0.1816	0.8906	0.726528992185935	0.553072815730792	0.5204	0.699	0.7548	0.1574	0.9102	0.941	0.1902	0.8674	0.679	0.503	0.702195112098566	0.179236687337467	0.2486	0.603740873415174	0.582	0.3524	0.7146	0.5216	0.2268	0.6666	0.9316	0.6382	0.2274	0.4214	0.9548	0.8796	0.9442	0.9496	0.644	0.4308	0.3448	0.7096	0.2046	0.2836	0.2346	0.7486	0.374	0.3462	0.8606	0.1874	0.491675605815832	0.9712	0.9608	0.930888776541962	0.814038958926393	0.909231227068895	0.964197918334668	0.8689001001001	0.3034	0.792	0.5324	0.5158	0.242	0.9648	0.9566	0.956	0.9428	0.8714	0.761330197024527	0.226	0.2426	0.9098	0.926392777889853	0.9262	0.9262332247557	0.881173124749298	0.914793612290277	0.894254063816978	0.9784	0.941	0.365	0.9282	0.9258	0.261	0.178	0.3798	0.9466	0.1782	0.4996	0.8574	0.6138	0.775	0.2042	0.353277452943532	0.9182	0.2516	0.1622	0.8754	0.519	0.666762084926545	0.5536	0.9204	0.8898	0.92	0.9106	0.3516	0.9518	0.888779503602882
SRR7146593	1	1	1	1	1	1	1	1	1	1	1	1	1	1	1	1	1	1	1	1	1	1	1	1	1	1	1	1	1	1	1	1	1	1	1	1	1	1	1	1	1	1	1	1	1	1	1	1	1	1	1	1	1	1	1	1	1	1	1	1	1	1	1	1	1	1	0.8864	0.9342	0.0812	0.0294	0.4848	0.7152	0.9052	0.449	0.9768	0.7524	0.9872	0.9666	0.8316	0.399	0.686556050571945	0.92	0.2482	0	0.5126	0.4424	0.549	0.4008	0.1904	0.716	0.3486	0.634466666666667	0.2772	0.6716	0.8718	0.0246	0.5934	0.6746	0.2764	0.2986	0.1548	0.9564	0.589919063812763	0.928314893617021	0.871949096748294	0.7636	0.9878	0.181105681590042	0.5702	0.9828	0.464998399359744	0.985787985582699	0.973564401560255	0.7744	0.1404	0.3876	0.67695040257649	0.6732	0.8122	0.5064	0.9136	0.693842299959791	0.661	0.324	0.3862	0.9904	0.9478	0.815	0.911714114114114	0.9672	0.9184	0.44514329195034	0.995	0.985	0.330672374474895	0.2522	0.7096	0.945	0.5212	0.9518	0.435	0.534895268644747	0.811	0.106	0.3056	0.964	0.9886	0.9844	0.978	0.999	0.9768	0.847	0.939976278118609	0.1156	0.0646	0.933	0.0536	0.277	0.2266	0.0906	0.7718	0.0652	0.737507322929172	0.915544462279294	0.6734	0.949257790368272	0.285061858974359	0.3772	0.5962	0.983572574178027	0.969331702426309	0.7306	0.782449448566272	0.7364	0.9184	0.8488	0.86	0.9612	0.401604604604604	0.0368381829097458	0.9954	0.671535227045409	0.9896	0.8562	0.3012	0.4136	0.4668	0.8492	0.986319279789602	0.9426	0.951	0.9974	0.8748	0.1234	0.9386	0.4534	0.487526245103525	0.985191791791792	0.9828	0.114828845769154	0.833500581278814	0.345280224179344	0.468197590361446	0.762668269230769	0.4742	0.2488	0.8688	0.3952	0.7348	0.99439759711654	0.3024	0.3668	0.9774	0.0306	0.3384	0.598	0.6578	0.989	0.1636	0.332	0.904	0.6942	0.2302	0.9154	0.3254	0.9012	0.798249088359046	0.573084005676059	0.5486	0.733	0.7946	0.2384	0.9316	0.9752	0.1524	0.9062	0.73	0.5476	0.752412845889719	0.233448289657932	0.3224	0.74787526665325	0.7666	0.5074	0.8308	0.5388	0.1328	0.753	0.9746	0.6818	0.1748	0.605	0.9812	0.9328	0.982	0.9942	0.6772	0.5832	0.531	0.8522	0.1298	0.4394	0.0882	0.8092	0.5532	0.4486	0.8966	0.2156	0.533999353796446	0.9982	0.9876	0.986499898887766	0.975903212688085	0.925828128821851	0.996398238590873	0.923753753753754	0.341	0.98	0.6904	0.5076	0.292	0.9912	0.9766	0.9886	0.9804	0.9418	0.805545878568557	0.1932	0.0264	0.9848	0.947185354044785	0.9904	0.977088273615635	0.915973124749298	0.992957145744896	0.922948223961469	0.9934	0.9764	0.4106	0.9676	0.9778	0.3196	0.1794	0.4664	0.9666	0.1882	0.5224	0.985	0.7108	0.9332	0.3396	0.432560832999599	0.958	0.2686	0.3148	0.9108	0.5786	0.688661903803582	0.7576	0.9822	0.9534	0.991	0.9808	0.3608	0.9794	0.971179503602882
SRR7146595	1	1	1	1	1	1	1	1	1	1	1	1	1	1	1	1	1	1	1	1	1	1	1	1	1	1	1	1	1	1	1	1	1	1	1	1	1	1	1	1	1	1	1	1	1	1	1	1	1	1	1	1	1	1	1	1	1	1	1	1	1	1	1	1	1	1	0.8652	0.92	0.5216	0.5306	0.5366	0.6926	0.8862	0.5148	0.966	0.678	0.9704	0.9578	0.8072	0.5074	0.672330122416215	0.9144	0.5154	0.5126	0	0.475	0.5438	0.2288	0.4652	0.7124	0.5238	0.497724724724725	0.53	0.6506	0.8536	0.529	0.5756	0.664	0.5244	0.5178	0.527	0.9424	0.570318943788758	0.915504356636271	0.852731031714171	0.7426	0.9756	0.530165669544268	0.55	0.977	0.489182553021209	0.978787985582699	0.968764401560254	0.7542	0.4368	0.5198	0.657356843800322	0.651	0.7936	0.4978	0.894	0.671428709288299	0.6358	0.5138	0.5158	0.9698	0.9456	0.7954	0.901512912912913	0.9472	0.9124	0.516995674809772	0.9762	0.9674	0.317559551910382	0.4906	0.691	0.9298	0.51	0.9384	0.5078	0.5232	0.788	0.4128	0.5158	0.96	0.9806	0.9822	0.9662	0.9904	0.9662	0.8394	0.930776278118609	0.5346	0.4972	0.8832	0.5242	0.4906	0.524	0.5248	0.7568	0.522	0.562235614245698	0.900737399678973	0.6634	0.947620234722784	0.52838108974359	0.5074	0.5724	0.965969687249398	0.957931702426309	0.71	0.758241106877883	0.712	0.8974	0.8284	0.8374	0.948	0.534194194194194	0.514383430058035	0.9882	0.658334826965393	0.9826	0.8388	0.516	0.4926	0.5162	0.8232	0.961277766538539	0.9236	0.9292	0.9882	0.8556	0.523	0.9338	0.5232	0.5242	0.965983383383383	0.967	0.496794478895779	0.706615273601924	0.501383987189752	0.216384738955823	0.552326923076923	0.5164	0.458	0.8514	0.4976	0.7182	0.979598077693232	0.4988	0.5156	0.962	0.518	0.3542	0.5746	0.6468	0.9672	0.5052	0.5152	0.794	0.5496	0.4884	0.6758	0.532	0.893	0.774250891604889	0.411531603486722	0.5294	0.6042	0.7808	0.4962	0.9166	0.969	0.523	0.8898	0.7176	0.5272	0.733597010704908	0.494194478895779	0.5374	0.72807526665325	0.7506	0.5192	0.8182	0.5292	0.499	0.737	0.9518	0.6258	0.4154	0.5868	0.9782	0.9104	0.9714	0.9824	0.6622	0.5696	0.5106	0.847	0.508	0.5006	0.5106	0.791	0.5346	0.5102	0.8826	0.4828	0.509799353796446	0.9962	0.979	0.973899898887765	0.953103212688084	0.921028128821851	0.990798238590873	0.898921121121121	0.5082	0.9552	0.6764	0.0138	0.5194	0.988	0.9706	0.9762	0.9708	0.9336	0.786200562927222	0.5384	0.5266	0.9662	0.932719427072827	0.9752	0.957684690553746	0.910370316887284	0.984148574893875	0.904548223961469	0.9848	0.9692	0.5216	0.9532	0.9604	0.5124	0.5042	0.5182	0.9588	0.5136	0.5256	0.9714	0.6914	0.9236	0.5204	0.460137765318382	0.936	0.5246	0.5164	0.8974	0.4238	0.676046045481989	0.7326	0.9624	0.9312	0.9744	0.962	0.4912	0.971	0.957179503602882
SRR7146596	1	1	1	1	1	1	1	1	1	1	1	1	1	1	1	1	1	1	1	1	1	1	1	1	1	1	1	1	1	1	1	1	1	1	1	1	1	1	1	1	1	1	1	1	1	1	1	1	1	1	1	1	1	1	1	1	1	1	1	1	1	1	1	1	1	1	0.7116	0.8792	0.4322	0.4474	0.4514	0.5306	0.8354	0.2482	0.9108	0.537	0.9332	0.9196	0.73	0.3778	0.589636644591611	0.9064	0.4166	0.4424	0.475	0	0.4874	0.3932	0.3528	0.7018	0.4332	0.568451251251251	0.455	0.3856	0.8164	0.4608	0.5288	0.624	0.424	0.4112	0.4342	0.8274	0.533318663732747	0.891430395136778	0.828331031714171	0.7084	0.942	0.442759566352138	0.5172	0.9424	0.409380952380952	0.934775010012014	0.924563128721002	0.6666	0.3982	0.4016	0.629071819645733	0.512	0.5294	0.4028	0.8466	0.538860715721753	0.3696	0.4136	0.4018	0.9144	0.9358	0.7536	0.860912312312312	0.841	0.9016	0.344334401281538	0.907	0.9198	0.387197679535907	0.3848	0.6512	0.855	0.309	0.913	0.3948	0.322697353648757	0.6906	0.4344	0.4	0.9516	0.9434	0.9614	0.9162	0.8958	0.8804	0.773	0.904432310838446	0.458	0.4176	0.903	0.445	0.3796	0.4442	0.4398	0.7122	0.45	0.602875470188075	0.835414767255217	0.5986	0.927159206798867	0.41578108974359	0.3486	0.4916	0.923360545308741	0.914870703829958	0.5282	0.609574373370764	0.671	0.8146	0.692	0.8072	0.9288	0.428773973973974	0.433182949769862	0.868	0.637732306461292	0.9566	0.7964	0.3792	0.0522	0.391	0.658	0.893713372445883	0.876	0.8694	0.93	0.8112	0.426	0.8486	0.4154	0.419334303301623	0.869922122122122	0.9516	0.393592438487697	0.71579342553618	0.243236829463571	0.403036947791165	0.681650641025641	0.4344	0.4128	0.823	0.361	0.6652	0.943795434521425	0.2884	0.3438	0.9256	0.4344	0.3972	0.5196	0.6214	0.9068	0.3896	0.398	0.8684	0.5622	0.3728	0.7992	0.4376	0.849	0.682787417351232	0.525829677680924	0.435	0.5692	0.5334	0.3898	0.7416	0.9196	0.4344	0.868	0.4698	0.4752	0.69277127852959	0.3865899979996	0.4524	0.624869752465285	0.7256	0.3468	0.7822	0.2954	0.4136	0.4718	0.9252	0.63	0.4012	0.5094	0.9458	0.825	0.9086	0.9024	0.587	0.5112	0.4116	0.8308	0.391	0.3226	0.4082	0.733	0.4692	0.3528	0.855	0.401	0.399697576736672	0.9604	0.9428	0.951488776541962	0.886986335908906	0.889428128821851	0.947597918334668	0.854517517517517	0.3812	0.612	0.4952	0.4802	0.3778	0.9564	0.8798	0.8838	0.808	0.9218	0.739447929232006	0.4388	0.4606	0.9342	0.915650030260238	0.9498	0.9150667752443	0.762249659045327	0.952148574893875	0.777346177001806	0.9294	0.8806	0.1968	0.9206	0.9278	0.427	0.4036	0.4162	0.949	0.4128	0.494	0.9142	0.5834	0.8942	0.4176	0.307747857428915	0.8024	0.4302	0.4364	0.8668	0.4816	0.626641054538137	0.64	0.9162	0.8246	0.9226	0.8466	0.3732	0.884	0.919779503602882
SRR7146598	1	1	1	1	1	1	1	1	1	1	1	1	1	1	1	1	1	1	1	1	1	1	1	1	1	1	1	1	1	1	1	1	1	1	1	1	1	1	1	1	1	1	1	1	1	1	1	1	1	1	1	1	1	1	1	1	1	1	1	1	1	1	1	1	1	1	0.871	0.8768	0.51	0.5518	0.4858	0.6906	0.8244	0.4376	0.9696	0.6434	0.9734	0.9358	0.7302	0.4786	0.525036042544652	0.4894	0.4014	0.549	0.5438	0.4874	0	0.534	0.4318	0.3098	0.5	0.652857857857858	0.5498	0.5212	0.8238	0.5476	0.4924	0.5456	0.548	0.3978	0.5484	0.9176	0.513316863372675	0.889691185410334	0.770538980329185	0.709	0.9136	0.535946597068862	0.4902	0.983	0.473395678271309	0.925312054465358	0.96564257852597	0.5366	0.5428	0.44	0.645331078904992	0.4754	0.6456	0.509	0.7806	0.560792762364294	0.3988	0.4892	0.4318	0.9876	0.887	0.6932	0.816692692692693	0.9578	0.4926	0.464547857428915	0.966	0.9752	0.47018399679936	0.5004	0.6324	0.9374	0.498	0.8798	0.4568	0.474120128307939	0.6442	0.5514	0.407	0.557	0.9086	0.978	0.956	0.9948	0.9518	0.8134	0.937326789366053	0.483	0.5328	0.9178	0.5146	0.4492	0.4068	0.5256	0.7456	0.5272	0.713504441776711	0.86277367576244	0.6552	0.8818484014569	0.537183653846154	0.435	0.459	0.964522534081796	0.894532023260477	0.5922	0.758386364547824	0.676	0.9224	0.8416	0.8348	0.8574	0.519368768768769	0.541993396037623	0.9576	0.618324584916983	0.956	0.785	0.4788	0.4866	0.1716	0.6362	0.917911713534291	0.5224	0.9112	0.9926	0.4898	0.5358	0.8038	0.1666	0.522082820369334	0.941187187187187	0.6574	0.529995959191838	0.829451192623772	0.431393594875901	0.547791164658635	0.756017948717949	0.5158	0.4946	0.7662	0.5106	0.718	0.99579759711654	0.4746	0.4568	0.9598	0.5518	0.511	0.5298	0.2672	0.9276	0.5178	0.3608	0.5292	0.2894	0.3854	0.898	0.368	0.8632	0.749962893207774	0.530867707277519	0.4586	0.7054	0.6828	0.4978	0.884	0.9404	0.5362	0.815	0.6206	0.5388	0.686012845889719	0.531396039207842	0.413	0.608263876031395	0.305	0.339	0.6206	0.4374	0.511	0.6334	0.9546	0.6914	0.529	0.2512	0.9782	0.9238	0.9674	0.965	0.539	0.2278	0.2382	0.4566	0.4884	0.3106	0.4752	0.7292	0.3312	0.4922	0.8954	0.5476	0.461016155088853	0.9962	0.9846	0.921499898887765	0.877455876372509	0.908959885854056	0.959394555644516	0.937743343343343	0.4958	0.7236	0.3398	0.5432	0.4924	0.9888	0.9308	0.9558	0.9356	0.834	0.803606835544833	0.5532	0.5338	0.9118	0.872902077869679	0.885	0.905562866449511	0.805766385880465	0.874193612290277	0.862576881396749	0.9932	0.9186	0.4884	0.9686	0.9762	0.4866	0.5174	0.4756	0.9294	0.5264	0.5182	0.8874	0.6548	0.4534	0.2912	0.389491149379255	0.936	0.5488	0.3052	0.9104	0.573	0.665784544173878	0.5196	0.9576	0.9472	0.9784	0.9376	0.5344	0.9732	0.965779503602882
SRR7146599	1	1	1	1	1	1	1	1	1	1	1	1	1	1	1	1	1	1	1	1	1	1	1	1	1	1	1	1	1	1	1	1	1	1	1	1	1	1	1	1	1	1	1	1	1	1	1	1	1	1	1	1	1	1	1	1	1	1	1	1	1	1	1	1	1	1	0.8394	0.9158	0.4062	0.4212	0.4342	0.6334	0.884	0.4342	0.9546	0.613	0.9712	0.9582	0.72	0.3006	0.601519887617901	0.9026	0.372	0.4008	0.2288	0.3932	0.534	0	0.347	0.7058	0.3064	0.453873873873874	0.3876	0.5908	0.773	0.4168	0.4682	0.5562	0.4188	0.4072	0.4206	0.9286	0.504718943788758	0.910704356636271	0.860149096748294	0.7416	0.9128	0.416167958241317	0.4806	0.9152	0.376577831132453	0.910587985582699	0.904164401560255	0.6854	0.3234	0.3298	0.660755555555556	0.6214	0.778	0.4666	0.8002	0.605028709288299	0.6236	0.402	0.3858	0.973	0.9398	0.7246	0.832712112112112	0.9222	0.9038	0.339081537845414	0.981	0.9654	0.202358431686337	0.3858	0.6908	0.9186	0.4354	0.937	0.4218	0.480992301523657	0.7346	0.3016	0.3982	0.9516	0.9168	0.98	0.9698	0.986	0.9348	0.7632	0.930376278118609	0.4188	0.3906	0.8774	0.4134	0.3374	0.4102	0.413	0.6602	0.4036	0.505835294117647	0.904944462279293	0.6012	0.945620234722784	0.415386858974359	0.4002	0.5596	0.90256343223737	0.95893065971526	0.644	0.764225987567676	0.6846	0.8452	0.7706	0.7784	0.948	0.420192992992993	0.406383430058035	0.988	0.657334826965393	0.9856	0.7808	0.3832	0.3852	0.4392	0.815	0.961422415537123	0.9152	0.8636	0.988	0.843	0.389	0.9238	0.3936	0.410526245103526	0.911188388388389	0.9606	0.341983836767353	0.711415273601924	0.36595996797438	0.19178875502008	0.5042375	0.4468	0.3368	0.7784	0.3856	0.6538	0.92199759711654	0.363	0.3382	0.8998	0.41	0.2364	0.5596	0.6364	0.921	0.3814	0.397	0.7806	0.5222	0.371	0.6714	0.412	0.8942	0.757996433580445	0.409299006689641	0.523	0.5446	0.7786	0.3748	0.9182	0.9412	0.4154	0.886	0.7188	0.522	0.675989093112503	0.342784916983397	0.4234	0.662271523445361	0.7424	0.4612	0.8034	0.5272	0.377	0.6924	0.9008	0.6204	0.295	0.5804	0.9172	0.8604	0.946	0.9576	0.6634	0.4626	0.4442	0.8354	0.3994	0.4054	0.4004	0.6904	0.4316	0.3824	0.879	0.3768	0.487060096930533	0.934	0.9238	0.974270980788675	0.891833184221228	0.862028128821851	0.926597758206565	0.845923923923924	0.3938	0.9394	0.662	0.2274	0.3896	0.927	0.9648	0.9618	0.913	0.9236	0.792200562927221	0.3772	0.4156	0.9538	0.926192777889853	0.9722	0.9031667752443	0.848973124749298	0.918757145744896	0.912548223961469	0.9738	0.9276	0.3482	0.9248	0.915	0.4012	0.319	0.3478	0.927	0.3984	0.5036	0.9004	0.63	0.9052	0.4066	0.303884181017221	0.8842	0.4146	0.4046	0.8928	0.3832	0.628749084322802	0.6704	0.9666	0.9358	0.971	0.9248	0.3818	0.9522	0.899979503602882
SRR7146601	1	1	1	1	1	1	1	1	1	1	1	1	1	1	1	1	1	1	1	1	1	1	1	1	1	1	1	1	1	1	1	1	1	1	1	1	1	1	1	1	1	1	1	1	1	1	1	1	1	1	1	1	1	1	1	1	1	1	1	1	1	1	1	1	1	1	0.8746	0.9202	0.1764	0.206	0.4408	0.6842	0.8386	0.3388	0.9604	0.5644	0.9638	0.9538	0.7632	0.3238	0.574668031306442	0.877	0.2054	0.1904	0.4652	0.3528	0.4318	0.347	0	0.6618	0.3082	0.587462862862863	0.2746	0.5272	0.8596	0.2102	0.5322	0.6218	0.2646	0.2474	0.2062	0.907	0.536516543308662	0.920651671732522	0.828949096748294	0.735	0.9454	0.205549648664927	0.5206	0.976	0.406381592637055	0.935769963956748	0.965037281872306	0.6416	0.1452	0.3048	0.669932367149758	0.6352	0.6662	0.4598	0.8216	0.559907438681142	0.5138	0.3076	0.3232	0.9772	0.9052	0.731	0.856301301301301	0.9466	0.8792	0.344234681617942	0.9812	0.9714	0.213864932986597	0.2152	0.648	0.9268	0.4652	0.9048	0.3694	0.434218765036087	0.6874	0.151	0.2202	0.9108	0.9438	0.9716	0.9472	0.9856	0.9434	0.8058	0.932432310838446	0.174	0.176	0.8892	0.1806	0.222	0.1586	0.209	0.7464	0.2004	0.626305722288916	0.860778170144462	0.6502	0.903620234722784	0.263247756410256	0.2634	0.5088	0.961525421010425	0.906072789252055	0.585	0.751776458792861	0.6914	0.9108	0.834	0.8538	0.9198	0.369373973973974	0.181577186311787	0.9904	0.624334346869374	0.9868	0.8104	0.2322	0.3362	0.3758	0.7414	0.957511713534291	0.8556	0.8968	0.9834	0.8192	0.1908	0.8326	0.386	0.477926245103526	0.920328928928929	0.9452	0.168190598119624	0.761061775906996	0.242880224179343	0.42158875502008	0.683817948717949	0.4556	0.1746	0.7882	0.349	0.7246	0.99159759711654	0.2136	0.257	0.9732	0.2038	0.2808	0.5302	0.6098	0.9358	0.1528	0.2412	0.8236	0.5492	0.1456	0.8216	0.2746	0.8806	0.74316866359447	0.487684005676059	0.4524	0.6122	0.6912	0.1888	0.8578	0.957	0.2086	0.8462	0.6264	0.5322	0.707612845889719	0.220045329065813	0.2446	0.616463151539545	0.6892	0.3698	0.7316	0.4374	0.1752	0.652	0.952	0.64	0.1288	0.4736	0.9734	0.9126	0.9582	0.9548	0.5738	0.465	0.4198	0.804	0.1332	0.3194	0.1268	0.7694	0.4386	0.3798	0.8816	0.2014	0.440309531502423	0.9908	0.9786	0.944888776541962	0.932613176087841	0.898156787607012	0.993798238590873	0.910118718718719	0.3198	0.8322	0.5842	0.459	0.225	0.984	0.9242	0.946	0.9068	0.9008	0.776074065138721	0.2166	0.197	0.9406	0.897722896913456	0.947	0.927762866449512	0.813773124749298	0.916557145744896	0.878948223961469	0.98	0.9082	0.3308	0.9648	0.968	0.2798	0.182	0.4172	0.9642	0.1946	0.4932	0.9374	0.6354	0.849	0.2564	0.293663996796156	0.953	0.2576	0.2382	0.899	0.5116	0.675839806802173	0.6762	0.9684	0.9398	0.9752	0.927	0.3376	0.9662	0.967979503602882
SRR7146602	1	1	1	1	1	1	1	1	1	1	1	1	1	1	1	1	1	1	1	1	1	1	1	1	1	1	1	1	1	1	1	1	1	1	1	1	1	1	1	1	1	1	1	1	1	1	1	1	1	1	1	1	1	1	1	1	1	1	1	1	1	1	1	1	1	1	0.8866	0.9274	0.6966	0.719	0.7084	0.7058	0.8876	0.6942	0.9716	0.7216	0.973	0.9686	0.8122	0.6614	0.627363234998996	0.2248	0.5742	0.716	0.7124	0.7018	0.3098	0.7058	0.6618	0	0.6744	0.714596196196196	0.7122	0.6554	0.8644	0.7156	0.685	0.5992	0.7132	0.573	0.7162	0.942	0.694397479495899	0.930714893617021	0.862149096748294	0.7446	0.9814	0.711976350130496	0.6384	0.9868	0.696595838335334	0.927125030036043	0.974764401560255	0.6292	0.7158	0.6788	0.714775523349437	0.5336	0.7408	0.6934	0.8544	0.636107277844793	0.5494	0.7054	0.6006	0.9884	0.9452	0.7582	0.891103503503503	0.9586	0.4192	0.678978374048859	0.9948	0.9822	0.663791358271654	0.6948	0.697	0.9378	0.6934	0.9388	0.6958	0.6974	0.7778	0.719	0.5992	0.259	0.9798	0.9824	0.958	0.9954	0.9584	0.8304	0.941326789366053	0.7072	0.7038	0.9618	0.701	0.6954	0.592	0.71	0.7576	0.7048	0.753906202480992	0.897144462279294	0.7028	0.941462484823958	0.709185897435898	0.6918	0.6298	0.972566319165998	0.952334830559455	0.6848	0.775846320433126	0.738	0.9264	0.846	0.8612	0.9524	0.6972	0.708793396037623	0.9954	0.703199119823965	0.9896	0.8438	0.669	0.7026	0.3692	0.7106	0.968111713534291	0.5896	0.9176	0.9932	0.3448	0.7058	0.9276	0.3742	0.7184	0.97919019019019	0.6946	0.706799839967994	0.851500581278814	0.697	0.716791164658635	0.779668269230769	0.7024	0.6702	0.8268	0.7014	0.7368	0.99679759711654	0.6908	0.664	0.9808	0.719	0.7018	0.6868	0.1216	0.9756	0.6882	0.591	0.2386	0.3542	0.582	0.9284	0.544	0.8932	0.773040793428171	0.70679185080073	0.694	0.7476	0.7746	0.6788	0.9226	0.9736	0.714	0.879	0.712	0.7084	0.744620763482125	0.703597039407882	0.635	0.673344616623063	0.351	0.6146	0.7162	0.695	0.7036	0.7434	0.9652	0.7118	0.701	0.4668	0.982	0.9288	0.968	0.9718	0.6942	0.4186	0.4386	0.1554	0.6972	0.5686	0.6932	0.795	0.5658	0.6818	0.9012	0.7186	0.69275928917609	1	0.9896	0.978299898887765	0.880655876372509	0.926431227068895	0.996598238590873	0.945146946946947	0.7052	0.8128	0.4388	0.711	0.6944	0.9918	0.9536	0.9684	0.9696	0.8788	0.81529883393647	0.7184	0.7028	0.9752	0.932122896913456	0.9806	0.962366449511401	0.897173124749298	0.930993612290277	0.922778928356412	0.9954	0.9536	0.6934	0.97	0.98	0.7054	0.6964	0.6966	0.973	0.7022	0.6946	0.895	0.6998	0.2268	0.5158	0.648742330796956	0.9686	0.7182	0.5308	0.917	0.6978	0.7102107466291	0.5436	0.9818	0.951	0.9868	0.9698	0.7034	0.9774	0.973579503602882
SRR7146603	1	1	1	1	1	1	1	1	1	1	1	1	1	1	1	1	1	1	1	1	1	1	1	1	1	1	1	1	1	1	1	1	1	1	1	1	1	1	1	1	1	1	1	1	1	1	1	1	1	1	1	1	1	1	1	1	1	1	1	1	1	1	1	1	1	1	0.8388	0.916	0.3234	0.3532	0.4314	0.625	0.8858	0.4426	0.9564	0.594	0.9706	0.9562	0.7166	0.185	0.44174308649408	0.8738	0.2774	0.3486	0.5238	0.4332	0.5	0.3064	0.3082	0.6744	0	0.596808808808809	0.3154	0.5228	0.763	0.3472	0.45	0.4602	0.3514	0.3132	0.3526	0.9264	0.456895419083817	0.918304356636271	0.859749096748294	0.7276	0.8264	0.331176350130496	0.3344	0.775	0.368354701880752	0.735182939527433	0.888240443440772	0.5956	0.334	0.2352	0.660131078904992	0.611	0.7586	0.4894	0.7292	0.540499718536389	0.6044	0.3306	0.3346	0.976	0.9398	0.7032	0.683301501501502	0.9246	0.8744	0.291463275931117	0.9884	0.9746	0.308870454090818	0.3294	0.694	0.9192	0.437	0.9308	0.4432	0.479388452285485	0.7216	0.354	0.3018	0.922	0.7684	0.98	0.963	0.9872	0.9304	0.6184	0.936926789366053	0.3464	0.3376	0.948	0.3382	0.2814	0.3138	0.3356	0.5364	0.3234	0.545902761104442	0.902744462279294	0.5384	0.945062484823958	0.342594230769231	0.3742	0.5424	0.76596343223737	0.946134830559455	0.578	0.758234329256066	0.6958	0.7154	0.7602	0.774	0.948	0.386600800800801	0.35019963978387	0.988	0.667137067413483	0.985	0.653	0.291	0.4104	0.426	0.8076	0.959569370827433	0.909	0.8062	0.9892	0.8354	0.3218	0.9256	0.3714	0.305047118074986	0.769988588588588	0.9408	0.293588957791558	0.839278532772099	0.311664851881505	0.484177510040161	0.719380448717949	0.455	0.3068	0.6848	0.389	0.62	0.790993512214658	0.2994	0.143	0.7658	0.3532	0.3382	0.5606	0.6152	0.9268	0.3188	0.3024	0.8862	0.6518	0.311	0.9156	0.3114	0.8864	0.755791745141254	0.585156334887492	0.549	0.5424	0.7796	0.3014	0.9242	0.9408	0.3414	0.8788	0.718	0.5242	0.538218784084023	0.292988437687538	0.3184	0.617574924532099	0.7242	0.438	0.7786	0.5266	0.3244	0.6948	0.7686	0.68	0.3298	0.5636	0.7826	0.8694	0.9458	0.9536	0.6644	0.4208	0.3808	0.811	0.3364	0.4008	0.3334	0.6228	0.3532	0.383	0.8982	0.3438	0.494729886914378	0.8002	0.7886	0.971070980788675	0.811205693371289	0.816315939665716	0.779998238590872	0.733752152152152	0.3346	0.9214	0.6308	0.5214	0.3154	0.7932	0.9584	0.961	0.8952	0.8958	0.818734378769602	0.2928	0.3376	0.9516	0.928453500100868	0.968	0.9009667752443	0.717285118331328	0.745157145744896	0.916778928356412	0.9798	0.914	0.3148	0.93	0.9182	0.3324	0.2428	0.3182	0.9298	0.3186	0.496	0.7416	0.6172	0.8766	0.309	0.307839727673208	0.8966	0.3436	0.3116	0.9108	0.5416	0.657346226604951	0.6508	0.9744	0.945	0.9762	0.93	0.3648	0.953	0.814861809447558
SRR7146604	1	1	1	1	1	1	1	1	1	1	1	1	1	1	1	1	1	1	1	1	1	1	1	1	1	1	1	1	1	1	1	1	1	1	1	1	1	1	1	1	1	1	1	1	1	1	1	1	1	1	1	1	1	1	1	1	1	1	1	1	1	1	1	1	1	1	0.822753353353353	0.897560960960961	0.623463863863864	0.638054654654654	0.609662062062062	0.64052032032032	0.874997597597598	0.627041441441442	0.939381781781782	0.595709109109109	0.946167167167167	0.947991991991992	0.741905705705706	0.570180580580581	0.616652293473485	0.915793793793794	0.60124004004004	0.634466666666667	0.497724724724725	0.568451251251251	0.652857857857858	0.453873873873874	0.587462862862863	0.714596196196196	0.596808808808809	0	0.646866666666667	0.622365365365365	0.669188988988989	0.647866666666667	0.58500960960961	0.620946746746747	0.63683963963964	0.627837837837838	0.638241641641642	0.916783783783784	0.573794919143989	0.893674829845043	0.833906688703959	0.719351751751752	0.919134934934935	0.633604373295198	0.580984384384384	0.919535935935936	0.557382712844898	0.920718596048993	0.902691728887582	0.692117917917918	0.535843843843844	0.597259259259259	0.632708795752274	0.478754354354354	0.777582382382382	0.580025025025025	0.838737137137137	0.605137707067743	0.616981181181181	0.609427227227227	0.613048848848849	0.946757957957958	0.935193993993994	0.736918318318318	0.839439439439439	0.901158558558559	0.906193793793794	0.579574969442811	0.952757157157157	0.942164764764765	0.4780870488412	0.590228028028028	0.686397797797798	0.905585185185185	0.580787387387387	0.913769369369369	0.618654454454454	0.583296568420867	0.679750150150151	0.532866466466466	0.633261661661661	0.962596196196196	0.922133533533534	0.974793593593594	0.958183983983984	0.974585985985986	0.927978778778779	0.779734734734735	0.901533435275767	0.656263263263263	0.595856856856857	0.74457017017017	0.640462462462462	0.540642842842843	0.637460660660661	0.631437037037037	0.702726326326326	0.617264264264264	0.525079461213915	0.877497842947281	0.606933733733734	0.929940097928766	0.636430541118041	0.632863063063063	0.598226626626627	0.882441182160509	0.930684163208727	0.6162996996997	0.734377610014265	0.659957357357357	0.837721121121121	0.770536336336336	0.700037037037037	0.925960960960961	0.636436436436437	0.62904064761179	0.970983783783784	0.624701877312399	0.983593793793794	0.770735935935936	0.623456856856857	0.603659259259259	0.629455055055055	0.798352952952953	0.94766783777506	0.901756756756757	0.86712012012012	0.970982782782783	0.826764964964965	0.637058258258258	0.925794194194194	0.598857857857858	0.576376376376376	0.898298298298299	0.95556936936937	0.560207897435343	0.685732876592768	0.578992162699128	0.477371347250865	0.562438039000539	0.564436436436436	0.45006046046046	0.801740540540541	0.51943023023023	0.644905705705706	0.913512511309868	0.586035035035035	0.587990590590591	0.893112912912913	0.629456656656657	0.483491691691692	0.594621621621622	0.644459259259259	0.907115315315315	0.615252052052052	0.633656656656657	0.784988188188188	0.532628028028028	0.59864004004004	0.632022422422422	0.53086026026026	0.887385585585586	0.734560487155158	0.484056405888962	0.590226626626627	0.533334534534534	0.759162362362362	0.553237637637638	0.74698038038038	0.600448648648649	0.617032632632633	0.866976976976977	0.694563363363363	0.615433833833834	0.663700582020113	0.518402899799179	0.646647647647648	0.658157372506336	0.727358558558559	0.598219419419419	0.810791591591592	0.652265265265265	0.605446846846847	0.684564964964965	0.906351551551552	0.532150950950951	0.509047847847848	0.604420820820821	0.934353153153153	0.851915915915916	0.937582382382382	0.95278018018018	0.643974574574574	0.576813413413413	0.592254254254254	0.840994394394394	0.613842642642643	0.610836036036036	0.635864264264264	0.718932932932933	0.591414614614615	0.57603003003003	0.587552152152152	0.579631631631632	0.581883458579743	0.953153153153153	0.938151951951952	0.946855854843721	0.888009318794191	0.862563664357387	0.92652752832897	0.832632632632633	0.608021621621622	0.93036016016016	0.670187787787788	0.504922122122122	0.610265665665666	0.944953153153153	0.958578378378378	0.956180380380381	0.915536336336336	0.926992192192192	0.419598850961939	0.605807207207207	0.645062862862863	0.933359159159159	0.913584635674609	0.94016016016016	0.89326468161973	0.848099362900807	0.925078504823805	0.880697675399662	0.959583183183183	0.915382982982983	0.601615815815816	0.559230630630631	0.575215215215215	0.572428428428428	0.544857257257257	0.38298958958959	0.60646026026026	0.599023623623623	0.26838998998999	0.909332732732733	0.627124524524524	0.917392192192192	0.64386026026026	0.5179027645988	0.887549349349349	0.598864464464464	0.63006026026026	0.594348148148148	0.359880680680681	0.616334748916757	0.685353753753754	0.939757757757758	0.909958958958959	0.94595975975976	0.900360360360361	0.589046846846847	0.938183383383383	0.883488612711992
SRR7146605	1	1	1	1	1	1	1	1	1	1	1	1	1	1	1	1	1	1	1	1	1	1	1	1	1	1	1	1	1	1	1	1	1	1	1	1	1	1	1	1	1	1	1	1	1	1	1	1	1	1	1	1	1	1	1	1	1	1	1	1	1	1	1	1	1	1	0.8644	0.9272	0.2634	0.2788	0.4756	0.7026	0.8774	0.4384	0.9596	0.7494	0.946	0.9612	0.773	0.362	0.66714581577363	0.9204	0.2658	0.2772	0.53	0.455	0.5498	0.3876	0.2746	0.7122	0.3154	0.646866666666667	0	0.6314	0.8328	0.277	0.5646	0.6368	0.2586	0.29	0.2706	0.9108	0.569318143628726	0.916670111448835	0.864949096748294	0.757	0.975	0.272591608110821	0.5568	0.9788	0.474198239295718	0.975784381257509	0.961764401560255	0.7584	0.263	0.3474	0.665956843800322	0.6594	0.5806	0.4746	0.8708	0.669184800965018	0.6428	0.3228	0.3736	0.9696	0.94	0.8184	0.893705305305305	0.8604	0.9158	0.402941369643572	0.9824	0.961	0.340671894378876	0.2706	0.6856	0.913	0.506	0.94	0.449	0.51708612670409	0.7978	0.281	0.2958	0.9658	0.9756	0.9802	0.9642	0.976	0.829	0.8216	0.929176278118609	0.2778	0.271	0.951	0.272	0.2894	0.262	0.2602	0.7338	0.2656	0.737306362545018	0.906144462279294	0.6572	0.947662484823958	0.276461858974359	0.3754	0.5768	0.968167281475541	0.948734830559455	0.7166	0.772242670944456	0.7304	0.9104	0.836	0.8456	0.954	0.3949997997998	0.28099963978387	0.9926	0.666537627525505	0.9884	0.8408	0.2806	0.4242	0.461	0.8374	0.964955533077079	0.9444	0.9218	0.9574	0.8742	0.2572	0.942	0.4424	0.47092825965305	0.970989389389389	0.9754	0.266999839967994	0.845496612547605	0.351896236989592	0.484387951807229	0.771266346153846	0.4636	0.2594	0.863	0.387	0.72	0.978397837404886	0.3102	0.3566	0.965	0.2744	0.3556	0.57	0.652	0.9122	0.2608	0.3236	0.9294	0.7086	0.2608	0.9156	0.3196	0.8984	0.777437186936486	0.587867707277519	0.5534	0.7326	0.5722	0.268	0.9214	0.9638	0.2738	0.8982	0.7224	0.5152	0.737014825287821	0.240995679135827	0.3204	0.724409136647213	0.7574	0.492	0.8234	0.5348	0.267	0.7282	0.9584	0.6964	0.2704	0.6078	0.9734	0.918	0.9458	0.947	0.6708	0.5612	0.4878	0.8494	0.2682	0.4446	0.2756	0.768	0.5138	0.2968	0.8864	0.2724	0.528051696284329	0.991	0.9792	0.973870980788676	0.945386498576657	0.928427395026498	0.984398238590872	0.921753753753754	0.3372	0.9626	0.6786	0.5256	0.2778	0.984	0.9064	0.9316	0.8912	0.9364	0.810945878568557	0.2746	0.2764	0.9722	0.93332463183377	0.9822	0.961288273615635	0.908573124749298	0.981557145744896	0.921378928356412	0.9586	0.9454	0.4	0.9536	0.9448	0.3192	0.2376	0.4268	0.942	0.2656	0.5174	0.9672	0.6944	0.928	0.3378	0.434747136563877	0.9504	0.27	0.3116	0.8962	0.5726	0.70025691285973	0.6992	0.9668	0.9196	0.9604	0.9548	0.3686	0.9154	0.957379503602882
SRR7146606	1	1	1	1	1	1	1	1	1	1	1	1	1	1	1	1	1	1	1	1	1	1	1	1	1	1	1	1	1	1	1	1	1	1	1	1	1	1	1	1	1	1	1	1	1	1	1	1	1	1	1	1	1	1	1	1	1	1	1	1	1	1	1	1	1	1	0.7488	0.8088	0.6248	0.675	0.612	0.5158	0.7656	0.391	0.8272	0.4284	0.823	0.8082	0.5448	0.452	0.48421352598836	0.8164	0.5658	0.6716	0.6506	0.3856	0.5212	0.5908	0.5272	0.6554	0.5228	0.622365365365365	0.6314	0	0.702	0.6706	0.454	0.4706	0.5596	0.5708	0.6162	0.7868	0.547592318463693	0.831430395136778	0.725349096748294	0.6092	0.8722	0.652916844007227	0.5218	0.922	0.564592396958783	0.870369963956748	0.904745965920755	0.5384	0.6276	0.4422	0.577767793880838	0.548	0.4764	0.4726	0.621	0.413703498190591	0.3074	0.5582	0.4954	0.811	0.9014	0.663	0.82689009009009	0.7946	0.8104	0.367408009611534	0.8406	0.8408	0.549782716543309	0.5684	0.5862	0.8066	0.5042	0.827	0.5888	0.436677947072975	0.5682	0.6758	0.525	0.907	0.8688	0.9568	0.847	0.8782	0.8068	0.7352	0.893710838445808	0.6242	0.6414	0.8904	0.6288	0.5182	0.5768	0.6178	0.5554	0.6398	0.609280192076831	0.766771107544141	0.4956	0.90460145690004	0.526274038461539	0.4576	0.5222	0.868437850842021	0.859875917385202	0.415	0.683130058151193	0.6024	0.826	0.7936	0.7038	0.8196	0.610963563563564	0.666393155893536	0.923	0.590536587317464	0.9208	0.731	0.4976	0.3876	0.5316	0.4872	0.740584220109246	0.7376	0.732	0.8798	0.7302	0.5808	0.7546	0.5528	0.52392714045887	0.854728128128128	0.842	0.615992318463693	0.764559029865705	0.437858286629304	0.638327710843373	0.670971474358974	0.5962	0.6138	0.7288	0.5642	0.6544	0.90939759711654	0.4814	0.4864	0.9048	0.6632	0.5686	0.4474	0.5778	0.7932	0.5418	0.5142	0.8708	0.5234	0.5686	0.7824	0.6062	0.717	0.55235423762773	0.592113075207784	0.463	0.5804	0.4962	0.5742	0.7456	0.9076	0.6296	0.819	0.4374	0.514	0.646353625530196	0.573589157831566	0.593	0.532120386395653	0.6444	0.39	0.6522	0.3822	0.6204	0.4256	0.8876	0.615	0.6364	0.4242	0.883	0.7762	0.842	0.8378	0.4898	0.4634	0.4268	0.7994	0.5552	0.437	0.593	0.5502	0.4032	0.5096	0.8556	0.6352	0.517895315024233	0.8964	0.8862	0.877259858442872	0.845326392842619	0.878959885854056	0.869198238590873	0.824345345345345	0.5596	0.5744	0.3732	0.6574	0.4802	0.8978	0.821	0.8352	0.7702	0.8298	0.750414153598713	0.626	0.657	0.8562	0.885384103288279	0.821	0.853242671009772	0.706389009225832	0.861548574893875	0.833230182620911	0.8712	0.763	0.3834	0.9294	0.8812	0.5288	0.5584	0.5004	0.8754	0.6066	0.6336	0.851	0.5698	0.7904	0.5752	0.433036844213056	0.8688	0.5626	0.5684	0.8688	0.4572	0.637306299054135	0.5414	0.8558	0.7898	0.8764	0.7764	0.5278	0.849	0.912179503602882
SRR7146607	1	1	1	1	1	1	1	1	1	1	1	1	1	1	1	1	1	1	1	1	1	1	1	1	1	1	1	1	1	1	1	1	1	1	1	1	1	1	1	1	1	1	1	1	1	1	1	1	1	1	1	1	1	1	1	1	1	1	1	1	1	1	1	1	1	1	0.7812	0.6048	0.8488	0.8686	0.8238	0.7872	0.877	0.8406	0.9392	0.7688	0.9366	0.6	0.701	0.7508	0.798150190648204	0.8282	0.812	0.8718	0.8536	0.8164	0.8238	0.773	0.8596	0.8644	0.763	0.669188988988989	0.8328	0.702	0	0.8682	0.4938	0.7592	0.8536	0.8274	0.8546	0.9194	0.779794478895779	0.517772441742655	0.717074106784424	0.7226	0.9068	0.843314555310179	0.7826	0.9212	0.798594237695078	0.9131879855827	0.909731348799014	0.7748	0.832	0.756	0.76549114331723	0.6526	0.8322	0.8144	0.7746	0.77913309207881	0.8216	0.7394	0.837	0.949	0.9316	0.7942	0.839104704704705	0.9046	0.5488	0.755374529435322	0.938	0.9068	0.824398079615923	0.8008	0.8484	0.9102	0.7856	0.9016	0.8464	0.799750922213312	0.5308	0.875	0.7996	0.9524	0.9086	0.9768	0.9606	0.9808	0.916	0.7872	0.907205316973415	0.8626	0.8486	0.575	0.8526	0.7232	0.84	0.8268	0.7502	0.839	0.785792957182873	0.870339967897271	0.804	0.933545123431809	0.840982692307692	0.853	0.8174	0.88393023255814	0.925732223781833	0.7642	0.82878331662322	0.7926	0.8516	0.8128	0.7162	0.5082	0.843383983983984	0.86939963978387	0.824	0.82299599919984	0.8534	0.7848	0.824	0.8384	0.8396	0.682	0.750408011329152	0.8956	0.88	0.982	0.8288	0.8352	0.8354	0.7926	0.741363514269726	0.90838938938939	0.847	0.809196199239848	0.826736059330527	0.789344915932746	0.849716465863454	0.794	0.7478	0.7334	0.8024	0.8128	0.7792	0.92059759711654	0.8118	0.8	0.8708	0.8574	0.7854	0.8102	0.8564	0.9238	0.8456	0.8362	0.8992	0.7906	0.8434	0.7986	0.7384	0.5368	0.797739050290523	0.841351104804378	0.8214	0.7904	0.8304	0.8188	0.7616	0.7564	0.832	0.8654	0.8406	0.824	0.795754473843668	0.735581156231246	0.861	0.775505172066814	0.8314	0.7598	0.4678	0.8544	0.813	0.7736	0.9084	0.8022	0.8368	0.7394	0.9428	0.8676	0.9424	0.9514	0.5144	0.7744	0.7604	0.8556	0.834	0.7416	0.8566	0.438	0.7574	0.799	0.7456	0.8422	0.795393214862682	0.9604	0.9488	0.947070980788675	0.893233184221228	0.875093273542601	0.854334347477983	0.866352152152152	0.7892	0.9206	0.7342	0.8598	0.8218	0.9534	0.9442	0.9514	0.9238	0.5304	0.712174909529554	0.8216	0.8692	0.9208	0.914947669961671	0.7184	0.891015309446254	0.840573124749298	0.926357145744896	0.894578928356412	0.9742	0.9162	0.8076	0.7798	0.7678	0.7562	0.7528	0.6074	0.4128	0.8146	0.7296	0.9032	0.7902	0.8678	0.8588	0.758538966760112	0.8298	0.8472	0.8426	0.7556	0.6932	0.72695081505333	0.739	0.8924	0.9136	0.9482	0.9086	0.8284	0.9302	0.871362049639712
SRR7146608	1	1	1	1	1	1	1	1	1	1	1	1	1	1	1	1	1	1	1	1	1	1	1	1	1	1	1	1	1	1	1	1	1	1	1	1	1	1	1	1	1	1	1	1	1	1	1	1	1	1	1	1	1	1	1	1	1	1	1	1	1	1	1	1	1	1	0.8856	0.9314	0.0768	0.0346	0.484	0.7152	0.9042	0.4512	0.9738	0.769	0.9864	0.966	0.8278	0.398	0.684156050571945	0.918	0.2434	0.0246	0.529	0.4608	0.5476	0.4168	0.2102	0.7156	0.3472	0.647866666666667	0.277	0.6706	0.8682	0	0.5962	0.6746	0.2766	0.2952	0.1546	0.9554	0.586518823764753	0.925914893617021	0.868349096748294	0.7602	0.985	0.178097289700863	0.568	0.9842	0.482798159263706	0.984987985582699	0.972764401560255	0.7716	0.1602	0.3866	0.674356843800322	0.673	0.809	0.5194	0.9126	0.690234981905911	0.6552	0.3226	0.3808	0.9894	0.9492	0.823	0.908514314314314	0.9674	0.9154	0.444543051661994	0.9932	0.9834	0.34867225445089	0.2716	0.7078	0.9428	0.5204	0.9498	0.4484	0.532895268644747	0.8074	0.1252	0.303	0.9632	0.9872	0.9838	0.9764	0.9986	0.9776	0.846	0.93917627811861	0.1156	0.0764000000000001	0.948	0.0498000000000001	0.292	0.223	0.0890000000000001	0.7732	0.0598000000000001	0.753507322929172	0.914144462279294	0.6728	0.945220234722784	0.282661858974359	0.3826	0.5916	0.979172574178027	0.967729617004211	0.7376	0.780249448566272	0.7386	0.9214	0.8436	0.8556	0.9586	0.400004804804805	0.0562378226936162	0.991	0.677938227645529	0.989	0.8544	0.2984	0.4312	0.4666	0.8522	0.983719279789602	0.9448	0.956	0.9964	0.8812	0.1218	0.9398	0.4504	0.485726245103526	0.982389189189189	0.9804	0.133228845769154	0.849700581278813	0.358096236989592	0.48458875502008	0.781668269230769	0.468	0.2624	0.8718	0.4004	0.7362	0.993598077693232	0.3162	0.365	0.976	0.0362	0.356	0.5928	0.6564	0.9868	0.182	0.3298	0.923	0.713	0.248	0.9314	0.3208	0.901	0.796850891604889	0.59209215487533	0.5638	0.7502	0.7924	0.2468	0.9282	0.9736	0.15	0.9016	0.7278	0.547	0.750412845889719	0.246852810562112	0.3198	0.747925176091769	0.763	0.5042	0.8282	0.5374	0.1504	0.7538	0.9718	0.6952	0.1874	0.6082	0.9814	0.9304	0.9808	0.992	0.6756	0.6012	0.5292	0.85	0.1392	0.4498	0.0992	0.8056	0.5526	0.4482	0.8974	0.2296	0.539721486268174	1	0.9876	0.985299898887765	0.973503212688085	0.929831227068895	0.995198238590873	0.941553753753754	0.3438	0.9788	0.6882	0.5248	0.2904	0.9918	0.9764	0.9872	0.9798	0.9388	0.822145878568556	0.1942	0.0248	0.9828	0.940385354044785	0.9846	0.973888273615635	0.916373124749298	0.991357145744896	0.923578928356412	0.9932	0.9764	0.409	0.9634	0.9756	0.314	0.1832	0.4626	0.9628	0.1824	0.5174	0.9816	0.7082	0.9314	0.3386	0.4477608329996	0.9596	0.2634	0.3108	0.9092	0.595	0.703465647011471	0.7578	0.98	0.9514	0.99	0.9804	0.3794	0.9792	0.969579503602882
SRR7146610	1	1	1	1	1	1	1	1	1	1	1	1	1	1	1	1	1	1	1	1	1	1	1	1	1	1	1	1	1	1	1	1	1	1	1	1	1	1	1	1	1	1	1	1	1	1	1	1	1	1	1	1	1	1	1	1	1	1	1	1	1	1	1	1	1	1	0.7742	0.6236	0.5524	0.5982	0.4838	0.605	0.8316	0.528	0.9536	0.62	0.906	0.7348	0.5906	0.4284	0.540706241220148	0.8272	0.5402	0.5934	0.5756	0.5288	0.4924	0.4682	0.5322	0.685	0.45	0.58500960960961	0.5646	0.454	0.4938	0.5962	0	0.5126	0.5934	0.562	0.5954	0.915	0.450996199239848	0.646633232016211	0.720879566439181	0.6118	0.807	0.578713792411162	0.4734	0.8798	0.460390236094438	0.872353864637565	0.890347238760008	0.569	0.5678	0.4278	0.59274847020934	0.5816	0.7246	0.5338	0.704	0.551445757941295	0.572	0.4648	0.5566	0.9682	0.8504	0.672	0.750874874874875	0.9158	0.6668	0.44470532639167	0.9526	0.9502	0.526190718143629	0.5066	0.6472	0.9166	0.4976	0.8754	0.5278	0.499599839615076	0.4944	0.5984	0.514	0.9324	0.8464	0.9812	0.9572	0.9878	0.9156	0.689	0.923605316973415	0.5516	0.5674	0.8208	0.5572	0.4284	0.5438	0.5626	0.6058	0.569	0.639304841936775	0.860496308186196	0.5674	0.906968595710239	0.563970512820513	0.5276	0.5128	0.863522534081797	0.890330138359736	0.5894	0.743821295367957	0.6328	0.8296	0.759	0.6868	0.6504	0.571579379379379	0.589393396037623	0.8202	0.606537027405481	0.809	0.7194	0.535	0.5402	0.5354	0.6416	0.704065021242161	0.8572	0.8506	0.989	0.822	0.5604	0.7428	0.4958	0.458403917179631	0.874187187187187	0.8462	0.51378575715143	0.799047223892564	0.476361569255404	0.582579919678715	0.663708333333333	0.5522	0.5672	0.7106	0.5544	0.6058	0.90939759711654	0.5212	0.4772	0.8316	0.5884	0.5158	0.5084	0.6384	0.8834	0.5634	0.5254	0.895	0.621	0.5488	0.8954	0.5776	0.6648	0.710760729312763	0.542951104804379	0.5124	0.632	0.7166	0.5476	0.8924	0.8966	0.5774	0.8408	0.6676	0.5298	0.624573257927691	0.515185517103421	0.5592	0.593565828134433	0.6952	0.4566	0.5086	0.5372	0.5398	0.6202	0.873	0.657	0.5666	0.4464	0.9118	0.8586	0.9466	0.9456	0.3688	0.4114	0.4726	0.8264	0.5286	0.427	0.5306	0.3204	0.4022	0.514	0.8794	0.585	0.490469143780291	0.9288	0.9184	0.929870980788675	0.863543147620984	0.812759885854056	0.818529703763011	0.830543343343343	0.4608	0.8882	0.4812	0.5806	0.521	0.9218	0.9368	0.9466	0.8824	0.6228	0.785467470848412	0.5486	0.584	0.8962	0.889989308049223	0.7208	0.854248534201955	0.76434055354994	0.869157145744896	0.857578928356412	0.9756	0.8906	0.4856	0.9166	0.9018	0.4698	0.469	0.414	0.6378	0.5398	0.5654	0.871	0.5926	0.771	0.5444	0.420167080496596	0.814	0.5988	0.5376	0.8922	0.5022	0.574799356007245	0.5874	0.9374	0.9336	0.963	0.908	0.5548	0.945	0.864779503602882
SRR7146611	1	1	1	1	1	1	1	1	1	1	1	1	1	1	1	1	1	1	1	1	1	1	1	1	1	1	1	1	1	1	1	1	1	1	1	1	1	1	1	1	1	1	1	1	1	1	1	1	1	1	1	1	1	1	1	1	1	1	1	1	1	1	1	1	1	1	0.835	0.9062	0.6486	0.6796	0.6302	0.6128	0.8756	0.6454	0.9456	0.6174	0.963	0.9444	0.7088	0.4468	0.499924061810154	0.8002	0.5256	0.6746	0.664	0.624	0.5456	0.5562	0.6218	0.5992	0.4602	0.620946746746747	0.6368	0.4706	0.7592	0.6746	0.5126	0	0.664	0.5538	0.6662	0.9118	0.557397279455891	0.912051671732523	0.857749096748294	0.7252	0.8764	0.658543545472797	0.5052	0.8872	0.560393357342937	0.832917100520625	0.887872223362759	0.5454	0.6624	0.412	0.666392270531401	0.5346	0.7294	0.6296	0.5436	0.515532850824286	0.531	0.652	0.5562	0.9688	0.9494	0.6742	0.794701901901902	0.918	0.8008	0.410708049659592	0.9746	0.9634	0.617189797959592	0.6468	0.687	0.914	0.5766	0.9372	0.6586	0.612897032878909	0.7194	0.6792	0.553	0.8508	0.8828	0.9742	0.9602	0.9804	0.9146	0.7134	0.931632310838446	0.6682	0.6696	0.9488	0.6648	0.6152	0.5664	0.6576	0.5416	0.6558	0.651105642256903	0.893544462279294	0.56	0.94922492917847	0.6608	0.6468	0.5834	0.878560545308741	0.955334830559455	0.5838	0.759444235011029	0.698	0.823	0.7676	0.7842	0.946	0.655393193193193	0.68079963978387	0.9832	0.677737027405481	0.9794	0.751	0.6016	0.631	0.5358	0.718	0.942495569492211	0.8266	0.812	0.9824	0.7576	0.6336	0.9132	0.511	0.564	0.876790590590591	0.862	0.623389637927586	0.842088234115053	0.624970696557246	0.671791164658634	0.716578846153846	0.656	0.6194	0.7236	0.6456	0.6302	0.89419759711654	0.6094	0.5308	0.87	0.6756	0.6512	0.6368	0.5552	0.9198	0.6406	0.5438	0.8102	0.5616	0.5506	0.9086	0.5594	0.8752	0.742396433580445	0.670751104804379	0.6424	0.6416	0.7758	0.6256	0.907	0.9292	0.668	0.8784	0.7126	0.641	0.650812845889719	0.622589517903581	0.6066	0.580400603743208	0.6494	0.5494	0.709	0.652	0.649	0.688	0.871	0.6866	0.6598	0.5422	0.8836	0.8628	0.939	0.939	0.6584	0.4152	0.4426	0.738	0.646	0.5336	0.6498	0.581	0.2768	0.5892	0.8948	0.672	0.614418093699515	0.8996	0.8896	0.975270980788675	0.782675884505897	0.845431227068895	0.88979743795036	0.845952152152152	0.646	0.828	0.5362	0.6628	0.6278	0.8934	0.9466	0.9406	0.881	0.8616	0.814145878568556	0.6222	0.6724	0.958	0.929253500100867	0.9652	0.899781107491857	0.799773124749298	0.844193612290277	0.926978928356412	0.9738	0.9076	0.5664	0.931	0.92	0.6654	0.5678	0.5262	0.926	0.6572	0.653	0.785	0.6086	0.798	0.5594	0.498829154985983	0.8828	0.6638	0.5636	0.9072	0.6032	0.653159951700543	0.562	0.9626	0.93	0.9648	0.9074	0.6516	0.9466	0.876179503602882
SRR7146612	1	1	1	1	1	1	1	1	1	1	1	1	1	1	1	1	1	1	1	1	1	1	1	1	1	1	1	1	1	1	1	1	1	1	1	1	1	1	1	1	1	1	1	1	1	1	1	1	1	1	1	1	1	1	1	1	1	1	1	1	1	1	1	1	1	1	0.7122	0.8288	0.2686	0.2742	0.4762	0.5826	0.8324	0.4058	0.8752	0.6406	0.7456	0.9032	0.5804	0.2678	0.622562954043749	0.9212	0.2172	0.2764	0.5244	0.424	0.548	0.4188	0.2646	0.7132	0.3514	0.63683963963964	0.2586	0.5596	0.8536	0.2766	0.5934	0.664	0	0.238	0.1254	0.8512	0.573715303060612	0.904793515704154	0.789257888398234	0.6074	0.9798	0.272377875928528	0.5004	0.9878	0.481593757503001	0.985987985582699	0.958747238760008	0.7332	0.2236	0.371	0.620601288244766	0.6306	0.7658	0.394	0.8838	0.443735665460394	0.588	0.2578	0.3018	0.7716	0.9572	0.7754	0.906912712712713	0.735	0.9194	0.362060873047657	0.7438	0.8502	0.330266613322664	0.2486	0.6364	0.8396	0.3864	0.7822	0.441	0.491422614274258	0.7448	0.2774	0.2454	0.9668	0.976	0.956	0.8778	0.8954	0.8752	0.8312	0.773832310838446	0.2754	0.264	0.9524	0.2644	0.2814	0.2606	0.2496	0.6108	0.272	0.705490916366547	0.835144141252006	0.5852	0.949231970861999	0.201227564102564	0.3034	0.5446	0.943085004009623	0.800522839382394	0.5278	0.642941327451374	0.5784	0.873	0.8234	0.8206	0.9156	0.3955995995996	0.279599759855914	0.9828	0.613324024804961	0.9782	0.8336	0.2026	0.3868	0.4192	0.6762	0.87402176815699	0.7348	0.8016	0.895	0.7626	0.2148	0.9246	0.4416	0.404303861219922	0.823187587587588	0.9126	0.254196359271854	0.785189897775105	0.350683746997598	0.463929317269076	0.693925961538462	0.4314	0.2626	0.8622	0.2242	0.5742	0.834597356828194	0.1846	0.3198	0.8176	0.266	0.261	0.4698	0.6132	0.8602	0.1934	0.2688	0.926	0.6566	0.2478	0.7034	0.3056	0.8182	0.666162171909437	0.551421204135415	0.459	0.6832	0.7538	0.15	0.8842	0.9516	0.1682	0.8792	0.6832	0.4202	0.726547606544133	0.223989837967593	0.3196	0.583528919299658	0.7208	0.4648	0.8232	0.5344	0.2644	0.7058	0.954	0.5456	0.2664	0.5658	0.9184	0.8192	0.8816	0.8904	0.659	0.597	0.4932	0.8508	0.2294	0.4296	0.272	0.7814	0.537	0.3278	0.862	0.1144	0.520692730210016	0.9328	0.921	0.917583619817998	0.914742822285482	0.933231227068895	0.991195196156926	0.873093693693694	0.2616	0.873	0.6672	0.5268	0.1962	0.9288	0.88	0.8846	0.8762	0.9366	0.709607478890229	0.2766	0.2768	0.9096	0.940109017550938	0.8512	0.944751465798046	0.908354592860008	0.990529290479078	0.884824041741923	0.8968	0.8756	0.4004	0.9506	0.9458	0.2458	0.2558	0.4182	0.967	0.1706	0.524	0.952	0.5302	0.9346	0.3318	0.379269283139768	0.9474	0.1846	0.2982	0.8682	0.4732	0.70176832360636	0.6676	0.832	0.6922	0.7594	0.8406	0.278	0.876	0.837274459567654
SRR7146613	1	1	1	1	1	1	1	1	1	1	1	1	1	1	1	1	1	1	1	1	1	1	1	1	1	1	1	1	1	1	1	1	1	1	1	1	1	1	1	1	1	1	1	1	1	1	1	1	1	1	1	1	1	1	1	1	1	1	1	1	1	1	1	1	1	1	0.8144	0.8704	0.2862	0.2942	0.4684	0.6542	0.86	0.406	0.9056	0.674	0.9232	0.9276	0.7522	0.3116	0.548586915512743	0.7724	0.1298	0.2986	0.5178	0.4112	0.3978	0.4072	0.2474	0.573	0.3132	0.627837837837838	0.29	0.5708	0.8274	0.2952	0.562	0.5538	0.238	0	0.248	0.8486	0.55311274254851	0.899630395136778	0.797120192693697	0.6948	0.9692	0.282959566352138	0.4736	0.9796	0.463189515806323	0.92813007609131	0.951004229111066	0.6078	0.2608	0.3494	0.62852077294686	0.493	0.7076	0.4466	0.8434	0.56269312424608	0.455	0.2554	0.2542	0.9164	0.9458	0.6984	0.8869005005005	0.856	0.76	0.378096195434521	0.9192	0.8982	0.281258371674335	0.2278	0.655	0.861	0.4508	0.9108	0.4248	0.454156214915798	0.7352	0.3008	0.1528	0.822	0.9746	0.8988	0.871	0.8996	0.8722	0.8248	0.899481799591002	0.2954	0.2748	0.9292	0.281	0.2648	0.1624	0.266	0.7392	0.2846	0.709305482192877	0.86513290529695	0.6252	0.93682492917847	0.250778846153846	0.3418	0.4838	0.94196680032077	0.931533787848406	0.639	0.735059354321235	0.699	0.8796	0.82	0.8232	0.9026	0.390203803803804	0.292599279567741	0.9152	0.647536787357472	0.917	0.8228	0.1976	0.3898	0.282	0.6502	0.886098887315396	0.7494	0.8506	0.9224	0.69	0.2628	0.9074	0.2902	0.433297929490767	0.943584184184184	0.7846	0.264594158831766	0.773251633593907	0.337882626100881	0.460124497991968	0.736466666666667	0.4148	0.2356	0.8172	0.351	0.6942	0.95919759711654	0.2314	0.303	0.9404	0.2832	0.3192	0.491	0.4932	0.875	0.244	0.1676	0.7826	0.5328	0.142	0.8742	0.1572	0.8428	0.666336565818473	0.555613379282384	0.4994	0.6962	0.7556	0.2178	0.8766	0.9442	0.2586	0.851	0.6884	0.4796	0.71855750353464	0.250397319463893	0.2372	0.653544616623063	0.5788	0.3766	0.6908	0.5242	0.2688	0.7088	0.9458	0.6642	0.2744	0.431	0.9036	0.8088	0.8722	0.9164	0.625	0.463	0.3536	0.7074	0.2512	0.2758	0.2892	0.7678	0.407	0.3714	0.8554	0.2602	0.497648142164782	0.9182	0.9036	0.947488776541962	0.831745912972753	0.926227395026498	0.983395036028823	0.898147747747748	0.2648	0.776	0.5264	0.522	0.2002	0.9142	0.8508	0.8874	0.9024	0.8406	0.776936469642139	0.2956	0.2928	0.9428	0.923641355658664	0.9236	0.937229641693811	0.902363578018452	0.930185041439256	0.879955047160345	0.8996	0.9284	0.3868	0.9506	0.951	0.2868	0.267	0.423	0.9522	0.2548	0.5178	0.859	0.6522	0.781	0.1868	0.352277452943532	0.9168	0.2564	0.1524	0.8688	0.524	0.66172215737573	0.5398	0.8632	0.8474	0.9138	0.8862	0.323	0.8982	0.915162850280224
SRR7146614	1	1	1	1	1	1	1	1	1	1	1	1	1	1	1	1	1	1	1	1	1	1	1	1	1	1	1	1	1	1	1	1	1	1	1	1	1	1	1	1	1	1	1	1	1	1	1	1	1	1	1	1	1	1	1	1	1	1	1	1	1	1	1	1	1	1	0.7554	0.8326	0.15	0.1538	0.478	0.6376	0.871	0.419	0.9488	0.6798	0.8382	0.9424	0.6866	0.2798	0.658130122416215	0.922	0.195	0.1548	0.527	0.4342	0.5484	0.4206	0.2062	0.7162	0.3526	0.638241641641642	0.2706	0.6162	0.8546	0.1546	0.5954	0.6662	0.1254	0.248	0	0.9254	0.57391550310062	0.908040932117528	0.788657888398233	0.6346	0.9802	0.181301104195945	0.5024	0.9876	0.48259543817527	0.985987985582699	0.960363128721002	0.7368	0.1196	0.3738	0.629061835748792	0.6364	0.7882	0.4672	0.8924	0.545259026940089	0.6232	0.259	0.3662	0.839	0.9554	0.7838	0.910913513513514	0.8138	0.9176	0.407717340808971	0.8412	0.9192	0.331867133426685	0.2488	0.6782	0.9132	0.4088	0.8234	0.4412	0.508653408179631	0.748	0.1554	0.2826	0.9676	0.984	0.9658	0.9522	0.971	0.9506	0.8344	0.809081799591002	0.153	0.1398	0.9552	0.144	0.2846	0.2088	0.1282	0.6462	0.1498	0.714091236494598	0.845144141252007	0.6456	0.949650748684743	0.256648717948718	0.3564	0.5506	0.949087890938252	0.843734830559455	0.598	0.658551754561861	0.6148	0.8868	0.831	0.8212	0.9136	0.400004004004004	0.155599759855914	0.985	0.61912450490098	0.9814	0.834	0.2718	0.4094	0.449	0.7472	0.947750920493627	0.8068	0.875	0.9708	0.773	0.1362	0.9296	0.4446	0.408297817571349	0.858191791791792	0.9134	0.133996359271854	0.818651633593907	0.352685348278623	0.469934136546185	0.698727884615384	0.4394	0.2624	0.8656	0.2672	0.6174	0.866198077693232	0.2032	0.3226	0.8516	0.142	0.263	0.5418	0.64	0.9358	0.1646	0.3	0.9278	0.6632	0.2292	0.7902	0.3058	0.8752	0.736981646964536	0.553659233732009	0.5152	0.7188	0.7634	0.1394	0.9012	0.958	0.0466	0.8838	0.6856	0.493	0.72675750353464	0.215043688737748	0.3194	0.628728919299658	0.7222	0.4674	0.8234	0.5342	0.1526	0.7066	0.9548	0.5804	0.193	0.5694	0.9696	0.885	0.9554	0.9678	0.6584	0.607	0.5036	0.8528	0.1094	0.4316	0.1522	0.7852	0.5396	0.3662	0.8638	0.112	0.525508239095315	0.9842	0.973	0.926228109201213	0.924996258641724	0.935031227068895	0.994398238590873	0.886901701701702	0.2972	0.9292	0.6774	0.529	0.257	0.9802	0.951	0.9602	0.9518	0.9386	0.718207478890229	0.1914	0.1552	0.9098	0.941119427072826	0.8538	0.951151465798045	0.912967509025271	0.991548574893875	0.886030182620911	0.9716	0.9496	0.4026	0.9548	0.9494	0.2478	0.1766	0.4184	0.9696	0.094	0.5262	0.9646	0.5706	0.9372	0.3336	0.420327673207849	0.949	0.2428	0.2966	0.8758	0.5468	0.703982048701952	0.706	0.885	0.7998	0.8388	0.9186	0.344	0.9514	0.840477502001601
SRR7146615	1	1	1	1	1	1	1	1	1	1	1	1	1	1	1	1	1	1	1	1	1	1	1	1	1	1	1	1	1	1	1	1	1	1	1	1	1	1	1	1	1	1	1	1	1	1	1	1	1	1	1	1	1	1	1	1	1	1	1	1	1	1	1	1	1	1	0.7168	0.9176	0.9236	0.9366	0.9224	0.729	0.835	0.886	0.339	0.8084	0.8322	0.8796	0.7038	0.878	0.754606983744732	0.9494	0.922	0.9564	0.9424	0.8274	0.9176	0.9286	0.907	0.942	0.9264	0.916783783783784	0.9108	0.7868	0.9194	0.9554	0.915	0.9118	0.8512	0.8486	0.9254	0	0.913196759351871	0.876723606889564	0.876363147330389	0.884	0.9404	0.885128287492471	0.9236	0.9516	0.900788555422169	0.905719022827393	0.867988339150072	0.8898	0.9374	0.9016	0.868475040257649	0.8842	0.8314	0.5806	0.9054	0.73084905508645	0.8106	0.9332	0.7004	0.6872	0.9494	0.8896	0.88414994994995	0.2938	0.9494	0.789274088906688	0.7998	0.7872	0.923394518903781	0.9146	0.8602	0.2194	0.8174	0.9332	0.8994	0.75625757818765	0.8566	0.9578	0.8536	0.9578	0.9252	0.8794	0.454	0.2	0.2492	0.8368	0.871056032719836	0.9522	0.9372	0.8852	0.9416	0.8986	0.9472	0.9446	0.9094	0.9422	0.79615862344938	0.829508186195827	0.7732	0.880882638607851	0.808975961538462	0.7504	0.847	0.892760545308741	0.903776338480048	0.8246	0.787033687587728	0.8956	0.7466	0.7434	0.9194	0.8934	0.872917317317317	0.932184870922554	0.8208	0.934796799359872	0.8892	0.909	0.7396	0.8274	0.8554	0.6558	0.604048027513656	0.858	0.3414	0.3614	0.9024	0.8736	0.8938	0.9064	0.852409960828204	0.90656976976977	0.9758	0.908995919183837	0.674394507917419	0.880387510008006	0.845400803212851	0.846485256410256	0.9118	0.9476	0.9214	0.8704	0.8514	0.946569483380056	0.8422	0.896	0.9228	0.9372	0.9404	0.7164	0.8998	0.2618	0.8206	0.8674	0.941	0.8872	0.9154	0.7576	0.9282	0.7482	0.573080665197355	0.87568319481046	0.7984	0.7512	0.8558	0.9166	0.86	0.9238	0.9336	0.8726	0.86	0.751	0.857546556251263	0.885186517303461	0.8864	0.812247776212518	0.8814	0.8278	0.9206	0.9162	0.9256	0.884	0.9362	0.9088	0.9234	0.8616	0.7018	0.236	0.2984	0.2664	0.9078	0.887	0.8616	0.9396	0.9062	0.908	0.9176	0.8828	0.8934	0.7766	0.8828	0.9284	0.804611954765751	0.7258	0.7136	0.908233164812942	0.832256201708011	0.8592	0.916595996797438	0.775247647647648	0.8614	0.786	0.8916	0.9448	0.7248	0.7246	0.21	0.1622	0.2924	0.944	0.837708323281061	0.927	0.9536	0.952	0.87590804922332	0.9042	0.856086970684039	0.832790453269154	0.903748574893875	0.842370660244832	0.2988	0.629	0.889	0.879	0.9484	0.9236	0.919	0.92	0.9586	0.931	0.932	0.913	0.8704	0.934	0.9136	0.78823540248298	0.8984	0.7462	0.9456	0.8752	0.7654	0.856336365465889	0.7832	0.7698	0.2702	0.8414	0.4154	0.727	0.4088	0.871176461168935
SRR7146616	1	1	1	1	1	1	1	1	1	1	1	1	1	1	1	1	1	1	1	1	1	1	1	1	1	1	1	1	1	1	1	1	1	1	1	1	1	1	1	1	1	1	1	1	1	1	1	1	1	1	1	1	1	1	1	1	1	1	1	1	1	1	1	1	1	1	0.776181716343269	0.876989077815563	0.553118623724745	0.575715703140628	0.245261412282457	0.57198675735147	0.575342068413683	0.36991374274855	0.923596479295859	0.514761272254451	0.847176955391078	0.918799559911982	0.636785557111422	0.434712022404481	0.451197524273067	0.904997359471895	0.534912862572514	0.589919063812763	0.570318943788758	0.533318663732747	0.513316863372675	0.504718943788758	0.536516543308662	0.694397479495899	0.456895419083817	0.573794919143989	0.569318143628726	0.547592318463693	0.779794478895779	0.586518823764753	0.450996199239848	0.557397279455891	0.573715303060612	0.55311274254851	0.57391550310062	0.913196759351871	0	0.887457005078828	0.671143983915209	0.626174274854971	0.482305421084217	0.527194858766975	0.337074094818964	0.764761352270454	0.282606461268244	0.753123992840218	0.827301161320336	0.418156191238248	0.556514862972595	0.430316943388678	0.559901473048233	0.612992398479696	0.65499423884777	0.506109941988398	0.494930946189238	0.505422355078173	0.509994118823765	0.548714422884577	0.535513342668534	0.878783596719344	0.728786397279456	0.455391678335667	0.455793941571097	0.897195679135827	0.896197279455891	0.471997683477424	0.958592358471694	0.942592478495699	0.47629525905181	0.498310982196439	0.397942188437687	0.89939675935187	0.475315023004601	0.660785317063413	0.288713022604521	0.463051351248598	0.480785157031407	0.592319063812762	0.53411626325265	0.941397479495899	0.675756631326265	0.976199879975995	0.947596599319864	0.973196919383877	0.908595879175835	0.598954670934187	0.896095292678168	0.486119063812763	0.546919063812763	0.933995959191838	0.551518823764753	0.426710222044409	0.520114862972595	0.555512782556511	0.618973434686937	0.566719463892778	0.602469793678624	0.808248648124488	0.450361712342469	0.637513905047298	0.517222955809111	0.440719063812762	0.44978823764753	0.7466421512049	0.843513639563686	0.491769593918784	0.706739783890205	0.484181556311262	0.703564832966593	0.707394198839768	0.686992638527706	0.846792158431687	0.484681240552415	0.568309099082174	0.976596639327866	0.543908781756351	0.988799799959992	0.365705981196239	0.541516623324665	0.560918863772755	0.540116343268654	0.807591198239648	0.888267841713194	0.712388597719544	0.793371394278856	0.972596599319864	0.77658199639928	0.549119063812763	0.636540228045609	0.504716143228646	0.370191777583273	0.824743487235986	0.948993198639728	0.490098019603921	0.78197876496526	0.428787999393313	0.537754177341492	0.598644368296737	0.554715383076615	0.561115183036607	0.466561632326465	0.536509821964393	0.587790358071615	0.799554704693442	0.533512222444489	0.434891578315663	0.774361632326465	0.567118823764753	0.54351326265253	0.463387597519504	0.635397439487898	0.83959275855171	0.545313462692539	0.460316583316663	0.913396839367874	0.657992678535707	0.551511022204441	0.890992438487698	0.571916823364673	0.879396919383877	0.664740561817032	0.46591661733928	0.45391074214843	0.592372794558912	0.602391118223645	0.543712262452491	0.907196959391879	0.948599359871974	0.555314582916583	0.714393598719744	0.503992398479696	0.479103540708142	0.311832877583394	0.515503100620124	0.479113582716543	0.562607429918264	0.611189557911583	0.45750950190038	0.743597359471894	0.47331950390078	0.546915703140628	0.517593718743749	0.736561392278456	0.58718175635127	0.542515663132626	0.476988357671534	0.875378835767153	0.834792678535707	0.930196599319864	0.936595359071814	0.54799375875175	0.414596959391878	0.513312462492498	0.828397399479896	0.512914702940588	0.53071226245249	0.538118943788758	0.645992318463693	0.429316583316663	0.487707701540308	0.814590598119624	0.55851174234847	0.488256738585197	0.894178835767153	0.880378835767153	0.64416697292947	0.790295960778166	0.781099432279444	0.743145866963625	0.662287452485492	0.547911542308462	0.792193318663733	0.630195959191838	0.576318983796759	0.507119583916783	0.885978835767153	0.941996719343869	0.944996679335867	0.865993438687738	0.906795159031806	0.770843432860275	0.45330874174835	0.575319063812762	0.74939475895179	0.626694957712543	0.787783156631326	0.690196467632289	0.448320991915992	0.691919058968454	0.584026538400195	0.962796159231846	0.823590678135627	0.459319583916783	0.897596279255851	0.928195039007802	0.511710902180436	0.52091450290058	0.425315023004601	0.942997159431886	0.529313462692539	0.567919463892779	0.715754030806161	0.604595639127826	0.862597279455891	0.476716423284657	0.373482065255662	0.829189957991598	0.58631950390078	0.448712382476495	0.832190438087618	0.484982236447289	0.641500930494008	0.629384876975395	0.943192438487697	0.902192478495699	0.944592678535707	0.897992638527706	0.522710462092418	0.937596559311862	0.793743376377437
SRR7146617	1	1	1	1	1	1	1	1	1	1	1	1	1	1	1	1	1	1	1	1	1	1	1	1	1	1	1	1	1	1	1	1	1	1	1	1	1	1	1	1	1	1	1	1	1	1	1	1	1	1	1	1	1	1	1	1	1	1	1	1	1	1	1	1	1	1	0.807646200607903	0.64217811550152	0.912904356636272	0.902678014184397	0.892101317122594	0.902833029381966	0.903238500506585	0.908230395136778	0.796384599797366	0.887572441742654	0.900788449848024	0.538844579533941	0.801893414387031	0.896193515704154	0.816395684537153	0.83946484295846	0.907696251266464	0.928314893617021	0.915504356636271	0.891430395136778	0.889691185410334	0.910704356636271	0.920651671732522	0.930714893617021	0.918304356636271	0.893674829845043	0.916670111448835	0.831430395136778	0.517772441742655	0.925914893617021	0.646633232016211	0.912051671732523	0.904793515704154	0.899630395136778	0.908040932117528	0.876723606889564	0.887457005078828	0	0.672210433751983	0.743862006079027	0.903260385005066	0.81243664120212	0.851262006079027	0.944742046605876	0.866366120916452	0.877011765689242	0.786098982939162	0.842862006079027	0.897080445795339	0.912496251266464	0.639959815769252	0.868451469098277	0.877601621073962	0.856393515704154	0.83433515704154	0.803246669917614	0.838611752786221	0.819083080040527	0.873038500506586	0.928115501519757	0.88096757852077	0.826040526849037	0.859598808534978	0.907410131712259	0.577570010131712	0.871996710135243	0.905396960486322	0.935665450861195	0.893091850386288	0.853285714285714	0.898438500506586	0.840841945288754	0.896830395136778	0.871275987841945	0.865514488348531	0.720306120707936	0.697914488348531	0.928914893617021	0.888527862208713	0.964	0.870272948328268	0.97308672745694	0.901923404255319	0.96468672745694	0.88508672745694	0.842609523809524	0.727250576513075	0.915480648429585	0.902114893617021	0.743826139817629	0.908914893617021	0.799190881458967	0.900906788247214	0.883693617021277	0.896896251266464	0.909504356636271	0.855272321694635	0.665160001366074	0.85151408308004	0.699762636656133	0.82485983652872	0.912049037487335	0.861496251266464	0.829947740839413	0.851045626430137	0.884351367781155	0.815622868698738	0.819498074974671	0.853662006079027	0.801849037487335	0.771145491388045	0.547868085106383	0.831187418421461	0.905499044107315	0.732386828774063	0.836174975623291	0.850186828774063	0.884462006079027	0.877409523809524	0.905038500506586	0.893249037487335	0.694209321175279	0.75573759705629	0.867331306990881	0.932678622087133	0.816329280648429	0.830432218844985	0.914617426545086	0.806673556231003	0.892027963525836	0.775755328503903	0.919517693985779	0.886128672745694	0.900680399504419	0.81194676921446	0.885020518948086	0.816653849440314	0.768943622866495	0.885677811550152	0.907314893617021	0.888804255319149	0.880830395136778	0.665701114488348	0.914868297884513	0.899630395136778	0.905696251266464	0.890681256332321	0.899114893617021	0.84866990881459	0.824069098277609	0.921438500506586	0.902907396149949	0.895038500506586	0.884227963525836	0.891786828774063	0.876419858156029	0.911306788247214	0.889915501519757	0.917301722391084	0.50176210739615	0.692726908435183	0.729475560145257	0.834429989868288	0.846393515704154	0.845706788247214	0.885854103343465	0.890220871327254	0.939860385005066	0.889306788247214	0.721938601823708	0.85086990881459	0.885759270516717	0.768041497659842	0.843681968409893	0.788814792299899	0.765348524580871	0.774506382978724	0.779067274569402	0.493377912867275	0.918114893617021	0.862851671732523	0.885485714285714	0.951347112462006	0.830251469098278	0.886670111448835	0.772885714285714	0.975323606889564	0.849257548125633	0.81294022289767	0.837187639311044	0.61484883485309	0.920504356636272	0.862885714285714	0.888088145896657	0.898233029381965	0.786372441742655	0.925304356636271	0.576948328267478	0.910296251266464	0.884443566362715	0.809477811550152	0.890506788247214	0.733184262946577	0.994123606889564	0.980323606889564	0.786083391470307	0.726537134023312	0.723258537093095	0.792892672800855	0.795686872282617	0.797295643363728	0.922338804457954	0.802604255319149	0.922704356636272	0.899030395136778	0.985923606889564	0.848910233029382	0.87648672745694	0.907615602836879	0.581749341438703	0.824362795961492	0.918304356636272	0.928514893617021	0.907180952380952	0.788805081349045	0.770320770010132	0.782688798022501	0.748660382810471	0.817643433771842	0.74178919572748	0.842950759878419	0.947423505572442	0.913093819655522	0.845934143870314	0.949544478216819	0.77186990881459	0.902496251266464	0.897896251266464	0.61178358662614	0.88785937183384	0.927104356636272	0.889975481256332	0.894219858156029	0.886778926038501	0.910651671732523	0.845553022289361	0.896684093211753	0.918438500506586	0.906306788247214	0.801117122593719	0.827572441742654	0.679795481733455	0.865196149949341	0.866562715298886	0.906915501519757	0.927660182370821	0.797999189463019	0.795193515704154	0.845673353596758	0.736220668530772
SRR7146618	1	1	1	1	1	1	1	1	1	1	1	1	1	1	1	1	1	1	1	1	1	1	1	1	1	1	1	1	1	1	1	1	1	1	1	1	1	1	1	1	1	1	1	1	1	1	1	1	1	1	1	1	1	1	1	1	1	1	1	1	1	1	1	1	1	1	0.714157045363308	0.588087354476114	0.840149096748294	0.849749096748294	0.697340666399036	0.797531031714171	0.722002408671216	0.68095150541951	0.754724126856684	0.728251384985949	0.891919630670413	0.848455319148936	0.662834042553192	0.761868727418707	0.699952016704245	0.853389883580891	0.809749096748294	0.871949096748294	0.852731031714171	0.828331031714171	0.770538980329185	0.860149096748294	0.828949096748294	0.862149096748294	0.859749096748294	0.833906688703959	0.864949096748294	0.725349096748294	0.717074106784424	0.868349096748294	0.720879566439181	0.857749096748294	0.789257888398234	0.797120192693697	0.788657888398233	0.876363147330389	0.671143983915209	0.672210433751983	0	0.656385467683661	0.788991569650743	0.757503684615751	0.789349096748294	0.969	0.745682054435584	0.929303602701403	0.628592969590958	0.739349096748294	0.804549096748294	0.769549096748294	0.560785817671475	0.778297792051385	0.71853825772782	0.78693825772782	0.725202408671216	0.663381982939144	0.72130285026094	0.669905740666399	0.813732476916901	0.872090726615817	0.8116	0.660940666399036	0.685854260523069	0.863084945804898	0.809497230028101	0.788043604955412	0.851084945804898	0.83547932557206	0.794333013531651	0.742371336812525	0.684540666399037	0.849971095945404	0.778039823364111	0.69872203934163	0.67375150541951	0.656204597980154	0.45442344439984	0.872149096748294	0.784531031714171	0.9528	0.863982657567242	0.978789160979526	0.888306784423926	0.965371095945404	0.894765315134484	0.794943315937375	0.528278325489143	0.784149096748294	0.831549096748294	0.647307185869129	0.828749096748294	0.695902127659575	0.822349096748294	0.831349096748294	0.785068727418707	0.841349096748294	0.81690990326279	0.726321418422533	0.84813825772782	0.465409346573606	0.812831562213713	0.728549096748294	0.702528863910076	0.866678100504237	0.804012552266563	0.705268727418707	0.693994027184449	0.639050662384584	0.882364592533119	0.771713689281413	0.74668968285829	0.608063829787234	0.793263436057495	0.838727483780513	0.838484223203533	0.735121171163177	0.909711682055399	0.66855150541951	0.822258048976315	0.844731031714171	0.82733825772782	0.685318265756724	0.755041962515592	0.678113849859494	0.882189160979526	0.689257647531112	0.790719630670414	0.865949096748294	0.682709755118426	0.81373825772782	0.662734810061605	0.889687198237981	0.783798233641108	0.823128535783431	0.7308189618928	0.734036526692249	0.7679244476904	0.677832504709261	0.805531031714171	0.851749096748294	0.705402408671217	0.771868727418707	0.550382737856283	0.892272252194404	0.782657888398234	0.803749096748294	0.846919630670413	0.843943315937375	0.745868727418707	0.755320192693697	0.864749096748294	0.829368928141309	0.83453825772782	0.748920192693697	0.919981934965877	0.780315857085508	0.843749096748294	0.830719630670414	0.852949096748294	0.773529747089522	0.701210714010228	0.527041928278108	0.72333825772782	0.811120192693697	0.654149096748294	0.769458610999598	0.886981934965877	0.919189883580891	0.765058610999598	0.399373745483741	0.60635150541951	0.820314411882778	0.559806334920438	0.780922824468547	0.656684062625452	0.62057991179193	0.618149096748294	0.635110076274588	0.654656443195504	0.791349096748294	0.816749096748294	0.613318265756724	0.9324	0.744062946607788	0.829749096748294	0.598092733841831	0.978189160979526	0.840971095945403	0.724721959052589	0.816729907667603	0.607514090726616	0.769349096748294	0.824331754315536	0.862549096748294	0.791149096748294	0.732721637896427	0.829549096748294	0.648431874749097	0.799749096748294	0.782749096748294	0.7794	0.767668727418707	0.520138735311418	0.996989160979526	0.978171095945403	0.427703737499487	0.591233115915139	0.567204349027882	0.858477227386084	0.821809284193868	0.761892733841831	0.822981934965877	0.778138980329185	0.863149096748294	0.81173825772782	0.988789160979526	0.840708229626656	0.878371095945403	0.927755198715375	0.747209634684866	0.704604691081702	0.862949096748294	0.859749096748294	0.7438	0.532419838309178	0.536038940184665	0.496413391139699	0.566442804203436	0.588080948296828	0.54361275546815	0.848355198715375	0.937789160979526	0.844749096748294	0.8569588117222	0.9356	0.670268727418707	0.843949096748294	0.750749096748294	0.836460377358491	0.774468727418707	0.856949096748294	0.95199421918908	0.775868727418708	0.831766760337214	0.767713689281413	0.72935149638418	0.839672822159775	0.860520192693697	0.739949096748294	0.793997832195906	0.782328141308711	0.422139666575078	0.773720192693698	0.712171497390606	0.848490726615817	0.86890879164994	0.790724126856684	0.815115134484143	0.836765315134484	0.51765298228145
SRR7146619	1	1	1	1	1	1	1	1	1	1	1	1	1	1	1	1	1	1	1	1	1	1	1	1	1	1	1	1	1	1	1	1	1	1	1	1	1	1	1	1	1	1	1	1	1	1	1	1	1	1	1	1	1	1	1	1	1	1	1	1	1	1	1	1	1	1	0.5798	0.6858	0.7508	0.7432	0.7526	0.6334	0.8732	0.7164	0.8832	0.5984	0.5474	0.8052	0.6064	0.6122	0.64971402769416	0.8404	0.682	0.7636	0.7426	0.7084	0.709	0.7416	0.735	0.7446	0.7276	0.719351751751752	0.757	0.6092	0.7226	0.7602	0.6118	0.7252	0.6074	0.6948	0.6346	0.884	0.626174274854971	0.743862006079027	0.656385467683661	0	0.7706	0.672870307167236	0.5712	0.848	0.53771468587435	0.663247016419704	0.835478792855676	0.5326	0.7034	0.7286	0.541741706924316	0.647	0.757	0.673	0.8082	0.499076638520305	0.6932	0.5956	0.6928	0.4754	0.8924	0.75	0.810242242242242	0.8042	0.7784	0.695718542250701	0.7718	0.917	0.673186157231446	0.6734	0.7404	0.8734	0.633	0.5444	0.7252	0.675520128307939	0.5622	0.7654	0.7112	0.9408	0.6978	0.9744	0.914	0.9656	0.892	0.6704	0.721490797546012	0.7584	0.7348	0.8094	0.748	0.649	0.7216	0.7276	0.6044	0.7462	0.697175110044018	0.708878972712681	0.5822	0.873345123431809	0.68426891025641	0.74	0.6512	0.578332959101844	0.763034730298777	0.5384	0.568271465811109	0.4478	0.699	0.7532	0.6718	0.7482	0.493766766766767	0.74258475085051	0.8222	0.677584436887377	0.8614	0.7466	0.7156	0.726	0.7128	0.6038	0.700561885494639	0.7164	0.8362	0.9262	0.6564	0.7364	0.853	0.706	0.519126804700616	0.796955555555556	0.8044	0.732192798559712	0.750499498897575	0.71696188951161	0.657041767068273	0.603423076923077	0.7072	0.7238	0.7556	0.5828	0.5242	0.738080336403684	0.6182	0.6852	0.7468	0.7376	0.598	0.6768	0.7318	0.9026	0.7196	0.7086	0.8902	0.6572	0.7096	0.7502	0.7318	0.7674	0.631264435984773	0.646463855665923	0.6854	0.699	0.7298	0.6138	0.8918	0.9486	0.6368	0.8018	0.6706	0.6792	0.647639830337306	0.666780716143229	0.6808	0.487574159790702	0.6312	0.593	0.6868	0.7232	0.6978	0.6848	0.5732	0.3344	0.7184	0.5754	0.9812	0.8544	0.9018	0.9154	0.6192	0.7316	0.7048	0.8228	0.7094	0.6478	0.757	0.6132	0.7222	0.6556	0.767	0.5836	0.659660743134087	0.997	0.9804	0.807107583417593	0.824312810085401	0.871427395026498	0.658175660528423	0.726387987987988	0.6606	0.8922	0.6262	0.7508	0.7372	0.9918	0.895	0.9096	0.9332	0.8018	0.653381342983514	0.657	0.7616	0.862	0.868587573128909	0.6898	0.852860586319218	0.817901243481749	0.838665049524965	0.804030182620911	0.9276	0.5966	0.7234	0.8894	0.9188	0.5944	0.7246	0.6876	0.8546	0.6168	0.7626	0.6314	0.5912	0.8502	0.7264	0.649103884661594	0.8164	0.7564	0.7126	0.7864	0.6234	0.638018192795331	0.6438	0.8246	0.7578	0.7956	0.8766	0.7024	0.9064	0.770277502001601
SRR7146620	1	1	1	1	1	1	1	1	1	1	1	1	1	1	1	1	1	1	1	1	1	1	1	1	1	1	1	1	1	1	1	1	1	1	1	1	1	1	1	1	1	1	1	1	1	1	1	1	1	1	1	1	1	1	1	1	1	1	1	1	1	1	1	1	1	1	0.793	0.9228	0.9496	0.972	0.6126	0.8546	0.4594	0.7854	0.9312	0.7364	0.6794	0.9356	0.7476	0.8586	0.726890909090909	0.9764	0.9562	0.9878	0.9756	0.942	0.9136	0.9128	0.9454	0.9814	0.8264	0.919134934934935	0.975	0.8722	0.9068	0.985	0.807	0.8764	0.9798	0.9692	0.9802	0.9404	0.482305421084217	0.903260385005066	0.788991569650743	0.7706	0	0.924632925115439	0.6692	0.6542	0.588252741096438	0.604964677613136	0.822428782590844	0.505	0.9686	0.8526	0.923967793880837	0.9378	0.8388	0.9238	0.4414	0.811212786489747	0.8452	0.9572	0.9396	0.7646	0.7356	0.59	0.293563563563564	0.9256	0.9706	0.892907488986784	0.96	0.9544	0.901583436687338	0.8964	0.4658	0.9414	0.8898	0.5656	0.6862	0.872778187650361	0.6648	0.9886	0.9434	0.9792	0.493	0.9834	0.9556	0.9668	0.9198	0.6328	0.95460654396728	0.8828	0.9548	0.954	0.9512	0.8298	0.9426	0.963	0.8102	0.9598	0.775773669467787	0.820500802568218	0.6458	0.641176365843788	0.877723717948718	0.8494	0.8678	0.555121571772254	0.845599799478645	0.7582	0.925290515339884	0.6308	0.6612	0.8636	0.8026	0.8768	0.783180580580581	0.963393516109666	0.9596	0.826983276655331	0.9814	0.3056	0.9424	0.9574	0.9442	0.9062	0.819024802751366	0.7446	0.8272	0.9696	0.8104	0.9638	0.3936	0.9032	0.742652378287633	0.777533333333334	0.9726	0.896983596719344	0.932931649629184	0.832278783026421	0.961375903614458	0.809365384615385	0.9704	0.977	0.5176	0.9492	0.796	0.750106047256708	0.9448	0.818	0.7454	0.9714	0.9544	0.833	0.9754	0.849	0.953	0.869	0.9758	0.9466	0.9804	0.9484	0.979	0.9568	0.82596377479463	0.875210216906548	0.8572	0.7814	0.7992	0.9606	0.9688	0.9488	0.962	0.811	0.7766	0.8746	0.526296222985255	0.923991318263653	0.888	0.814300382370699	0.8542	0.8728	0.9058	0.8736	0.948	0.7598	0.6284	0.7532	0.9436	0.8576	0.846	0.901	0.9466	0.95	0.8686	0.8066	0.9326	0.9768	0.9238	0.9414	0.9378	0.8304	0.852	0.9136	0.9468	0.9656	0.896115670436187	0.8526	0.8432	0.666581395348837	0.786929076860512	0.805019404810436	0.596074619695757	0.677301701701702	0.9512	0.827	0.9256	0.9786	0.915	0.8468	0.9614	0.9504	0.8588	0.9498	0.94832577402493	0.8098	0.976	0.7554	0.464108049223321	0.779	0.726168403908795	0.413894825511432	0.665182979583586	0.441824603652418	0.9576	0.7204	0.8612	0.9214	0.9446	0.8752	0.9362	0.8364	0.9492	0.9384	0.9656	0.5596	0.8932	0.9216	0.8854	0.77998470164197	0.8108	0.9788	0.8702	0.9482	0.8482	0.914530489031998	0.851	0.9514	0.9468	0.9544	0.9116	0.889	0.9422	0.793793594875901
SRR7146622	1	1	1	1	1	1	1	1	1	1	1	1	1	1	1	1	1	1	1	1	1	1	1	1	1	1	1	1	1	1	1	1	1	1	1	1	1	1	1	1	1	1	1	1	1	1	1	1	1	1	1	1	1	1	1	1	1	1	1	1	1	1	1	1	1	1	0.817316844007228	0.89391836980526	0.166466010841197	0.159100341296928	0.462959566352138	0.70274278257378	0.880544308371813	0.441537442280667	0.861969724954829	0.738683276450512	0.945495482834772	0.93634888576591	0.765076410359366	0.387942019674764	0.575742749197905	0.908740493876732	0.243980164625577	0.181105681590042	0.530165669544268	0.442759566352138	0.535946597068862	0.416167958241317	0.205549648664927	0.711976350130496	0.331176350130496	0.633604373295198	0.272591608110821	0.652916844007227	0.843314555310179	0.178097289700863	0.578713792411162	0.658543545472797	0.272377875928528	0.282959566352138	0.181301104195945	0.885128287492471	0.527194858766975	0.81243664120212	0.757503684615751	0.672870307167236	0.924632925115439	0	0.530094719935756	0.945105400521983	0.419850534070283	0.907823095805711	0.845486962549662	0.708211563942983	0.169097289700863	0.376956514756073	0.536550243582619	0.651941256775748	0.780956514756073	0.476329813290504	0.883891668339691	0.586294828268611	0.624335153583618	0.300725998795423	0.345742019674764	0.935476410359366	0.903477936157398	0.806914555310179	0.834963572285395	0.935551174462959	0.895958040554106	0.403656722940044	0.954750411563943	0.961573298534431	0.317383251795912	0.235504637622967	0.696571009837382	0.860755751857057	0.507148122866894	0.914520658502309	0.411697771531821	0.414429925939903	0.725449708893796	0.182305681590042	0.288744308371813	0.958576350130496	0.907828347721341	0.976177113029512	0.908537442280666	0.969786267817707	0.893526761694439	0.736431399317406	0.829078596827453	0.166875928528408	0.161885083316603	0.862664966874121	0.170679743023489	0.25311226661313	0.216567958241317	0.173078980124473	0.760749648664927	0.165478217225457	0.736661217387979	0.795882982943532	0.634509977916081	0.821166893117359	0.235143987858992	0.375547359967878	0.547322947199357	0.876446978067579	0.914560269871713	0.70711836980526	0.679118247093115	0.701326761694439	0.885298534430837	0.741678699056414	0.807866492672154	0.888548885765911	0.325688587603866	0.156277745768119	0.917335916482634	0.661067889144984	0.982572535635414	0.801269544268219	0.280741256775748	0.421171009837382	0.448747359967878	0.830716844007227	0.930276746965192	0.904323710098374	0.93531836980526	0.889794900622365	0.861325998795423	0.161666010841197	0.919738968078699	0.43393057618952	0.385718107094592	0.949341471565925	0.970553463160008	0.162881602620464	0.759805078500547	0.328823307592068	0.397795075100643	0.673138776710474	0.462746597068861	0.263561855049187	0.830802409154788	0.383159566352138	0.619158281469584	0.944462365077	0.30834278257378	0.355967958241317	0.926308452118048	0.168297289700863	0.342343545472796	0.562106926320016	0.649180164625577	0.924131339088536	0.157147359967878	0.314359566352138	0.919554988958041	0.695516844007227	0.248367958241317	0.903565669544269	0.316359566352138	0.870372535635415	0.685024652485295	0.464090403456101	0.522953463160008	0.711338968078699	0.752160329251155	0.235941256775748	0.910583216221642	0.962154988958041	0.156888897811684	0.79114683798434	0.663174061433447	0.503913792411162	0.6179984040343	0.204597554724757	0.213793374824332	0.631817448869601	0.663134390684602	0.422733627785585	0.811538968078699	0.521755751857057	0.144458381851034	0.734348122866894	0.932686328046577	0.628708452118049	0.162526761694439	0.54512447299739	0.97959389680787	0.870935916482634	0.880013973097772	0.891407107006625	0.655539730977715	0.598555751857057	0.518749648664927	0.842174824332463	0.163255330254969	0.439117606906244	0.170868299538245	0.74627946195543	0.546567958241317	0.429947359967878	0.793815498895804	0.213377113029512	0.422179524519507	0.99839389680787	0.983991608110821	0.861772815566696	0.858168972147026	0.824397119981327	0.883759446826684	0.845126515795056	0.310532101987552	0.954735916482634	0.668909215017065	0.528765669544268	0.278361855049187	0.99019389680787	0.871123710098374	0.884329813290504	0.924571009837382	0.917513792411163	0.746297611664171	0.150874121662317	0.176682031720538	0.950920658502309	0.834094554262826	0.922854286287894	0.831914042089582	0.791291142200772	0.851207095554172	0.807701052077364	0.899640674563341	0.936889379642642	0.398938205179683	0.869519895603293	0.957950411563943	0.283335153583618	0.181948885765911	0.446545834169845	0.953532864886569	0.162315318209195	0.51698779361574	0.916248183095764	0.694966432443284	0.92334888576591	0.329955751857057	0.392205398536063	0.935115318209195	0.265583216221642	0.305165669544268	0.80333667938165	0.55470006022887	0.594770411322333	0.703709215017065	0.907754226059024	0.919145834169845	0.950977875928528	0.875181931339089	0.34529395703674	0.877431519775146	0.856933207678369
SRR7146623	1	1	1	1	1	1	1	1	1	1	1	1	1	1	1	1	1	1	1	1	1	1	1	1	1	1	1	1	1	1	1	1	1	1	1	1	1	1	1	1	1	1	1	1	1	1	1	1	1	1	1	1	1	1	1	1	1	1	1	1	1	1	1	1	1	1	0.6688	0.8326	0.5436	0.5728	0.5074	0.5028	0.8524	0.5102	0.935	0.4334	0.7198	0.9266	0.619	0.3518	0.39766871362633	0.8442	0.4188	0.5702	0.55	0.5172	0.4902	0.4806	0.5206	0.6384	0.3344	0.580984384384384	0.5568	0.5218	0.7826	0.568	0.4734	0.5052	0.5004	0.4736	0.5024	0.9236	0.337074094818964	0.851262006079027	0.789349096748294	0.5712	0.6692	0.530094719935756	0	0.6504	0.336145578231293	0.60430172206648	0.825982590843769	0.3516	0.5138	0.4768	0.566023188405797	0.549	0.7216	0.4826	0.6786	0.435736952151186	0.5502	0.4848	0.4754	0.8136	0.8596	0.5792	0.674872072072072	0.8474	0.8498	0.473894993992791	0.9198	0.9358	0.464380836167234	0.4876	0.6736	0.9144	0.37	0.7256	0.5276	0.479826784282277	0.6408	0.5734	0.4754	0.8868	0.6056	0.9802	0.958	0.9874	0.9156	0.508	0.857733333333333	0.545	0.5432	0.9512	0.5466	0.4686	0.4686	0.5256	0.5192	0.5506	0.481268747499	0.702475762439808	0.369	0.926017887494941	0.461104807692308	0.5376	0.4606	0.599043143544507	0.768667054341287	0.4624	0.668549348305595	0.4496	0.6088	0.7282	0.6512	0.8998	0.47039019019019	0.564599639783871	0.9914	0.513116023204641	0.9858	0.5302	0.5036	0.538	0.4748	0.6636	0.863637264818936	0.7518	0.7188	0.9884	0.5992	0.5354	0.874	0.4518	0.257383212087297	0.68133993993994	0.8428	0.486584356871374	0.812043255161355	0.496551801441153	0.546703614457831	0.591705769230769	0.5266	0.513	0.553	0.4776	0.4986	0.66070532639167	0.4528	0.289	0.672	0.5594	0.4646	0.4598	0.585	0.8956	0.535	0.468	0.8544	0.567	0.4744	0.8512	0.4974	0.8876	0.628768503305951	0.525550577741739	0.4964	0.5148	0.7334	0.4602	0.9166	0.9478	0.4966	0.8554	0.6664	0.4604	0.492716097758029	0.473380516103221	0.5014	0.4978458844838	0.6358	0.42	0.7352	0.5036	0.5416	0.6532	0.6728	0.5196	0.5348	0.471	0.8006	0.843	0.946	0.954	0.6344	0.4456	0.4446	0.7746	0.5082	0.4542	0.5452	0.6738	0.3762	0.4278	0.8438	0.5018	0.50104168012924	0.8194	0.8072	0.824918705763397	0.68183204554697	0.781721973094171	0.622996317053643	0.560404604604605	0.5242	0.8366	0.562	0.5554	0.5138	0.8112	0.9526	0.9596	0.8698	0.8712	0.738249698431846	0.412	0.5584	0.8354	0.912154609642929	0.8472	0.83606319218241	0.648464981949458	0.67384580553871	0.839697812562713	0.98	0.8256	0.4358	0.9128	0.9204	0.435	0.4954	0.4174	0.9534	0.458	0.546	0.5402	0.5504	0.8402	0.4892	0.384191910292351	0.81	0.566	0.4708	0.8618	0.448	0.656705051318173	0.556	0.9092	0.865	0.9096	0.8958	0.4652	0.9536	0.706661809447558
SRR7146624	1	1	1	1	1	1	1	1	1	1	1	1	1	1	1	1	1	1	1	1	1	1	1	1	1	1	1	1	1	1	1	1	1	1	1	1	1	1	1	1	1	1	1	1	1	1	1	1	1	1	1	1	1	1	1	1	1	1	1	1	1	1	1	1	1	1	0.825	0.957	0.9696	0.97	0.9226	0.859	0.9582	0.9546	0.9396	0.78	0.75	0.9454	0.8658	0.8742	0.665984025687337	0.9866	0.9626	0.9828	0.977	0.9424	0.983	0.9152	0.976	0.9868	0.775	0.919535935935936	0.9788	0.922	0.9212	0.9842	0.8798	0.8872	0.9878	0.9796	0.9876	0.9516	0.764761352270454	0.944742046605876	0.969	0.848	0.6542	0.945105400521983	0.6504	0	0.728152220888355	0.362296115338406	0.830550605625128	0.6742	0.968	0.9378	0.901359420289855	0.9438	0.9608	0.9378	0.8426	0.847760193003619	0.957	0.967	0.953	0.843	0.9232	0.8638	0.699127927927928	0.9376	0.9816	0.921539927913496	0.9806	0.9678	0.93699399879976	0.9278	0.9692	0.952	0.8968	0.8074	0.9554	0.914065757818765	0.9034	0.984	0.9686	0.9854	0.3522	0.9846	0.9682	0.9752	0.924	0.423	0.96700654396728	0.9648	0.9646	0.9658	0.9796	0.9042	0.9724	0.977	0.8188	0.975	0.724906442577031	0.862159229534511	0.6446	0.963350708215298	0.910738141025641	0.9722	0.9458	0.404168404170008	0.92354265089232	0.819	0.932500942450371	0.7924	0.4054	0.8722	0.8474	0.969	0.854193993993994	0.967199399639784	0.9748	0.908391558311662	0.9912	0.7118	0.9598	0.9614	0.965	0.9406	0.841886344325308	0.914	0.8362	0.9744	0.84	0.966	0.9358	0.9344	0.734650027979854	0.384227627627628	0.9882	0.913587197439488	0.955986329925837	0.923556925540432	0.963175903614458	0.847837179487179	0.9842	0.9812	0.7158	0.9542	0.8334	0.604747537044453	0.9552	0.8008	0.421	0.9708	0.9606	0.9166	0.9736	0.9156	0.9566	0.9698	0.9774	0.9534	0.9808	0.9538	0.9816	0.971	0.860858264876778	0.950869612811676	0.9394	0.6712	0.9592	0.9662	0.9778	0.9608	0.9712	0.9694	0.9674	0.8898	0.642276509796001	0.931592678535707	0.972	0.853312497484403	0.9682	0.9448	0.975	0.9472	0.9598	0.9312	0.4544	0.8326	0.952	0.9452	0.7638	0.9132	0.9496	0.9588	0.967	0.8988	0.94	0.9782	0.9552	0.9694	0.9682	0.8736	0.9084	0.92	0.959	0.9718	0.928258804523424	0.7512	0.724	0.841719514661274	0.81992582350549	0.826480880554423	0.554566693354684	0.485152152152152	0.9634	0.9432	0.938	0.9782	0.9512	0.7516	0.9666	0.9602	0.8772	0.9732	0.955970727784479	0.8194	0.9818	0.911	0.963123663506153	0.9114	0.860711726384365	0.720519935820297	0.627505963210026	0.921465582982139	0.9606	0.8108	0.8706	0.9342	0.9464	0.941	0.944	0.9	0.9664	0.9442	0.9758	0.4578	0.9004	0.9756	0.9676	0.855670724869844	0.8228	0.985	0.9752	0.958	0.8696	0.922530489031999	0.903	0.9712	0.9606	0.972	0.9252	0.9166	0.9498	0.774440192153723
SRR7146625	1	1	1	1	1	1	1	1	1	1	1	1	1	1	1	1	1	1	1	1	1	1	1	1	1	1	1	1	1	1	1	1	1	1	1	1	1	1	1	1	1	1	1	1	1	1	1	1	1	1	1	1	1	1	1	1	1	1	1	1	1	1	1	1	1	1	0.726384793917567	0.891793357342937	0.45359799919968	0.459797198879552	0.340961584633854	0.578995198079232	0.778961024409764	0.366960944377751	0.910588075230092	0.502337174869948	0.776524529811925	0.914797919167667	0.66079087635054	0.345789595838335	0.442965265576429	0.906595358143257	0.448390796318527	0.464998399359744	0.489182553021209	0.409380952380952	0.473395678271309	0.376577831132453	0.406381592637055	0.696595838335334	0.368354701880752	0.557382712844898	0.474198239295718	0.564592396958783	0.798594237695078	0.482798159263706	0.460390236094438	0.560393357342937	0.481593757503001	0.463189515806323	0.48259543817527	0.900788555422169	0.282606461268244	0.866366120916452	0.745682054435584	0.53771468587435	0.588252741096438	0.419850534070283	0.336145578231293	0.728152220888355	0	0.6538357433482	0.805797621861309	0.377934053621449	0.438382152861144	0.343790956382553	0.591691024235781	0.621189835934374	0.684557583033213	0.435986394557823	0.693955422168867	0.514561433741168	0.516355982392957	0.45439487795118	0.419184713885554	0.769927490996399	0.808952460984394	0.6219575030012	0.662007025032235	0.904594317727091	0.898195678271309	0.36968379662638	0.958585194077631	0.949195118047219	0.355960347731811	0.37178887555022	0.594760544217687	0.880185114045618	0.41619487795118	0.661686514605842	0.337159503801521	0.409053356707559	0.617740776310524	0.461385754301721	0.427589275710284	0.942795518207283	0.59567418967587	0.976399839935974	0.935388315326131	0.961789275710284	0.90138887555022	0.577141016406563	0.896686527371685	0.38936206482593	0.432395118047219	0.895175990396158	0.452795118047219	0.306594237695078	0.441390956382553	0.477795278111245	0.644357182873149	0.466198239295718	0.599439775910364	0.761995809559779	0.394549579831933	0.818283687412642	0.407301382091298	0.376159583833533	0.450980472188875	0.646547953584	0.858555934906547	0.502951260504202	0.705318341493405	0.444959983993597	0.605143177270908	0.688977991196479	0.717587034813926	0.843986634653861	0.274496585420955	0.434566061765911	0.951583433373349	0.56150657902689	0.985998479391757	0.574720288115246	0.43898943577431	0.435393917567027	0.433390796318528	0.812590476190476	0.823453961799164	0.790756542617047	0.803752781112445	0.958587595038015	0.728788235294118	0.453792557022809	0.833962865146059	0.404793677470988	0.287346387911628	0.845313260439311	0.966592557022809	0.373572153406272	0.751994844841123	0.325300176115282	0.408131445349224	0.568438673546342	0.465793597438976	0.44357831132453	0.569308923569428	0.437795118047219	0.58494093637455	0.777031357196463	0.428791116446579	0.355551420568227	0.800731012404962	0.460595038015206	0.431577991196479	0.474790476190476	0.634795838335334	0.840786074429772	0.416993917567027	0.372554381752701	0.884381032412965	0.643779111644658	0.44217831132453	0.865973429371749	0.472194237695078	0.874398319327731	0.639034575962222	0.440246076131649	0.418386554621849	0.57933293317327	0.672752781112445	0.437390796318528	0.903995118047219	0.947799679871949	0.465395038015206	0.773947098839536	0.60755206082433	0.471177911164466	0.479208326432977	0.39977239145308	0.371949179671869	0.561346092069349	0.630747418967587	0.383981432573029	0.750992076830732	0.420596398559424	0.422190396158464	0.614761824729892	0.663483553421369	0.447708283313325	0.407984233693477	0.474781912765106	0.8827606242497	0.834385194077631	0.917783433373349	0.93258431372549	0.569161984793918	0.405760864345738	0.458387515006002	0.832395358143257	0.410595278111245	0.416385754301721	0.419798079231693	0.650586074429772	0.408192076830732	0.392990716286515	0.831381752701081	0.430580952380952	0.432920502611384	0.901160464185674	0.884359263705482	0.794853431767044	0.805795274596215	0.774472039121397	0.687612434885884	0.670783748935009	0.427592236894758	0.832956382553021	0.638995678271309	0.4855868747499	0.416395118047219	0.8933606242497	0.935183833533413	0.931784153661465	0.862184553821528	0.914393357342937	0.744265136694002	0.316388555422169	0.471598399359744	0.829556142456982	0.810497247113491	0.817140056022409	0.753754188972006	0.661206480185335	0.704774693382508	0.780266471429029	0.939585274109644	0.718332613045218	0.35779543817527	0.892786074429772	0.938196158463385	0.413985914365746	0.428990956382553	0.337995118047219	0.946597358943577	0.442388475390156	0.499799839935974	0.656273869547819	0.618196558623449	0.864595358143257	0.367158303321329	0.246162141268201	0.779190236094438	0.481397038815526	0.377356302521008	0.843981192476991	0.45816862745098	0.594722855936498	0.648177831132453	0.943985034013605	0.908794797919168	0.951787194877951	0.897785194077631	0.400986234493797	0.925988475390156	0.815914436230858
SRR7146626	1	1	1	1	1	1	1	1	1	1	1	1	1	1	1	1	1	1	1	1	1	1	1	1	1	1	1	1	1	1	1	1	1	1	1	1	1	1	1	1	1	1	1	1	1	1	1	1	1	1	1	1	1	1	1	1	1	1	1	1	1	1	1	1	1	1	0.803367320784942	0.939787985582699	0.962169963956748	0.967187264717661	0.924183179815779	0.843575010012014	0.946366359631558	0.948969963956748	0.895124068882659	0.728166359631558	0.576493872647177	0.939186784140969	0.860349058870645	0.833169963956748	0.55998544832165	0.93293007609131	0.90553007609131	0.985787985582699	0.978787985582699	0.934775010012014	0.925312054465358	0.910587985582699	0.935769963956748	0.927125030036043	0.735182939527433	0.920718596048993	0.975784381257509	0.870369963956748	0.9131879855827	0.984987985582699	0.872353864637565	0.832917100520625	0.985987985582699	0.92813007609131	0.985987985582699	0.905719022827393	0.753123992840218	0.877011765689242	0.929303602701403	0.663247016419704	0.604964677613136	0.907823095805711	0.60430172206648	0.362296115338406	0.6538357433482	0	0.793061918605344	0.598081057268723	0.970786784140969	0.911169963956748	0.840928679632951	0.89833007609131	0.897512054465358	0.902761073287946	0.80376684020825	0.754824889183466	0.884908450140169	0.965182939527433	0.883323828594313	0.699708289947937	0.936945214257109	0.83050893071686	0.657646192447955	0.925979335202243	0.93233007609131	0.873648378053664	0.964797356828194	0.958586784140969	0.89036385571067	0.893182939527433	0.955176211453745	0.91953127753304	0.876975010012014	0.687955786944333	0.938766359631558	0.856156417372057	0.8567608329996	0.988987985582699	0.913312054465358	0.930925030036043	0.259091790148178	0.979788225871045	0.921319743692431	0.962	0.870115658790549	0.383305566680016	0.921343976780316	0.972979335202243	0.967382939527433	0.933124068882659	0.974782939527433	0.882574529435322	0.921525030036043	0.966587985582699	0.806369963956748	0.971582939527433	0.722261511733248	0.78238356332575	0.599560592711254	0.919252597248629	0.898850736268137	0.964969963956748	0.868521185422507	0.26589525714739	0.899397865768579	0.770165158189828	0.883204541660139	0.778148578293953	0.366250941129355	0.801716860232279	0.852956988386063	0.930322867440929	0.732916176087982	0.96076793052203	0.923343051661994	0.915546865880985	0.990188225871045	0.699579335202243	0.923569963956748	0.954775010012014	0.912112054465358	0.897501001201442	0.824505570957858	0.86990172206648	0.799982939527433	0.93633608329996	0.802701001201442	0.961184381257509	0.946954104925911	0.890125030036043	0.689407143076448	0.535450588754554	0.93753007609131	0.916969176774882	0.923101106776117	0.913320404020453	0.923877166656212	0.803315340588193	0.973982939527433	0.940387985582699	0.683779335202243	0.939975010012015	0.801298838606328	0.559271125350421	0.933975010012014	0.758369963956748	0.505896115338406	0.974386784140969	0.948987985582699	0.91036323588306	0.924330316379656	0.883138726471766	0.933582939527433	0.916325030036043	0.93193007609131	0.899317100520625	0.927117100520625	0.933575010012014	0.931325030036043	0.958388225871045	0.779884047593237	0.920178083556339	0.916568762515018	0.658153864637565	0.934966359631558	0.938582939527433	0.955573808570284	0.954987985582699	0.968387985582699	0.910320224269123	0.921111573888666	0.883165158189828	0.595862843936254	0.895551477135636	0.886063275931117	0.760749405626055	0.876868321986384	0.848249339207049	0.916312054465358	0.933566359631558	0.942587985582699	0.926369963956748	0.340414977973568	0.710971165398478	0.942782939527433	0.858256067280737	0.762788225871045	0.876322146575891	0.902529355226272	0.900524789747697	0.959366359631558	0.845712054465358	0.851512054465358	0.92133007609131	0.950169963956748	0.88046615939127	0.965569963956748	0.846782939527433	0.848312054465359	0.888175010012015	0.913725750901081	0.968187985582699	0.881924140956223	0.7524	0.722999759711654	0.782658786094375	0.732356420221549	0.804953388011802	0.488764660106139	0.449231289759924	0.941183420104125	0.882712054465358	0.883717100520625	0.977587985582699	0.938569963956748	0.7522	0.906909411293552	0.909125991189427	0.843750260312375	0.92993007609131	0.91002689355091	0.810784621545855	0.979982939527433	0.90896684020825	0.913910087303473	0.876585102122547	0.822023561824678	0.684060182286935	0.543376207503178	0.894823457022599	0.932747857428915	0.66668402082499	0.855769963956748	0.892326471766119	0.939198558269924	0.94196684020825	0.927575010012014	0.887982939527433	0.972987985582699	0.937982939527433	0.962369963956748	0.285232118542251	0.888175010012015	0.916525030036043	0.914325030036043	0.783139767721266	0.830587985582699	0.983787985582699	0.928725030036043	0.912308450140168	0.855971886263516	0.857029965441323	0.842708450140168	0.93573127753304	0.954387985582699	0.94979519423308	0.881712294753704	0.90836684020825	0.91153007609131	0.73276089834623
SRR7146627	1	1	1	1	1	1	1	1	1	1	1	1	1	1	1	1	1	1	1	1	1	1	1	1	1	1	1	1	1	1	1	1	1	1	1	1	1	1	1	1	1	1	1	1	1	1	1	1	1	1	1	1	1	1	1	1	1	1	1	1	1	1	1	1	1	1	0.833905276123999	0.942873085608705	0.958026688564976	0.951164401560255	0.914364401560254	0.83906778895504	0.945563128721002	0.940963128721002	0.696774994867584	0.829386204064874	0.901060151919524	0.910014822418395	0.867033463354547	0.88211989324574	0.78244367948129	0.96964257852597	0.942564401560255	0.973564401560255	0.968764401560254	0.924563128721002	0.96564257852597	0.904164401560255	0.965037281872306	0.974764401560255	0.888240443440772	0.902691728887582	0.961764401560255	0.904745965920755	0.909731348799014	0.972764401560255	0.890347238760008	0.887872223362759	0.958747238760008	0.951004229111066	0.960363128721002	0.867988339150072	0.827301161320336	0.786098982939162	0.628592969590958	0.835478792855676	0.822428782590844	0.845486962549662	0.825982590843769	0.830550605625128	0.805797621861309	0.793061918605344	0	0.818982590843769	0.957764401560255	0.928364401560255	0.77198885017675	0.926731348799015	0.933678382262369	0.899308889345103	0.850731348799014	0.779690316560506	0.925261219462123	0.95624257852597	0.911163128721002	0.86990252514884	0.952556559228085	0.874180907411209	0.840552315814069	0.895486429891193	0.96304257852597	0.878255960118679	0.943891521248204	0.945039827550811	0.927754879655874	0.92192605214535	0.947804229111066	0.861388339150072	0.876741942106344	0.886163539314309	0.946994908642989	0.733121841012147	0.872473085608704	0.974164401560255	0.953963128721002	0.974364401560255	0.803828782590844	0.966839827550811	0.889613344282488	0.948039827550811	0.84053389447752	0.752523054814206	0.378004835596844	0.958469061794293	0.959764401560255	0.868857195647711	0.966964401560254	0.873802956271813	0.967869061794293	0.961347238760008	0.879825826319031	0.96004257852597	0.878344070126511	0.79065149723212	0.805576021350852	0.590272328378935	0.894942604122252	0.959163128721002	0.913453171833299	0.769684483573551	0.921381138074576	0.850529213713817	0.847823227684116	0.842938328885239	0.819336193800041	0.814913323752823	0.856588339150072	0.908031985218641	0.84233960916367	0.949348792194635	0.916898090741121	0.951307321616243	0.976719277355779	0.811182590843769	0.932482406076781	0.940841305686717	0.94586778895504	0.933587066310819	0.869527144449807	0.906851898994046	0.855760993635804	0.635058673783617	0.877537056045987	0.94860952576473	0.948945965920756	0.910556559228085	0.769217151128092	0.886470292916608	0.980678176965715	0.903592379325793	0.881032255770743	0.913822784772675	0.874751603416334	0.792674643626065	0.965368425374666	0.965964401560255	0.82045547115582	0.936651898994046	0.635896160952577	0.834017121099621	0.929482406076781	0.895921166084993	0.865076041880517	0.958164401560255	0.954547238760008	0.920149989735167	0.953163128721002	0.849239827550811	0.931563128721002	0.942777745842743	0.96284257852597	0.938352535413673	0.969964401560255	0.921547238760008	0.961490248408951	0.934682406076781	0.77295662679376	0.701218458320763	0.91126778895504	0.849065653869842	0.937547238760008	0.950820119072059	0.944947238760008	0.942476904126463	0.954964401560255	0.372114801888729	0.914564401560255	0.931583042496408	0.739592494228286	0.903839729144762	0.824973722028331	0.744029240787855	0.875216095257647	0.866531348799015	0.960147238760008	0.938364401560255	0.937347238760008	0.92124257852597	0.833672428659412	0.852841716280025	0.935164401560255	0.905547238760008	0.898670745226853	0.843204229111066	0.682465037979881	0.788213344282488	0.96064257852597	0.898321166084993	0.929469061794293	0.968364401560254	0.944837281872306	0.960021391911312	0.968164401560255	0.847029850133443	0.898321166084993	0.903752535413673	0.871090248408951	0.951164401560255	0.619535593431701	0.914596592075549	0.905470745226853	0.424922224950746	0.407446524563089	0.259541210102001	0.78096519506716	0.778860075431622	0.929820119072059	0.935182837199754	0.930620119072059	0.970364401560255	0.928204229111065	0.909270745226853	0.838328597823856	0.864639827550811	0.848890659002258	0.96404257852597	0.890926556546103	0.845074769041265	0.973764401560255	0.927545760624101	0.717950643238689	0.935423937589817	0.351784342218154	0.676042292263544	0.512057910339021	0.768629229340752	0.819229234243482	0.839854855265859	0.868099979470335	0.830484951755287	0.9484	0.938331348799014	0.93124257852597	0.886199343050708	0.960078176965715	0.947310162184356	0.963164401560255	0.810801026483268	0.88211989324574	0.96044257852597	0.955943214945596	0.823025117309731	0.835911845616917	0.955404229111065	0.968343214945597	0.865674358447958	0.849571176349825	0.591027416585168	0.873139396427838	0.897902114555532	0.921988339150072	0.932839827550811	0.743269267090947	0.914328803120509	0.816749784438514	0.372372420621778
SRR7146628	1	1	1	1	1	1	1	1	1	1	1	1	1	1	1	1	1	1	1	1	1	1	1	1	1	1	1	1	1	1	1	1	1	1	1	1	1	1	1	1	1	1	1	1	1	1	1	1	1	1	1	1	1	1	1	1	1	1	1	1	1	1	1	1	1	1	0.673	0.843	0.7212	0.7714	0.5888	0.586	0.7628	0.5876	0.9298	0.4004	0.6496	0.9192	0.5468	0.5706	0.435550431466988	0.7802	0.5712	0.7744	0.7542	0.6666	0.5366	0.6854	0.6416	0.6292	0.5956	0.692117917917918	0.7584	0.5384	0.7748	0.7716	0.569	0.5454	0.7332	0.6078	0.7368	0.8898	0.418156191238248	0.842862006079027	0.739349096748294	0.5326	0.505	0.708211563942983	0.3516	0.6742	0.377934053621449	0.598081057268723	0.818982590843769	0	0.7238	0.5816	0.658890499194847	0.5738	0.5916	0.6588	0.5904	0.471145154804986	0.4688	0.7142	0.6382	0.7736	0.71	0.5034	0.647467867867868	0.8734	0.7782	0.613407529034842	0.9466	0.932	0.636572514502901	0.667	0.6562	0.905	0.6052	0.6052	0.6312	0.600320930232558	0.5274	0.7776	0.621	0.8182	0.5286	0.9768	0.9518	0.9828	0.9002	0.4598	0.884933333333333	0.673	0.7376	0.9434	0.729	0.6098	0.5998	0.7292	0.5622	0.7486	0.494160144057623	0.682902728731942	0.4046	0.81993808174828	0.663708012820513	0.6158	0.5542	0.578392141138733	0.7654725887307	0.419	0.674690956486866	0.4244	0.5878	0.7036	0.6314	0.8316	0.571563563563563	0.763393396037623	0.983	0.566377275455091	0.9864	0.5112	0.687	0.6868	0.5832	0.573	0.820467327533886	0.6374	0.7378	0.9832	0.5508	0.7346	0.7006	0.5742	0.524300839395635	0.714340740740741	0.8108	0.677980916183237	0.769382401282822	0.568151160928743	0.734038554216867	0.570833333333333	0.7306	0.7146	0.4688	0.6832	0.5534	0.72690532639167	0.6354	0.5022	0.7052	0.7598	0.6976	0.579	0.6352	0.8426	0.7344	0.5516	0.7906	0.5184	0.5868	0.8454	0.6372	0.879	0.601497094770587	0.622927711331847	0.588	0.5322	0.6028	0.6884	0.8598	0.9398	0.7248	0.7746	0.5846	0.6104	0.495107210664512	0.679789517903581	0.6166	0.464904850070437	0.5084	0.5038	0.6324	0.5996	0.7386	0.5492	0.6372	0.5364	0.7362	0.4432	0.8588	0.8402	0.9408	0.9382	0.591	0.4344	0.5276	0.705	0.6612	0.5338	0.6916	0.643600000000001	0.4556	0.6212	0.8274	0.7318	0.624741195476575	0.8776	0.864	0.766979373104146	0.642572427816186	0.761681288218508	0.590392313851081	0.612657057057057	0.7242	0.6454	0.5318	0.7602	0.6768	0.8694	0.922	0.9344	0.8086	0.8496	0.754773381584238	0.5966	0.7602	0.7854	0.832142465200726	0.7536	0.732744951140065	0.566352426795026	0.639710086921366	0.758691671683725	0.9692	0.7052	0.5876	0.908	0.9088	0.6388	0.6914	0.5836	0.9388	0.6886	0.7352	0.4966	0.5896	0.7324	0.5534	0.498674889867842	0.7862	0.77	0.5372	0.8456	0.6118	0.712239404306702	0.4604	0.9336	0.889	0.9342	0.8494	0.6576	0.9484	0.763979503602882
SRR7146629	1	1	1	1	1	1	1	1	1	1	1	1	1	1	1	1	1	1	1	1	1	1	1	1	1	1	1	1	1	1	1	1	1	1	1	1	1	1	1	1	1	1	1	1	1	1	1	1	1	1	1	1	1	1	1	1	1	1	1	1	1	1	1	1	1	1	0.814	0.87	0.1466	0.1494	0.4714	0.6566	0.8822	0.4246	0.9586	0.637	0.9294	0.9504	0.7574	0.3334	0.665130122416215	0.9126	0.1866	0.1404	0.4368	0.3982	0.5428	0.3234	0.1452	0.7158	0.334	0.535843843843844	0.263	0.6276	0.832	0.1602	0.5678	0.6624	0.2236	0.2608	0.1196	0.9374	0.556514862972595	0.897080445795339	0.804549096748294	0.7034	0.9686	0.169097289700863	0.5138	0.968	0.438382152861144	0.970786784140969	0.957764401560255	0.7238	0	0.3626	0.615846376811594	0.6104	0.7842	0.4506	0.888	0.625026618415762	0.6314	0.2582	0.363	0.9262	0.94	0.7714	0.895114114114114	0.903	0.9034	0.412319022827393	0.933	0.9226	0.236867453490698	0.2112	0.6892	0.9268	0.4634	0.8896	0.4166	0.501453408179631	0.7332	0.088	0.2856	0.961	0.9724	0.9782	0.9644	0.9844	0.9616	0.8256	0.879976278118609	0.1686	0.1216	0.8664	0.1506	0.239	0.2068	0.1408	0.7134	0.1462	0.629488995598239	0.856144462279294	0.657	0.938220234722784	0.265845833333333	0.3656	0.5366	0.932687890938252	0.907927531582114	0.6626	0.714439542811309	0.672	0.8762	0.8244	0.7994	0.8984	0.387398798798799	0.137583189913948	0.9844	0.613333586717344	0.9892	0.8212	0.2828	0.395	0.4508	0.7794	0.951302488367388	0.8792	0.8874	0.9814	0.81	0.1518	0.9234	0.4334	0.421126245103525	0.92039059059059	0.9262	0.112190718143629	0.739055161354981	0.313467574059247	0.381934136546185	0.639068269230769	0.4456	0.1934	0.8516	0.3274	0.6634	0.930597116539848	0.2434	0.3126	0.91	0.138	0.2242	0.5448	0.6478	0.947	0.1474	0.3178	0.8462	0.5742	0.1922	0.7896	0.3176	0.887	0.745579843718694	0.461264666531522	0.5008	0.642	0.7524	0.1728	0.9084	0.9564	0.1062	0.876	0.6754	0.5006	0.71638719450616	0.168038367673535	0.3122	0.679265284765546	0.7092	0.4482	0.8092	0.529	0.12	0.6828	0.9498	0.578	0.0956	0.54	0.9752	0.896	0.9664	0.9778	0.6364	0.5674	0.4904	0.844	0.1078	0.4006	0.1482	0.7664	0.53	0.3864	0.8512	0.1404	0.496613247172859	0.9928	0.9806	0.926299898887765	0.918396258641724	0.908428128821851	0.978597918334668	0.856125525525525	0.2934	0.9392	0.674	0.4394	0.2634	0.9858	0.9674	0.9702	0.963	0.9214	0.741397426618416	0.1788	0.159	0.9202	0.92632463183377	0.9242	0.944755048859935	0.899369193742479	0.976157145744896	0.878223359422035	0.9776	0.9606	0.3954	0.94	0.9172	0.2514	0.149	0.4046	0.9452	0.125	0.5118	0.9594	0.6454	0.9226	0.3326	0.373076251501802	0.9264	0.2542	0.2944	0.8642	0.4606	0.65725103642584	0.7034	0.9144	0.891	0.921	0.9294	0.3252	0.9596	0.899579503602882
SRR7146630	1	1	1	1	1	1	1	1	1	1	1	1	1	1	1	1	1	1	1	1	1	1	1	1	1	1	1	1	1	1	1	1	1	1	1	1	1	1	1	1	1	1	1	1	1	1	1	1	1	1	1	1	1	1	1	1	1	1	1	1	1	1	1	1	1	1	0.8236	0.9032	0.3426	0.3918	0.3518	0.6332	0.7846	0.3252	0.9582	0.6218	0.9516	0.9642	0.6568	0.221	0.522987597832631	0.8948	0.318	0.3876	0.5198	0.4016	0.44	0.3298	0.3048	0.6788	0.2352	0.597259259259259	0.3474	0.4422	0.756	0.3866	0.4278	0.412	0.371	0.3494	0.3738	0.9016	0.430316943388678	0.912496251266464	0.769549096748294	0.7286	0.8526	0.376956514756073	0.4768	0.9378	0.343790956382553	0.911169963956748	0.928364401560255	0.5816	0.3626	0	0.652132367149758	0.6108	0.6684	0.4546	0.5548	0.569522074788902	0.5112	0.357	0.3466	0.965	0.8624	0.6682	0.765501901901902	0.911	0.896	0.141675851021225	0.9754	0.9588	0.310390798159632	0.337	0.603	0.9166	0.4252	0.843	0.3456	0.416973055332799	0.6244	0.3916	0.3242	0.9302	0.8732	0.9806	0.9572	0.9878	0.925	0.7512	0.922126789366053	0.3038	0.3602	0.9556	0.3482	0.25	0.3244	0.3628	0.5748	0.3664	0.670706202480992	0.859900802568218	0.6174	0.86582492917847	0.372966987179487	0.2642	0.464	0.904128307939054	0.873736715460196	0.5734	0.734771245237618	0.6094	0.863	0.7908	0.7972	0.8636	0.371372172172172	0.382993396037623	0.9916	0.596124224844969	0.9882	0.7066	0.3168	0.3904	0.4068	0.7964	0.949701840987255	0.8332	0.881	0.9898	0.8362	0.3556	0.8318	0.3722	0.424726245103526	0.89778938938939	0.9424	0.310991638327666	0.819816355983163	0.234165092073659	0.4781140562249	0.693219551282051	0.4386	0.3584	0.7216	0.3586	0.6686	0.933793512214657	0.3042	0.2704	0.912	0.38	0.3568	0.499	0.636	0.8728	0.3526	0.2696	0.909	0.6378	0.3178	0.888	0.3634	0.8918	0.716728270887598	0.49901646057166	0.4406	0.6644	0.6692	0.3406	0.8946	0.9456	0.3684	0.787	0.6016	0.5114	0.607612845889719	0.317989197839568	0.2914	0.619106822298249	0.645	0.3636	0.7226	0.4374	0.3652	0.5856	0.9008	0.6824	0.3684	0.471	0.94	0.869	0.9464	0.942	0.5526	0.3686	0.3576	0.8234	0.311	0.3666	0.3138	0.5826	0.2062	0.35	0.8808	0.3734	0.43969563812601	0.9572	0.9466	0.880670980788675	0.891343147620984	0.871159885854056	0.950397758206565	0.879546946946947	0.362	0.8206	0.63	0.5216	0.2948	0.9502	0.94	0.9412	0.91	0.9116	0.788007880981102	0.348	0.3726	0.8666	0.845004922332056	0.8802	0.8228332247557	0.758373124749298	0.847957145744896	0.827378928356412	0.9812	0.8842	0.3236	0.9244	0.9086	0.3332	0.2682	0.293	0.9316	0.3486	0.4866	0.9166	0.617	0.8472	0.2846	0.279045975170204	0.9086	0.3836	0.2716	0.8934	0.5426	0.659301308110284	0.6218	0.9618	0.932	0.9616	0.893	0.355	0.954	0.909779503602882
SRR7146631	1	1	1	1	1	1	1	1	1	1	1	1	1	1	1	1	1	1	1	1	1	1	1	1	1	1	1	1	1	1	1	1	1	1	1	1	1	1	1	1	1	1	1	1	1	1	1	1	1	1	1	1	1	1	1	1	1	1	1	1	1	1	1	1	1	1	0.763403220611916	0.773767793880837	0.657332367149759	0.651945249597423	0.578138808373591	0.656996779388084	0.871961352657005	0.648932367149758	0.779396779388084	0.691668921095008	0.856446376811594	0.876826409017713	0.691365861513688	0.61382576489533	0.568255983386994	0.84717423510467	0.628854106280193	0.67695040257649	0.657356843800322	0.629071819645733	0.645331078904992	0.660755555555556	0.669932367149758	0.714775523349437	0.660131078904992	0.632708795752274	0.665956843800322	0.577767793880838	0.76549114331723	0.674356843800322	0.59274847020934	0.666392270531401	0.620601288244766	0.62852077294686	0.629061835748792	0.868475040257649	0.559901473048233	0.639959815769252	0.560785817671475	0.541741706924316	0.923967793880837	0.536550243582619	0.566023188405797	0.901359420289855	0.591691024235781	0.840928679632951	0.77198885017675	0.658890499194847	0.615846376811594	0.652132367149758	0	0.588298228663446	0.767949758454106	0.58092077294686	0.880762640901771	0.547177933952204	0.546028019323672	0.554261191626409	0.62312077294686	0.870821256038647	0.849298228663446	0.663247665056361	0.817592592592592	0.855318196457327	0.838200644122383	0.613633380991167	0.874809661835749	0.898266022544283	0.623527926197156	0.586200966183575	0.687975523349436	0.845898228663446	0.605158776167472	0.847838003220612	0.596906602254428	0.473599279171784	0.638192270531401	0.677756843800322	0.639497584541063	0.96157423510467	0.832930434782609	0.979988405797101	0.898666022544283	0.959309822866344	0.890475040257649	0.712886634460548	0.700579907728481	0.666338808373591	0.648138808373591	0.78403574879227	0.65512077294686	0.555298872785829	0.652538808373591	0.637349114331723	0.72327922705314	0.655937520128824	0.692070789668525	0.730094757329735	0.572127858293076	0.740649749656401	0.620647141706924	0.656932367149758	0.565820289855073	0.848804118612528	0.853607503502666	0.667268921095008	0.621161840430853	0.650086956521739	0.815773268921095	0.705703703703704	0.715204508856683	0.775384541062802	0.516737389563476	0.651522958863885	0.83818421900161	0.596796130562667	0.920758132045089	0.793305958132045	0.625702737520129	0.646071819645733	0.643731078904992	0.731094041867955	0.849366880668282	0.868028985507246	0.902868921095008	0.797737520128824	0.829086956521739	0.661156843800322	0.865582608695652	0.643137520128824	0.459314993687637	0.905839535187361	0.872919806763285	0.64033128686929	0.729480581917901	0.6218781788716	0.539547077197679	0.576504048990462	0.610522061191626	0.659355555555555	0.822500805152979	0.60665539452496	0.483228341384863	0.895884642891921	0.61905539452496	0.620237359098229	0.819701127214171	0.647356843800322	0.576243800322061	0.598713043478261	0.66995040257649	0.887105958132045	0.645132367149758	0.625037037037037	0.884992270531401	0.642062479871176	0.648150402576489	0.860681803542673	0.666532367149758	0.803923349436393	0.622524247348932	0.422640883817388	0.484786473429952	0.691962640901771	0.700157487922705	0.610436070853462	0.888162640901771	0.941976811594203	0.608436070853462	0.692449597423511	0.623749758454106	0.53283768115942	0.577697709696735	0.577239119321449	0.547252495974235	0.564891092891872	0.537585185185185	0.501085990338164	0.723849919484702	0.660918196457327	0.617741384863124	0.688867632850242	0.892167793880837	0.588084380032206	0.638725925925926	0.505645732689211	0.9812	0.838055716586152	0.796301127214171	0.81688309178744	0.570777455716586	0.662132367149759	0.621804830917874	0.803163929146538	0.629732367149758	0.562776489533012	0.669532367149759	0.660492431561997	0.652732367149759	0.606837359098229	0.740571658615137	0.604861835748792	0.451917148587795	1	0.9778	0.686316144253455	0.722952557203844	0.734033402852861	0.711010193017538	0.704797188492841	0.563337520128825	0.871291787439613	0.621225120772947	0.667356843800322	0.648532367149759	0.9918	0.856962962962963	0.873010628019324	0.918460869565217	0.856332367149759	0.680474214708756	0.63854267310789	0.675338808373591	0.790152657004831	0.75709093372082	0.760440257648953	0.736092424743112	0.704182580791433	0.783098061675988	0.669701502015064	0.844560064412238	0.924757487922705	0.66232077294686	0.857478904991948	0.927980676328502	0.541465056360708	0.64755040257649	0.612437359098229	0.88869500805153	0.59942576489533	0.672932367149758	0.867776811594203	0.651075362318841	0.884562640901771	0.647860225442834	0.587017141987454	0.881602898550724	0.664156843800322	0.646138808373591	0.754326570048309	0.587924637681159	0.449342809476727	0.671491787439614	0.825352979066023	0.872409661835749	0.90088309178744	0.782317874396135	0.588538808373591	0.841020933977455	0.674680646288367
SRR7146632	1	1	1	1	1	1	1	1	1	1	1	1	1	1	1	1	1	1	1	1	1	1	1	1	1	1	1	1	1	1	1	1	1	1	1	1	1	1	1	1	1	1	1	1	1	1	1	1	1	1	1	1	1	1	1	1	1	1	1	1	1	1	1	1	1	1	0.6358	0.8484	0.6592	0.6578	0.6612	0.5338	0.8702	0.645	0.9154	0.629	0.9176	0.9188	0.6978	0.5512	0.576890628135661	0.7136	0.478	0.6732	0.651	0.512	0.4754	0.6214	0.6352	0.5336	0.611	0.478754354354354	0.6594	0.548	0.6526	0.673	0.5816	0.5346	0.6306	0.493	0.6364	0.8842	0.612992398479696	0.868451469098277	0.778297792051385	0.647	0.9378	0.651941256775748	0.549	0.9438	0.621189835934374	0.89833007609131	0.926731348799015	0.5738	0.6104	0.6108	0.588298228663446	0	0.7146	0.5852	0.805	0.54486280659429	0.4702	0.505	0.5404	0.9062	0.9338	0.6918	0.848483883883884	0.8438	0.666	0.600749299158991	0.8714	0.9118	0.586584036807361	0.5846	0.6818	0.8786	0.4968	0.8886	0.6412	0.625741780272655	0.6402	0.6762	0.5578	0.782	0.9354	0.9676	0.9194	0.9102	0.9042	0.7872	0.874313292433538	0.6768	0.6464	0.788	0.66	0.5778	0.5462	0.64	0.695	0.6522	0.660680272108844	0.843930337078652	0.6346	0.924154512343181	0.632148717948718	0.6522	0.489	0.893044587008821	0.904522839382394	0.5666	0.609432765189493	0.6464	0.8076	0.6932	0.7626	0.8818	0.655184984984985	0.666999039423654	0.8462	0.60573398679736	0.95	0.7946	0.6134	0.5392	0.4696	0.6124	0.881408941938095	0.6906	0.8362	0.9316	0.6278	0.64	0.8786	0.4462	0.5852	0.897783583583584	0.6524	0.631394118823765	0.740088474644218	0.620169895916734	0.619224899598394	0.685245833333333	0.552	0.4976	0.789	0.586	0.6194	0.916395915098118	0.5856	0.585	0.8838	0.6528	0.583	0.5684	0.4878	0.9094	0.6318	0.5316	0.7072	0.4262	0.5122	0.7562	0.3854	0.8568	0.695528270887598	0.610756213257653	0.6058	0.6632	0.7388	0.584	0.7642	0.7976	0.6186	0.8228	0.6668	0.5916	0.688535730155524	0.516986797359472	0.5956	0.590963694908432	0.5152	0.449	0.6256	0.6704	0.5854	0.6466	0.931	0.6052	0.6284	0.4038	0.9644	0.8236	0.922	0.9244	0.6174	0.4556	0.437	0.6588	0.6264	0.491	0.664	0.715	0.4992	0.5818	0.7034	0.6098	0.569913731825525	0.98	0.961	0.920659858442872	0.765815372102481	0.891031227068895	0.932796477181745	0.849947747747748	0.5872	0.6712	0.4662	0.659	0.6378	0.975	0.917	0.9118	0.882	0.7608	0.609642380377965	0.6548	0.6764	0.9024	0.909152874722615	0.8946	0.914011726384365	0.872364139590854	0.902565757024459	0.760854063816978	0.9344	0.9354	0.6452	0.7608	0.7506	0.5642	0.6014	0.455	0.7804	0.5932	0.536	0.842	0.6286	0.6796	0.462	0.538879134961954	0.786	0.6434	0.48	0.711	0.4968	0.570139102435098	0.4592	0.884	0.815	0.9032	0.867	0.6194	0.8944	0.879167333867094
SRR7146633	1	1	1	1	1	1	1	1	1	1	1	1	1	1	1	1	1	1	1	1	1	1	1	1	1	1	1	1	1	1	1	1	1	1	1	1	1	1	1	1	1	1	1	1	1	1	1	1	1	1	1	1	1	1	1	1	1	1	1	1	1	1	1	1	1	1	0.832	0.8846	0.762	0.7942	0.6822	0.7536	0.7394	0.5018	0.908	0.5508	0.9052	0.9324	0.686	0.7018	0.603216536223159	0.8482	0.7328	0.8122	0.7936	0.5294	0.6456	0.778	0.6662	0.7408	0.7586	0.777582382382382	0.5806	0.4764	0.8322	0.809	0.7246	0.7294	0.7658	0.7076	0.7882	0.8314	0.65499423884777	0.877601621073962	0.71853825772782	0.757	0.8388	0.780956514756073	0.7216	0.9608	0.684557583033213	0.897512054465358	0.933678382262369	0.5916	0.7842	0.6684	0.767949758454106	0.7146	0	0.6774	0.718	0.583173783675111	0.3706	0.7666	0.6848	0.927	0.8276	0.6176	0.753896896896897	0.8018	0.8468	0.672087785342411	0.9276	0.9084	0.701180556111222	0.7366	0.6434	0.8664	0.7206	0.8134	0.6432	0.567536647955092	0.58	0.814	0.6832	0.8944	0.884	0.9532	0.8996	0.9302	0.7604	0.7778	0.903196319018405	0.7186	0.773	0.9284	0.7628	0.6948	0.7188	0.7852	0.7696	0.7862	0.720569907963186	0.832578170144462	0.7466	0.820017887494941	0.752765064102564	0.6074	0.6312	0.922516279069768	0.862328373771807	0.5268	0.75231032684981	0.6626	0.8946	0.8032	0.8242	0.853	0.761961561561562	0.789593155893536	0.9606	0.722984676935387	0.972	0.7086	0.693	0.5374	0.658	0.628	0.886341047946591	0.7412	0.8344	0.9112	0.786	0.774	0.7412	0.7038	0.764806043648573	0.888514514514515	0.905	0.75779199839968	0.778041932250952	0.534394715772618	0.784591164658635	0.735341025641026	0.7754	0.747	0.6902	0.7252	0.7504	0.96079759711654	0.6594	0.6614	0.936	0.7892	0.7724	0.6668	0.736	0.8034	0.7372	0.61	0.8592	0.6538	0.7126	0.8324	0.7364	0.8432	0.691505149268684	0.701080843300223	0.6188	0.672	0.1238	0.7366	0.7448	0.939	0.7816	0.7358	0.4178	0.74	0.664776247222783	0.75799599919984	0.661	0.603673817669552	0.6102	0.5494	0.6654	0.4792	0.7646	0.4126	0.932	0.7694	0.7638	0.5846	0.9478	0.8568	0.8926	0.887	0.632	0.5984	0.6546	0.7722	0.724	0.623	0.7342	0.7324	0.6418	0.5772	0.8634	0.7826	0.670881098546042	0.9666	0.9532	0.849699898887766	0.883376494509964	0.884959885854056	0.963796477181745	0.901945345345345	0.7306	0.5772	0.575	0.7978	0.7026	0.9584	0.818	0.8554	0.7772	0.8622	0.773614153598713	0.7974	0.797	0.8332	0.799637885818035	0.8578	0.827148534201954	0.667651905334938	0.815447220537699	0.789774152117198	0.9128	0.8534	0.5272	0.9268	0.9414	0.7358	0.7672	0.7238	0.9518	0.7688	0.775	0.8834	0.706	0.8	0.657	0.601612815378454	0.9328	0.7788	0.6404	0.8722	0.7188	0.76208645602737	0.6454	0.9124	0.869	0.9082	0.8618	0.731	0.87	0.929376461168935
SRR7146635	1	1	1	1	1	1	1	1	1	1	1	1	1	1	1	1	1	1	1	1	1	1	1	1	1	1	1	1	1	1	1	1	1	1	1	1	1	1	1	1	1	1	1	1	1	1	1	1	1	1	1	1	1	1	1	1	1	1	1	1	1	1	1	1	1	1	0.7112	0.8392	0.4804	0.494	0.4838	0.4842	0.7158	0.4018	0.6392	0.5452	0.7936	0.8818	0.4892	0.4076	0.524133614288581	0.9014	0.4552	0.5064	0.4978	0.4028	0.509	0.4666	0.4598	0.6934	0.4894	0.580025025025025	0.4746	0.4726	0.8144	0.5194	0.5338	0.6296	0.394	0.4466	0.4672	0.5806	0.506109941988398	0.856393515704154	0.78693825772782	0.673	0.9238	0.476329813290504	0.4826	0.9378	0.435986394557823	0.902761073287946	0.899308889345103	0.6588	0.4506	0.4546	0.58092077294686	0.5852	0.6774	0	0.8356	0.46634362685967	0.5158	0.457	0.265	0.6924	0.8582	0.705	0.829094694694695	0.6238	0.9034	0.355254385262315	0.7946	0.7628	0.442988517703541	0.4292	0.5818	0.6072	0.3884	0.8798	0.432	0.385201924619086	0.6778	0.5094	0.4106	0.9478	0.9122	0.939	0.705	0.6742	0.6062	0.747	0.85278282208589	0.5084	0.4734	0.8926	0.496	0.4188	0.4456	0.4602	0.6876	0.5038	0.51868387354942	0.781874478330658	0.4772	0.896079401052206	0.370797115384616	0.3444	0.4324	0.867241218925421	0.810262362141568	0.5568	0.635857589733307	0.6266	0.7802	0.7038	0.7728	0.8772	0.457373773773774	0.48058475085051	0.9436	0.548731946389278	0.9712	0.7782	0.3226	0.4102	0.4076	0.5534	0.683058749747117	0.7964	0.5958	0.659	0.7702	0.438	0.8632	0.4674	0.410571684387241	0.87716976976977	0.9322	0.441991158231646	0.662577550611345	0.420953402722178	0.424028915662651	0.64925	0.4544	0.4742	0.8082	0.3484	0.615	0.913569002803364	0.3756	0.4296	0.8718	0.4894	0.4394	0.2818	0.5986	0.6394	0.3612	0.4328	0.8906	0.5932	0.4304	0.7056	0.4962	0.701	0.476444239631337	0.488761767687006	0.3594	0.4722	0.6644	0.4228	0.8422	0.9196	0.4658	0.8278	0.6228	0.3062	0.663506039184003	0.391796839367874	0.4876	0.596945502113101	0.672	0.3898	0.7714	0.4986	0.4594	0.6456	0.9204	0.5898	0.4558	0.4878	0.8228	0.6118	0.6318	0.6118	0.599	0.5178	0.426	0.8196	0.4298	0.4362	0.4726	0.7158	0.4782	0.2718	0.7472	0.4468	0.423541518578352	0.842	0.8356	0.901488776541962	0.795959739731598	0.861993640440277	0.924397277822258	0.695346546546547	0.391	0.7928	0.6238	0.5002	0.3274	0.848	0.6158	0.6184	0.6078	0.9184	0.636038841978287	0.4948	0.5154	0.9008	0.886017066774259	0.85	0.873539413680781	0.825564139590854	0.928737861330099	0.830787878787879	0.6482	0.6638	0.46	0.894	0.898	0.4378	0.4562	0.451	0.9452	0.4458	0.4962	0.8934	0.5928	0.8972	0.4954	0.334102683219864	0.9098	0.3424	0.4926	0.7576	0.3612	0.620549607566915	0.556	0.8014	0.6162	0.8006	0.6024	0.2578	0.6334	0.868576461168935
SRR7146636	1	1	1	1	1	1	1	1	1	1	1	1	1	1	1	1	1	1	1	1	1	1	1	1	1	1	1	1	1	1	1	1	1	1	1	1	1	1	1	1	1	1	1	1	1	1	1	1	1	1	1	1	1	1	1	1	1	1	1	1	1	1	1	1	1	1	0.742	0.8686	0.8664	0.9134	0.5772	0.7662	0.497	0.6886	0.9218	0.6862	0.801	0.9076	0.6562	0.6946	0.70726498093518	0.8606	0.8178	0.9136	0.894	0.8466	0.7806	0.8002	0.8216	0.8544	0.7292	0.838737137137137	0.8708	0.621	0.7746	0.9126	0.704	0.5436	0.8838	0.8434	0.8924	0.9054	0.494930946189238	0.83433515704154	0.725202408671216	0.8082	0.4414	0.883891668339691	0.6786	0.8426	0.693955422168867	0.80376684020825	0.850731348799014	0.5904	0.888	0.5548	0.880762640901771	0.805	0.718	0.8356	0	0.743775231202252	0.722	0.87	0.829	0.8996	0.7106	0.4968	0.455575575575576	0.898	0.8596	0.611074889867842	0.9556	0.949	0.792386597319464	0.821	0.5032	0.9042	0.7918	0.6616	0.6282	0.795392141138733	0.5724	0.9174	0.8112	0.9044	0.713	0.969	0.9418	0.9736	0.8956	0.747	0.907061349693251	0.8128	0.882	0.9402	0.8678	0.7568	0.818	0.8712	0.6864	0.8822	0.782178391356543	0.729694382022472	0.6954	0.619038850667746	0.789809615384615	0.7512	0.7442	0.756941619887731	0.793985722879487	0.6964	0.851521796671345	0.591	0.7898	0.8394	0.7512	0.8524	0.83377957957958	0.907793396037622	0.976	0.73118575715143	0.9752	0.41	0.8278	0.8624	0.814	0.7682	0.857903499898847	0.6634	0.8172	0.9738	0.7094	0.867	0.4952	0.7816	0.791428203693341	0.869153753753753	0.9124	0.829195279055811	0.861744437763079	0.752280384307446	0.893976706827309	0.7743125	0.875	0.854	0.542	0.861	0.7224	0.874993271926312	0.832	0.788	0.889	0.9048	0.8598	0.7342	0.8534	0.8532	0.8682	0.7366	0.8694	0.8018	0.842	0.888	0.8526	0.8832	0.740861510719295	0.812694425299007	0.7772	0.791	0.7264	0.8442	0.8982	0.9242	0.892	0.7254	0.6972	0.8498	0.567478327610584	0.821585037007402	0.783	0.73365562487422	0.7398	0.7502	0.7804	0.7912	0.8718	0.6608	0.8356	0.808	0.8742	0.736	0.9242	0.8502	0.933	0.9332	0.7822	0.6456	0.7196	0.8522	0.833	0.8062	0.851	0.6586	0.5358	0.8078	0.8744	0.8986	0.803389660743134	0.9398	0.9292	0.688081294236602	0.790312728751525	0.828569751324908	0.779997277822258	0.773056856856857	0.8654	0.7506	0.7878	0.9	0.823	0.9348	0.9372	0.9352	0.8848	0.8686	0.872535182951347	0.81	0.899	0.7618	0.555365019164818	0.8382	0.737914332247557	0.457924588848777	0.739238649686679	0.518905237808549	0.9664	0.826	0.7982	0.906	0.8934	0.798	0.7918	0.7208	0.9162	0.8602	0.8802	0.73	0.813	0.8108	0.7644	0.682685863035643	0.828	0.8986	0.7472	0.8764	0.7502	0.84280945864359	0.7308	0.945	0.9062	0.949	0.8918	0.8194	0.9398	0.89437614091273
SRR7146637	1	1	1	1	1	1	1	1	1	1	1	1	1	1	1	1	1	1	1	1	1	1	1	1	1	1	1	1	1	1	1	1	1	1	1	1	1	1	1	1	1	1	1	1	1	1	1	1	1	1	1	1	1	1	1	1	1	1	1	1	1	1	1	1	1	1	0.609793003618818	0.79334041013269	0.64201302774427	0.670242299959791	0.618117893043828	0.474176598311218	0.780298914354644	0.535492400482509	0.751971290711701	0.379354885404101	0.67915432247688	0.876636911942099	0.397223803779654	0.387414073180539	0.322571411072677	0.845660233212706	0.545550623240852	0.693842299959791	0.671428709288299	0.538860715721753	0.560792762364294	0.605028709288299	0.559907438681142	0.636107277844793	0.540499718536389	0.605137707067743	0.669184800965018	0.413703498190591	0.77913309207881	0.690234981905911	0.551445757941295	0.515532850824286	0.443735665460394	0.56269312424608	0.545259026940089	0.73084905508645	0.505422355078173	0.803246669917614	0.663381982939144	0.499076638520305	0.811212786489747	0.586294828268611	0.435736952151186	0.847760193003619	0.514561433741168	0.754824889183466	0.779690316560506	0.471145154804986	0.625026618415762	0.569522074788902	0.547177933952204	0.54486280659429	0.583173783675111	0.46634362685967	0.743775231202252	0	0.436148451950141	0.586785846401287	0.481543948532368	0.728053236831524	0.915827503015682	0.602902372336148	0.70491299502156	0.671399919581826	0.843052915158826	0.442153825442964	0.649646160032167	0.81496091676719	0.5674277195608	0.593530438279051	0.587911459589867	0.739872054684359	0.441942983514274	0.683884841174105	0.606067712102936	0.421205827641345	0.538757458785686	0.695442299959791	0.525213671089666	0.887703096099719	0.797406513872135	0.940722637716124	0.793076236429433	0.855474145556896	0.729190510655408	0.617153920386007	0.626777031977325	0.662895938882187	0.650838118214717	0.852174185765983	0.644100120627262	0.556192440691596	0.597825170888621	0.65422034579815	0.417077121029353	0.66542034579815	0.524398903107685	0.689406260871137	0.467826135906715	0.821127979617849	0.565521722572763	0.513580217129071	0.496355126658625	0.740431398041266	0.666904599324548	0.247927704061118	0.521035512598135	0.476170004020909	0.748479694410937	0.658867229593888	0.724699638118215	0.819207639726578	0.586891596059268	0.664220566919967	0.908702774427021	0.586273708300164	0.970310092480901	0.67023996783273	0.513062484921592	0.548632488942501	0.520861761158022	0.52349706473663	0.798579398223788	0.556551347004423	0.621916928025734	0.789755609167672	0.66523514274226	0.612401527945316	0.822782549256132	0.544908805790109	0.421767899287824	0.580609318606906	0.842045597104946	0.589768898693289	0.696001529057533	0.534870196116684	0.578728181725697	0.528607654031734	0.633727301970246	0.625834981905911	0.669628468033776	0.437432891033374	0.373454282267793	0.694159328145926	0.438989626055489	0.416137997587455	0.631798874145557	0.669038118214717	0.558401527945316	0.484804583835947	0.581366304784881	0.716676558102131	0.556459670285485	0.53133630880579	0.855436188178528	0.497041415359871	0.573749577804584	0.573730840369924	0.609154804985927	0.777114917571371	0.502326584313364	0.526726734951201	0.468378850020105	0.464714837153196	0.617995737836751	0.515230800160836	0.792769280257338	0.906124728588661	0.562037072778448	0.733719420989144	0.529894008845999	0.538142581423402	0.489080564928336	0.570807325920351	0.528177724165662	0.180731067398733	0.547334378769602	0.404224768797748	0.701711781262566	0.582095536791315	0.635379573783675	0.551837555287495	0.813565420184962	0.425566385203056	0.629600482509047	0.442362444712505	0.807496743063932	0.695460554885404	0.756620426216325	0.752223562525131	0.561447848813832	0.479408443908323	0.488939123441898	0.774501005227181	0.581656212303981	0.503129312424608	0.627303256936068	0.622788821873744	0.480223080016084	0.453029030960997	0.769781825492561	0.505221391234419	0.453024385934484	0.822096743063933	0.809883152392441	0.798523037692868	0.657809875279882	0.706886572508885	0.80948852366976	0.694112327043569	0.561715802171291	0.695615199034982	0.522708403699236	0.677024527543225	0.516674628065943	0.818096743063932	0.741205790108565	0.753862243667069	0.685434418978689	0.858450824286289	0.61178126256534	0.625794209891436	0.679442299959791	0.843202412545236	0.812559868508092	0.771467551266586	0.756097259495304	0.609569520834452	0.701524824173635	0.766793587945698	0.792645516686771	0.75444173703257	0.50763353437877	0.828474547647768	0.896143546441496	0.547435303578609	0.612608845999196	0.521280257338159	0.939518455971049	0.556032891033374	0.655251708886208	0.752084197828709	0.32466779252111	0.824526417370326	0.593799034981906	0.367446484635604	0.858654684358665	0.603000080418174	0.588413671089666	0.772187052673905	0.474995577000402	0.545893910965315	0.491564053075995	0.756322959388822	0.610630237233615	0.652886932046643	0.663431926015279	0.540012625653398	0.755788017691999	0.632780933230702
SRR7146638	1	1	1	1	1	1	1	1	1	1	1	1	1	1	1	1	1	1	1	1	1	1	1	1	1	1	1	1	1	1	1	1	1	1	1	1	1	1	1	1	1	1	1	1	1	1	1	1	1	1	1	1	1	1	1	1	1	1	1	1	1	1	1	1	1	1	0.7996	0.8694	0.6092	0.641	0.4864	0.6116	0.7212	0.3498	0.8738	0.4762	0.9	0.904	0.6422	0.5342	0.425703752759382	0.7516	0.4898	0.661	0.6358	0.3696	0.3988	0.6236	0.5138	0.5494	0.6044	0.616981181181181	0.6428	0.3074	0.8216	0.6552	0.572	0.531	0.588	0.455	0.6232	0.8106	0.509994118823765	0.838611752786221	0.72130285026094	0.6932	0.8452	0.624335153583618	0.5502	0.957	0.516355982392957	0.884908450140169	0.925261219462123	0.4688	0.6314	0.5112	0.546028019323672	0.4702	0.3706	0.5158	0.722	0.436148451950141	0	0.6122	0.4584	0.8806	0.84	0.556	0.757093493493494	0.8348	0.758	0.486684181017221	0.8776	0.879	0.542378275655131	0.5724	0.53	0.8314	0.5274	0.823	0.4632	0.403118364073777	0.5782	0.662	0.4602	0.8034	0.87	0.9406	0.863	0.8902	0.8476	0.7656	0.89718282208589	0.567	0.6196	0.9206	0.6102	0.533	0.4992	0.6274	0.7222	0.6302	0.641072989195678	0.801556340288925	0.5772	0.826794415216512	0.579759294871795	0.4452	0.4264	0.90911050521251	0.859127331060758	0.4246	0.689769681171045	0.5924	0.8498	0.758	0.816	0.8442	0.60275955955956	0.636592795677406	0.9238	0.585521384276855	0.9518	0.716	0.4984	0.3688	0.3994	0.508	0.853951932025086	0.6344	0.824	0.889	0.6794	0.605	0.7544	0.4538	0.596333296026861	0.876504904904905	0.8144	0.600991838367674	0.741395189416717	0.37857998398719	0.596926907630522	0.66154358974359	0.591	0.5936	0.7014	0.5604	0.6796	0.94479759711654	0.4908	0.5054	0.926	0.6368	0.6158	0.4736	0.4688	0.8182	0.5602	0.3518	0.7312	0.4652	0.4834	0.8038	0.4848	0.8146	0.621732959326788	0.53938305290898	0.379	0.5806	0.4166	0.5724	0.7234	0.9264	0.6256	0.741	0.3794	0.553	0.595367319733387	0.59699599919984	0.4816	0.541123244113504	0.422	0.3638	0.622	0.368	0.6072	0.4138	0.919	0.6518	0.605	0.3316	0.9332	0.8042	0.87	0.8598	0.4944	0.3588	0.3918	0.6478	0.5674	0.3838	0.5808	0.7162	0.4086	0.528	0.8484	0.6206	0.503085298869144	0.9478	0.9298	0.856288776541962	0.801619194794632	0.882159885854056	0.957195836669336	0.868540940940941	0.5392	0.4056	0.3596	0.6434	0.5206	0.9438	0.835	0.8472	0.7958	0.8554	0.732552472858866	0.64	0.646	0.7856	0.805365019164817	0.828	0.819744951140065	0.677253028479743	0.814365757024459	0.773552317880795	0.8986	0.8388	0.4154	0.9202	0.9334	0.577	0.6092	0.5616	0.9454	0.6104	0.6202	0.8308	0.5964	0.712	0.3828	0.409189747697237	0.9134	0.5882	0.3974	0.8566	0.5338	0.647313423223989	0.4698	0.8706	0.837	0.8822	0.8164	0.5428	0.8702	0.920376461168935
SRR7146639	1	1	1	1	1	1	1	1	1	1	1	1	1	1	1	1	1	1	1	1	1	1	1	1	1	1	1	1	1	1	1	1	1	1	1	1	1	1	1	1	1	1	1	1	1	1	1	1	1	1	1	1	1	1	1	1	1	1	1	1	1	1	1	1	1	1	0.7478	0.721	0.3066	0.3158	0.4694	0.6384	0.8788	0.4186	0.9574	0.674	0.895	0.8774	0.7062	0.307	0.652513746738912	0.8402	0.2602	0.324	0.5138	0.4136	0.4892	0.402	0.3076	0.7054	0.3306	0.609427227227227	0.3228	0.5582	0.7394	0.3226	0.4648	0.652	0.2578	0.2554	0.259	0.9332	0.548714422884577	0.819083080040527	0.669905740666399	0.5956	0.9572	0.300725998795423	0.4848	0.967	0.45439487795118	0.965182939527433	0.95624257852597	0.7142	0.2582	0.357	0.554261191626409	0.505	0.7666	0.457	0.87	0.586785846401287	0.6122	0	0.3598	0.9064	0.9348	0.7704	0.867504504504505	0.8838	0.7736	0.403919263115739	0.8784	0.9188	0.30626725345069	0.2146	0.6834	0.9214	0.438	0.8648	0.4202	0.499250040096231	0.6006	0.3262	0.2654	0.9496	0.9586	0.9738	0.953	0.984	0.9572	0.824	0.857562781186094	0.3236	0.2962	0.8188	0.3058	0.228	0.3028	0.2864	0.6944	0.3024	0.697285954381753	0.837346709470305	0.6528	0.929006151355726	0.289958974358974	0.36	0.5294	0.928673937449879	0.883527010226589	0.6386	0.69463485061159	0.6486	0.8802	0.8172	0.7366	0.7908	0.380600600600601	0.314399039423654	0.896	0.601923624724945	0.9094	0.818	0.291	0.397	0.4318	0.6756	0.806225085980174	0.8464	0.8662	0.9806	0.7898	0.3118	0.8168	0.4062	0.34462092893117	0.898386786786787	0.7106	0.294794398879776	0.781189456804971	0.310275420336269	0.459924497991968	0.690268269230769	0.4094	0.2946	0.8494	0.3182	0.629	0.91419759711654	0.227	0.304	0.8756	0.3058	0.2332	0.5362	0.645	0.9434	0.2984	0.299	0.9084	0.6058	0.2878	0.8482	0.303	0.8142	0.735567581646965	0.531672815730793	0.512	0.7082	0.7402	0.2198	0.891	0.925	0.2256	0.8594	0.6672	0.4992	0.712179276913755	0.253589077815563	0.3114	0.641832843630509	0.6852	0.338	0.6368	0.5202	0.2756	0.6486	0.946	0.6048	0.2934	0.467	0.979	0.8896	0.961	0.9706	0.5318	0.5876	0.4876	0.8364	0.2736	0.315	0.3126	0.6686	0.5268	0.359	0.8386	0.2426	0.47247366720517	0.9964	0.9828	0.913228109201213	0.911196258641724	0.910831227068895	0.897735948759007	0.869498098098098	0.238	0.927	0.5834	0.515	0.2954	0.9896	0.9408	0.9618	0.9616	0.7126	0.729138560514677	0.3244	0.319	0.8928	0.917096873108735	0.7912	0.936151465798046	0.895965824308063	0.970148574893875	0.871654063816978	0.9772	0.9562	0.3858	0.9386	0.9258	0.1738	0.2896	0.3894	0.8566	0.2254	0.5092	0.9532	0.6148	0.8256	0.3224	0.397723588305967	0.8722	0.3246	0.2948	0.856	0.5232	0.540178144495875	0.6924	0.8708	0.8646	0.8982	0.9278	0.3424	0.9502	0.867563971176942
SRR7146640	1	1	1	1	1	1	1	1	1	1	1	1	1	1	1	1	1	1	1	1	1	1	1	1	1	1	1	1	1	1	1	1	1	1	1	1	1	1	1	1	1	1	1	1	1	1	1	1	1	1	1	1	1	1	1	1	1	1	1	1	1	1	1	1	1	1	0.7878	0.8974	0.3542	0.3676	0.4428	0.5434	0.7914	0.4008	0.7194	0.6132	0.8474	0.885	0.6112	0.3032	0.493738470800722	0.811	0.2704	0.3862	0.5158	0.4018	0.4318	0.3858	0.3232	0.6006	0.3346	0.613048848848849	0.3736	0.4954	0.837	0.3808	0.5566	0.5562	0.3018	0.2542	0.3662	0.7004	0.535513342668534	0.873038500506586	0.813732476916901	0.6928	0.9396	0.345742019674764	0.4754	0.953	0.419184713885554	0.883323828594313	0.911163128721002	0.6382	0.363	0.3466	0.62312077294686	0.5404	0.6848	0.265	0.829	0.481543948532368	0.4584	0.3598	0	0.772	0.9224	0.7094	0.833095495495495	0.7312	0.8118	0.299401762114537	0.8428	0.8178	0.303785597119424	0.346	0.6144	0.691	0.4468	0.9176	0.395	0.446660625501203	0.711	0.3886	0.1924	0.8504	0.9262	0.9486	0.7262	0.7602	0.719	0.7722	0.89218282208589	0.3724	0.3518	0.9058	0.3658	0.3228	0.2776	0.381	0.7466	0.3604	0.682902761104442	0.838275120385232	0.511	0.886559206798867	0.256008012820513	0.253	0.4494	0.909551403368083	0.909323360737919	0.593	0.687922759173852	0.6864	0.8538	0.7416	0.826	0.908	0.337984784784785	0.356978266960176	0.9464	0.641936107221444	0.98	0.8126	0.2132	0.3654	0.29	0.5342	0.736625733360307	0.743	0.6908	0.7486	0.7268	0.3072	0.89	0.31	0.421417123670957	0.94496976976977	0.8788	0.346197479495899	0.710819001803969	0.344388630904724	0.412493975903614	0.700254807692308	0.417	0.3238	0.789	0.333	0.6752	0.958971165398478	0.3204	0.3284	0.928	0.3714	0.3628	0.3636	0.5	0.7246	0.2298	0.2132	0.8102	0.5828	0.2802	0.781	0.263	0.7252	0.548619875776398	0.529994364484087	0.4244	0.6202	0.736	0.3136	0.8674	0.9338	0.3716	0.829	0.6706	0.3698	0.682359402140982	0.313596839367874	0.2724	0.61253089152747	0.6118	0.3554	0.706	0.5182	0.3444	0.7136	0.9416	0.6394	0.328	0.4506	0.8424	0.6806	0.7228	0.7298	0.6494	0.4602	0.3712	0.7346	0.348	0.3232	0.3616	0.734	0.4244	0.3172	0.8432	0.3528	0.463618739903069	0.857	0.8444	0.929688776541962	0.808602440016267	0.868831227068895	0.947395836669336	0.842143943943944	0.289	0.745	0.5608	0.5094	0.2346	0.8592	0.7234	0.7254	0.7256	0.867	0.740374427020507	0.3738	0.3672	0.9372	0.878044825499294	0.902	0.883965146579805	0.848367509025271	0.876365757024459	0.860355047160345	0.7416	0.7672	0.3756	0.911	0.935	0.3328	0.3536	0.4252	0.9458	0.351	0.488	0.8324	0.661	0.8058	0.2596	0.272232278734481	0.9322	0.233	0.273	0.8494	0.409	0.639935882471322	0.548	0.8476	0.7272	0.8562	0.7514	0.1768	0.7288	0.910376461168935
SRR7146641	1	1	1	1	1	1	1	1	1	1	1	1	1	1	1	1	1	1	1	1	1	1	1	1	1	1	1	1	1	1	1	1	1	1	1	1	1	1	1	1	1	1	1	1	1	1	1	1	1	1	1	1	1	1	1	1	1	1	1	1	1	1	1	1	1	1	0.6638	0.8606	0.9768	0.9692	0.9646	0.7122	0.8712	0.9162	0.6956	0.7578	0.4708	0.8636	0.6352	0.8398	0.866914790286976	0.9906	0.9278	0.9904	0.9698	0.9144	0.9876	0.973	0.9772	0.9884	0.976	0.946757957957958	0.9696	0.811	0.949	0.9894	0.9682	0.9688	0.7716	0.9164	0.839	0.6872	0.878783596719344	0.928115501519757	0.872090726615817	0.4754	0.7646	0.935476410359366	0.8136	0.843	0.769927490996399	0.699708289947937	0.86990252514884	0.7736	0.9262	0.965	0.870821256038647	0.9062	0.927	0.6924	0.8996	0.728053236831524	0.8806	0.9064	0.772	0	0.9618	0.9118	0.938587587587588	0.578	0.9852	0.868083460152183	0.6998	0.7782	0.917186037207442	0.9094	0.895	0.684	0.8118	0.6048	0.9494	0.881672012830794	0.8732	0.991	0.8996	0.9932	0.7272	0.9582	0.706	0.7128	0.682	0.822	0.821305521472393	0.9816	0.9636	0.949	0.9784	0.9254	0.9694	0.96	0.8428	0.9788	0.862772148859544	0.795672231139647	0.6754	0.942040388506677	0.802730128205128	0.8244	0.881	0.610363271852446	0.821989051533988	0.7616	0.754697413274514	0.6936	0.7068	0.8614	0.8896	0.9132	0.769211011011011	0.971198799279568	0.9438	0.893383916783356	0.9688	0.8736	0.8448	0.9182	0.916	0.6854	0.585627837345742	0.7494	0.645	0.6988	0.7524	0.9012	0.9596	0.9598	0.799177504196978	0.82776976976977	0.9196	0.944392958591718	0.819039486871117	0.947366853482786	0.895600803212851	0.811191666666667	0.927	0.9756	0.8776	0.8162	0.812	0.763077452943532	0.8366	0.934	0.8078	0.9642	0.876	0.7422	0.9336	0.6622	0.8628	0.8984	0.976	0.9178	0.9602	0.7238	0.9668	0.7966	0.653674333800841	0.898655706466653	0.8372	0.836	0.9326	0.8562	0.9202	0.9528	0.8674	0.927	0.917	0.743	0.89193294283983	0.901988197639528	0.9608	0.79999412356611	0.9052	0.9128	0.9764	0.9492	0.9564	0.9174	0.5352	0.6132	0.9506	0.912	0.841	0.6712	0.6998	0.7096	0.9556	0.973	0.9308	0.9838	0.9238	0.957	0.9836	0.9188	0.9642	0.8212	0.9036	0.8428	0.908919224555735	0.848	0.837	0.827632153690597	0.862476291175275	0.946365511618426	0.791281024819856	0.774294694694695	0.87	0.8196	0.936	0.979	0.8284	0.8564	0.702	0.6788	0.6852	0.9822	0.82183264977885	0.8708	0.9908	0.864	0.939678555577971	0.7552	0.869274918566775	0.911098355395106	0.885441479684657	0.88141099739113	0.7026	0.2036	0.9426	0.9288	0.9196	0.8878	0.9656	0.9242	0.9798	0.86	0.9854	0.6502	0.8324	0.9856	0.9574	0.857872887464958	0.8608	0.7928	0.965	0.898	0.7524	0.934487703763333	0.8408	0.7838	0.5608	0.7434	0.667	0.7524	0.6904	0.803396957566053
SRR7146642	1	1	1	1	1	1	1	1	1	1	1	1	1	1	1	1	1	1	1	1	1	1	1	1	1	1	1	1	1	1	1	1	1	1	1	1	1	1	1	1	1	1	1	1	1	1	1	1	1	1	1	1	1	1	1	1	1	1	1	1	1	1	1	1	1	1	0.8906	0.906	0.9252	0.942	0.744	0.9454	0.6934	0.7746	0.9708	0.8368	0.7552	0.959	0.7278	0.9204	0.838021312462372	0.9454	0.9538	0.9478	0.9456	0.9358	0.887	0.9398	0.9052	0.9452	0.9398	0.935193993993994	0.94	0.9014	0.9316	0.9492	0.8504	0.9494	0.9572	0.9458	0.9554	0.9494	0.728786397279456	0.88096757852077	0.8116	0.8924	0.7356	0.903477936157398	0.8596	0.9232	0.808952460984394	0.936945214257109	0.952556559228085	0.71	0.94	0.8624	0.849298228663446	0.9338	0.8276	0.8582	0.7106	0.915827503015682	0.84	0.9348	0.9224	0.9618	0	0.7424	0.775574374374374	0.9446	0.9466	0.92076563876652	0.9908	0.981	0.893990558111622	0.899	0.7822	0.9462	0.9416	0.7586	0.7794	0.889853728949479	0.7664	0.9486	0.9122	0.952	0.7496	0.9808	0.9634	0.993	0.9648	0.7478	0.93120654396728	0.8454	0.9246	0.9428	0.924	0.8526	0.8608	0.9192	0.935	0.9398	0.799940136054422	0.833874478330658	0.7978	0.741259166329421	0.86826858974359	0.8122	0.8084	0.8571084202085	0.683952155604572	0.849	0.927161941046722	0.6858	0.8968	0.857	0.8472	0.8714	0.864784784784785	0.932593396037622	0.986	0.578955071014203	0.9898	0.7294	0.9366	0.9402	0.9146	0.8864	0.958028687032167	0.768	0.9416	0.9906	0.8596	0.9342	0.6482	0.919	0.921731281477336	0.932546346346346	0.9802	0.914194318863773	0.871844337542594	0.835114331465172	0.918910843373494	0.8149125	0.939	0.935	0.7014	0.8846	0.8164	0.928593752503003	0.9412	0.9316	0.8146	0.9404	0.927	0.6806	0.9486	0.926	0.9274	0.847	0.9392	0.9378	0.9284	0.9362	0.9486	0.9492	0.886506231216189	0.834957591729171	0.8398	0.8432	0.7898	0.9324	0.949	0.9754	0.943	0.806	0.8044	0.7738	0.785071339123409	0.914594678935787	0.8616	0.901355443751258	0.8304	0.8746	0.8816	0.8802	0.9338	0.7928	0.8968	0.8988	0.9244	0.8426	0.9812	0.9418	0.9762	0.9768	0.8354	0.840799999999999	0.9288	0.9368	0.9046	0.92	0.9014	0.9036	0.8928	0.8828	0.8268	0.9424	0.905456865912762	1	0.988	0.824790899898888	0.812885481903213	0.886934692213616	0.689790392313851	0.724606206206206	0.9328	0.8528	0.9328	0.946	0.9106	0.9918	0.963	0.9798	0.9508	0.93	0.871429915560917	0.9316	0.9388	0.813	0.804349687310874	0.6358	0.764808794788274	0.773515764139591	0.817466504952496	0.766304475215733	0.9874	0.9146	0.9416	0.9508	0.9694	0.8486	0.9418	0.8938	0.9556	0.9188	0.9406	0.7904	0.943	0.8992	0.8528	0.858500760913095	0.9388	0.9568	0.8406	0.8352	0.9072	0.937781283960556	0.7328	0.9756	0.9498	0.9822	0.9664	0.8774	0.9744	0.95317614091273
SRR7146643	1	1	1	1	1	1	1	1	1	1	1	1	1	1	1	1	1	1	1	1	1	1	1	1	1	1	1	1	1	1	1	1	1	1	1	1	1	1	1	1	1	1	1	1	1	1	1	1	1	1	1	1	1	1	1	1	1	1	1	1	1	1	1	1	1	1	0.7778	0.868	0.795	0.8216	0.4526	0.7006	0.6118	0.6108	0.9208	0.5858	0.8716	0.9404	0.6014	0.6414	0.568309331727875	0.8364	0.6988	0.815	0.7954	0.7536	0.6932	0.7246	0.731	0.7582	0.7032	0.736918318318318	0.8184	0.663	0.7942	0.823	0.672	0.6742	0.7754	0.6984	0.7838	0.8896	0.455391678335667	0.826040526849037	0.660940666399036	0.75	0.59	0.806914555310179	0.5792	0.8638	0.6219575030012	0.83050893071686	0.874180907411209	0.5034	0.7714	0.6682	0.663247665056361	0.6918	0.6176	0.705	0.4968	0.602902372336148	0.556	0.7704	0.7094	0.9118	0.7424	0	0.553099099099099	0.843	0.8464	0.706463516219463	0.9276	0.9064	0.702777035407081	0.7456	0.5368	0.8782	0.6986	0.7	0.513	0.69995797914996	0.4908	0.8172	0.7112	0.8864	0.7752	0.947	0.9236	0.9498	0.8946	0.7316	0.892560327198364	0.731	0.7838	0.9332	0.7896	0.6576	0.7088	0.7888	0.6954	0.808	0.640978151260504	0.813900802568218	0.665	0.695396762444354	0.747960897435897	0.6622	0.6214	0.791840737770649	0.822591457790255	0.5686	0.767161941046722	0.569	0.7972	0.7364	0.6974	0.8426	0.81337997997998	0.807793035821493	0.9644	0.653783516703341	0.9606	0.489	0.709	0.77	0.6932	0.669	0.910834311147077	0.6292	0.7642	0.9504	0.6926	0.7902	0.6192	0.6798	0.691806043648573	0.825544944944945	0.8744	0.712379115823165	0.779590779715374	0.666483907125701	0.792713253012048	0.657024038461539	0.7756	0.7498	0.5146	0.7466	0.645	0.875593271926311	0.6978	0.6596	0.8424	0.8078	0.7502	0.611	0.7448	0.8096	0.764	0.6146	0.8112	0.6764	0.72	0.8568	0.7508	0.8596	0.682263313965137	0.687802067707277	0.4168	0.6612	0.6106	0.7274	0.9074	0.933	0.7862	0.7134	0.6062	0.75	0.467097152090487	0.729990318063613	0.6802	0.604339947675589	0.5422	0.6352	0.6858	0.7538	0.7836	0.5818	0.8596	0.7468	0.7836	0.616	0.8688	0.806	0.908	0.92	0.6966	0.5642	0.6932	0.7394	0.7362	0.6856	0.768	0.6824	0.6172	0.7038	0.8412	0.7782	0.734859773828756	0.885	0.8746	0.714419615773509	0.740413176087841	0.79059730941704	0.851998238590873	0.753704704704705	0.7494	0.687	0.727	0.8006	0.7182	0.8792	0.9232	0.927	0.844	0.8702	0.76292577402493	0.77	0.8122	0.472	0.677392777889853	0.8356	0.752690228013029	0.558713598074609	0.749902971497877	0.604352398153723	0.9372	0.871	0.725	0.9182	0.9262	0.6984	0.7492	0.6544	0.9496	0.759	0.8076	0.7604	0.6918	0.8004	0.656	0.572022667200641	0.8772	0.8	0.6366	0.8614	0.6878	0.75263441336285	0.6316	0.9008	0.8724	0.9172	0.8612	0.7102	0.9156	0.840976461168935
SRR7146644	1	1	1	1	1	1	1	1	1	1	1	1	1	1	1	1	1	1	1	1	1	1	1	1	1	1	1	1	1	1	1	1	1	1	1	1	1	1	1	1	1	1	1	1	1	1	1	1	1	1	1	1	1	1	1	1	1	1	1	1	1	1	1	1	1	1	0.829304704704705	0.871175775775776	0.871714314314314	0.886308908908909	0.565305305305305	0.829712312312312	0.355573773773774	0.725504504504505	0.904139139139139	0.684882682682683	0.935564564564564	0.940183783783784	0.726673073073073	0.770499099099099	0.535347026737755	0.894974174174174	0.869302102102102	0.911714114114114	0.901512912912913	0.860912312312312	0.816692692692693	0.832712112112112	0.856301301301301	0.891103503503503	0.683301501501502	0.839439439439439	0.893705305305305	0.82689009009009	0.839104704704705	0.908514314314314	0.750874874874875	0.794701901901902	0.906912712712713	0.8869005005005	0.910913513513514	0.88414994994995	0.455793941571097	0.859598808534978	0.685854260523069	0.810242242242242	0.293563563563564	0.834963572285395	0.674872072072072	0.699127927927928	0.662007025032235	0.657646192447955	0.840552315814069	0.647467867867868	0.895114114114114	0.765501901901902	0.817592592592592	0.848483883883884	0.753896896896897	0.829094694694695	0.455575575575576	0.70491299502156	0.757093493493494	0.867504504504505	0.833095495495495	0.938587587587588	0.775574374374374	0.553099099099099	0	0.91599039039039	0.887175175175175	0.789768222367341	0.946975775775776	0.954396996996997	0.832885055489576	0.852906306306306	0.358776176176176	0.87214954954955	0.832507707707708	0.738974174174174	0.625506906906907	0.773857377826905	0.57728008008008	0.913314314314314	0.856496296296296	0.940986186186186	0.607322922922923	0.971794994994995	0.908142942942943	0.956391391391392	0.888346946946947	0.584796796796797	0.887672334911599	0.816913513513513	0.881314314314314	0.894532732732733	0.876114114114114	0.753498698698699	0.855092092092092	0.887093493493493	0.764714514514515	0.883114114114114	0.662804821628351	0.845039341106757	0.754886886886887	0.575058506503266	0.864440041002541	0.772912712712713	0.751278078078078	0.664605664204702	0.848831948049915	0.679082282282282	0.835798260662909	0.719705105105105	0.657151551551551	0.759057657657658	0.8144998998999	0.824338338338338	0.842242242242242	0.879694102747935	0.93013973973974	0.803863395301683	0.956967167167167	0.263111111111111	0.860698098098098	0.874512312312312	0.863896896896897	0.852087887887888	0.904913693786848	0.74917997997998	0.818183183183183	0.931542942942943	0.865896896896897	0.887712312312312	0.392850250250251	0.816690690690691	0.657150715348813	0.717317317317317	0.955575575575576	0.82569370731003	0.831196801130656	0.759790254626123	0.855638168288771	0.735682677870178	0.880502302302302	0.884691491491492	0.526467667667668	0.869902702702703	0.732256456456456	0.731125919672175	0.857101101101101	0.6994996996997	0.667512712712713	0.897912512512512	0.878104104104104	0.784280880880881	0.887901101101101	0.821545945945946	0.855497497497497	0.788896496496497	0.908182382382382	0.859888688688689	0.885691691691692	0.898194994994995	0.888501901901902	0.884905105105105	0.804764692562729	0.773104789362644	0.787108908908909	0.616057257257257	0.72410950950951	0.874498098098098	0.911397197197197	0.947187587587587	0.890514314314314	0.694645845845846	0.671665865865866	0.850072272272272	0.351183661949164	0.834492103625931	0.763853653653654	0.710868324553171	0.733647447447447	0.751639439439439	0.82429009009009	0.837911311311311	0.858498898898899	0.679913113113113	0.709956756756757	0.844503503503504	0.866107307307307	0.750042242242242	0.7543997997998	0.813742342342342	0.894750750750751	0.896533333333333	0.787502302302302	0.7180994994995	0.849098098098098	0.884899299299299	0.863713913913914	0.846287087087087	0.857511111111111	0.722082282282282	0.767699099099099	0.822488488488489	0.84065005005005	0.887312912912913	0.793209687878508	0.763163163163163	0.74856056056056	0.689754061442636	0.769267722378743	0.745589943796222	0.680527765555788	0.613613613613614	0.841074874874875	0.821181781781782	0.85326966966967	0.899912912912913	0.840712512512513	0.755163363363363	0.913946146146146	0.909348148148148	0.853386586586587	0.900568168168168	0.835758919353612	0.826512512512513	0.895914114114114	0.788596596596597	0.356051633638884	0.815952552552553	0.704444468898866	0.317233840338533	0.581630872837665	0.378419238021887	0.925743743743743	0.882190990990991	0.814313913913914	0.877741741741742	0.953792392392392	0.830299099099099	0.857113713713714	0.761305105105105	0.94158018018018	0.853313713713714	0.887315715715716	0.686519319319319	0.815913713713714	0.832551951951952	0.794297897897898	0.69205140262409	0.878384984984985	0.906113513513514	0.784497897897898	0.842126526526527	0.831709709709709	0.788463005166567	0.795081081081081	0.913731931931932	0.924393393393393	0.935788788788789	0.876142542542543	0.853485085085085	0.899542542542542	0.746581128766877
SRR7146645	1	1	1	1	1	1	1	1	1	1	1	1	1	1	1	1	1	1	1	1	1	1	1	1	1	1	1	1	1	1	1	1	1	1	1	1	1	1	1	1	1	1	1	1	1	1	1	1	1	1	1	1	1	1	1	1	1	1	1	1	1	1	1	1	1	1	0.6292	0.8436	0.9476	0.9566	0.9126	0.6672	0.8412	0.9038	0.481	0.7576	0.6926	0.8804	0.587	0.786	0.815645875978326	0.9534	0.876	0.9672	0.9472	0.841	0.9578	0.9222	0.9466	0.9586	0.9246	0.901158558558559	0.8604	0.7946	0.9046	0.9674	0.9158	0.918	0.735	0.856	0.8138	0.2938	0.897195679135827	0.907410131712259	0.863084945804898	0.8042	0.9256	0.935551174462959	0.8474	0.9376	0.904594317727091	0.925979335202243	0.895486429891193	0.8734	0.903	0.911	0.855318196457327	0.8438	0.8018	0.6238	0.898	0.671399919581826	0.8348	0.8838	0.7312	0.578	0.9446	0.843	0.91599039039039	0	0.9632	0.824880336403684	0.6894	0.7606	0.921992478495699	0.9124	0.8666	0.335	0.7404	0.8098	0.917	0.829211387329591	0.8266	0.9686	0.8704	0.9636	0.932	0.9138	0.5266	0.3752	0.296	0.8816	0.79679509202454	0.9592	0.9426	0.9382	0.952	0.8892	0.948	0.9346	0.7928	0.9566	0.789541896758704	0.856918138041734	0.7648	0.925913638203156	0.829191346153846	0.7804	0.8326	0.886656134723336	0.810523882093443	0.7192	0.727562061359535	0.7778	0.732	0.7636	0.8772	0.9086	0.936584784784785	0.960198919351611	0.8884	0.875783476695339	0.9236	0.8918	0.7584	0.8486	0.8726	0.6024	0.621408456402994	0.7494	0.3806	0.444	0.821	0.8812	0.9274	0.911	0.819145271404589	0.791986186186186	0.9116	0.899791438287658	0.729959230306675	0.900757245796637	0.884298795180723	0.79303108974359	0.896	0.9532	0.9026	0.7832	0.7504	0.81439038846616	0.7788	0.877	0.7918	0.9436	0.8552	0.6952	0.9104	0.3336	0.846	0.8634	0.937	0.8746	0.9314	0.6862	0.9434	0.7632	0.623902664796634	0.881473707682952	0.8126	0.782	0.808	0.827	0.9002	0.9214	0.8476	0.9136	0.8952	0.7176	0.875083296303777	0.882784156831366	0.9476	0.756024069229221	0.8888	0.8716	0.9382	0.9454	0.9458	0.8638	0.9152	0.8042	0.9428	0.8916	0.739	0.3548	0.4132	0.454	0.923	0.9114	0.8784	0.9416	0.9044	0.922	0.9518	0.886	0.9084	0.6862	0.9048	0.8224	0.873067205169628	0.763	0.7514	0.895185844287159	0.839405937372916	0.9002	0.942595356285028	0.769450650650651	0.847	0.7634	0.9286	0.9552	0.7482	0.7618	0.337	0.3664	0.339	0.9588	0.807637876960193	0.9162	0.9684	0.866	0.93304906193262	0.7934	0.866717263843648	0.896955074207782	0.922822154841318	0.839774152117199	0.4446	0.6586	0.9164	0.9004	0.916	0.8774	0.9116	0.8782	0.9574	0.8416	0.953	0.8986	0.7684	0.946	0.9268	0.820881778133761	0.8692	0.7646	0.9418	0.8998	0.7554	0.898259005836184	0.7864	0.7508	0.2328	0.7326	0.4966	0.7262	0.4758	0.77506645316253
SRR7146646	1	1	1	1	1	1	1	1	1	1	1	1	1	1	1	1	1	1	1	1	1	1	1	1	1	1	1	1	1	1	1	1	1	1	1	1	1	1	1	1	1	1	1	1	1	1	1	1	1	1	1	1	1	1	1	1	1	1	1	1	1	1	1	1	1	1	0.8716	0.709	0.906	0.9124	0.9122	0.9096	0.913	0.9148	0.9692	0.8682	0.98	0.6284	0.8708	0.8752	0.83916801123821	0.3492	0.7774	0.9184	0.9124	0.9016	0.4926	0.9038	0.8792	0.4192	0.8744	0.906193793793794	0.9158	0.8104	0.5488	0.9154	0.6668	0.8008	0.9194	0.76	0.9176	0.9494	0.896197279455891	0.577570010131712	0.809497230028101	0.7784	0.9706	0.895958040554106	0.8498	0.9816	0.898195678271309	0.93233007609131	0.96304257852597	0.7782	0.9034	0.896	0.838200644122383	0.666	0.8468	0.9034	0.8596	0.843052915158826	0.758	0.7736	0.8118	0.9852	0.9466	0.8464	0.887175175175175	0.9632	0	0.892979815778935	0.9598	0.967	0.866991118223645	0.8672	0.9096	0.936	0.906	0.9428	0.9048	0.9083966319166	0.712	0.9196	0.7938	0.4632	0.967	0.9778	0.967	0.994	0.9664	0.9084	0.93457627811861	0.9178	0.9076	0.839	0.9088	0.8472	0.7988	0.8984	0.9142	0.8988	0.90779855942377	0.907595505617978	0.9068	0.943285957102388	0.891970192307693	0.913	0.8426	0.973365838011227	0.961933266492881	0.8648	0.9098	0.9078	0.9216	0.9098	0.8344	0.6208	0.909396596596596	0.912199159495697	0.8426	0.911198919783957	0.8534	0.909	0.8734	0.9026	0.5826	0.628	0.802180335828444	0.5784	0.9166	0.9902	0.4106	0.9068	0.8272	0.5568	0.853959485170677	0.980389389389389	0.5592	0.909799839967994	0.896973541791942	0.892987830264211	0.910191164658634	0.909	0.882	0.8644	0.8696	0.9082	0.8898	0.989398077693232	0.892	0.8806	0.9456	0.9132	0.8608	0.8936	0.4182	0.9804	0.8932	0.7984	0.4268	0.5138	0.7912	0.9354	0.7398	0.5814	0.900184131436586	0.90858370160146	0.9084	0.9078	0.9028	0.8748	0.914	0.9442	0.8998	0.8836	0.907	0.9062	0.909	0.897796919383877	0.8378	0.833728355805997	0.4906	0.7372	0.4104	0.9096	0.8702	0.8766	0.9666	0.896	0.8998	0.6114	0.9812	0.9244	0.965	0.9782	0.6122	0.6418	0.6522	0.4138	0.9096	0.7084	0.9124	0.6438	0.788	0.8922	0.9024	0.9104	0.875074313408724	1	0.9866	0.978499898887766	0.874545912972753	0.920431227068895	0.910340272217774	0.938950550550551	0.8618	0.8282	0.5646	0.9134	0.9076	0.9918	0.9582	0.9724	0.9752	0.5198	0.909795818254926	0.9154	0.913	0.9728	0.929903812789994	0.8262	0.962166449511401	0.909796068993181	0.932593612290277	0.922578928356412	0.9916	0.9704	0.906	0.9594	0.981	0.8446	0.8982	0.8918	0.6526	0.9052	0.9134	0.8844	0.9014	0.349	0.7262	0.851129595514617	0.9056	0.9184	0.7384	0.9088	0.8794	0.807485570537332	0.7	0.9456	0.944	0.978	0.9754	0.9084	0.9644	0.951777582065653
SRR7146648	1	1	1	1	1	1	1	1	1	1	1	1	1	1	1	1	1	1	1	1	1	1	1	1	1	1	1	1	1	1	1	1	1	1	1	1	1	1	1	1	1	1	1	1	1	1	1	1	1	1	1	1	1	1	1	1	1	1	1	1	1	1	1	1	1	1	0.778311333600321	0.880174529435322	0.400142330796956	0.426542811373649	0.40436563876652	0.561640688826592	0.784528874649579	0.339086583900681	0.84926856227473	0.559970764917902	0.883093792551061	0.901185342410893	0.595793832599119	0.229237565078094	0.477533304866502	0.896378614337204	0.375697637164598	0.44514329195034	0.516995674809772	0.344334401281538	0.464547857428915	0.339081537845414	0.344234681617942	0.678978374048859	0.291463275931117	0.579574969442811	0.402941369643572	0.367408009611534	0.755374529435322	0.444543051661994	0.44470532639167	0.410708049659592	0.362060873047657	0.378096195434521	0.407717340808971	0.789274088906688	0.471997683477424	0.871996710135243	0.788043604955412	0.695718542250701	0.892907488986784	0.403656722940044	0.473894993992791	0.921539927913496	0.36968379662638	0.873648378053664	0.878255960118679	0.613407529034842	0.412319022827393	0.141675851021225	0.613633380991167	0.600749299158991	0.672087785342411	0.355254385262315	0.611074889867842	0.442153825442964	0.486684181017221	0.403919263115739	0.299401762114537	0.868083460152183	0.92076563876652	0.706463516219463	0.789768222367341	0.824880336403684	0.892979815778935	0	0.872284181017221	0.869893552262715	0.360660998839736	0.374514937925511	0.600554345214257	0.811077693231878	0.373905806968362	0.890542571085302	0.372765879054866	0.353986291167685	0.632825550660793	0.44954329195034	0.324289467360833	0.931380056067281	0.87947577092511	0.9556	0.850870004004806	0.889909891870244	0.819672647176612	0.707103644373248	0.878961666064717	0.41930893071686	0.404342811373648	0.918352663195835	0.403743051661994	0.323279134961954	0.385690909090909	0.421519503404085	0.565116139367241	0.419942571085303	0.617536001184615	0.788277875665887	0.533658470164197	0.883924084052623	0.332180748308226	0.297790708850621	0.473683940728875	0.863794693166684	0.874378510278105	0.52820224269123	0.677272763409936	0.63813608329996	0.826288986784141	0.73087817380857	0.783315899078895	0.883106047256708	0.379462842898966	0.416521558910517	0.956558189827794	0.628278799532434	0.984396155386464	0.744884181017221	0.299434201041249	0.334878654385262	0.366172607128554	0.692810172206648	0.849705667436165	0.809510612735282	0.795412575090108	0.878467120544653	0.803151702042451	0.363882979575491	0.847305566680016	0.360579575490589	0.374520045207018	0.848624716025597	0.946756027232679	0.352672617022403	0.747700608138064	0.318205385293417	0.421853935566053	0.645888768445211	0.417547617140569	0.417723348017621	0.772886343612335	0.349315178213857	0.62586976371646	0.905286343612335	0.31844261113336	0.30158229875851	0.878310372446936	0.421140408490188	0.407718061674009	0.439254625550661	0.588779815778935	0.791759951942331	0.31788057669203	0.3326793752503	0.906574529435322	0.608497396876252	0.373097637164598	0.787505086103324	0.404121425710853	0.805513496195435	0.608371841441146	0.51170486278243	0.379480816980377	0.561853424108931	0.675851982378855	0.375699799759712	0.824132238686424	0.925199279134962	0.411919503404085	0.809679134961954	0.606051982378855	0.440909411293552	0.616808843607684	0.345869854787938	0.368645254305166	0.563488824947756	0.671887064477373	0.342820744893873	0.750346175410493	0.45730893071686	0.399742571085302	0.613286583900681	0.884736804164998	0.651538005606728	0.400141129355226	0.473831077292751	0.885885622747297	0.755390228273929	0.836469523428114	0.837471686023228	0.582887304765719	0.406482979575491	0.315897637164598	0.820778374048858	0.362287064477373	0.345497877452943	0.380908690428514	0.547849819783741	0.226070084100921	0.277518301962355	0.84354209050861	0.408115899078895	0.379428173258638	0.899285622747297	0.887882018422106	0.900756053877393	0.831573569454553	0.824453918693463	0.913299402036647	0.821998129487116	0.346699559471366	0.776450060072087	0.596320704845815	0.516599519423308	0.286250540648778	0.897091870244293	0.827668081698038	0.837471445734882	0.779360192230677	0.912779815778935	0.737719682597807	0.389283460152183	0.43074329195034	0.913141609931918	0.865287487611722	0.897285382458951	0.822469129078673	0.755574479186496	0.865593108334003	0.840651607536107	0.87527577092511	0.790513496195435	0.323025070084101	0.891755786944333	0.895373808570284	0.376486343612335	0.329716379655587	0.309484181017221	0.936796876251502	0.397918542250701	0.486999279134962	0.868114697637165	0.572056067280737	0.872346415698839	0.387886824189027	0.225670804965959	0.89333608329996	0.370057509010813	0.382865678814578	0.849934401281538	0.441454144973969	0.61742527337897	0.564111573888666	0.865700520624749	0.840485142170605	0.880929114937926	0.770045494593513	0.328235883059672	0.846675530636764	0.86644998818438
SRR7146649	1	1	1	1	1	1	1	1	1	1	1	1	1	1	1	1	1	1	1	1	1	1	1	1	1	1	1	1	1	1	1	1	1	1	1	1	1	1	1	1	1	1	1	1	1	1	1	1	1	1	1	1	1	1	1	1	1	1	1	1	1	1	1	1	1	1	0.7128	0.8434	0.9796	0.968	0.9834	0.809	0.9012	0.9422	0.8022	0.8214	0.684	0.8748	0.584	0.8444	0.890392574754164	0.9656	0.9332	0.995	0.9762	0.907	0.966	0.981	0.9812	0.9948	0.9884	0.952757157157157	0.9824	0.8406	0.938	0.9932	0.9526	0.9746	0.7438	0.9192	0.8412	0.7998	0.958592358471694	0.905396960486322	0.851084945804898	0.7718	0.96	0.954750411563943	0.9198	0.9806	0.958585194077631	0.964797356828194	0.943891521248204	0.9466	0.933	0.9754	0.874809661835749	0.8714	0.9276	0.7946	0.9556	0.649646160032167	0.8776	0.8784	0.8428	0.6998	0.9908	0.9276	0.946975775775776	0.6894	0.9598	0.872284181017221	0	0.8148	0.952791158231646	0.9354	0.9086	0.8026	0.8282	0.5574	0.96	0.904087890938252	0.856	0.9956	0.9022	0.997	0.9512	0.9556	0.8116	0.8104	0.8096	0.9468	0.723895705521472	0.9936	0.97	0.9174	0.976	0.9144	0.9764	0.9546	0.537	0.9766	0.894375590236094	0.880931621187801	0.8686	0.956096721974909	0.874932371794872	0.9042	0.8798	0.92790040096231	0.723349869661119	0.747	0.781202205734911	0.7968	0.8858	0.8846	0.9144	0.8884	0.960393793793794	0.972984510706424	0.9004	0.918984476895379	0.9386	0.9566	0.863	0.9054	0.9222	0.7278	0.777217155573538	0.6486	0.7882	0.7968	0.8566	0.9316	0.939	0.9468	0.846777616116396	0.670276676676677	0.8932	0.958594158831766	0.825869472840248	0.959972457966373	0.90313734939759	0.862037179487179	0.916	0.975	0.9752	0.776	0.784	0.81117749299159	0.84	0.9422	0.7476	0.968	0.8524	0.8222	0.9452	0.7956	0.8812	0.9038	0.9746	0.9078	0.9634	0.5086	0.968	0.8262	0.78767954317772	0.912293736063248	0.853	0.8522	0.9294	0.8542	0.9252	0.9508	0.8674	0.9104	0.9168	0.8274	0.935524863663906	0.911188317663533	0.96	0.63538365868384	0.9074	0.8862	0.9522	0.9872	0.9308	0.917	0.9688	0.6958	0.9562	0.8818	0.9292	0.7794	0.8194	0.8128	0.931	0.987	0.9454	0.9854	0.9404	0.9358	0.9902	0.9074	0.9748	0.8434	0.9216	0.8042	0.907812277867528	0.927	0.9174	0.899312639029323	0.865932899552664	0.9506697105585	0.93679807846277	0.866536336336336	0.8582	0.841	0.937	0.985	0.8774	0.9316	0.8092	0.8022	0.7966	0.9532	0.82644728588661	0.985	0.995	0.9034	0.954906314303006	0.7746	0.910257654723127	0.959589891696751	0.958948574893875	0.891848524984949	0.8222	0.841	0.9802	0.9426	0.9294	0.8528	0.9666	0.9282	0.9582	0.872	0.9926	0.9356	0.445	0.9626	0.9572	0.870485142170605	0.9148	0.858	0.9704	0.9126	0.801	0.914488951499296	0.854	0.7622	0.6092	0.1274	0.763	0.828	0.7948	0.817694955964772
SRR7146650	1	1	1	1	1	1	1	1	1	1	1	1	1	1	1	1	1	1	1	1	1	1	1	1	1	1	1	1	1	1	1	1	1	1	1	1	1	1	1	1	1	1	1	1	1	1	1	1	1	1	1	1	1	1	1	1	1	1	1	1	1	1	1	1	1	1	0.8532	0.7932	0.971	0.9638	0.9666	0.8156	0.889	0.9318	0.788	0.851	0.8302	0.8664	0.7552	0.9032	0.877806903471804	0.9764	0.9322	0.985	0.9674	0.9198	0.9752	0.9654	0.9714	0.9822	0.9746	0.942164764764765	0.961	0.8408	0.9068	0.9834	0.9502	0.9634	0.8502	0.8982	0.9192	0.7872	0.942592478495699	0.935665450861195	0.83547932557206	0.917	0.9544	0.961573298534431	0.9358	0.9678	0.949195118047219	0.958586784140969	0.945039827550811	0.932	0.9226	0.9588	0.898266022544283	0.9118	0.9084	0.7628	0.949	0.81496091676719	0.879	0.9188	0.8178	0.7782	0.981	0.9064	0.954396996996997	0.7606	0.967	0.869893552262715	0.8148	0	0.937989797959592	0.9282	0.8998	0.7904	0.89	0.9306	0.946	0.901127345629511	0.8662	0.9856	0.8956	0.9842	0.9582	0.9398	0.7966	0.806	0.7916	0.941	0.917056032719836	0.9838	0.9604	0.8558	0.9684	0.9356	0.9666	0.9558	0.933	0.9702	0.878580712284914	0.900526163723917	0.8302	0.958724888709025	0.871446153846154	0.876	0.9002	0.919712429831596	0.92358800882294	0.86	0.87909364347303	0.9108	0.8876	0.8956	0.928	0.8964	0.956591191191191	0.969798919351611	0.9456	0.932997599519904	0.9632	0.9416	0.8462	0.9206	0.912	0.781	0.743204329354643	0.8644	0.7756	0.8048	0.901	0.923	0.9474	0.9496	0.905086849468383	0.917972972972973	0.9286	0.941792558511702	0.854896812988575	0.935769255404323	0.922840963855422	0.900986538461538	0.9242	0.9674	0.959	0.8942	0.9082	0.926997116539848	0.8886	0.937	0.9094	0.9596	0.935	0.7814	0.9316	0.768	0.8696	0.908	0.9786	0.919	0.9554	0.829	0.9576	0.7952	0.764637347225005	0.919537522805595	0.8482	0.8504	0.9216	0.917	0.9092	0.9138	0.9254	0.9372	0.92	0.8172	0.931536740052515	0.90939899979996	0.9634	0.900186274904407	0.9218	0.9076	0.943	0.9762	0.9516	0.9176	0.9532	0.918	0.9522	0.8762	0.8854	0.78	0.7946	0.7988	0.8298	0.963	0.9224	0.9762	0.9272	0.9362	0.979	0.8894	0.958	0.8604	0.9196	0.9226	0.925751857835218	0.8924	0.8786	0.925488776541962	0.896746563643758	0.951062046473706	0.96359679743795	0.865798798798799	0.8668	0.864	0.947	0.9732	0.8344	0.8884	0.7996	0.7926	0.7882	0.9418	0.890662002412545	0.9682	0.9852	0.9224	0.950469880976397	0.7868	0.916665472312704	0.954194384275973	0.961329290479078	0.919451254264499	0.8048	0.8096	0.9614	0.9426	0.923	0.9186	0.958	0.9304	0.9262	0.9288	0.977	0.9242	0.905	0.9726	0.9658	0.875511333600321	0.9074	0.839	0.9626	0.9154	0.7982	0.887484322801369	0.8434	0.3344	0.7606	0.8446	0.754	0.8016	0.7784	0.886179503602882
SRR7146651	1	1	1	1	1	1	1	1	1	1	1	1	1	1	1	1	1	1	1	1	1	1	1	1	1	1	1	1	1	1	1	1	1	1	1	1	1	1	1	1	1	1	1	1	1	1	1	1	1	1	1	1	1	1	1	1	1	1	1	1	1	1	1	1	1	1	0.819185797159432	0.885590958191639	0.321672214442889	0.329468733746749	0.425589877975595	0.663190078015603	0.833789637927586	0.371184636927386	0.931591078215643	0.570981836367273	0.926990598119624	0.93519599919984	0.738581556311262	0.309193158631726	0.56026079789508	0.874391278255651	0.284457291458292	0.330672374474895	0.317559551910382	0.387197679535907	0.47018399679936	0.202358431686337	0.213864932986597	0.663791358271654	0.308870454090818	0.4780870488412	0.340671894378876	0.549782716543309	0.824398079615923	0.34867225445089	0.526190718143629	0.617189797959592	0.330266613322664	0.281258371674335	0.331867133426685	0.923394518903781	0.47629525905181	0.893091850386288	0.794333013531651	0.673186157231446	0.901583436687338	0.317383251795912	0.464380836167234	0.93699399879976	0.355960347731811	0.89036385571067	0.927754879655874	0.636572514502901	0.236867453490698	0.310390798159632	0.623527926197156	0.586584036807361	0.701180556111222	0.442988517703541	0.792386597319464	0.5674277195608	0.542378275655131	0.30626725345069	0.303785597119424	0.917186037207442	0.893990558111622	0.702777035407081	0.832885055489576	0.921992478495699	0.866991118223645	0.360660998839736	0.952791158231646	0.937989797959592	0	0.242060092018404	0.645792078415683	0.909394478895779	0.46298975795159	0.863183276655331	0.367187717543509	0.454161722480823	0.697181716343269	0.229272374474895	0.268263052610522	0.910791358271654	0.90078299659932	0.975599839967994	0.944195919183837	0.97379475895179	0.933794558911782	0.788390558111622	0.899153859401737	0.312064532906581	0.292072334466893	0.864995799159832	0.314672294458892	0.237859571914383	0.263863732746549	0.33066725345069	0.720393678735747	0.33227225445089	0.537022210364442	0.837679815256791	0.626592878575715	0.886607552186277	0.300628715486687	0.321792198439688	0.466373314662933	0.893113787151977	0.888314619009625	0.591381476295259	0.709362445980273	0.625177155431086	0.850787157431486	0.794592518503701	0.793788517703541	0.886784356871374	0.347979666003271	0.306645799842378	0.975395919183837	0.599119823964793	0.987599559911983	0.75638675735147	0.301270134026805	0.389397919583917	0.38579075815163	0.76798575715143	0.924347564232653	0.803971834366873	0.854589717943589	0.969395759151831	0.765180796159232	0.324271694338868	0.891392358471695	0.370389597919584	0.416111202094924	0.933966132565852	0.917986557311462	0.275255051010202	0.66872921587725	0.271045882515174	0.25147933201098	0.488564820335862	0.433794678935787	0.240863612722544	0.752578355671134	0.347591398279656	0.679588517703541	0.928983393795299	0.285265573114623	0.287193718743749	0.92418851770354	0.321272134426886	0.153794918983797	0.494985157031406	0.601390718143629	0.905182636527305	0.283868373674735	0.254255691138228	0.758590918183637	0.48898475695139	0.253858651730346	0.692149949989998	0.30366349269854	0.875796199239848	0.70798928369124	0.344130938492584	0.455983596719344	0.571394118823765	0.720184436887378	0.274467293458692	0.901996119223845	0.960198279655931	0.316067413482697	0.815588917783557	0.654984396879376	0.50059075815163	0.647154435936672	0.272254450890178	0.262852770554111	0.605808946051637	0.649575595119024	0.383374034806961	0.73878399679936	0.479789317863573	0.291868933786757	0.677986237247449	0.90419323864773	0.573586357271454	0.201868653730746	0.485175635127025	0.973798519703941	0.879789917983597	0.944394358871774	0.956994638927786	0.609987637527506	0.495582236447289	0.443389117823565	0.800591278255651	0.26226025205041	0.346786437287458	0.295264652930586	0.728994318863773	0.450382396479296	0.379393038607722	0.839789437887578	0.281863892778556	0.450196420544206	0.991798359671934	0.977198119623925	0.888679454798947	0.873592611975018	0.875747754524407	0.945587796502455	0.838501554164687	0.297063332666533	0.842976715343069	0.619987957591518	0.319759591918384	0.288870734146829	0.984398519703941	0.946995839167833	0.951194598919784	0.952994478895779	0.887391278255651	0.74934363631874	0.319666053210642	0.337472374474895	0.890782796559312	0.868940017577855	0.894782596519304	0.873213038373147	0.835949219527018	0.870323609900876	0.8375196211227	0.967394598919784	0.908393438687737	0.367195199039808	0.924394438887778	0.926593198639728	0.272456811362272	0.307070814162833	0.386186397279456	0.955198439687937	0.306667053410682	0.500598439687937	0.883780876175235	0.671993078615723	0.8487825165033	0.261255771154231	0.278844435286737	0.90919399879976	0.348071854370874	0.250855731146229	0.856189917983597	0.378586637327465	0.648384416267436	0.639780596119224	0.938191038207641	0.897794358871775	0.943389717943589	0.932989557911582	0.314995439087818	0.952594398879776	0.922969221546471
SRR7146653	1	1	1	1	1	1	1	1	1	1	1	1	1	1	1	1	1	1	1	1	1	1	1	1	1	1	1	1	1	1	1	1	1	1	1	1	1	1	1	1	1	1	1	1	1	1	1	1	1	1	1	1	1	1	1	1	1	1	1	1	1	1	1	1	1	1	0.7166	0.7934	0.2334	0.2522	0.448	0.6364	0.8442	0.3722	0.9238	0.6338	0.8946	0.9138	0.712	0.3298	0.596219586594421	0.8974	0.233	0.2522	0.4906	0.3848	0.5004	0.3858	0.2152	0.6948	0.3294	0.590228028028028	0.2706	0.5684	0.8008	0.2716	0.5066	0.6468	0.2486	0.2278	0.2488	0.9146	0.498310982196439	0.853285714285714	0.742371336812525	0.6734	0.8964	0.235504637622967	0.4876	0.9278	0.37178887555022	0.893182939527433	0.92192605214535	0.667	0.2112	0.337	0.586200966183575	0.5846	0.7366	0.4292	0.821	0.593530438279051	0.5724	0.2146	0.346	0.9094	0.899	0.7456	0.852906306306306	0.9124	0.8672	0.374514937925511	0.9354	0.9282	0.242060092018404	0	0.6574	0.909	0.4394	0.8538	0.3536	0.451630312750601	0.6806	0.2542	0.216	0.9446	0.894	0.9782	0.9374	0.9758	0.9232	0.7732	0.8867918200409	0.2462	0.2156	0.859	0.2334	0.1908	0.2266	0.2272	0.7004	0.2484	0.652702200880352	0.786281540930979	0.6042	0.89856155402671	0.191792307692308	0.325	0.5008	0.876520128307939	0.879531702426308	0.6198	0.696987407258873	0.623	0.8242	0.7742	0.773	0.8282	0.331388988988989	0.228793155893536	0.9358	0.596933226645329	0.9754	0.7586	0.2598	0.3742	0.4114	0.7722	0.850935140602872	0.8326	0.8816	0.9718	0.7936	0.2602	0.8458	0.407	0.392934303301623	0.915371371371371	0.8586	0.205384796959392	0.738952856283824	0.267643394715773	0.423330923694779	0.643401602564103	0.4106	0.2296	0.8034	0.3254	0.6538	0.905997356828194	0.2542	0.3064	0.9106	0.2442	0.2792	0.5132	0.6454	0.918	0.221	0.2746	0.8828	0.6182	0.2124	0.85	0.305	0.8524	0.662813023442196	0.502059558078248	0.4478	0.6498	0.7022	0.1984	0.873	0.9324	0.221	0.84	0.652	0.493	0.652032882246011	0.185192518503701	0.2806	0.63672803380962	0.685	0.3896	0.7276	0.4732	0.2092	0.653	0.903	0.5868	0.2058	0.4982	0.9802	0.8798	0.9574	0.9584	0.5448	0.5476	0.4578	0.8316	0.185	0.324	0.2248	0.721	0.4996	0.3868	0.8342	0.2048	0.426703069466882	0.998	0.9802	0.895699898887765	0.90441317608784	0.873793640440277	0.922595036028823	0.811528928928929	0.2526	0.8884	0.628	0.4978	0.2346	0.9908	0.9218	0.9512	0.934	0.835	0.709608926417371	0.243	0.2626	0.885	0.893496873108735	0.845	0.895364495114006	0.829559647011633	0.928348574893875	0.835333895243829	0.9692	0.8994	0.35	0.9192	0.9106	0.2258	0.223	0.3922	0.9284	0.2104	0.4892	0.9148	0.6548	0.8646	0.294	0.333918782539047	0.83	0.2696	0.2626	0.8494	0.4766	0.551340350171061	0.658	0.9166	0.889	0.9334	0.9196	0.2926	0.9456	0.901965892714171
SRR7146654	1	1	1	1	1	1	1	1	1	1	1	1	1	1	1	1	1	1	1	1	1	1	1	1	1	1	1	1	1	1	1	1	1	1	1	1	1	1	1	1	1	1	1	1	1	1	1	1	1	1	1	1	1	1	1	1	1	1	1	1	1	1	1	1	1	1	0.8402	0.8972	0.6692	0.7064	0.414	0.6394	0.2268	0.4718	0.8888	0.6218	0.9074	0.9034	0.6574	0.6378	0.551568091511138	0.9094	0.6846	0.7096	0.691	0.6512	0.6324	0.6908	0.648	0.697	0.694	0.686397797797798	0.6856	0.5862	0.8484	0.7078	0.6472	0.687	0.6364	0.655	0.6782	0.8602	0.397942188437687	0.898438500506586	0.684540666399037	0.7404	0.4658	0.696571009837382	0.6736	0.9692	0.594760544217687	0.955176211453745	0.947804229111066	0.6562	0.6892	0.603	0.687975523349436	0.6818	0.6434	0.5818	0.5032	0.587911459589867	0.53	0.6834	0.6144	0.895	0.7822	0.5368	0.358776176176176	0.8666	0.9096	0.600554345214257	0.9086	0.8998	0.645792078415683	0.6574	0	0.8546	0.642	0.7448	0.4198	0.61948067361668	0.5668	0.7124	0.61	0.9434	0.902	0.9456	0.8806	0.9146	0.885	0.8052	0.911432310838446	0.6188	0.6788	0.9474	0.6672	0.6128	0.649	0.6708	0.741	0.689	0.688904041616647	0.853893739967897	0.6284	0.612222420072845	0.629166666666667	0.501	0.5654	0.932525421010425	0.869787808301584	0.5832	0.729035893322639	0.5824	0.874	0.8012	0.8346	0.865	0.68117957957958	0.698793396037622	0.9726	0.596984116823365	0.9732	0.3846	0.6066	0.6422	0.625	0.7638	0.881518632409468	0.717	0.866	0.9122	0.8238	0.6502	0.3324	0.655	0.674452490207051	0.950586986986987	0.9656	0.660594078815763	0.773601362998597	0.589325220176141	0.674987148594377	0.71500608974359	0.672	0.6832	0.659	0.6374	0.7036	0.972797116539848	0.6454	0.6684	0.949	0.6972	0.6856	0.54	0.651	0.8368	0.6218	0.5374	0.9172	0.6804	0.6702	0.8474	0.683	0.8166	0.668816990583049	0.612710723697547	0.5378	0.647	0.6224	0.6632	0.8774	0.9386	0.6934	0.7348	0.5204	0.612	0.470475257523733	0.672397039407882	0.6178	0.689516804185953	0.6384	0.6188	0.751	0.6282	0.6924	0.5554	0.9306	0.6826	0.684	0.6002	0.9238	0.8316	0.8972	0.8894	0.586	0.5922	0.6536	0.8316	0.6388	0.6618	0.6556	0.7488	0.63	0.6064	0.8512	0.6944	0.64166268174475	0.9384	0.9258	0.738019615773509	0.905796421309475	0.896725397472483	0.978794395516413	0.875345545545545	0.635	0.774	0.6704	0.6956	0.5774	0.9376	0.8896	0.8942	0.8856	0.9276	0.759690470446321	0.7034	0.6964	0.8114	0.350309017550938	0.8578	0.806741368078176	0.553007781789009	0.875457934101476	0.419114067830624	0.9152	0.8638	0.6728	0.9406	0.9566	0.658	0.6856	0.6324	0.9578	0.6804	0.6846	0.9394	0.6628	0.8688	0.5966	0.557299799759712	0.9328	0.6346	0.588	0.8572	0.6184	0.687168323606359	0.6512	0.891	0.8638	0.9014	0.88	0.6194	0.8952	0.941973098478783
SRR7146655	1	1	1	1	1	1	1	1	1	1	1	1	1	1	1	1	1	1	1	1	1	1	1	1	1	1	1	1	1	1	1	1	1	1	1	1	1	1	1	1	1	1	1	1	1	1	1	1	1	1	1	1	1	1	1	1	1	1	1	1	1	1	1	1	1	1	0.7154	0.9128	0.9262	0.9232	0.9106	0.7382	0.835599999999999	0.9052	0.4312	0.8254	0.8398	0.8804	0.7072	0.8798	0.761893718643387	0.9394	0.916	0.945	0.9298	0.855	0.9374	0.9186	0.9268	0.9378	0.9192	0.905585185185185	0.913	0.8066	0.9102	0.9428	0.9166	0.914	0.8396	0.861	0.9132	0.2194	0.89939675935187	0.840841945288754	0.849971095945404	0.8734	0.9414	0.860755751857057	0.9144	0.952	0.880185114045618	0.91953127753304	0.861388339150072	0.905	0.9268	0.9166	0.845898228663446	0.8786	0.8664	0.6072	0.9042	0.739872054684359	0.8314	0.9214	0.691	0.684	0.9462	0.8782	0.87214954954955	0.335	0.936	0.811077693231878	0.8026	0.7904	0.909394478895779	0.909	0.8546	0	0.8414	0.9238	0.9032	0.768434963913392	0.8786	0.9452	0.8502	0.9634	0.9238	0.9206	0.506	0.3426	0.3134	0.8546	0.849705521472393	0.9386	0.9236	0.8852	0.933	0.8904	0.9334	0.9346	0.9128	0.9288	0.815758943577431	0.834524879614767	0.7716	0.857831970861999	0.797578205128205	0.77	0.8508	0.888410425020048	0.916417004210949	0.8426	0.793115861239222	0.8856	0.7378	0.7296	0.9078	0.895	0.872742142142142	0.918584870922554	0.8664	0.918396279255851	0.93	0.9002	0.7472	0.854	0.866	0.676	0.608912603681975	0.8558	0.4526	0.3908	0.8878	0.8608	0.9154	0.8952	0.849009960828204	0.941372172172172	0.9772	0.897596199239848	0.565194507917419	0.902989751801441	0.817530120481928	0.838285256410256	0.8952	0.9352	0.9096	0.8862	0.831	0.950373087705246	0.8654	0.9174	0.9214	0.927	0.9318	0.6978	0.8896	0.3796	0.811	0.8578	0.9324	0.9066	0.936	0.7782	0.9168	0.7428	0.581407613704668	0.846861463612406	0.8166	0.769	0.8892	0.91	0.8824	0.932	0.9228	0.843	0.8828	0.7424	0.83332874166835	0.882988437687537	0.8594	0.820676474139666	0.8544	0.8482	0.9308	0.936	0.9132	0.903	0.9368	0.8904	0.911	0.8792	0.7384	0.3256	0.3054	0.2936	0.9268	0.9086	0.883	0.9366	0.9138	0.9276	0.935	0.87	0.913	0.8104	0.855	0.9156	0.813846849757674	0.7624	0.7502	0.888473205257837	0.826009760065067	0.8374697105585	0.915351481184948	0.760401801801802	0.8516	0.8244	0.9106	0.9328	0.7434	0.7612	0.2488	0.263	0.2768	0.9326	0.834083554483313	0.9172	0.9404	0.9464	0.854702077869679	0.9036	0.840886970684039	0.840184837545126	0.890148574893875	0.823776118803933	0.298	0.6638	0.9104	0.8668	0.9608	0.9098	0.9192	0.9098	0.9604	0.9226	0.9338	0.9162	0.8928	0.9312	0.9008	0.810476011213456	0.897	0.7324	0.9316	0.851	0.7572	0.833747595089555	0.7912	0.7832	0.3436	0.8472	0.3864	0.722	0.3214	0.855576461168935
SRR7146656	1	1	1	1	1	1	1	1	1	1	1	1	1	1	1	1	1	1	1	1	1	1	1	1	1	1	1	1	1	1	1	1	1	1	1	1	1	1	1	1	1	1	1	1	1	1	1	1	1	1	1	1	1	1	1	1	1	1	1	1	1	1	1	1	1	1	0.5638	0.8208	0.494	0.5252	0.473	0.2902	0.8212	0.414	0.8862	0.4942	0.8204	0.9008	0.604	0.3146	0.5251711418824	0.8996	0.4182	0.5212	0.51	0.309	0.498	0.4354	0.4652	0.6934	0.437	0.580787387387387	0.506	0.5042	0.7856	0.5204	0.4976	0.5766	0.3864	0.4508	0.4088	0.8174	0.475315023004601	0.896830395136778	0.778039823364111	0.633	0.8898	0.507148122866894	0.37	0.8968	0.41619487795118	0.876975010012014	0.876741942106344	0.6052	0.4634	0.4252	0.605158776167472	0.4968	0.7206	0.3884	0.7918	0.441942983514274	0.5274	0.438	0.4468	0.8118	0.9416	0.6986	0.832507707707708	0.7404	0.906	0.373905806968362	0.8282	0.89	0.46298975795159	0.4394	0.642	0.8414	0	0.8258	0.4652	0.41414707297514	0.6486	0.5252	0.4432	0.9468	0.8898	0.9556	0.9078	0.8848	0.8454	0.722	0.840632310838446	0.511	0.5026	0.9514	0.5054	0.445	0.4948	0.4868	0.5744	0.5064	0.59328331332533	0.776544141252006	0.5314	0.940394415216511	0.452970512820513	0.4258	0.4052	0.858075380914194	0.820072789252055	0.4696	0.475134750350912	0.5506	0.745	0.5916	0.732	0.9092	0.476770770770771	0.523799639783871	0.8178	0.603523064612923	0.965	0.7228	0.4128	0.3294	0.437	0.6618	0.878258021444467	0.7856	0.7578	0.9222	0.7222	0.4708	0.8762	0.453	0.358700839395635	0.788382582582583	0.8996	0.446585557111422	0.746146682701944	0.437163330664532	0.472835341365462	0.602024038461539	0.4126	0.5002	0.7656	0.3586	0.5728	0.81699759711654	0.3376	0.3656	0.8202	0.5112	0.4098	0.483	0.6086	0.8488	0.4548	0.4348	0.8868	0.5796	0.4506	0.7508	0.4916	0.8414	0.625854337808055	0.539002189337118	0.4392	0.5916	0.715	0.39	0.8478	0.9166	0.4274	0.8724	0.6444	0.4406	0.6371595637245	0.438385797159432	0.516	0.534396659287583	0.705	0.411	0.7818	0.4702	0.4968	0.6252	0.8706	0.5798	0.4918	0.5134	0.9004	0.7686	0.8902	0.885	0.613	0.4892	0.415	0.8258	0.4392	0.435	0.477	0.703	0.401	0.3226	0.8512	0.4286	0.433223586429725	0.9138	0.898	0.898985844287159	0.818079381862546	0.863104769669792	0.910198238590873	0.788497297297297	0.4314	0.6756	0.586	0.5144	0.4178	0.911	0.8662	0.8704	0.7898	0.9256	0.685583835946924	0.451	0.5166	0.8636	0.922789308049223	0.8646	0.86082996742671	0.78354055354994	0.894884293511219	0.725908207906883	0.9238	0.8272	0.386	0.918	0.9122	0.4348	0.44	0.3908	0.9486	0.4102	0.4964	0.8608	0.4942	0.8996	0.4678	0.340302202643172	0.7082	0.4684	0.483	0.8642	0.4528	0.64425763735158	0.5662	0.8536	0.7314	0.8416	0.7992	0.4358	0.8618	0.812377742193755
SRR7146657	1	1	1	1	1	1	1	1	1	1	1	1	1	1	1	1	1	1	1	1	1	1	1	1	1	1	1	1	1	1	1	1	1	1	1	1	1	1	1	1	1	1	1	1	1	1	1	1	1	1	1	1	1	1	1	1	1	1	1	1	1	1	1	1	1	1	0.634	0.8234	0.92	0.9416	0.7674	0.8236	0.7444	0.73	0.9384	0.7468	0.4796	0.9172	0.5954	0.809	0.835870439494281	0.9418	0.89	0.9518	0.9384	0.913	0.8798	0.937	0.9048	0.9388	0.9308	0.913769369369369	0.94	0.827	0.9016	0.9498	0.8754	0.9372	0.7822	0.9108	0.8234	0.9332	0.660785317063413	0.871275987841945	0.69872203934163	0.5444	0.5656	0.914520658502309	0.7256	0.8074	0.661686514605842	0.687955786944333	0.886163539314309	0.6052	0.8896	0.843	0.847838003220612	0.8886	0.8134	0.8798	0.6616	0.683884841174105	0.823	0.8648	0.9176	0.6048	0.7586	0.7	0.738974174174174	0.8098	0.9428	0.890542571085302	0.5574	0.9306	0.863183276655331	0.8538	0.7448	0.9238	0.8258	0	0.7464	0.872048436246993	0.6682	0.953	0.9012	0.9484	0.6356	0.9802	0.9516	0.9896	0.9442	0.775	0.697839672801636	0.8514	0.914	0.9374	0.9072	0.8286	0.8924	0.908	0.4836	0.9316	0.861975030012005	0.747510112359551	0.7442	0.737629623634156	0.85850641025641	0.8054	0.8068	0.644598396150762	0.589668337677963	0.673	0.779589171846802	0.498	0.7408	0.911	0.8352	0.8168	0.724604804804804	0.936792675605363	0.9832	0.739368633726745	0.9882	0.6574	0.926	0.9314	0.906	0.8164	0.828637993121586	0.4708	0.8636	0.9844	0.6998	0.9348	0.737	0.9144	0.804739115836598	0.637280680680681	0.9082	0.904591518303661	0.878707837241932	0.818303923138511	0.923112449799197	0.773141666666667	0.919	0.9384	0.653	0.7572	0.7274	0.742910452543052	0.8358	0.8784	0.7206	0.932	0.8212	0.805	0.9458	0.8946	0.928	0.826	0.9438	0.8812	0.9184	0.562	0.9404	0.9314	0.784393708675616	0.802009892560308	0.8072	0.883	0.7468	0.822	0.9266	0.9632	0.8284	0.7746	0.7128	0.8698	0.702178468996162	0.867784956991398	0.856	0.573139102435097	0.7826	0.8294	0.8712	0.835	0.9254	0.7078	0.7026	0.4404	0.9128	0.7874	0.98	0.9144	0.9704	0.978	0.8132	0.8422	0.9066	0.9348	0.8536	0.8962	0.9068	0.8626	0.8706	0.8554	0.8912	0.7812	0.876210662358643	0.9988	0.985	0.63552295247725	0.884952826352176	0.890694170403588	0.767274139311449	0.74666966966967	0.9046	0.8048	0.8998	0.9458	0.891	0.9906	0.9566	0.971	0.9436	0.9354	0.818802010454363	0.8394	0.9406	0.6986	0.758516723824894	0.7078	0.76682345276873	0.691200080224629	0.810982979583586	0.687524342765402	0.9786	0.6994	0.8998	0.927	0.92	0.7972	0.9234	0.8318	0.9632	0.8034	0.9334	0.6738	0.51	0.8964	0.8546	0.83047216659992	0.8476	0.9482	0.8218	0.8894	0.8242	0.929531374522037	0.8576	0.8962	0.7222	0.5504	0.9288	0.8562	0.9662	0.780074139311449
SRR7146658	1	1	1	1	1	1	1	1	1	1	1	1	1	1	1	1	1	1	1	1	1	1	1	1	1	1	1	1	1	1	1	1	1	1	1	1	1	1	1	1	1	1	1	1	1	1	1	1	1	1	1	1	1	1	1	1	1	1	1	1	1	1	1	1	1	1	0.8278	0.8766	0.4114	0.4274	0.1736	0.6632	0.5988	0.2424	0.9404	0.6508	0.9332	0.946	0.7068	0.3954	0.555676299418021	0.8972	0.431	0.435	0.5078	0.3948	0.4568	0.4218	0.3694	0.6958	0.4432	0.618654454454454	0.449	0.5888	0.8464	0.4484	0.5278	0.6586	0.441	0.4248	0.4412	0.8994	0.288713022604521	0.865514488348531	0.67375150541951	0.7252	0.6862	0.411697771531821	0.5276	0.9554	0.337159503801521	0.938766359631558	0.946994908642989	0.6312	0.4166	0.3456	0.596906602254428	0.6412	0.6432	0.432	0.6282	0.606067712102936	0.4632	0.4202	0.395	0.9494	0.7794	0.513	0.625506906906907	0.917	0.9048	0.372765879054866	0.96	0.946	0.367187717543509	0.3536	0.4198	0.9032	0.4652	0.7464	0	0.442612510024058	0.5202	0.4356	0.3832	0.945	0.8728	0.9726	0.934	0.9706	0.9292	0.7718	0.906913292433538	0.3584	0.4018	0.9088	0.4116	0.3328	0.4112	0.439	0.7372	0.436	0.675298519407763	0.833066773675762	0.6268	0.65573808174828	0.396770833333333	0.2788	0.4538	0.907679230152366	0.860788851012633	0.6048	0.716827030278725	0.569	0.8794	0.7862	0.8018	0.8576	0.400166366366366	0.410593155893536	0.9668	0.576719103820764	0.987	0.5634	0.3854	0.3882	0.3958	0.7884	0.92976014566053	0.7344	0.9204	0.968	0.8364	0.4374	0.6272	0.416	0.449449468382764	0.926969569569569	0.9692	0.396993358671734	0.773461775906996	0.294294315452362	0.430593574297189	0.673766025641026	0.4298	0.4274	0.6562	0.376	0.6944	0.968797356828194	0.4008	0.4064	0.9428	0.4258	0.409	0.498	0.6432	0.8962	0.3916	0.3114	0.8694	0.6516	0.4056	0.858	0.435	0.8664	0.716772270086155	0.463715953780661	0.3628	0.6604	0.5644	0.4014	0.8734	0.9548	0.4304	0.7374	0.4926	0.5076	0.45737232882246	0.396198519703941	0.3504	0.66424817870799	0.5912	0.3884	0.7234	0.4316	0.4032	0.541	0.885	0.6376	0.3918	0.465	0.9812	0.8876	0.9526	0.9488	0.5388	0.4622	0.478	0.7944	0.3678	0.3812	0.3758	0.7442	0.4672	0.3918	0.8496	0.4086	0.443809693053312	0.9958	0.9834	0.733606268958544	0.925013176087841	0.874552955564615	0.959196477181745	0.849522522522522	0.3904	0.7756	0.655	0.5034	0.3802	0.9918	0.9154	0.9366	0.911	0.9222	0.744199517490953	0.4246	0.441	0.7684	0.657465644543071	0.8474	0.80952345276873	0.608361331728841	0.869057934101476	0.619512061007425	0.9632	0.905	0.411	0.9372	0.946	0.3788	0.423	0.3974	0.9568	0.415	0.494	0.92	0.6656	0.864	0.349	0.306261113336003	0.9278	0.4418	0.3338	0.8632	0.537	0.655178305494063	0.6804	0.9448	0.9198	0.9518	0.925	0.386	0.9444	0.938977742193755
SRR7146659	1	1	1	1	1	1	1	1	1	1	1	1	1	1	1	1	1	1	1	1	1	1	1	1	1	1	1	1	1	1	1	1	1	1	1	1	1	1	1	1	1	1	1	1	1	1	1	1	1	1	1	1	1	1	1	1	1	1	1	1	1	1	1	1	1	1	0.791731194867683	0.87333023255814	0.482687570168404	0.50888612670409	0.445515316760224	0.61802774659182	0.809473456295108	0.320185244587009	0.717118845228549	0.534926222935044	0.926095589414595	0.927959582999198	0.665102646351243	0.41514033680834	0.4554439384203	0.9129966319166	0.484650040096231	0.534895268644747	0.5232	0.322697353648757	0.474120128307939	0.480992301523657	0.434218765036087	0.6974	0.479388452285485	0.583296568420867	0.51708612670409	0.436677947072975	0.799750922213312	0.532895268644747	0.499599839615076	0.612897032878909	0.491422614274258	0.454156214915798	0.508653408179631	0.75625757818765	0.463051351248598	0.720306120707936	0.656204597980154	0.675520128307939	0.872778187650361	0.414429925939903	0.479826784282277	0.914065757818765	0.409053356707559	0.856156417372057	0.733121841012147	0.600320930232558	0.501453408179631	0.416973055332799	0.473599279171784	0.625741780272655	0.567536647955092	0.385201924619086	0.795392141138733	0.421205827641345	0.403118364073777	0.499250040096231	0.446660625501203	0.881672012830794	0.889853728949479	0.69995797914996	0.773857377826905	0.829211387329591	0.9083966319166	0.353986291167685	0.904087890938252	0.901127345629511	0.454161722480823	0.451630312750601	0.61948067361668	0.768434963913392	0.41414707297514	0.872048436246993	0.442612510024058	0	0.623063352044908	0.536295268644747	0.464261106655974	0.9486	0.849159903769046	0.92889703287891	0.830243624699278	0.891042181234964	0.773606575781877	0.686473456295108	0.717964341413257	0.496013953488372	0.495295268644747	0.849957177225341	0.487291900561347	0.384326864474739	0.478032237369687	0.495828869286287	0.680841700080193	0.512891900561347	0.615298164173448	0.716923344759365	0.563413311948677	0.73140807058754	0.461953720981638	0.411383640737771	0.48387056936648	0.809743384121893	0.846613544855759	0.497926222935044	0.636659725872674	0.614248917401764	0.835007056936648	0.702682598235766	0.767397433841219	0.84747056936648	0.422961694653755	0.503473535604924	0.888299919807538	0.609577689395137	0.947102806736167	0.728556535685645	0.422861106655974	0.3467084202085	0.444861106655974	0.68450713712911	0.870312825229266	0.852834001603849	0.859615236567763	0.739516439454691	0.81793360064154	0.50585966319166	0.829897032878909	0.444291900561347	0.377817225807523	0.838137094592588	0.961150441058541	0.43674147820743	0.722782302300024	0.28840329681548	0.417040576097493	0.600493267174552	0.509845709703288	0.518287570168404	0.77680753809142	0.440032237369687	0.489614915797915	0.910616235874388	0.367815396952686	0.381550441058541	0.87041764234162	0.508495268644747	0.491624057738572	0.459610425020048	0.634569206094627	0.767001603849238	0.475060144346432	0.456184603047314	0.9231966319166	0.610754771451484	0.479049077786688	0.825927345629511	0.518695268644747	0.838365838011227	0.53309726553506	0.361202665842579	0.408625340817963	0.553390216519647	0.563902485966319	0.487047153167602	0.746569206094627	0.9305966319166	0.499050040096231	0.664828869286287	0.47172269446672	0.473663352044908	0.528304327072512	0.433402558619182	0.364585565356856	0.463041870019139	0.610835445068164	0.279561988773055	0.758320128307939	0.353364554931836	0.49088275862069	0.520721251002406	0.879863352044908	0.620323015236568	0.48928612670409	0.44545421010425	0.867727666399358	0.7382882117081	0.722513552526063	0.737825661587811	0.564267682437851	0.489020048115477	0.413751403368083	0.830790858059342	0.44697690457097	0.402447153167602	0.469218765036087	0.678051323175622	0.422782036888532	0.403910986367281	0.774309061748196	0.497850040096231	0.229636426292245	0.886527666399359	0.872727666399358	0.751881036226073	0.703180924173282	0.671149936365827	0.861581165493742	0.794467603128389	0.470016359262229	0.746698155573376	0.512596311146752	0.5266	0.364241700080192	0.878327666399359	0.766826784282278	0.782607056936648	0.742594065757819	0.924387489975942	0.710170916028787	0.475385565356856	0.523095268644747	0.902857578187651	0.739073473734583	0.891871531676022	0.701928765845848	0.551032707137322	0.738305630703906	0.7096181950468	0.772834963913392	0.811423416198877	0.324840096230954	0.81394707297514	0.927545148356054	0.448147554129912	0.468050040096231	0.436673937449879	0.9545966319166	0.481220208500401	0.498691900561347	0.875842662389736	0.576851323175621	0.883920128307939	0.488415878107458	0.343732125704012	0.898884522854852	0.496464474739374	0.483374017642342	0.776904731355253	0.50150713712911	0.485631040760655	0.606914835605453	0.835016680032077	0.847406094627105	0.89751050521251	0.667339695268645	0.438177866880513	0.763226303127506	0.720375980014164
SRR7146660	1	1	1	1	1	1	1	1	1	1	1	1	1	1	1	1	1	1	1	1	1	1	1	1	1	1	1	1	1	1	1	1	1	1	1	1	1	1	1	1	1	1	1	1	1	1	1	1	1	1	1	1	1	1	1	1	1	1	1	1	1	1	1	1	1	1	0.689	0.5758	0.753	0.7908	0.5474	0.6796	0.631	0.552	0.9042	0.5246	0.8684	0.7684	0.5442	0.6304	0.589608348384507	0.8128	0.6928	0.811	0.788	0.6906	0.6442	0.7346	0.6874	0.7778	0.7216	0.679750150150151	0.7978	0.5682	0.5308	0.8074	0.4944	0.7194	0.7448	0.7352	0.748	0.8566	0.480785157031407	0.697914488348531	0.45442344439984	0.5622	0.6648	0.725449708893796	0.6408	0.9034	0.617740776310524	0.8567608329996	0.872473085608704	0.5274	0.7332	0.6244	0.638192270531401	0.6402	0.58	0.6778	0.5724	0.538757458785686	0.5782	0.6006	0.711	0.8732	0.7664	0.4908	0.57728008008008	0.8266	0.712	0.632825550660793	0.856	0.8662	0.697181716343269	0.6806	0.5668	0.8786	0.6486	0.6682	0.5202	0.623063352044908	0	0.8146	0.6898	0.918	0.8058	0.974	0.9164	0.9596	0.885	0.6902	0.818854805725971	0.715	0.7622	0.6888	0.7666	0.5812	0.746	0.7726	0.6748	0.7692	0.649174869947979	0.750153451043339	0.737	0.66407470659652	0.763315705128205	0.6098	0.5992	0.807739695268645	0.776705434128735	0.5018	0.657483737718067	0.5458	0.8208	0.726	0.654	0.588	0.73054974974975	0.782978266960176	0.7994	0.643567073414683	0.849	0.5362	0.7212	0.718	0.7178	0.5246	0.733536880436982	0.645	0.7992	0.9442	0.747	0.7724	0.5548	0.6912	0.600619921656408	0.782558358358358	0.7514	0.72298899779956	0.728354620164362	0.573455884707767	0.746494779116466	0.601344871794872	0.7142	0.7224	0.5772	0.6588	0.6196	0.843165158189828	0.629	0.6222	0.7928	0.7864	0.6712	0.6546	0.7776	0.8292	0.7518	0.6654	0.8722	0.6184	0.725	0.7374	0.7412	0.7118	0.666986135043078	0.626064220555443	0.605	0.6462	0.534	0.672	0.781	0.8394	0.7108	0.6756	0.4908	0.7272	0.479404120379722	0.642781396279256	0.669	0.519439404306702	0.5952	0.5166	0.5212	0.6706	0.736	0.4584	0.8654	0.6488	0.746	0.4676	0.9414	0.8256	0.9036	0.9042	0.4062	0.5888	0.6504	0.8052	0.7048	0.5692	0.7278	0.4782	0.633	0.634	0.765	0.708	0.620019709208401	0.959	0.9464	0.652770273003034	0.813789507930053	0.814018100285365	0.812726981585268	0.776481281281281	0.6958	0.717	0.6268	0.7936	0.7158	0.952	0.8746	0.8988	0.831	0.6702	0.638537836751106	0.7474	0.7944	0.7202	0.66171817631632	0.5486	0.71548990228013	0.543165824308063	0.766466504952496	0.619037005819787	0.9358	0.8506	0.6928	0.8344	0.8462	0.5816	0.7164	0.6018	0.6886	0.6898	0.7326	0.8414	0.6228	0.7854	0.6882	0.560623868642371	0.805	0.7856	0.6618	0.777	0.6278	0.614960796941035	0.618	0.8014	0.8492	0.8654	0.8138	0.7522	0.8958	0.772755644515613
SRR7146661	1	1	1	1	1	1	1	1	1	1	1	1	1	1	1	1	1	1	1	1	1	1	1	1	1	1	1	1	1	1	1	1	1	1	1	1	1	1	1	1	1	1	1	1	1	1	1	1	1	1	1	1	1	1	1	1	1	1	1	1	1	1	1	1	1	1	0.8908	0.9354	0.1272	0.1206	0.4848	0.7196	0.9064	0.4516	0.977	0.7044	0.9878	0.967	0.8348	0.4034	0.689356050571945	0.9222	0.2514	0.106	0.4128	0.4344	0.5514	0.3016	0.151	0.719	0.354	0.532866466466466	0.281	0.6758	0.875	0.1252	0.5984	0.6792	0.2774	0.3008	0.1554	0.9578	0.592319063812762	0.928914893617021	0.872149096748294	0.7654	0.9886	0.182305681590042	0.5734	0.984	0.461385754301721	0.988987985582699	0.974164401560255	0.7776	0.088	0.3916	0.677756843800322	0.6762	0.814	0.5094	0.9174	0.695442299959791	0.662	0.3262	0.3886	0.991	0.9486	0.8172	0.913314314314314	0.9686	0.9196	0.44954329195034	0.9956	0.9856	0.229272374474895	0.2542	0.7124	0.9452	0.5252	0.953	0.4356	0.536295268644747	0.8146	0	0.3082	0.9664	0.9892	0.9856	0.9806	0.9988	0.9798	0.8484	0.941176278118609	0.1296	0.1102	0.887	0.1272	0.276	0.228	0.1312	0.775	0.1286	0.634107322929172	0.916944462279294	0.6746	0.949669526507487	0.285461858974359	0.3796	0.5992	0.983772574178027	0.97033065971526	0.7324	0.785449448566272	0.7376	0.9198	0.8472	0.8614	0.9624	0.401804804804805	0.106583550130078	0.9934	0.671535227045409	0.9894	0.8582	0.3038	0.4166	0.469	0.8524	0.989719279789602	0.9452	0.9542	0.9988	0.8774	0.1264	0.94	0.4564	0.487926245103526	0.988591791791792	0.9854	0.115623644728946	0.732819242333133	0.347280224179344	0.367197590361446	0.659668269230769	0.4742	0.2134	0.8706	0.3968	0.7394	0.995798077693232	0.3058	0.3704	0.979	0.1196	0.2382	0.5988	0.661	0.9892	0.1678	0.3358	0.8052	0.5942	0.2216	0.8128	0.3264	0.902	0.802450891604889	0.471292154875329	0.55	0.6306	0.7956	0.2404	0.9328	0.9764	0.1534	0.9078	0.7322	0.5512	0.753212845889719	0.236848289657931	0.3236	0.750671523445361	0.7688	0.5104	0.834	0.542	0.138	0.7568	0.9748	0.6486	0.094	0.608	0.981	0.9328	0.9834	0.9968	0.6794	0.588	0.5354	0.8548	0.132	0.4428	0.1158	0.8128	0.558	0.4512	0.8968	0.2036	0.538399353796446	0.9994	0.9876	0.988099898887765	0.979103212688085	0.926428128821851	0.996798238590873	0.922325525525525	0.3432	0.9824	0.6938	0.4082	0.2944	0.9914	0.979	0.991	0.9814	0.9442	0.803400562927222	0.1942	0.1276	0.9866	0.947385354044785	0.989	0.979488273615635	0.918172563176895	0.995357145744896	0.922748223961469	0.9932	0.978	0.4136	0.9666	0.9806	0.3198	0.1852	0.4696	0.9698	0.1924	0.5248	0.987	0.7138	0.9374	0.3414	0.413502442931518	0.9588	0.268	0.3164	0.9116	0.479	0.688899698128396	0.7628	0.9824	0.9534	0.9924	0.9822	0.3622	0.9796	0.971779503602882
SRR7146662	1	1	1	1	1	1	1	1	1	1	1	1	1	1	1	1	1	1	1	1	1	1	1	1	1	1	1	1	1	1	1	1	1	1	1	1	1	1	1	1	1	1	1	1	1	1	1	1	1	1	1	1	1	1	1	1	1	1	1	1	1	1	1	1	1	1	0.7904	0.845	0.2644	0.301	0.4472	0.628	0.7924	0.3818	0.8886	0.6224	0.8856	0.8956	0.6788	0.3026	0.515412843668473	0.8088	0.1964	0.3056	0.5158	0.4	0.407	0.3982	0.2202	0.5992	0.3018	0.633261661661661	0.2958	0.525	0.7996	0.303	0.514	0.553	0.2454	0.1528	0.2826	0.8536	0.53411626325265	0.888527862208713	0.784531031714171	0.7112	0.9434	0.288744308371813	0.4754	0.9686	0.427589275710284	0.913312054465358	0.953963128721002	0.621	0.2856	0.3242	0.639497584541063	0.5578	0.6832	0.4106	0.8112	0.525213671089666	0.4602	0.2654	0.1924	0.8996	0.9122	0.7112	0.856496296296296	0.8704	0.7938	0.324289467360833	0.9022	0.8956	0.268263052610522	0.216	0.61	0.8502	0.4432	0.9012	0.3832	0.464261106655974	0.6898	0.3082	0	0.8494	0.9488	0.9546	0.875	0.9144	0.8724	0.8006	0.917032310838446	0.2774	0.2768	0.8742	0.267	0.2518	0.1828	0.2886	0.7408	0.287	0.693302921168468	0.850426966292135	0.58	0.908145123431809	0.225333653846154	0.2874	0.461	0.943319647153168	0.911722839382394	0.5924	0.720833286545017	0.6872	0.8732	0.7948	0.837	0.848	0.360787387387387	0.293593396037623	0.9736	0.632535907181436	0.9772	0.8092	0.1722	0.3572	0.2826	0.652	0.841090309528626	0.7496	0.8272	0.9114	0.7406	0.249	0.866	0.3122	0.449578735310576	0.948581581581581	0.8406	0.272595959191838	0.738953297253959	0.29389159327462	0.446985542168675	0.724054807692308	0.4062	0.247	0.7848	0.3494	0.7056	0.98019759711654	0.2532	0.2942	0.951	0.2948	0.3304	0.4658	0.5154	0.8744	0.209	0.1398	0.8168	0.58	0.1872	0.8346	0.201	0.8068	0.675196433580445	0.549229677680924	0.4596	0.6586	0.734	0.2318	0.8494	0.9284	0.2888	0.8466	0.677	0.4542	0.705139608159968	0.270596199239848	0.2174	0.629732139263433	0.6242	0.3668	0.6452	0.491	0.2694	0.692	0.9378	0.6746	0.2712	0.453	0.95	0.8386	0.8876	0.8852	0.5882	0.4634	0.3822	0.7374	0.2436	0.2756	0.2586	0.7286	0.4108	0.3364	0.8718	0.2888	0.472424555735056	0.9646	0.9494	0.944488776541962	0.839396421309475	0.892196738687322	0.974193434747798	0.887740940940941	0.2556	0.7632	0.538	0.5136	0.2	0.9606	0.8548	0.8778	0.8804	0.7938	0.760288379573783	0.3052	0.2908	0.9362	0.901841355658665	0.8816	0.908344951140065	0.867168632170076	0.906385041439256	0.875357094120008	0.907	0.8618	0.3658	0.9494	0.9558	0.2782	0.2718	0.4202	0.9204	0.272	0.4922	0.8484	0.6496	0.7964	0.2038	0.303488506207449	0.8878	0.2358	0.1812	0.881	0.4874	0.640105936808211	0.5692	0.8788	0.8606	0.9086	0.8766	0.2816	0.8858	0.929765892714171
SRR7146663	1	1	1	1	1	1	1	1	1	1	1	1	1	1	1	1	1	1	1	1	1	1	1	1	1	1	1	1	1	1	1	1	1	1	1	1	1	1	1	1	1	1	1	1	1	1	1	1	1	1	1	1	1	1	1	1	1	1	1	1	1	1	1	1	1	1	0.955	0.9564	0.947	0.9668	0.9556	0.9526	0.9468	0.9448	0.9762	0.9058	0.9776	0.9664	0.94	0.911	0.880973469797311	0.1366	0.8226	0.964	0.96	0.9516	0.557	0.9516	0.9108	0.259	0.922	0.962596196196196	0.9658	0.907	0.9524	0.9632	0.9324	0.8508	0.9668	0.822	0.9676	0.9578	0.941397479495899	0.964	0.9528	0.9408	0.9792	0.958576350130496	0.8868	0.9854	0.942795518207283	0.930925030036043	0.974364401560255	0.8182	0.961	0.9302	0.96157423510467	0.782	0.8944	0.9478	0.9044	0.887703096099719	0.8034	0.9496	0.8504	0.9932	0.952	0.8864	0.940986186186186	0.9636	0.4632	0.931380056067281	0.997	0.9842	0.910791358271654	0.9446	0.9434	0.9634	0.9468	0.9484	0.945	0.9486	0.918	0.9664	0.8494	0	0.9778	0.9818	0.9622	0.9994	0.9666	0.95	0.965750511247444	0.9528	0.95	0.9638	0.9472	0.942	0.8396	0.9574	0.9508	0.9518	0.956198799519808	0.9496	0.9592	0.950150708215297	0.957585897435897	0.9428	0.8792	0.970766319165999	0.953730138359735	0.9036	0.955186966111891	0.953	0.9628	0.957	0.9624	0.9532	0.946587587587588	0.956193636181709	0.9938	0.949999119823965	0.9888	0.951	0.922	0.9532	0.6212	0.8146	0.970111713534291	0.5946	0.9204	0.9972	0.417	0.9534	0.9442	0.6192	0.9676	0.981388788788789	0.6922	0.952599839967994	0.9528	0.9458	0.964591164658635	0.9528	0.9508	0.9158	0.907	0.9542	0.9552	0.99759759711654	0.9412	0.9134	0.9788	0.9658	0.9502	0.9366	0.3688	0.979	0.9364	0.838	0.2378	0.594	0.8324	0.9566	0.7932	0.9578	0.942789901823282	0.95239185080073	0.946	0.9524	0.9462	0.924	0.9578	0.972	0.96	0.9368	0.9474	0.9606	0.954392082407594	0.950596879375875	0.8832	0.884015697323405	0.5462	0.8652	0.8484	0.9446	0.951	0.9438	0.9648	0.9586	0.946	0.7144	0.9814	0.9612	0.972	0.9796	0.9418	0.6716	0.6924	0.17	0.9472	0.815	0.9428	0.9452	0.8186	0.936	0.955	0.9662	0.942559289176091	0.9994	0.9894	0.978099898887765	0.881055876372509	0.9534	0.995997918334668	0.959593193193193	0.9526	0.818	0.6894	0.9584	0.9432	0.9912	0.9614	0.9754	0.9774	0.8982	0.951152955367913	0.967	0.949	0.9744	0.948537542868671	0.9778	0.962566449511401	0.9494	0.930393612290277	0.9544	0.9976	0.9612	0.9438	0.9708	0.9824	0.9502	0.9478	0.9454	0.969	0.9502	0.9456	0.8934	0.9528	0.224	0.7632	0.897743532238686	0.966	0.9678	0.7768	0.959	0.9466	0.953745099617629	0.7434	0.9818	0.9676	0.9894	0.9776	0.9548	0.9804	0.972579503602882
SRR7146665	1	1	1	1	1	1	1	1	1	1	1	1	1	1	1	1	1	1	1	1	1	1	1	1	1	1	1	1	1	1	1	1	1	1	1	1	1	1	1	1	1	1	1	1	1	1	1	1	1	1	1	1	1	1	1	1	1	1	1	1	1	1	1	1	1	1	0.7832	0.9366	0.9524	0.9684	0.8602	0.855	0.8842	0.893	0.91	0.7326	0.572	0.9262	0.7694	0.8622	0.570578567128236	0.9704	0.958	0.9886	0.9806	0.9434	0.9086	0.9168	0.9438	0.9798	0.7684	0.922133533533534	0.9756	0.8688	0.9086	0.9872	0.8464	0.8828	0.976	0.9746	0.984	0.9252	0.675756631326265	0.870272948328268	0.863982657567242	0.6978	0.493	0.907828347721341	0.6056	0.3522	0.59567418967587	0.259091790148178	0.803828782590844	0.5286	0.9724	0.8732	0.832930434782609	0.9354	0.884	0.9122	0.713	0.797406513872135	0.87	0.9586	0.9262	0.7272	0.7496	0.7752	0.607322922922923	0.932	0.967	0.87947577092511	0.9512	0.9582	0.90078299659932	0.894	0.902	0.9238	0.8898	0.6356	0.8728	0.849159903769046	0.8058	0.9892	0.9488	0.9778	0	0.9846	0.9364	0.9626	0.9004	0.3904	0.941678527607362	0.9076	0.9586	0.9342	0.9552	0.8254	0.9432	0.9624	0.8082	0.9598	0.70448587434974	0.76443113964687	0.5254	0.87171315256981	0.848982692307692	0.9104	0.8656	0.204733119486768	0.780784479647082	0.7586	0.905681130940445	0.6178	0.369	0.8346	0.7694	0.8692	0.728797597597598	0.957178987392436	0.9386	0.751777835567113	0.977	0.64	0.95	0.9598	0.9502	0.906	0.814948047744285	0.8386	0.8372	0.9522	0.8024	0.9714	0.8462	0.9026	0.67994292109681	0.505530530530531	0.9724	0.902182796559312	0.911314892764081	0.855749879903923	0.930322891566265	0.808586858974359	0.966	0.9814	0.6638	0.9512	0.7272	0.591523748498198	0.9522	0.784	0.4684	0.9738	0.9492	0.828	0.975	0.8356	0.9478	0.8998	0.9768	0.9408	0.9854	0.9406	0.9774	0.9524	0.80996377479463	0.866239732414352	0.8594	0.6542	0.8714	0.9614	0.9664	0.9458	0.967	0.8756	0.8742	0.8768	0.547417127852959	0.914185677135427	0.8852	0.794020527269068	0.874	0.8502	0.9074	0.8752	0.9426	0.863	0.3108	0.7052	0.9434	0.8488	0.7628	0.8854	0.9266	0.9332	0.8916	0.8372	0.9316	0.9778	0.9248	0.936	0.9436	0.813	0.852	0.9182	0.9148	0.9654	0.879915670436188	0.75	0.7216	0.765719514661274	0.745051972346482	0.786450061149613	0.364302321857486	0.4050996996997	0.941	0.8722	0.926	0.983	0.9198	0.7506	0.9418	0.9392	0.842	0.9654	0.932532046642541	0.8022	0.9764	0.8382	0.867473350817026	0.8098	0.77902996742671	0.636309265944645	0.540305963210027	0.836249889624724	0.9428	0.675	0.863	0.9094	0.9482	0.8566	0.9382	0.8342	0.9626	0.942	0.965	0.2198	0.8966	0.9148	0.9022	0.767940969162996	0.822	0.9814	0.9106	0.9134	0.8412	0.886525498088147	0.881	0.9326	0.9502	0.9458	0.9042	0.8806	0.9248	0.751440192153723
SRR7146666	1	1	1	1	1	1	1	1	1	1	1	1	1	1	1	1	1	1	1	1	1	1	1	1	1	1	1	1	1	1	1	1	1	1	1	1	1	1	1	1	1	1	1	1	1	1	1	1	1	1	1	1	1	1	1	1	1	1	1	1	1	1	1	1	1	1	0.9652	0.977	0.9818	0.9766	0.976	0.9574	0.9588	0.965	0.9206	0.9504	0.9634	0.9602	0.9444	0.9576	0.92609969897652	0.9814	0.979	0.9844	0.9822	0.9614	0.978	0.98	0.9716	0.9824	0.98	0.974793593593594	0.9802	0.9568	0.9768	0.9838	0.9812	0.9742	0.956	0.8988	0.9658	0.8794	0.976199879975995	0.97308672745694	0.978789160979526	0.9744	0.9834	0.976177113029512	0.9802	0.9846	0.976399839935974	0.979788225871045	0.966839827550811	0.9768	0.9782	0.9806	0.979988405797101	0.9676	0.9532	0.939	0.969	0.940722637716124	0.9406	0.9738	0.9486	0.9582	0.9808	0.947	0.971794994994995	0.9138	0.9778	0.9556	0.9556	0.9398	0.975599839967994	0.9782	0.9456	0.9206	0.9556	0.9802	0.9726	0.92889703287891	0.974	0.9856	0.9546	0.9818	0.9846	0	0.7544	0.856	0.8728	0.9722	0.975256032719836	0.983	0.979	0.9746	0.9798	0.9764	0.9794	0.9792	0.9836	0.9784	0.968399599839936	0.97	0.9494	0.978764791582355	0.959998397435898	0.9618	0.9658	0.98016680032077	0.980797393222378	0.9466	0.968398435933427	0.9784	0.9668	0.969	0.9806	0.9818	0.978998198198198	0.981599879927957	0.552	0.977999439887978	0.2058	0.9802	0.9228	0.9594	0.9528	0.947	0.943309407242565	0.957	0.9434	0.926	0.9582	0.9686	0.966	0.9632	0.972406043648573	0.983989589589589	0.9816	0.970597959591918	0.949392503507717	0.980199519615692	0.967791164658635	0.969381730769231	0.9688	0.978	0.9712	0.9606	0.9722	0.992398077693232	0.9418	0.9814	0.9808	0.9818	0.9728	0.9188	0.9556	0.9096	0.9524	0.9488	0.979	0.9704	0.979	0.955	0.9652	0.9388	0.892286034862753	0.978961970403405	0.9526	0.9468	0.9812	0.9658	0.962	0.966	0.982	0.9638	0.9758	0.9444	0.978578226620885	0.973799479895979	0.976	0.970966311129	0.9772	0.9764	0.9774	0.984	0.9688	0.9798	0.9804	0.9752	0.967	0.974	0.6236	0.8074	0.8854	0.9352	0.9792	0.9806	0.9656	0.9742	0.973	0.9796	0.9814	0.9754	0.9814	0.956	0.9696	0.981	0.971106946688207	0.65	0.6592	0.984888776541962	0.962363318422123	0.9808	0.992198238590873	0.969	0.9532	0.956	0.9708	0.9814	0.9094	0.6106	0.89	0.9074	0.9144	0.9738	0.964973864093285	0.981	0.9808	0.9824	0.9764	0.9764	0.9646	0.979797192137986	0.983737861330099	0.974776118803933	0.7494	0.9486	0.9766	0.974	0.9788	0.973	0.9812	0.9768	0.9802	0.9738	0.9826	0.9662	0.9624	0.9814	0.9712	0.955385582699239	0.979	0.9502	0.9806	0.961	0.9472	0.968752586033407	0.937	0.9018	0.9192	0.9512	0.9238	0.9436	0.9132	0.969796957566053
SRR7146667	1	1	1	1	1	1	1	1	1	1	1	1	1	1	1	1	1	1	1	1	1	1	1	1	1	1	1	1	1	1	1	1	1	1	1	1	1	1	1	1	1	1	1	1	1	1	1	1	1	1	1	1	1	1	1	1	1	1	1	1	1	1	1	1	1	1	0.8606	0.9464	0.9562	0.9544	0.9566	0.8024	0.871	0.9318	0.5234	0.8664	0.8512	0.8892	0.7496	0.9192	0.813275215733494	0.9676	0.9656	0.978	0.9662	0.9162	0.956	0.9698	0.9472	0.958	0.963	0.958183983983984	0.9642	0.847	0.9606	0.9764	0.9572	0.9602	0.8778	0.871	0.9522	0.454	0.947596599319864	0.901923404255319	0.888306784423926	0.914	0.9556	0.908537442280666	0.958	0.9682	0.935388315326131	0.921319743692431	0.889613344282488	0.9518	0.9644	0.9572	0.898666022544283	0.9194	0.8996	0.705	0.9418	0.793076236429433	0.863	0.953	0.7262	0.706	0.9634	0.9236	0.908142942942943	0.5266	0.967	0.850870004004806	0.8116	0.7966	0.944195919183837	0.9374	0.8806	0.506	0.9078	0.9516	0.934	0.830243624699278	0.9164	0.9806	0.875	0.9622	0.9364	0.7544	0	0.47	0.4464	0.8922	0.89640654396728	0.9676	0.9542	0.905	0.9564	0.9276	0.9636	0.965	0.9626	0.9584	0.90019143657463	0.88311974317817	0.8178	0.888127235936868	0.829957051282051	0.795	0.8944	0.914151403368083	0.926100942450371	0.8506	0.859478002807299	0.9322	0.9014	0.8522	0.963	0.914	0.901185585585585	0.947778507104263	0.7292	0.954596719343869	0.78	0.9464	0.8028	0.9098	0.8892	0.7062	0.615921464697552	0.8702	0.5784	0.5086	0.9256	0.9	0.936	0.9358	0.895539339675434	0.954764564564565	0.9756	0.94719575915183	0.790251393064743	0.945587029623699	0.884279518072289	0.880548397435897	0.9314	0.97	0.9536	0.9198	0.8828	0.970169483380056	0.9122	0.958	0.946	0.9658	0.9584	0.7382	0.9222	0.4704	0.8398	0.8846	0.9586	0.951	0.966	0.8196	0.946	0.7676	0.625727188940092	0.888537522805595	0.848	0.8242	0.9262	0.9378	0.9134	0.9458	0.9598	0.8454	0.903	0.7758	0.898459462734801	0.923790478095619	0.9056	0.880323888106259	0.8992	0.8962	0.954	0.9618	0.9018	0.9486	0.957	0.9312	0.9318	0.9014	0.6164	0.3848	0.5294	0.544	0.9518	0.949	0.925	0.9608	0.9434	0.9556	0.9554	0.9164	0.9558	0.8714	0.912	0.9534	0.874675928917609	0.6388	0.6266	0.902304145601618	0.865749735664904	0.8924	0.940793915132106	0.862383183183183	0.8824	0.8462	0.9448	0.9698	0.7818	0.6376	0.4548	0.4788	0.5112	0.9606	0.873374185765983	0.9684	0.9652	0.9584	0.898061206374824	0.9006	0.869755048859935	0.89816911351785	0.899729290479078	0.889530403371463	0.3784	0.719	0.9526	0.8588	0.9488	0.9318	0.9678	0.954	0.9706	0.9462	0.9592	0.9314	0.9382	0.958	0.9404	0.847268802563076	0.9554	0.7882	0.9614	0.897	0.8076	0.896872730931777	0.8428	0.765	0.5406	0.846	0.5352	0.7656	0.5828	0.887187830264211
SRR7146668	1	1	1	1	1	1	1	1	1	1	1	1	1	1	1	1	1	1	1	1	1	1	1	1	1	1	1	1	1	1	1	1	1	1	1	1	1	1	1	1	1	1	1	1	1	1	1	1	1	1	1	1	1	1	1	1	1	1	1	1	1	1	1	1	1	1	0.7686	0.9746	0.9892	0.976	0.9756	0.7774	0.899	0.9684	0.3304	0.897	0.8676	0.913	0.7744	0.9468	0.877713425647201	0.999	0.986	0.999	0.9904	0.8958	0.9948	0.986	0.9856	0.9954	0.9872	0.974585985985986	0.976	0.8782	0.9808	0.9986	0.9878	0.9804	0.8954	0.8996	0.971	0.2	0.973196919383877	0.96468672745694	0.965371095945404	0.9656	0.9668	0.969786267817707	0.9874	0.9752	0.961789275710284	0.962	0.948039827550811	0.9828	0.9844	0.9878	0.959309822866344	0.9102	0.9302	0.6742	0.9736	0.855474145556896	0.8902	0.984	0.7602	0.7128	0.993	0.9498	0.956391391391392	0.3752	0.994	0.889909891870244	0.8104	0.806	0.97379475895179	0.9758	0.9146	0.3426	0.8848	0.9896	0.9706	0.891042181234964	0.9596	0.9988	0.9144	0.9994	0.9626	0.856	0.47	0	0.3002	0.9534	0.966856032719836	0.9956	0.9876	0.968	0.9944	0.9672	0.9964	0.9934	0.9864	0.9914	0.888559983993597	0.951730658105939	0.837	0.97137652772157	0.862021794871795	0.833	0.9076	0.961391339214114	0.97499635051133	0.9134	0.875494686184078	0.9578	0.783	0.8142	0.9788	0.9736	0.967994594594594	0.975985591354813	0.802	0.989797959591918	0.8678	0.9746	0.8192	0.8854	0.93	0.732	0.630111592150516	0.9136	0.3366	0.418	0.9552	0.9198	0.9704	0.9596	0.944652490207051	0.966577977977978	0.9982	0.970196319263853	0.728610823812388	0.975389431545236	0.927616867469879	0.940565705128205	0.961	0.994	0.9786	0.9476	0.9546	0.96697404885863	0.9316	0.9886	0.9626	0.987	0.9902	0.7644	0.9428	0.2708	0.8722	0.9234	0.9846	0.9758	0.9952	0.8432	0.9766	0.7932	0.679916730114206	0.969345672004865	0.8848	0.8406	0.9622	0.9724	0.9412	0.961	0.9854	0.9616	0.9686	0.7936	0.958162391436074	0.959399479895979	0.971	0.9432	0.9728	0.962	0.9934	0.999	0.9696	0.9778	0.9786	0.97	0.97	0.9678	0.698	0.2658	0.3696	0.2954	0.992	0.9782	0.9542	0.992	0.9784	0.9906	0.9932	0.958	0.986	0.8874	0.9658	0.9742	0.944431340872375	0.704	0.7038	0.972388877654196	0.915029686864579	0.962	0.963799039231385	0.868903903903904	0.911	0.8258	0.9728	0.9924	0.8028	0.711	0.2898	0.1948	0.3594	0.9894	0.934196139927624	0.9778	0.9984	0.975	0.966137542868671	0.9266	0.939198697068404	0.959994384275973	0.959372144734182	0.908976118803933	0.3092	0.71	0.9816	0.9566	0.9702	0.971	0.9884	0.983	0.9866	0.9836	0.9912	0.9446	0.9596	0.9902	0.957199999999999	0.892513015618743	0.9218	0.788	0.9948	0.9552	0.8294	0.953547595089555	0.8718	0.8184	0.3248	0.8586	0.483	0.7808	0.4664	0.952796957566053
SRR7146671	1	1	1	1	1	1	1	1	1	1	1	1	1	1	1	1	1	1	1	1	1	1	1	1	1	1	1	1	1	1	1	1	1	1	1	1	1	1	1	1	1	1	1	1	1	1	1	1	1	1	1	1	1	1	1	1	1	1	1	1	1	1	1	1	1	1	0.7586	0.9388	0.9546	0.9552	0.9366	0.7394	0.8654	0.9196	0.371	0.8216	0.8192	0.8794	0.7026	0.8856	0.756265061208107	0.9678	0.9352	0.9768	0.9662	0.8804	0.9518	0.9348	0.9434	0.9584	0.9304	0.927978778778779	0.829	0.8068	0.916	0.9776	0.9156	0.9146	0.8752	0.8722	0.9506	0.2492	0.908595879175835	0.88508672745694	0.894765315134484	0.892	0.9198	0.893526761694439	0.9156	0.924	0.90138887555022	0.870115658790549	0.84053389447752	0.9002	0.9616	0.925	0.890475040257649	0.9042	0.7604	0.6062	0.8956	0.729190510655408	0.8476	0.9572	0.719	0.682	0.9648	0.8946	0.888346946946947	0.296	0.9664	0.819672647176612	0.8096	0.7916	0.933794558911782	0.9232	0.885	0.3134	0.8454	0.9442	0.9292	0.773606575781877	0.885	0.9798	0.8724	0.9666	0.9004	0.8728	0.4464	0.3002	0	0.8496	0.887285071574642	0.9688	0.9632	0.8962	0.9676	0.8946	0.9618	0.9576	0.9114	0.9676	0.82596006402561	0.844522311396469	0.7674	0.895327235936868	0.822378205128205	0.7918	0.8874	0.863606094627105	0.919300421094847	0.833	0.813894686184079	0.8984	0.7884	0.7736	0.9192	0.9224	0.889336136136136	0.95718511106664	0.8346	0.957396839367873	0.8942	0.91	0.7688	0.8818	0.8816	0.6826	0.580893505968036	0.8596	0.4168	0.3574	0.9072	0.8872	0.9284	0.9136	0.856418019026301	0.912168368368368	0.9756	0.928795919183837	0.74099362597715	0.916160608486789	0.857467469879518	0.852082051282051	0.9342	0.9672	0.913	0.9016	0.8458	0.931772126551862	0.8812	0.9232	0.9204	0.9646	0.9476	0.7254	0.9128	0.3052	0.8392	0.8828	0.9498	0.9196	0.953	0.7992	0.9472	0.7622	0.554824764576237	0.896937522805595	0.8328	0.7698	0.7888	0.9368	0.9044	0.9256	0.9642	0.8786	0.9086	0.7622	0.849722803474046	0.903587637527505	0.8924	0.810785389414369	0.8956	0.8658	0.9472	0.9502	0.9316	0.9188	0.9274	0.9144	0.9292	0.8944	0.6926	0.317	0.2878	0.2764	0.954	0.9154	0.897	0.9538	0.9298	0.9474	0.9528	0.894	0.92	0.707	0.8928	0.954	0.827872697899839	0.7166	0.7056	0.894088776541962	0.816146563643757	0.8598	0.886951000800641	0.776046846846847	0.8842	0.8088	0.9112	0.967	0.75	0.7154	0.2056	0.2336	0.285	0.9612	0.861780056292722	0.926	0.9746	0.9412	0.89181956828727	0.904	0.825925732899023	0.833194384275973	0.859905720638771	0.869956331527192	0.3062	0.6364	0.9086	0.8588	0.9356	0.9364	0.9242	0.9278	0.9638	0.9458	0.9526	0.8832	0.8992	0.9524	0.9346	0.800452943532239	0.908	0.768	0.965	0.8822	0.7606	0.851687703763333	0.7878	0.7678	0.397	0.8426	0.418	0.7434	0.395	0.853996957566053
SRR7146672	1	1	1	1	1	1	1	1	1	1	1	1	1	1	1	1	1	1	1	1	1	1	1	1	1	1	1	1	1	1	1	1	1	1	1	1	1	1	1	1	1	1	1	1	1	1	1	1	1	1	1	1	1	1	1	1	1	1	1	1	1	1	1	1	1	1	0.6994	0.8744	0.8026	0.8284	0.7336	0.685	0.843	0.7792	0.8592	0.5992	0.7466	0.909	0.652	0.697	0.411956732891832	0.9142	0.8074	0.847	0.8394	0.773	0.8134	0.7632	0.8058	0.8304	0.6184	0.779734734734735	0.8216	0.7352	0.7872	0.846	0.689	0.7134	0.8312	0.8248	0.8344	0.8368	0.598954670934187	0.842609523809524	0.794943315937375	0.6704	0.6328	0.736431399317406	0.508	0.423	0.577141016406563	0.383305566680016	0.752523054814206	0.4598	0.8256	0.7512	0.712886634460548	0.7872	0.7778	0.747	0.747	0.617153920386007	0.7656	0.824	0.7722	0.822	0.7478	0.7316	0.584796796796797	0.8816	0.9084	0.707103644373248	0.9468	0.941	0.788390558111622	0.7732	0.8052	0.8546	0.722	0.775	0.7718	0.686473456295108	0.6902	0.8484	0.8006	0.95	0.3904	0.9722	0.8922	0.9534	0.8496	0	0.853360327198364	0.8188	0.8196	0.8834	0.8246	0.7394	0.8264	0.8314	0.646	0.8216	0.575905402160864	0.72225746388443	0.548	0.836606151355727	0.755676282051282	0.7964	0.7628	0.395714835605453	0.862311690395027	0.6406	0.715030038099058	0.6634	0.4022	0.6576	0.729	0.8858	0.650766566566567	0.816577906744046	0.9342	0.772989157831566	0.9876	0.5396	0.7838	0.7928	0.7902	0.8032	0.812124256524378	0.871	0.8028	0.9148	0.7458	0.802	0.7894	0.7794	0.539094459988808	0.538155755755756	0.9764	0.769986877375475	0.74027456404089	0.753553402722178	0.771367068273092	0.616603525641026	0.8324	0.841	0.5614	0.7796	0.645	0.564521105326392	0.7866	0.6274	0.3972	0.8304	0.8224	0.7724	0.829	0.8498	0.7968	0.8052	0.9222	0.7856	0.8178	0.8598	0.83	0.8628	0.656202003606492	0.735168092438678	0.7494	0.5038	0.7724	0.8132	0.8738	0.9316	0.8252	0.8222	0.7474	0.6256	0.435886487578267	0.758986277255451	0.7734	0.636293781444959	0.7686	0.7196	0.7982	0.7674	0.808	0.7496	0.453	0.6758	0.7958	0.7462	0.75	0.8026	0.8872	0.8874	0.7964	0.7204	0.7552	0.8358	0.783	0.802	0.805	0.681	0.7232	0.7442	0.8256	0.8238	0.694752180936995	0.7426	0.7168	0.807697067745197	0.762612281415209	0.737712107623318	0.534215852682146	0.424348348348348	0.805	0.8908	0.7738	0.8396	0.7746	0.7476	0.873	0.8818	0.8122	0.913	0.750394049055087	0.673	0.8372	0.9018	0.861100342949365	0.746	0.7518	0.575303168872844	0.540505963210026	0.815694320690347	0.9154	0.764	0.6974	0.8608	0.919	0.7994	0.7826	0.7322	0.933	0.7932	0.8136	0.4506	0.7264	0.9056	0.8214	0.642410172206648	0.8002	0.8322	0.8292	0.8332	0.7132	0.727121754880258	0.5632	0.9068	0.9048	0.9332	0.8276	0.7696	0.8808	0.704461809447558
SRR7146674	1	1	1	1	1	1	1	1	1	1	1	1	1	1	1	1	1	1	1	1	1	1	1	1	1	1	1	1	1	1	1	1	1	1	1	1	1	1	1	1	1	1	1	1	1	1	1	1	1	1	1	1	1	1	1	1	1	1	1	1	1	1	1	1	1	1	0.7099918200409	0.8143918200409	0.929926789366053	0.915726789366053	0.93637627811861	0.863832310838446	0.915032310838446	0.912432310838446	0.715302658486708	0.844110838445808	0.770112065439673	0.948705521472393	0.676471983640082	0.81158282208589	0.843851918609161	0.938526789366053	0.882513292433538	0.939976278118609	0.930776278118609	0.904432310838446	0.937326789366053	0.930376278118609	0.932432310838446	0.941326789366053	0.936926789366053	0.901533435275767	0.929176278118609	0.893710838445808	0.907205316973415	0.93917627811861	0.923605316973415	0.931632310838446	0.773832310838446	0.899481799591002	0.809081799591002	0.871056032719836	0.896095292678168	0.727250576513075	0.528278325489143	0.721490797546012	0.95460654396728	0.829078596827453	0.857733333333333	0.96700654396728	0.896686527371685	0.921343976780316	0.378004835596844	0.884933333333333	0.879976278118609	0.922126789366053	0.700579907728481	0.874313292433538	0.903196319018405	0.85278282208589	0.907061349693251	0.626777031977325	0.89718282208589	0.857562781186094	0.89218282208589	0.821305521472393	0.93120654396728	0.892560327198364	0.887672334911599	0.79679509202454	0.93457627811861	0.878961666064717	0.723895705521472	0.917056032719836	0.899153859401737	0.8867918200409	0.911432310838446	0.849705521472393	0.840632310838446	0.697839672801636	0.906913292433538	0.717964341413257	0.818854805725971	0.941176278118609	0.917032310838446	0.965750511247444	0.941678527607362	0.975256032719836	0.89640654396728	0.966856032719836	0.887285071574642	0.853360327198364	0	0.933104294478528	0.915576278118609	0.850150511247444	0.924077300613497	0.863405316973415	0.916654805725971	0.904805316973415	0.710287934560327	0.932576278118609	0.882170291429455	0.735280504977892	0.918110838445808	0.573785813183439	0.891291096429133	0.924432310838446	0.851513292433538	0.860701347856533	0.697863975989925	0.751910838445808	0.722543972200933	0.737841308793456	0.890841308793456	0.854690797546012	0.88238282208589	0.8478	0.870855518094782	0.917960428608903	0.929386503067485	0.85357533674424	0.9876	0.893333333333333	0.921432310838446	0.922432310838446	0.920032310838446	0.822261349693251	0.925017303600514	0.691466666666667	0.88560654396728	0.63719509202454	0.804160327198364	0.92620981595092	0.931134560327198	0.925281799591002	0.792402067648307	0.737667729078772	0.9132	0.914970396942374	0.84897203295102	0.906298126435709	0.828501737009387	0.760957654947302	0.915362781186094	0.927976278118609	0.913452351738241	0.740110838445808	0.500247443762781	0.809303106468048	0.827832310838446	0.890326789366053	0.7274	0.913176278118609	0.819755828220859	0.873310838445807	0.934281799591002	0.887056032719836	0.909832310838446	0.916432310838446	0.937126789366053	0.880463803680982	0.909913292433538	0.682089161554192	0.931562781186094	0.919832310838446	0.76512659392223	0.631145571517226	0.864510838445808	0.879061349693252	0.872405316973415	0.817232310838446	0.904232310838446	0.968656032719836	0.81557627811861	0.285080572597137	0.834277300613497	0.885110838445808	0.785138405453196	0.835785152940609	0.793497341513292	0.58293266925696	0.792776278118609	0.813326789366053	0.921326789366053	0.932926789366053	0.902726789366053	0.870526789366053	0.952314519427403	0.661665439672802	0.906913292433538	0.826755828220859	0.977519018404908	0.854432310838446	0.707705521472393	0.80980654396728	0.903926789366053	0.936126789366053	0.908313292433538	0.928677300613497	0.891032310838446	0.912926789366053	0.939726789366053	0.877913292433538	0.921526789366053	0.846432310838446	0.798508793456033	0.756576278118609	0.593769553769356	0.995705521472393	0.982519018404908	0.413444412049932	0.427157281253041	0.332035227512407	0.917347456697464	0.819090255900072	0.877681799591002	0.936056032719837	0.923524335378323	0.936176278118609	0.911232310838446	0.988119018404908	0.843334560327198	0.87720654396728	0.916273619631901	0.931150511247444	0.759272881560803	0.931776278118609	0.941176278118609	0.894678527607362	0.696759246080711	0.829186503067485	0.412760203299961	0.742213904453943	0.641691872498794	0.703160561861248	0.848734560327199	0.939613087934561	0.927326789366053	0.840550511247444	0.928701022494887	0.826805316973415	0.917726789366053	0.884726789366053	0.967	0.817555828220859	0.940126789366053	0.942312065439673	0.705914928425358	0.939326789366053	0.934481799591002	0.870952054530877	0.940586503067485	0.932681799591002	0.919176278118609	0.793313292433538	0.862710838445808	0.601716079364864	0.856560327198364	0.837256032719836	0.721305521472393	0.726689161554192	0.732345603271984	0.876461349693251	0.838456032719836	0.310949045534996
SRR7146675	1	1	1	1	1	1	1	1	1	1	1	1	1	1	1	1	1	1	1	1	1	1	1	1	1	1	1	1	1	1	1	1	1	1	1	1	1	1	1	1	1	1	1	1	1	1	1	1	1	1	1	1	1	1	1	1	1	1	1	1	1	1	1	1	1	1	0.8808	0.92	0.096	0.1168	0.3842	0.708	0.813	0.3622	0.9718	0.7164	0.957	0.9604	0.758	0.3852	0.604904274533414	0.9158	0.2512	0.1156	0.5346	0.458	0.483	0.4188	0.174	0.7072	0.3464	0.656263263263263	0.2778	0.6242	0.8626	0.1156	0.5516	0.6682	0.2754	0.2954	0.153	0.9522	0.486119063812763	0.915480648429585	0.784149096748294	0.7584	0.8828	0.166875928528408	0.545	0.9648	0.38936206482593	0.972979335202243	0.958469061794293	0.673	0.1686	0.3038	0.666338808373591	0.6768	0.7186	0.5084	0.8128	0.662895938882187	0.567	0.3236	0.3724	0.9816	0.8454	0.731	0.816913513513513	0.9592	0.9178	0.41930893071686	0.9936	0.9838	0.312064532906581	0.2462	0.6188	0.9386	0.511	0.8514	0.3584	0.496013953488372	0.715	0.1296	0.2774	0.9528	0.9076	0.983	0.9676	0.9956	0.9688	0.8188	0.933104294478528	0	0.098	0.9548	0.0904	0.2314	0.193	0.1124	0.7572	0.107	0.751905162064826	0.8924886035313	0.6618	0.85991177660866	0.263241666666667	0.2936	0.5184	0.956723015236568	0.909781552035292	0.6666	0.775844756366553	0.6428	0.9148	0.8318	0.847	0.8844	0.385390790790791	0.106793516109666	0.9914	0.615325265053011	0.9862	0.7564	0.2896	0.4312	0.4434	0.8512	0.965820109245398	0.852	0.952	0.995	0.8676	0.111	0.8402	0.4304	0.47972825965305	0.981187987987988	0.983	0.117024684936987	0.831861775906996	0.26929095276221	0.490787951807229	0.735817948717948	0.4646	0.2726	0.7644	0.4032	0.7324	0.987398077693232	0.321	0.3458	0.9712	0.1146	0.357	0.5386	0.6546	0.9288	0.1758	0.2346	0.9188	0.7076	0.2542	0.9314	0.321	0.893	0.771613744740533	0.511997445773363	0.4732	0.7424	0.7004	0.2494	0.9332	0.974	0.1524	0.8198	0.6438	0.5388	0.65035742274288	0.25385301060212	0.2354	0.717305574562286	0.6774	0.4424	0.7684	0.4682	0.1516	0.6686	0.9488	0.6942	0.1806	0.5298	0.9782	0.9218	0.9802	0.994	0.5966	0.518	0.5242	0.8466	0.101	0.4278	0.0664	0.775	0.4974	0.4462	0.8996	0.2396	0.511001615508885	0.9964	0.9852	0.893259858442871	0.966566490443269	0.903356053811659	0.981597758206565	0.928943743743743	0.3422	0.8852	0.6764	0.5316	0.2578	0.9882	0.9722	0.9842	0.9756	0.9368	0.813898833936469	0.1894	0.1028	0.8864	0.861385354044785	0.8924	0.8766667752443	0.814373124749298	0.896957145744896	0.832764599638772	0.992	0.949	0.398	0.962	0.9794	0.286	0.1884	0.412	0.9672	0.1822	0.511	0.9714	0.7086	0.883	0.2502	0.377073127753304	0.9518	0.2674	0.2238	0.9128	0.5944	0.712451921915879	0.7292	0.9804	0.948	0.9904	0.9744	0.3784	0.9776	0.970979503602882
SRR7146676	1	1	1	1	1	1	1	1	1	1	1	1	1	1	1	1	1	1	1	1	1	1	1	1	1	1	1	1	1	1	1	1	1	1	1	1	1	1	1	1	1	1	1	1	1	1	1	1	1	1	1	1	1	1	1	1	1	1	1	1	1	1	1	1	1	1	0.8602	0.9074	0.0432	0.065	0.4618	0.6992	0.874	0.4194	0.962	0.7206	0.955	0.9568	0.7908	0.3616	0.650530122416215	0.9138	0.2294	0.0646	0.4972	0.4176	0.5328	0.3906	0.176	0.7038	0.3376	0.595856856856857	0.271	0.6414	0.8486	0.0764000000000001	0.5674	0.6696	0.264	0.2748	0.1398	0.9372	0.546919063812763	0.902114893617021	0.831549096748294	0.7348	0.9548	0.161885083316603	0.5432	0.9646	0.432395118047219	0.967382939527433	0.959764401560255	0.7376	0.1216	0.3602	0.648138808373591	0.6464	0.773	0.4734	0.882	0.650838118214717	0.6196	0.2962	0.3518	0.9636	0.9246	0.7838	0.881314314314314	0.9426	0.9076	0.404342811373648	0.97	0.9604	0.292072334466893	0.2156	0.6788	0.9236	0.5026	0.914	0.4018	0.495295268644747	0.7622	0.1102	0.2768	0.95	0.9586	0.979	0.9542	0.9876	0.9632	0.8196	0.915576278118609	0.098	0	0.9216	0.0568	0.24	0.193	0.0766	0.7514	0.0466	0.720103481392557	0.875500802568218	0.6602	0.921220234722784	0.255234615384615	0.3484	0.5542	0.941372574178027	0.929531702426308	0.6894	0.749428072989774	0.6944	0.8974	0.8172	0.814	0.922	0.376592992992993	0.0463933960376226	0.9822	0.639334266853371	0.9896	0.8158	0.2814	0.4022	0.434	0.8212	0.950451749949423	0.8982	0.9244	0.9842	0.8406	0.118	0.9162	0.4286	0.461326245103525	0.959787987987988	0.967	0.0820272054410882	0.791082060533173	0.306660688550841	0.432530923694779	0.724268269230769	0.4522	0.2304	0.8398	0.3496	0.7078	0.968198077693232	0.2858	0.3356	0.952	0.052	0.3224	0.5562	0.6494	0.949	0.1458	0.301	0.9064	0.679	0.219	0.8742	0.3158	0.8862	0.757050891604889	0.537292154875329	0.5076	0.7076	0.7542	0.1916	0.9102	0.969	0.125	0.8634	0.6904	0.5306	0.709612845889719	0.208852610522104	0.2928	0.70507526665325	0.7238	0.4656	0.8004	0.5152	0.1138	0.716	0.9406	0.6388	0.1358	0.5638	0.981	0.9014	0.9682	0.9792	0.6402	0.5642	0.4954	0.841	0.0946000000000001	0.4098	0.0702	0.768	0.5242	0.4192	0.8676	0.1888	0.492399353796446	0.9998	0.9862	0.945099898887766	0.945013176087841	0.898428128821851	0.982198238590873	0.895346946946947	0.314	0.938	0.6806	0.501	0.2538	0.9916	0.9638	0.9728	0.9672	0.9274	0.77609883393647	0.181	0.0584	0.9436	0.91372463183377	0.9486	0.933688273615635	0.887573124749298	0.962757145744896	0.882548223961469	0.9812	0.9478	0.3904	0.9428	0.944	0.2594	0.1482	0.432	0.9614	0.1552	0.4884	0.9626	0.6916	0.9154	0.3198	0.392757228674409	0.939	0.2466	0.2812	0.8832	0.5382	0.674011994365064	0.7154	0.9572	0.9266	0.9666	0.9568	0.3392	0.9678	0.945779503602882
SRR7146677	1	1	1	1	1	1	1	1	1	1	1	1	1	1	1	1	1	1	1	1	1	1	1	1	1	1	1	1	1	1	1	1	1	1	1	1	1	1	1	1	1	1	1	1	1	1	1	1	1	1	1	1	1	1	1	1	1	1	1	1	1	1	1	1	1	1	0.8524	0.6076	0.9392	0.92	0.955	0.9484	0.947	0.9482	0.8658	0.8388	0.9686	0.8312	0.8704	0.9356	0.870936544250452	0.8776	0.9478	0.933	0.8832	0.903	0.9178	0.8774	0.8892	0.9618	0.948	0.74457017017017	0.951	0.8904	0.575	0.948	0.8208	0.9488	0.9524	0.9292	0.9552	0.8852	0.933995959191838	0.743826139817629	0.647307185869129	0.8094	0.954	0.862664966874121	0.9512	0.9658	0.895175990396158	0.933124068882659	0.868857195647711	0.9434	0.8664	0.9556	0.78403574879227	0.788	0.9284	0.8926	0.9402	0.852174185765983	0.9206	0.8188	0.9058	0.949	0.9428	0.9332	0.894532732732733	0.9382	0.839	0.918352663195835	0.9174	0.8558	0.864995799159832	0.859	0.9474	0.8852	0.9514	0.9374	0.9088	0.849957177225341	0.6888	0.887	0.8742	0.9638	0.9342	0.9746	0.905	0.968	0.8962	0.8834	0.850150511247444	0.9548	0.9216	0	0.9406	0.816	0.9538	0.938	0.9534	0.9328	0.855388155262105	0.869126805778491	0.944	0.849421610683934	0.920942628205128	0.9446	0.9036	0.89035461106656	0.922822217766192	0.8748	0.862729095648687	0.9142	0.9344	0.8736	0.8628	0.6266	0.883321521521521	0.910368421052631	0.8302	0.918592358471694	0.9134	0.9374	0.9384	0.9216	0.9348	0.8418	0.745325632207162	0.9026	0.9356	0.8904	0.9266	0.9472	0.8546	0.9216	0.822009848908785	0.960369169169169	0.8536	0.919992438487697	0.78101523351373	0.896151481184948	0.798146184738956	0.796101282051282	0.8556	0.7676	0.9382	0.903	0.8346	0.967169963956748	0.9252	0.9506	0.9082	0.9282	0.8272	0.9196	0.9558	0.9156	0.9106	0.9436	0.871	0.8508	0.9182	0.751	0.8426	0.8378	0.871558525345622	0.78327504561119	0.8942	0.8318	0.914	0.91	0.627	0.7742	0.9138	0.8438	0.8954	0.9322	0.860295091900626	0.824173674734947	0.8694	0.84086810223385	0.8688	0.8256	0.7962	0.955	0.8686	0.9148	0.963	0.824	0.8428	0.783	0.9812	0.8916	0.8918	0.9074	0.781	0.93	0.9382	0.9464	0.931	0.8312	0.9428	0.7462	0.9546	0.932	0.5862	0.8884	0.83172859450727	1	0.9862	0.885242062689586	0.872919804798699	0.840255116184264	0.850484227381905	0.862509509509509	0.871	0.968	0.8588	0.8842	0.947	0.9918	0.872	0.9062	0.9252	0.7346	0.713637233614797	0.9516	0.9554	0.9628	0.87005253177325	0.6694	0.8736667752443	0.868347212194144	0.895537861330099	0.856718121613486	0.9128	0.9592	0.9482	0.7338	0.8144	0.8236	0.9346	0.827	0.6362	0.923	0.8404	0.9492	0.9346	0.9108	0.9516	0.845467601121345	0.8404	0.9334	0.9504	0.5754	0.7512	0.684639243308513	0.8972	0.721	0.9306	0.9378	0.8758	0.893	0.8712	0.819345876701361
SRR7146678	1	1	1	1	1	1	1	1	1	1	1	1	1	1	1	1	1	1	1	1	1	1	1	1	1	1	1	1	1	1	1	1	1	1	1	1	1	1	1	1	1	1	1	1	1	1	1	1	1	1	1	1	1	1	1	1	1	1	1	1	1	1	1	1	1	1	0.8682	0.912	0.0515999999999999	0.0494	0.4554	0.6996	0.863	0.4144	0.9642	0.7288	0.9626	0.9588	0.7836	0.3684	0.646924663857114	0.9086	0.232	0.0536	0.5242	0.445	0.5146	0.4134	0.1806	0.701	0.3382	0.640462462462462	0.272	0.6288	0.8526	0.0498000000000001	0.5572	0.6648	0.2644	0.281	0.144	0.9416	0.551518823764753	0.908914893617021	0.828749096748294	0.748	0.9512	0.170679743023489	0.5466	0.9796	0.452795118047219	0.974782939527433	0.966964401560254	0.729	0.1506	0.3482	0.65512077294686	0.66	0.7628	0.496	0.8678	0.644100120627262	0.6102	0.3058	0.3658	0.9784	0.924	0.7896	0.876114114114114	0.952	0.9088	0.403743051661994	0.976	0.9684	0.314672294458892	0.2334	0.6672	0.933	0.5054	0.9072	0.4116	0.487291900561347	0.7666	0.1272	0.267	0.9472	0.9552	0.9798	0.9564	0.9944	0.9676	0.8246	0.924077300613497	0.0904	0.0568	0.9406	0	0.2524	0.1886	0.0738	0.7522	0.0468	0.736905082032813	0.885700802568218	0.6618	0.914036665317685	0.266232692307692	0.3464	0.5526	0.949922534081796	0.924128052937638	0.6966	0.761644756366553	0.701	0.9062	0.8272	0.8408	0.9182	0.380592592592593	0.0462316990194116	0.9856	0.639337387477496	0.986	0.8134	0.2766	0.4176	0.4366	0.8366	0.95836014566053	0.91	0.937	0.9916	0.8646	0.121	0.9072	0.424	0.472126245103526	0.967389389389389	0.9676	0.106024964992999	0.820661775906995	0.314295756605284	0.479397590361446	0.744068269230769	0.453	0.2568	0.839	0.3892	0.7164	0.98259759711654	0.301	0.334	0.9608	0.0432000000000001	0.3384	0.558	0.6546	0.9478	0.1718	0.2888	0.9204	0.6942	0.2374	0.9158	0.3132	0.8874	0.760213023442196	0.556067707277519	0.523	0.7286	0.7468	0.2288	0.914	0.9616	0.133	0.8604	0.6836	0.5294	0.713612845889719	0.23505149029806	0.293	0.702725176091769	0.7226	0.4608	0.786	0.502	0.1394	0.71	0.944	0.686	0.1754	0.5644	0.9812	0.9124	0.9784	0.9828	0.634	0.5738	0.509	0.8376	0.098	0.4144	0.0714	0.7624	0.515	0.4334	0.8878	0.2204	0.496305977382875	1	0.9866	0.947899898887765	0.956976494509963	0.904559885854056	0.989998238590873	0.925945345345345	0.3298	0.9386	0.6762	0.526	0.2496	0.9918	0.9704	0.9764	0.9686	0.9254	0.797698833936469	0.191	0.042	0.9428	0.909912487391568	0.9456	0.938488273615635	0.882773124749298	0.962337861330099	0.889178928356412	0.9898	0.9476	0.3896	0.951	0.9618	0.2774	0.1726	0.4222	0.9562	0.162	0.5016	0.9738	0.689	0.8996	0.315	0.4093608329996	0.9478	0.2628	0.2776	0.8976	0.5818	0.695003260213323	0.7276	0.9628	0.9366	0.9698	0.9612	0.3636	0.973	0.954979503602882
SRR7146679	1	1	1	1	1	1	1	1	1	1	1	1	1	1	1	1	1	1	1	1	1	1	1	1	1	1	1	1	1	1	1	1	1	1	1	1	1	1	1	1	1	1	1	1	1	1	1	1	1	1	1	1	1	1	1	1	1	1	1	1	1	1	1	1	1	1	0.7982	0.8208	0.2576	0.2724	0.366	0.6426	0.805	0.3562	0.9046	0.6062	0.9316	0.896	0.6396	0.3042	0.52968850090307	0.8518	0.243	0.277	0.4906	0.3796	0.4492	0.3374	0.222	0.6954	0.2814	0.540642842842843	0.2894	0.5182	0.7232	0.292	0.4284	0.6152	0.2814	0.2648	0.2846	0.8986	0.426710222044409	0.799190881458967	0.695902127659575	0.649	0.8298	0.25311226661313	0.4686	0.9042	0.306594237695078	0.882574529435322	0.873802956271813	0.6098	0.239	0.25	0.555298872785829	0.5778	0.6948	0.4188	0.7568	0.556192440691596	0.533	0.228	0.3228	0.9254	0.8526	0.6576	0.753498698698699	0.8892	0.8472	0.323279134961954	0.9144	0.9356	0.237859571914383	0.1908	0.6128	0.8904	0.445	0.8286	0.3328	0.384326864474739	0.5812	0.276	0.2518	0.942	0.8254	0.9764	0.9276	0.9672	0.8946	0.7394	0.863405316973415	0.2314	0.24	0.816	0.2524	0	0.2388	0.254	0.6914	0.267	0.630696678671469	0.830464205457464	0.5952	0.825716956697693	0.250558012820513	0.2934	0.4568	0.844711948676824	0.846973210346902	0.5634	0.70197750150391	0.5762	0.8344	0.7544	0.7154	0.7916	0.347173373373373	0.248776105663398	0.9088	0.544520424084817	0.935	0.6942	0.2494	0.3788	0.4196	0.7406	0.85781881448513	0.8074	0.8664	0.9386	0.8036	0.2772	0.798	0.3588	0.338489759373251	0.884970570570571	0.8998	0.188584236847369	0.762790338745239	0.206822898318655	0.409247389558233	0.614209294871795	0.4152	0.2424	0.727	0.328	0.6002	0.909567801361634	0.2406	0.2768	0.8636	0.2662	0.245	0.4622	0.6412	0.8484	0.2316	0.2352	0.8734	0.619	0.2424	0.8462	0.2984	0.8254	0.685548106591865	0.431485708493817	0.4162	0.6194	0.6692	0.2276	0.8858	0.9234	0.2586	0.7576	0.6146	0.4966	0.572789173904262	0.176988797759552	0.2044	0.595908432280137	0.6364	0.3176	0.6914	0.4618	0.214	0.6122	0.8952	0.592	0.2222	0.4162	0.9402	0.8376	0.9034	0.9214	0.5224	0.4608	0.4564	0.8306	0.2184	0.3292	0.2386	0.6226	0.429	0.3554	0.8296	0.2296	0.401501777059774	0.959	0.9452	0.843057633973711	0.846956486376576	0.798522299225438	0.853994395516413	0.806513313313313	0.2736	0.8566	0.6038	0.4918	0.2162	0.9508	0.9204	0.9366	0.8998	0.867	0.735926336952151	0.2476	0.2844	0.8528	0.8278921525116	0.807	0.789593811074918	0.745314721219414	0.822533575904589	0.782128436684728	0.949	0.8852	0.3446	0.868	0.916	0.1656	0.216	0.3168	0.8864	0.227	0.4856	0.8884	0.6336	0.8224	0.2588	0.248102683219864	0.8606	0.289	0.219	0.8418	0.4746	0.550248379955726	0.6494	0.9128	0.9098	0.9356	0.8724	0.2906	0.9224	0.850779503602882
SRR7146680	1	1	1	1	1	1	1	1	1	1	1	1	1	1	1	1	1	1	1	1	1	1	1	1	1	1	1	1	1	1	1	1	1	1	1	1	1	1	1	1	1	1	1	1	1	1	1	1	1	1	1	1	1	1	1	1	1	1	1	1	1	1	1	1	1	1	0.862	0.901	0.1992	0.2248	0.4488	0.693	0.8136	0.38	0.9734	0.6548	0.9464	0.9632	0.729	0.333	0.583903592213526	0.8024	0.1198	0.2266	0.524	0.4442	0.4068	0.4102	0.1586	0.592	0.3138	0.637460660660661	0.262	0.5768	0.84	0.223	0.5438	0.5664	0.2606	0.1624	0.2088	0.9472	0.520114862972595	0.900906788247214	0.822349096748294	0.7216	0.9426	0.216567958241317	0.4686	0.9724	0.441390956382553	0.921525030036043	0.967869061794293	0.5998	0.2068	0.3244	0.652538808373591	0.5462	0.7188	0.4456	0.818	0.597825170888621	0.4992	0.3028	0.2776	0.9694	0.8608	0.7088	0.855092092092092	0.948	0.7988	0.385690909090909	0.9764	0.9666	0.263863732746549	0.2266	0.649	0.9334	0.4948	0.8924	0.4112	0.478032237369687	0.746	0.228	0.1828	0.8396	0.9432	0.9794	0.9636	0.9964	0.9618	0.8264	0.916654805725971	0.193	0.193	0.9538	0.1886	0.2388	0	0.1748	0.7392	0.2102	0.68130612244898	0.871900802568218	0.6574	0.919462484823958	0.254034615384615	0.3404	0.4404	0.936934562951083	0.862734830559455	0.6468	0.762246320433126	0.6852	0.9058	0.8296	0.8286	0.9128	0.388393593593594	0.216593396037623	0.9918	0.579538347669534	0.9892	0.7992	0.2606	0.426	0.3312	0.718	0.950678778069998	0.7786	0.9032	0.9938	0.7362	0.2078	0.9044	0.3146	0.467526245103526	0.95639019019019	0.8486	0.186192318463693	0.821861775906996	0.317282145716573	0.475325301204819	0.738068269230769	0.4374	0.208	0.7896	0.3372	0.7122	0.975597837404886	0.29	0.3048	0.9576	0.2126	0.3248	0.479	0.5432	0.94	0.1958	0.1808	0.8144	0.5866	0.108	0.919	0.204	0.897	0.748206892406332	0.55029215487533	0.513	0.6748	0.7406	0.2092	0.92	0.9756	0.2056	0.8392	0.6812	0.5286	0.699389093112502	0.218050330066013	0.2174	0.646944616623063	0.601	0.3712	0.6906	0.5028	0.1996	0.7062	0.9388	0.673	0.1998	0.4436	0.9812	0.9068	0.969	0.9672	0.6274	0.4618	0.3954	0.7298	0.1782	0.3046	0.1932	0.7594	0.3932	0.367	0.832	0.2224	0.495284975767367	1	0.9866	0.937899898887765	0.798255876372509	0.898759885854056	0.981798238590873	0.862946946946947	0.327	0.817	0.5604	0.5248	0.2426	0.9918	0.9598	0.9754	0.963	0.873	0.75449883393647	0.2246	0.2112	0.9248	0.902662174702441	0.9394	0.921544951140065	0.872373124749298	0.908393612290277	0.869978928356412	0.9964	0.951	0.3926	0.9514	0.966	0.2668	0.1954	0.4144	0.9674	0.1886	0.5112	0.8726	0.6898	0.7912	0.1986	0.363478654385262	0.9526	0.266	0.1526	0.8462	0.568	0.700365828134434	0.5984	0.963	0.9346	0.9678	0.963	0.355	0.977	0.951379503602882
SRR7146683	1	1	1	1	1	1	1	1	1	1	1	1	1	1	1	1	1	1	1	1	1	1	1	1	1	1	1	1	1	1	1	1	1	1	1	1	1	1	1	1	1	1	1	1	1	1	1	1	1	1	1	1	1	1	1	1	1	1	1	1	1	1	1	1	1	1	0.8402	0.8784	0.0744	0.0928000000000001	0.4812	0.6802	0.8638	0.4038	0.9672	0.7226	0.9506	0.9484	0.7538	0.3694	0.668922616897451	0.8996	0.2164	0.0906	0.5248	0.4398	0.5256	0.413	0.209	0.71	0.3356	0.631437037037037	0.2602	0.6178	0.8268	0.0890000000000001	0.5626	0.6576	0.2496	0.266	0.1282	0.9446	0.555512782556511	0.883693617021277	0.831349096748294	0.7276	0.963	0.173078980124473	0.5256	0.977	0.477795278111245	0.966587985582699	0.961347238760008	0.7292	0.1408	0.3628	0.637349114331723	0.64	0.7852	0.4602	0.8712	0.65422034579815	0.6274	0.2864	0.381	0.96	0.9192	0.7888	0.887093493493493	0.9346	0.8984	0.421519503404085	0.9546	0.9558	0.33066725345069	0.2272	0.6708	0.9346	0.4868	0.908	0.439	0.495828869286287	0.7726	0.1312	0.2886	0.9574	0.9624	0.9792	0.965	0.9934	0.9576	0.8314	0.904805316973415	0.1124	0.0766	0.938	0.0738	0.254	0.1748	0	0.7324	0.0752	0.696705482192877	0.873944462279294	0.6524	0.946417887494941	0.266245512820513	0.363	0.545	0.94196343223737	0.904328574293162	0.7002	0.756056226188089	0.7068	0.8968	0.841	0.8166	0.92	0.394404604604605	0.0947993996397839	0.9794	0.622737467493499	0.975	0.8166	0.2802	0.4176	0.4538	0.804	0.936750920493627	0.9106	0.929	0.9894	0.8462	0.1174	0.9154	0.4324	0.445887856743145	0.947790590590591	0.938	0.122425205041008	0.835050751653638	0.338277341873499	0.477921285140562	0.759066666666667	0.4302	0.2424	0.8568	0.3474	0.6936	0.96959759711654	0.285	0.3358	0.9382	0.081	0.311	0.539	0.6548	0.9598	0.175	0.31	0.9126	0.6728	0.2078	0.908	0.3158	0.8796	0.748246924464036	0.572267707277519	0.5316	0.6978	0.7546	0.2196	0.914	0.9554	0.1242	0.8742	0.6986	0.5098	0.725949585942234	0.211651210242048	0.3192	0.714060293821694	0.728	0.4566	0.7976	0.5266	0.1322	0.7118	0.9568	0.6596	0.1874	0.5622	0.9754	0.9046	0.9736	0.9702	0.6318	0.5996	0.5098	0.8426	0.1148	0.4106	0.0988	0.7636	0.5294	0.3966	0.8508	0.2152	0.516683037156704	0.9942	0.9814	0.959699898887765	0.915103212688084	0.923996738687321	0.967198238590873	0.886752152152152	0.303	0.949	0.6552	0.5282	0.2648	0.986	0.959	0.973	0.9576	0.9192	0.777937515078408	0.1916	0.0894	0.9476	0.936112487391568	0.948	0.955137133550488	0.900368070597674	0.988357145744896	0.896576881396749	0.9942	0.9664	0.3978	0.9502	0.9554	0.2804	0.1556	0.427	0.951	0.1544	0.518	0.963	0.6738	0.9156	0.3394	0.417921425710853	0.938	0.2626	0.2932	0.861	0.5532	0.690215737572952	0.7092	0.9404	0.9216	0.9506	0.9482	0.3476	0.9718	0.939179503602882
SRR7146684	1	1	1	1	1	1	1	1	1	1	1	1	1	1	1	1	1	1	1	1	1	1	1	1	1	1	1	1	1	1	1	1	1	1	1	1	1	1	1	1	1	1	1	1	1	1	1	1	1	1	1	1	1	1	1	1	1	1	1	1	1	1	1	1	1	1	0.6534	0.8184	0.739	0.775	0.724	0.5898	0.8616	0.707	0.942	0.524	0.7522	0.946	0.4802	0.4612	0.587726991772025	0.9124	0.6824	0.7718	0.7568	0.7122	0.7456	0.6602	0.7464	0.7576	0.5364	0.702726326326326	0.7338	0.5554	0.7502	0.7732	0.6058	0.5416	0.6108	0.7392	0.6462	0.9094	0.618973434686937	0.896896251266464	0.785068727418707	0.6044	0.8102	0.760749648664927	0.5192	0.8188	0.644357182873149	0.806369963956748	0.879825826319031	0.5622	0.7134	0.5748	0.72327922705314	0.695	0.7696	0.6876	0.6864	0.417077121029353	0.7222	0.6944	0.7466	0.8428	0.935	0.6954	0.764714514514515	0.7928	0.9142	0.565116139367241	0.537	0.933	0.720393678735747	0.7004	0.741	0.9128	0.5744	0.4836	0.7372	0.680841700080193	0.6748	0.775	0.7408	0.9508	0.8082	0.9836	0.9626	0.9864	0.9114	0.646	0.710287934560327	0.7572	0.7514	0.9534	0.7522	0.6914	0.7392	0.7324	0	0.7526	0.565182793117247	0.804151203852327	0.617	0.942036665317685	0.728786858974359	0.7324	0.6992	0.773881635926223	0.683095648686585	0.446	0.627922037296972	0.5368	0.7418	0.7532	0.7266	0.9046	0.727392992992993	0.768999759855914	0.9936	0.680985357071414	0.9876	0.6574	0.7222	0.7328	0.734	0.7372	0.929338741654866	0.6616	0.7642	0.99	0.74	0.7472	0.9066	0.7158	0.548890766648014	0.522692292292292	0.9088	0.698786157231446	0.830455161354981	0.699560768614892	0.759936546184739	0.629851602564103	0.741	0.7604	0.7016	0.5696	0.4964	0.680203203844613	0.6288	0.56	0.6396	0.7638	0.6502	0.7002	0.7628	0.8964	0.7514	0.7404	0.9232	0.6716	0.7304	0.54	0.7632	0.885	0.685736565818473	0.719164362456922	0.696	0.5814	0.7344	0.6466	0.9032	0.9412	0.6598	0.881	0.7026	0.7256	0.585936740052515	0.673182276455291	0.7688	0.339550694304689	0.7194	0.6822	0.7938	0.7264	0.755	0.6424	0.7992	0.4862	0.748	0.6842	0.8416	0.8452	0.9564	0.9536	0.7202	0.6074	0.619	0.8406	0.6976	0.7114	0.7442	0.5778	0.5372	0.6394	0.8678	0.6126	0.690426171243942	0.8584	0.8482	0.902010313447927	0.792408702724685	0.803115939665715	0.826598238590873	0.725494894894895	0.7352	0.8954	0.7086	0.7642	0.7086	0.8514	0.955	0.9564	0.87	0.933	0.707133252915159	0.7064	0.765	0.8632	0.928467379463385	0.8426	0.880355374592834	0.719572563176895	0.827757145744896	0.875254063816978	0.9798	0.889000000000001	0.6426	0.9198	0.88	0.6714	0.6596	0.5774	0.9396	0.6438	0.7428	0.8092	0.2194	0.9066	0.757	0.620249098918702	0.8794	0.7658	0.744	0.8812	0.6682	0.721886818273294	0.6276	0.9066	0.7302	0.5238	0.8828	0.7294	0.9518	0.705877502001601
SRR7146685	1	1	1	1	1	1	1	1	1	1	1	1	1	1	1	1	1	1	1	1	1	1	1	1	1	1	1	1	1	1	1	1	1	1	1	1	1	1	1	1	1	1	1	1	1	1	1	1	1	1	1	1	1	1	1	1	1	1	1	1	1	1	1	1	1	1	0.8664	0.912	0.0414	0.0652000000000001	0.4668	0.7028	0.8874	0.4408	0.9628	0.7502	0.9704	0.9482	0.7966	0.3776	0.662750592012844	0.9032	0.231	0.0652	0.522	0.45	0.5272	0.4036	0.2004	0.7048	0.3234	0.617264264264264	0.2656	0.6398	0.839	0.0598000000000001	0.569	0.6558	0.272	0.2846	0.1498	0.9422	0.566719463892778	0.909504356636271	0.841349096748294	0.7462	0.9598	0.165478217225457	0.5506	0.975	0.466198239295718	0.971582939527433	0.96004257852597	0.7486	0.1462	0.3664	0.655937520128824	0.6522	0.7862	0.5038	0.8822	0.66542034579815	0.6302	0.3024	0.3604	0.9788	0.9398	0.808	0.883114114114114	0.9566	0.8988	0.419942571085303	0.9766	0.9702	0.33227225445089	0.2484	0.689	0.9288	0.5064	0.9316	0.436	0.512891900561347	0.7692	0.1286	0.287	0.9518	0.9598	0.9784	0.9584	0.9914	0.9676	0.8216	0.932576278118609	0.107	0.0466	0.9328	0.0468	0.267	0.2102	0.0752	0.7526	0	0.742305082032813	0.897744462279294	0.66	0.931662484823958	0.267847756410256	0.3726	0.5746	0.95696680032077	0.950529617004211	0.7186	0.765036414678163	0.72	0.913	0.828	0.8144	0.9318	0.380204404404404	0.0571993996397839	0.9762	0.662737947589518	0.9808	0.833	0.276	0.419	0.4504	0.8338	0.952620109245398	0.9298	0.942	0.9882	0.8642	0.1124	0.9174	0.4204	0.467126245103526	0.971987187187187	0.9676	0.118028845769154	0.825869713369413	0.335292554043235	0.469730923694779	0.765668269230769	0.4502	0.2498	0.8598	0.3718	0.7156	0.98279759711654	0.3046	0.3462	0.9566	0.063	0.3422	0.5762	0.6472	0.9686	0.1676	0.311	0.9154	0.6964	0.2476	0.9008	0.3108	0.885	0.773245121218193	0.577443259679708	0.5472	0.7356	0.7724	0.2108	0.9198	0.949	0.1364	0.8808	0.712	0.5308	0.731010866491618	0.23345225045009	0.306	0.722325176091769	0.7424	0.4746	0.8038	0.5248	0.1336	0.7232	0.9524	0.6606	0.163	0.5832	0.9778	0.9162	0.9726	0.9828	0.6522	0.5822	0.506	0.8422	0.1226	0.4268	0.0882	0.7678	0.5316	0.439	0.8914	0.2198	0.514878836833603	0.9954	0.9828	0.966470980788675	0.955213176087841	0.916431227068895	0.976998238590873	0.928145345345345	0.3288	0.959	0.6684	0.52	0.2708	0.9884	0.9706	0.9768	0.9702	0.9186	0.80889883393647	0.1842	0.0462	0.96	0.920169739761953	0.9564	0.954488273615635	0.896773124749298	0.971957145744896	0.911978928356412	0.9886	0.9582	0.3928	0.9524	0.9558	0.2736	0.146	0.4284	0.9416	0.164	0.4806	0.9696	0.6948	0.9076	0.327	0.415557228674409	0.9438	0.2368	0.2998	0.9022	0.5548	0.68323570134836	0.7326	0.96	0.939	0.9756	0.97	0.3718	0.9694	0.959179503602882
SRR7146686	1	1	1	1	1	1	1	1	1	1	1	1	1	1	1	1	1	1	1	1	1	1	1	1	1	1	1	1	1	1	1	1	1	1	1	1	1	1	1	1	1	1	1	1	1	1	1	1	1	1	1	1	1	1	1	1	1	1	1	1	1	1	1	1	1	1	0.674943017206883	0.852778151260504	0.719304761904762	0.74610412164866	0.703704281712685	0.573484513805522	0.738562945178071	0.62848131252501	0.861396398559424	0.359345658263305	0.834960384153661	0.935995278111245	0.552158943577431	0.591887474989996	0.488446070782316	0.909597599039616	0.679291556622649	0.737507322929172	0.562235614245698	0.602875470188075	0.713504441776711	0.505835294117647	0.626305722288916	0.753906202480992	0.545902761104442	0.525079461213915	0.737306362545018	0.609280192076831	0.785792957182873	0.753507322929172	0.639304841936775	0.651105642256903	0.705490916366547	0.709305482192877	0.714091236494598	0.79615862344938	0.602469793678624	0.855272321694635	0.81690990326279	0.697175110044018	0.775773669467787	0.736661217387979	0.481268747499	0.724906442577031	0.599439775910364	0.722261511733248	0.878344070126511	0.494160144057623	0.629488995598239	0.670706202480992	0.692070789668525	0.660680272108844	0.720569907963186	0.51868387354942	0.782178391356543	0.524398903107685	0.641072989195678	0.697285954381753	0.682902761104442	0.862772148859544	0.799940136054422	0.640978151260504	0.662804821628351	0.789541896758704	0.90779855942377	0.617536001184615	0.894375590236094	0.878580712284914	0.537022210364442	0.652702200880352	0.688904041616647	0.815758943577431	0.59328331332533	0.861975030012005	0.675298519407763	0.615298164173448	0.649174869947979	0.634107322929172	0.693302921168468	0.956198799519808	0.70448587434974	0.968399599839936	0.90019143657463	0.888559983993597	0.82596006402561	0.575905402160864	0.882170291429455	0.751905162064826	0.720103481392557	0.855388155262105	0.736905082032813	0.630696678671469	0.68130612244898	0.696705482192877	0.565182793117247	0.742305082032813	0	0.760105727684332	0.539481792717087	0.923298497869403	0.673220009157509	0.657481232492997	0.611080352140856	0.653956931609853	0.767193502626637	0.465052661064426	0.653244133025177	0.607466346538615	0.558070028011205	0.637554221688675	0.695157903161265	0.907977190876351	0.71706760782391	0.730486511194432	0.965191756702681	0.552427212133103	0.975994477791116	0.619990956382553	0.672704361744698	0.630877230892357	0.707902921168468	0.643538055222089	0.884756937369324	0.849779511804722	0.701145658263305	0.891159743897559	0.763961104441777	0.737306362545018	0.820580472188875	0.702901880752301	0.537202905784586	0.620183088250315	0.937983033213285	0.655282677183696	0.598118983011124	0.614815021284735	0.522653639769161	0.479067829054699	0.676098919567827	0.658902601040416	0.693995518207283	0.596285394157663	0.549067787114846	0.729087149477332	0.610265466186475	0.478064825930372	0.698086994797919	0.734304361744698	0.530089715886355	0.528450580232093	0.737106922769108	0.804562705082033	0.695902841136455	0.710301480592237	0.777791756702681	0.482664425770308	0.644506762705082	0.625706282513005	0.73670244097639	0.836595838335334	0.626565633265929	0.530477303428973	0.613901960784314	0.141190956382553	0.682570308123249	0.675286034413765	0.824165266106442	0.917991596638655	0.700886114445778	0.872194557823129	0.653662344937975	0.668895558223289	0.500692702853713	0.635668910492783	0.75510300120048	0.550627294588594	0.710976950780312	0.625461464585834	0.786197599039616	0.693681472589035	0.714302921168467	0.604461544617847	0.724509803921569	0.619479391756703	0.628902921168467	0.631086034413765	0.763512925170068	0.748158543417367	0.858559743897559	0.842759743897559	0.650702200880352	0.60630612244898	0.635303161264506	0.833398799519808	0.678502921168467	0.647879871948779	0.70770612244898	0.68479199679872	0.62710612244898	0.550686194477791	0.752785434173669	0.672488755502201	0.626156197535557	0.778112925170068	0.760112925170068	0.927663886585979	0.663470430872634	0.772114553118434	0.71088347268451	0.430899687202208	0.694102360944378	0.839967266906762	0.670481072428972	0.572035534213685	0.676703081232493	0.774112925170068	0.844559743897559	0.855959743897559	0.718535254101641	0.927597679071629	0.633873573554874	0.695900200080032	0.757306202480992	0.899777030812325	0.916572761846316	0.869771508603441	0.865746868780086	0.644794139075606	0.760454697342855	0.830709646893074	0.875759743897559	0.813791356542617	0.60828131252501	0.891789915966387	0.893790156062425	0.652466506602641	0.680706202480993	0.628686194477791	0.938595598239296	0.680884833933573	0.72210300120048	0.695688035214086	0.56948987595038	0.909597519007603	0.734701960784314	0.538843971709629	0.853992236894758	0.690503721488596	0.732905962384954	0.773385914365746	0.449099799919968	0.670566314672377	0.619574069627851	0.895979591836735	0.81054293717487	0.907779591836735	0.760959743897559	0.610484513805522	0.854159743897559	0.770038920291896
SRR7146687	1	1	1	1	1	1	1	1	1	1	1	1	1	1	1	1	1	1	1	1	1	1	1	1	1	1	1	1	1	1	1	1	1	1	1	1	1	1	1	1	1	1	1	1	1	1	1	1	1	1	1	1	1	1	1	1	1	1	1	1	1	1	1	1	1	1	0.659225682182986	0.814594542536116	0.875900802568218	0.893944462279293	0.894893097913322	0.759077367576244	0.840408988764045	0.816178170144462	0.816569823434992	0.716903370786517	0.724807704654896	0.908192937399679	0.724605457463884	0.813900481540931	0.748165311014109	0.913	0.851144462279294	0.915544462279294	0.900737399678973	0.835414767255217	0.86277367576244	0.904944462279293	0.860778170144462	0.897144462279294	0.902744462279294	0.877497842947281	0.906144462279294	0.766771107544141	0.870339967897271	0.914144462279294	0.860496308186196	0.893544462279294	0.835144141252006	0.86513290529695	0.845144141252007	0.829508186195827	0.808248648124488	0.665160001366074	0.726321418422533	0.708878972712681	0.820500802568218	0.795882982943532	0.702475762439808	0.862159229534511	0.761995809559779	0.78238356332575	0.79065149723212	0.682902728731942	0.856144462279294	0.859900802568218	0.730094757329735	0.843930337078652	0.832578170144462	0.781874478330658	0.729694382022472	0.689406260871137	0.801556340288925	0.837346709470305	0.838275120385232	0.795672231139647	0.833874478330658	0.813900802568218	0.845039341106757	0.856918138041734	0.907595505617978	0.788277875665887	0.880931621187801	0.900526163723917	0.837679815256791	0.786281540930979	0.853893739967897	0.834524879614767	0.776544141252006	0.747510112359551	0.833066773675762	0.716923344759365	0.750153451043339	0.916944462279294	0.850426966292135	0.9496	0.76443113964687	0.97	0.88311974317817	0.951730658105939	0.844522311396469	0.72225746388443	0.735280504977892	0.8924886035313	0.875500802568218	0.869126805778491	0.885700802568218	0.830464205457464	0.871900802568218	0.873944462279294	0.804151203852327	0.897744462279294	0.760105727684332	0	0.705157624398074	0.813348892092088	0.749057882660411	0.839971107544141	0.794082825040128	0.693181774300054	0.744640237973466	0.747758587479936	0.694898871898397	0.645179133226324	0.727455216693419	0.76144430176565	0.76610658105939	0.83314606741573	0.744990978137046	0.884122849311513	0.902189727126806	0.729838704498524	0.987592937399679	0.786480898876404	0.853675120385233	0.852814767255217	0.854893739967898	0.73615922953451	0.811714013266487	0.781957303370787	0.850944462279294	0.862776886035313	0.671910433386838	0.897932263242375	0.834621508828251	0.889100802568218	0.737556711976366	0.829807777279687	0.922402247191011	0.874887256745089	0.799029051714735	0.82773666766479	0.789646225350842	0.70884972939046	0.86247062600321	0.905144462279294	0.8086886035313	0.790544141252006	0.622494382022472	0.796026821270597	0.813028571428572	0.813778170144462	0.865395826645265	0.888944462279294	0.825351203852327	0.757031460674157	0.895144462279294	0.870663242375602	0.862144462279294	0.855889245585875	0.923592937399679	0.809221829855538	0.852544462279293	0.790137399678973	0.897744462279293	0.866275120385233	0.421994702824635	0.737027085904572	0.769763402889245	0.776744783306581	0.791963402889246	0.828951203852327	0.852065810593901	0.957795505617978	0.837751203852327	0.766130337078651	0.762367255216693	0.833690529695024	0.723662599737459	0.797292805270524	0.787531621187801	0.674248922775461	0.757467415730337	0.742743499197432	0.859096308186196	0.818763402889246	0.875737399678972	0.79357367576244	0.853073836276084	0.710667415730337	0.863744462279294	0.742960834670947	0.9812	0.827891492776886	0.850778170144462	0.850785232744783	0.823958908507223	0.861978170144462	0.795417335473515	0.895144462279294	0.824300802568218	0.79637367576244	0.868893739967897	0.831496308186196	0.844578170144462	0.777481861958266	0.757918780096308	0.835744141252006	0.713071165370543	0.9958	0.983992937399679	0.744987072890073	0.730158385646595	0.776221209132984	0.759803348296615	0.690827705715346	0.83233290529695	0.849426645264848	0.832021829855538	0.907937399678973	0.844500802568218	0.9918	0.815669020866774	0.85211974317817	0.854772712680578	0.927595505617978	0.728928711805401	0.824881219903692	0.904744462279294	0.863963081861959	0.816433486895811	0.8288886035313	0.786870755146109	0.710894276043548	0.811760844729413	0.739337986715024	0.874220545746389	0.808027608346709	0.827617335473515	0.858560834670947	0.9114	0.764307544141252	0.880744462279294	0.839500802568218	0.966995505617978	0.823151203852327	0.887500802568218	0.780662600321027	0.804020866773676	0.911951845906902	0.881293739967897	0.78794890947789	0.859147672552167	0.892075120385233	0.874293739967897	0.762156340288925	0.744666131621188	0.76130758697504	0.779481540930979	0.837107865168539	0.840331621187801	0.874388764044944	0.777654253611557	0.784055858747993	0.853206420545746	0.791604712341301
SRR7146688	1	1	1	1	1	1	1	1	1	1	1	1	1	1	1	1	1	1	1	1	1	1	1	1	1	1	1	1	1	1	1	1	1	1	1	1	1	1	1	1	1	1	1	1	1	1	1	1	1	1	1	1	1	1	1	1	1	1	1	1	1	1	1	1	1	1	0.679	0.8858	0.65	0.6644	0.6086	0.47	0.8022	0.6114	0.7806	0.5218	0.5298	0.8566	0.5646	0.5382	0.471726791089705	0.9124	0.6344	0.6734	0.6634	0.5986	0.6552	0.6012	0.6502	0.7028	0.5384	0.606933733733734	0.6572	0.4956	0.804	0.6728	0.5674	0.56	0.5852	0.6252	0.6456	0.7732	0.450361712342469	0.85151408308004	0.84813825772782	0.5822	0.6458	0.634509977916081	0.369	0.6446	0.394549579831933	0.599560592711254	0.805576021350852	0.4046	0.657	0.6174	0.572127858293076	0.6346	0.7466	0.4772	0.6954	0.467826135906715	0.5772	0.6528	0.511	0.6754	0.7978	0.665	0.754886886886887	0.7648	0.9068	0.533658470164197	0.8686	0.8302	0.626592878575715	0.6042	0.6284	0.7716	0.5314	0.7442	0.6268	0.563413311948677	0.737	0.6746	0.58	0.9592	0.5254	0.9494	0.8178	0.837	0.7674	0.548	0.918110838445808	0.6618	0.6602	0.944	0.6618	0.5952	0.6574	0.6524	0.617	0.66	0.539481792717087	0.705157624398074	0	0.928363901254553	0.473708974358974	0.5576	0.6192	0.62093488372093	0.843458512131542	0.5248	0.69316551032685	0.4526	0.596	0.7032	0.6758	0.9456	0.495591791791792	0.665599519711827	0.9644	0.502725585117024	0.969	0.6428	0.53	0.5974	0.59	0.6482	0.70083864050172	0.8236	0.6734	0.8402	0.695	0.6096	0.855	0.6074	0.452781645215445	0.802547347347347	0.9742	0.597985077015403	0.758193866506314	0.603363971176942	0.617828915662651	0.662492307692308	0.6364	0.6658	0.6532	0.6118	0.5076	0.791705086103324	0.5988	0.5438	0.791	0.6644	0.6452	0.4332	0.6132	0.7746	0.56	0.5924	0.9162	0.6732	0.6586	0.8226	0.6458	0.7398	0.533431977559608	0.647807135617272	0.5514	0.5182	0.7556	0.6338	0.878	0.922	0.657	0.8828	0.7032	0.4302	0.585862492425773	0.619991318263653	0.6618	0.617241416784061	0.747	0.622	0.8076	0.6228	0.645	0.7026	0.693	0.5254	0.6454	0.6294	0.7796	0.7264	0.8066	0.8106	0.6598	0.575	0.6018	0.8388	0.6306	0.6482	0.6552	0.6922	0.5826	0.546	0.8614	0.6582	0.603994830371567	0.7942	0.7816	0.832608291203235	0.760055957706385	0.782552629433347	0.530141232986389	0.620611811811812	0.5966	0.8492	0.6168	0.6646	0.5182	0.7902	0.809	0.8174	0.7198	0.9298	0.778002653799759	0.4984	0.6726	0.9044	0.919456969941497	0.88	0.842916938110749	0.712175451263538	0.803265049524965	0.866211077664058	0.828	0.6074	0.545	0.9142	0.9416	0.6044	0.6222	0.5798	0.9564	0.6274	0.6538	0.5112	0.5926	0.9118	0.65	0.48500824989988	0.8068	0.545	0.6616	0.8698	0.4412	0.650957456228618	0.6364	0.8792	0.7814	0.8932	0.7692	0.438	0.8014	0.785331305044035
SRR7146690	1	1	1	1	1	1	1	1	1	1	1	1	1	1	1	1	1	1	1	1	1	1	1	1	1	1	1	1	1	1	1	1	1	1	1	1	1	1	1	1	1	1	1	1	1	1	1	1	1	1	1	1	1	1	1	1	1	1	1	1	1	1	1	1	1	1	0.89393808174828	0.920399109672198	0.922394415216511	0.927269526507487	0.66011177660866	0.941587373532983	0.607027114528531	0.770759206798867	0.726118332658843	0.872293484419263	0.958131930392553	0.94957652772157	0.83673808174828	0.916952165115338	0.756338487319858	0.9444484014569	0.94502492917847	0.949257790368272	0.947620234722784	0.927159206798867	0.8818484014569	0.945620234722784	0.903620234722784	0.941462484823958	0.945062484823958	0.929940097928766	0.947662484823958	0.90460145690004	0.933545123431809	0.945220234722784	0.906968595710239	0.94922492917847	0.949231970861999	0.93682492917847	0.949650748684743	0.880882638607851	0.637513905047298	0.699762636656133	0.465409346573606	0.873345123431809	0.641176365843788	0.821166893117359	0.926017887494941	0.963350708215298	0.818283687412642	0.919252597248629	0.590272328378935	0.81993808174828	0.938220234722784	0.86582492917847	0.740649749656401	0.924154512343181	0.820017887494941	0.896079401052206	0.619038850667746	0.821127979617849	0.826794415216512	0.929006151355726	0.886559206798867	0.942040388506677	0.741259166329421	0.695396762444354	0.575058506503266	0.925913638203156	0.943285957102388	0.883924084052623	0.956096721974909	0.958724888709025	0.886607552186277	0.89856155402671	0.612222420072845	0.857831970861999	0.940394415216511	0.737629623634156	0.65573808174828	0.73140807058754	0.66407470659652	0.949669526507487	0.908145123431809	0.950150708215297	0.87171315256981	0.978764791582355	0.888127235936868	0.97137652772157	0.895327235936868	0.836606151355727	0.573785813183439	0.85991177660866	0.921220234722784	0.849421610683934	0.914036665317685	0.825716956697693	0.919462484823958	0.946417887494941	0.942036665317685	0.931662484823958	0.923298497869403	0.813348892092088	0.928363901254553	0	0.90656487044589	0.816559206798867	0.815552165115338	0.877338067858206	0.861776880512562	0.851893484419263	0.842502444843035	0.789352165115338	0.922121651153379	0.782262565762849	0.925787373532983	0.821748360987455	0.835803063281817	0.917047193107447	0.92417652772157	0.858882055650305	0.9898	0.53099150141643	0.93220145690004	0.937359206798867	0.914582679077297	0.928359206798867	0.934450264377727	0.75126620801295	0.943247430190207	0.642081262646702	0.920396762444354	0.935596762444355	0.610608336705787	0.915806151355726	0.866165822364272	0.958472677452848	0.97873662484824	0.917025169501727	0.796597110973157	0.833690019599654	0.844129004890464	0.754150063817203	0.937759206798867	0.941954512343181	0.684361149332254	0.917086442735735	0.680101497369486	0.897072602055692	0.940759206798867	0.93042492917847	0.929261513557264	0.934431970861999	0.933982679077297	0.863323998381222	0.943676568191016	0.859938972076083	0.912396762444355	0.842387373532982	0.943354512343181	0.937152165115338	0.943182679077297	0.906905220558478	0.935610845811413	0.934250748684743	0.824171894679545	0.601398234521462	0.826556859571024	0.900170942938082	0.768029623634156	0.924759206798867	0.919921651153379	0.960421610683934	0.929274220963173	0.424032780250911	0.706817887494941	0.928752165115338	0.564647221442741	0.89388213539106	0.718081262646702	0.77692958992455	0.748822581950627	0.808977984621611	0.886210845811412	0.880217887494941	0.922620234722784	0.761780331849453	0.934075596924322	0.874848887090247	0.907754512343181	0.80136155402671	0.9812	0.887450748684743	0.715346013759611	0.815270902468636	0.84016155402671	0.847782679077297	0.924145123431809	0.93962492917847	0.897794415216511	0.922768595710239	0.908620234722784	0.875010845811412	0.892017887494941	0.919959206798867	0.829420720356131	0.924231970861999	0.598221926855564	0.99797652772157	0.9862	0.404474144770951	0.601724205748044	0.549043507211167	0.849566176615918	0.853433563065291	0.915582679077296	0.846863860785107	0.94502492917847	0.947220234722784	0.904201456900041	0.9918	0.846487333063537	0.88108968029138	0.929294374747066	0.9406484014569	0.853052546654176	0.938904734925131	0.937857790368272	0.817362444354512	0.371476527354186	0.842772318899231	0.414722095526347	0.43274596632611	0.475341084127936	0.419732594666463	0.836934277620397	0.926019263456091	0.935410845811412	0.859468555240793	0.958016916228248	0.878947470659652	0.945582679077297	0.883159206798867	0.959228652367463	0.920316956697693	0.930996762444355	0.941007527316876	0.936980331849454	0.8980484014569	0.852234318089842	0.826611115856227	0.941706110886281	0.94558502630514	0.841255443140429	0.830220720356131	0.905467664912991	0.61027557420149	0.884752165115338	0.909906110886281	0.93002492917847	0.948738972076083	0.779011331444759	0.899759206798867	0.852741319303925	0.579234573413486
SRR7146691	1	1	1	1	1	1	1	1	1	1	1	1	1	1	1	1	1	1	1	1	1	1	1	1	1	1	1	1	1	1	1	1	1	1	1	1	1	1	1	1	1	1	1	1	1	1	1	1	1	1	1	1	1	1	1	1	1	1	1	1	1	1	1	1	1	1	0.735405448717949	0.876764743589744	0.267447756410256	0.262258012820513	0.457168269230769	0.592802884615385	0.813520512820513	0.398972756410257	0.811970192307692	0.659874358974359	0.794174038461539	0.860928205128205	0.653823076923077	0.365765384615385	0.575229337439602	0.911392948717949	0.273447756410256	0.285061858974359	0.52838108974359	0.41578108974359	0.537183653846154	0.415386858974359	0.263247756410256	0.709185897435898	0.342594230769231	0.636430541118041	0.276461858974359	0.526274038461539	0.840982692307692	0.282661858974359	0.563970512820513	0.6608	0.201227564102564	0.250778846153846	0.256648717948718	0.808975961538462	0.517222955809111	0.82485983652872	0.812831562213713	0.68426891025641	0.877723717948718	0.235143987858992	0.461104807692308	0.910738141025641	0.407301382091298	0.898850736268137	0.894942604122252	0.663708012820513	0.265845833333333	0.372966987179487	0.620647141706924	0.632148717948718	0.752765064102564	0.370797115384616	0.789809615384615	0.565521722572763	0.579759294871795	0.289958974358974	0.256008012820513	0.802730128205128	0.86826858974359	0.747960897435897	0.864440041002541	0.829191346153846	0.891970192307693	0.332180748308226	0.874932371794872	0.871446153846154	0.300628715486687	0.191792307692308	0.629166666666667	0.797578205128205	0.452970512820513	0.85850641025641	0.396770833333333	0.461953720981638	0.763315705128205	0.285461858974359	0.225333653846154	0.957585897435897	0.848982692307692	0.959998397435898	0.829957051282051	0.862021794871795	0.822378205128205	0.755676282051282	0.891291096429133	0.263241666666667	0.255234615384615	0.920942628205128	0.266232692307692	0.250558012820513	0.254034615384615	0.266245512820513	0.728786858974359	0.267847756410256	0.673220009157509	0.749057882660411	0.473708974358974	0.90656487044589	0	0.273027243589744	0.534515384615385	0.833320160693356	0.861951048688128	0.64456282051282	0.698285454039477	0.599398076923077	0.844676602564102	0.774289102564102	0.753375	0.913321794871795	0.325479325479325	0.254432507260767	0.960752243589744	0.597199688335103	0.983994230769231	0.779101923076923	0.199134294871795	0.383171474358974	0.40855608974359	0.68944967948718	0.775128694683494	0.800557692307692	0.817414423076923	0.854969551282052	0.745909294871795	0.202661858974359	0.845946153846154	0.429985897435897	0.396607151184481	0.922912215099715	0.957557051282051	0.252430774616462	0.748697976895324	0.319833270462524	0.430070763824529	0.699519230769231	0.433340705128205	0.275848717948718	0.811502884615385	0.354185897435898	0.631425641025641	0.929699052324328	0.288986858974359	0.350766666666667	0.931128846153846	0.262847435897436	0.337183974358974	0.406426923076923	0.611	0.834548397435897	0.160450961538462	0.252957051282051	0.921388141025641	0.675952243589744	0.273448717948718	0.820257371794872	0.2984	0.77046282051282	0.590094341288679	0.544563740663351	0.435520833333334	0.63549391025641	0.745527564102564	0.245248717948718	0.873567948717949	0.952595833333334	0.260448717948718	0.858316666666667	0.683523397435898	0.428064743589744	0.677264273210799	0.226389668959433	0.281741346153846	0.689703767525324	0.709310256410257	0.439289743589744	0.786538782051282	0.487519551282051	0.244445192307692	0.717570512820513	0.913908012820513	0.615673397435897	0.230043269230769	0.557925641025641	0.906310897435897	0.776959935897436	0.843577884615385	0.853572435897436	0.661370512820513	0.593380128205128	0.497370512820513	0.840192307692308	0.239634615384615	0.433364423076923	0.270847756410256	0.754720512820513	0.537572756410257	0.377142628205128	0.858932371794872	0.254041346153846	0.468871680957707	0.925510897435897	0.915505128205128	0.899944866285551	0.85181821618127	0.864974746385901	0.86458686179713	0.801740923615924	0.253962179487179	0.856347115384615	0.6298	0.5268	0.182074038461538	0.931510897435898	0.832570833333333	0.847174038461538	0.821176602564103	0.912570512820513	0.760009501329993	0.235597115384615	0.277047756410256	0.913559935897436	0.899436637453899	0.90848141025641	0.887782014741502	0.828373291369681	0.917624536432337	0.849788439347628	0.859579487179487	0.800544230769231	0.360970512820513	0.917124679487179	0.949383974358974	0.232130128205128	0.273248717948718	0.442570833333333	0.965394230769231	0.244841346153846	0.516985897435898	0.831620192307692	0.679783012820513	0.907551923076923	0.320580128205128	0.344392758489675	0.901919551282051	0.170482692307692	0.294172756410256	0.863922756410257	0.428043269230769	0.652681601893277	0.66732467948718	0.877085256410256	0.805807371794872	0.892529807692308	0.833356730769231	0.219442628205128	0.835167307692308	0.9267032215516
SRR7146692	1	1	1	1	1	1	1	1	1	1	1	1	1	1	1	1	1	1	1	1	1	1	1	1	1	1	1	1	1	1	1	1	1	1	1	1	1	1	1	1	1	1	1	1	1	1	1	1	1	1	1	1	1	1	1	1	1	1	1	1	1	1	1	1	1	1	0.8516	0.9086	0.3452	0.3808	0.3516	0.5872	0.6814	0.2112	0.8392	0.5826	0.8938	0.9	0.6272	0.3312	0.524261368653421	0.909	0.3666	0.3772	0.5074	0.3486	0.435	0.4002	0.2634	0.6918	0.3742	0.632863063063063	0.3754	0.4576	0.853	0.3826	0.5276	0.6468	0.3034	0.3418	0.3564	0.7504	0.440719063812762	0.912049037487335	0.728549096748294	0.74	0.8494	0.375547359967878	0.5376	0.9722	0.376159583833533	0.964969963956748	0.959163128721002	0.6158	0.3656	0.2642	0.656932367149758	0.6522	0.6074	0.3444	0.7512	0.513580217129071	0.4452	0.36	0.253	0.8244	0.8122	0.6622	0.772912712712713	0.7804	0.913	0.297790708850621	0.9042	0.876	0.321792198439688	0.325	0.501	0.77	0.4258	0.8054	0.2788	0.411383640737771	0.6098	0.3796	0.2874	0.9428	0.9104	0.9618	0.795	0.833	0.7918	0.7964	0.924432310838446	0.2936	0.3484	0.9446	0.3464	0.2934	0.3404	0.363	0.7324	0.3726	0.657481232492997	0.839971107544141	0.5576	0.816559206798867	0.273027243589744	0	0.4744	0.948925421010425	0.87593358732705	0.5338	0.729376458792861	0.5916	0.8876	0.8148	0.8414	0.8756	0.367973573573574	0.371393396037623	0.9856	0.586924144828966	0.9808	0.7106	0.2666	0.3088	0.3672	0.6528	0.811273518106413	0.741	0.766	0.8548	0.8272	0.3012	0.7346	0.4136	0.456497929490767	0.908123723723724	0.9638	0.344995959191838	0.771812828222089	0.212724579663731	0.457987951807229	0.71780608974359	0.4374	0.3552	0.7196	0.3216	0.7144	0.97979759711654	0.2722	0.2942	0.9652	0.3694	0.3578	0.4068	0.6068	0.7548	0.272	0.2258	0.9048	0.6198	0.3206	0.7948	0.3608	0.7666	0.622933319975957	0.493586580174336	0.349	0.6168	0.5946	0.3344	0.8236	0.9416	0.3734	0.7648	0.5302	0.412	0.606775237325793	0.355398319663933	0.2996	0.635263151539545	0.6466	0.3696	0.7396	0.3988	0.3628	0.5488	0.9376	0.677	0.3542	0.4546	0.879	0.7546	0.814	0.8308	0.5044	0.446	0.4306	0.8334	0.297	0.3458	0.3006	0.755	0.4406	0.3456	0.8656	0.3658	0.424035541195476	0.8982	0.8892	0.845888776541962	0.94021317608784	0.900352955564615	0.990998238590873	0.897146946946947	0.3072	0.712	0.5992	0.5102	0.2132	0.9042	0.7798	0.798	0.748	0.9318	0.765414153598713	0.3872	0.3706	0.8428	0.811919427072826	0.8686	0.825284690553746	0.723366947452868	0.882857934101476	0.773324342765403	0.844	0.7616	0.3224	0.9528	0.9564	0.3334	0.3514	0.393	0.9622	0.3576	0.4922	0.9462	0.616	0.8702	0.273	0.272180857028434	0.9372	0.2682	0.2636	0.878	0.4954	0.686568323606359	0.6516	0.9048	0.7742	0.9142	0.765	0.254	0.8182	0.957179503602882
SRR7146693	1	1	1	1	1	1	1	1	1	1	1	1	1	1	1	1	1	1	1	1	1	1	1	1	1	1	1	1	1	1	1	1	1	1	1	1	1	1	1	1	1	1	1	1	1	1	1	1	1	1	1	1	1	1	1	1	1	1	1	1	1	1	1	1	1	1	0.7172	0.85	0.5516	0.577	0.5012	0.5158	0.7256	0.445	0.8988	0.5462	0.902	0.9336	0.6104	0.458	0.469023841059603	0.842	0.4636	0.5962	0.5724	0.4916	0.459	0.5596	0.5088	0.6298	0.5424	0.598226626626627	0.5768	0.5222	0.8174	0.5916	0.5128	0.5834	0.5446	0.4838	0.5506	0.847	0.44978823764753	0.861496251266464	0.702528863910076	0.6512	0.8678	0.547322947199357	0.4606	0.9458	0.450980472188875	0.868521185422507	0.913453171833299	0.5542	0.5366	0.464	0.565820289855073	0.489	0.6312	0.4324	0.7442	0.496355126658625	0.4264	0.5294	0.4494	0.881	0.8084	0.6214	0.751278078078078	0.8326	0.8426	0.473683940728875	0.8798	0.9002	0.466373314662933	0.5008	0.5654	0.8508	0.4052	0.8068	0.4538	0.48387056936648	0.5992	0.5992	0.461	0.8792	0.8656	0.9658	0.8944	0.9076	0.8874	0.7628	0.851513292433538	0.5184	0.5542	0.9036	0.5526	0.4568	0.4404	0.545	0.6992	0.5746	0.611080352140856	0.794082825040128	0.6192	0.815552165115338	0.534515384615385	0.4744	0	0.875430152365678	0.782783116101865	0.5216	0.620612953679567	0.5686	0.8074	0.7104	0.7842	0.8072	0.532372372372372	0.567778507104263	0.8934	0.507922224444889	0.971	0.7186	0.5164	0.5084	0.4794	0.6922	0.897661339267651	0.715	0.8386	0.9132	0.7316	0.568	0.832	0.4812	0.5022	0.891162362362362	0.8696	0.535189797959592	0.721016355983163	0.462776301040833	0.50960562248996	0.630590064102564	0.3676	0.5254	0.72	0.4602	0.6284	0.91316924309171	0.508	0.4894	0.8824	0.5718	0.5282	0.3894	0.566	0.838	0.5222	0.4046	0.8268	0.5662	0.4764	0.8274	0.5148	0.8604	0.654308795832499	0.426902574498277	0.4178	0.6082	0.6406	0.4974	0.875	0.9426	0.5398	0.746	0.5614	0.516	0.58532979196122	0.480594398879776	0.421	0.550263876031395	0.5286	0.368	0.6802	0.5146	0.5486	0.5908	0.9182	0.6076	0.5446	0.372	0.9686	0.8096	0.899	0.883	0.5444	0.4274	0.4582	0.761	0.5032	0.463	0.5394	0.7018	0.4386	0.4392	0.7688	0.5296	0.463319547657512	0.9824	0.9652	0.816459858442871	0.719789345262302	0.843233428454953	0.939793594875901	0.780938138138138	0.5104	0.7152	0.6	0.5784	0.5092	0.9792	0.8786	0.8744	0.867	0.8658	0.655171290711701	0.5774	0.5818	0.8292	0.803592777889853	0.8192	0.808611726384365	0.768159647011632	0.805785041439256	0.716032229580574	0.927	0.8996	0.5556	0.8978	0.9008	0.4846	0.5438	0.4776	0.945	0.5188	0.568	0.8622	0.6256	0.795	0.4134	0.390018342010413	0.8764	0.5728	0.4252	0.7726	0.4884	0.6297096800161	0.5436	0.8796	0.8334	0.8872	0.8518	0.5188	0.871	0.868177742193755
SRR7146694	1	1	1	1	1	1	1	1	1	1	1	1	1	1	1	1	1	1	1	1	1	1	1	1	1	1	1	1	1	1	1	1	1	1	1	1	1	1	1	1	1	1	1	1	1	1	1	1	1	1	1	1	1	1	1	1	1	1	1	1	1	1	1	1	1	1	0.744472012830794	0.896456134723336	0.949125421010425	0.960969687249398	0.908328307939054	0.818078748997594	0.920920128307939	0.919525421010425	0.863581555733761	0.724200801924619	0.583500721732157	0.931761026463512	0.78282437850842	0.82824073777065	0.587499543355186	0.973754290296712	0.916675862068965	0.983572574178027	0.965969687249398	0.923360545308741	0.964522534081796	0.90256343223737	0.961525421010425	0.972566319165998	0.76596343223737	0.882441182160509	0.968167281475541	0.868437850842021	0.88393023255814	0.979172574178027	0.863522534081797	0.878560545308741	0.943085004009623	0.94196680032077	0.949087890938252	0.892760545308741	0.7466421512049	0.829947740839413	0.866678100504237	0.578332959101844	0.555121571772254	0.876446978067579	0.599043143544507	0.404168404170008	0.646547953584	0.26589525714739	0.769684483573551	0.578392141138733	0.932687890938252	0.904128307939054	0.848804118612528	0.893044587008821	0.922516279069768	0.867241218925421	0.756941619887731	0.740431398041266	0.90911050521251	0.928673937449879	0.909551403368083	0.610363271852446	0.8571084202085	0.791840737770649	0.664605664204702	0.886656134723336	0.973365838011227	0.863794693166684	0.92790040096231	0.919712429831596	0.893113787151977	0.876520128307939	0.932525421010425	0.888410425020048	0.858075380914194	0.644598396150762	0.907679230152366	0.809743384121893	0.807739695268645	0.983772574178027	0.943319647153168	0.970766319165999	0.204733119486768	0.98016680032077	0.914151403368083	0.961391339214114	0.863606094627105	0.395714835605453	0.860701347856533	0.956723015236568	0.941372574178027	0.89035461106656	0.949922534081796	0.844711948676824	0.936934562951083	0.94196343223737	0.773881635926223	0.95696680032077	0.653956931609853	0.693181774300054	0.62093488372093	0.877338067858206	0.833320160693356	0.948925421010425	0.875430152365678	0	0.80131348724004	0.763200801924619	0.828982620249698	0.662828548516439	0.344897193263833	0.792783480352847	0.753221972734563	0.87164410585405	0.714478271374823	0.952550961210247	0.924775461106656	0.80898998564749	0.988597113071371	0.66611724137931	0.93875044105854	0.951960545308741	0.941913392141139	0.875269125902165	0.804690756095025	0.846236888532478	0.798471531676022	0.917824859663192	0.755669125902165	0.962964394546912	0.905716279069767	0.916125902165197	0.659537450597719	0.469024597974077	0.948686928628709	0.884316879414375	0.876318839699143	0.893463126555775	0.887097870229917	0.770757028406638	0.93433023255814	0.956935044105854	0.712888853247794	0.901051323175622	0.674684683239775	0.565233291979244	0.921478748997594	0.748637369687249	0.473422133119487	0.955772574178027	0.919678748997594	0.817639775461107	0.970569687249399	0.836353327987169	0.940363432237369	0.937716279069768	0.965557177225341	0.912866720128308	0.952766319165999	0.891048436246993	0.958739374498797	0.957757658380112	0.740243665542644	0.846473214205884	0.871516279069767	0.62334707297514	0.889519165998396	0.924075862068966	0.934128789093825	0.934721571772253	0.92808067361668	0.873959422614274	0.87564073777065	0.886093664795509	0.548810621557178	0.848224095500736	0.900962309542903	0.747148075889279	0.853886287089014	0.833815236567762	0.943118203688853	0.914128307939054	0.94236680032077	0.884043624699278	0.219369526864475	0.655453247794707	0.922357658380112	0.860025340817963	0.761172574178027	0.846751403368083	0.889403207698476	0.901230633520449	0.924122534081796	0.880722052927025	0.91356343223737	0.965957177225341	0.909046511627907	0.929916279069767	0.959328307939054	0.809519647153168	0.870728307939053	0.876881635926223	0.838465597433841	0.925287890938252	0.836619680447938	0.751197113071371	0.7214	0.799344513789617	0.671006430072271	0.752642951317977	0.458003772705414	0.405473556957117	0.919954771451484	0.887719165998396	0.929560545308741	0.973172574178027	0.916525421010425	0.7522	0.903594065757819	0.905230633520449	0.830352846832398	0.967362951082598	0.854206186524377	0.803905693664796	0.972572574178027	0.86084410585405	0.877340517382934	0.85962437850842	0.782074046114584	0.669519321300926	0.561690405872416	0.828965032835779	0.912032076984763	0.584386848436247	0.853966319165998	0.838960384923817	0.894271531676023	0.840212349639134	0.92296343223737	0.832813311948677	0.949929270248597	0.897648917401764	0.944728789093825	0.260317080994387	0.859274418604651	0.952116279069768	0.956531676022454	0.793300477011869	0.813161507618284	0.962539374498797	0.942534562951083	0.835056455493184	0.795436888532478	0.854429620826349	0.849835445068164	0.885065757818765	0.915479230152366	0.91350040096231	0.832509863672815	0.87012060946271	0.884389735364876	0.714757531767194
SRR7146696	1	1	1	1	1	1	1	1	1	1	1	1	1	1	1	1	1	1	1	1	1	1	1	1	1	1	1	1	1	1	1	1	1	1	1	1	1	1	1	1	1	1	1	1	1	1	1	1	1	1	1	1	1	1	1	1	1	1	1	1	1	1	1	1	1	1	0.69702430318829	0.833118147182675	0.92133065971526	0.948725967515541	0.90959562863445	0.863529095648686	0.774788851012633	0.83793358732705	0.933695728895127	0.731858191297374	0.661712211750551	0.959126488871065	0.535565390014036	0.810129095648687	0.845389664743827	0.962133266492881	0.907133787848406	0.969331702426309	0.957931702426309	0.914870703829958	0.894532023260477	0.95893065971526	0.906072789252055	0.952334830559455	0.946134830559455	0.930684163208727	0.948734830559455	0.859875917385202	0.925732223781833	0.967729617004211	0.890330138359736	0.955334830559455	0.800522839382394	0.931533787848406	0.843734830559455	0.903776338480048	0.843513639563686	0.851045626430137	0.804012552266563	0.763034730298777	0.845599799478645	0.914560269871713	0.768667054341287	0.92354265089232	0.858555934906547	0.899397865768579	0.921381138074576	0.7654725887307	0.907927531582114	0.873736715460196	0.853607503502666	0.904522839382394	0.862328373771807	0.810262362141568	0.793985722879487	0.666904599324548	0.859127331060758	0.883527010226589	0.909323360737919	0.821989051533988	0.683952155604572	0.822591457790255	0.848831948049915	0.810523882093443	0.961933266492881	0.874378510278105	0.723349869661119	0.92358800882294	0.888314619009625	0.879531702426308	0.869787808301584	0.916417004210949	0.820072789252055	0.589668337677963	0.860788851012633	0.846613544855759	0.776705434128735	0.97033065971526	0.911722839382394	0.953730138359735	0.780784479647082	0.980797393222378	0.926100942450371	0.97499635051133	0.919300421094847	0.862311690395027	0.697863975989925	0.909781552035292	0.929531702426308	0.922822217766192	0.924128052937638	0.846973210346902	0.862734830559455	0.904328574293162	0.683095648686585	0.950529617004211	0.767193502626637	0.744640237973466	0.843458512131542	0.861776880512562	0.861951048688128	0.87593358732705	0.782783116101865	0.80131348724004	0	0.681514818528173	0.76699418488069	0.518162582715059	0.908101463805895	0.903420132344094	0.84652231802687	0.829890836174053	0.891178244617186	0.937909406963609	0.95870563465009	0.544206976546703	0.9898	0.838974253057951	0.929928574293162	0.934272789252055	0.912071746541007	0.794067054341287	0.922777899455436	0.614539242029276	0.889128052937638	0.957893122117506	0.777112933627431	0.956319711249248	0.844329416482856	0.93393065971526	0.844278504077025	0.661226817352745	0.908598435933427	0.922718612300764	0.882511446980027	0.85769847078786	0.912341445187206	0.795780407264015	0.935333787848406	0.946129095648687	0.874724724283136	0.701871746541007	0.66337457389212	0.807161013508972	0.836872789252055	0.881472789252056	0.72293900140365	0.944325446160016	0.833919189893724	0.631580509324243	0.965931702426309	0.873166432725085	0.931128574293162	0.895389372368157	0.96533065971526	0.888466532985763	0.902872789252056	0.667829436534991	0.960333787848406	0.94733065971526	0.818817565220766	0.819528706930742	0.820926809705234	0.810466011630238	0.825328895127331	0.838929095648687	0.916272267896531	0.965394265089232	0.842127010226589	0.858685622618809	0.811438179266092	0.901260798074995	0.835474111097255	0.857484390401241	0.881692400240626	0.626894445582665	0.826485101263285	0.806634008421897	0.875135151393624	0.887932544616002	0.93272596751554	0.81692993783838	0.933185402045318	0.653247162622819	0.929923360737919	0.790829837577702	0.9812	0.908238901142972	0.943896771606176	0.929300942450371	0.850326288349709	0.88673358732705	0.906471225185482	0.946329095648687	0.865729617004211	0.900471225185482	0.909272789252055	0.859924403448967	0.853736715460197	0.804266011630239	0.819022739121717	0.78592596751554	0.856257327209064	1	0.9862	0.791825135645905	0.757210430731125	0.876360559468479	0.841402779331948	0.703357377831009	0.914127010226589	0.863589893723682	0.917674353318628	0.963931702426309	0.892531702426308	0.9918	0.912635773009825	0.929702506516944	0.896437858431923	0.95613065971526	0.749876095217892	0.94268165229597	0.958331702426308	0.814459755363946	0.872819704441149	0.758200320834169	0.843026927013493	0.807894106707122	0.881729164515835	0.799814657583931	0.952877481451775	0.904526488871065	0.929472789252055	0.911429516743533	0.917388530178464	0.77012596751554	0.931131702426308	0.854993543212352	0.96399165831161	0.820524924804492	0.941533787848406	0.848103870062162	0.691831000601564	0.909731702426308	0.912791457790255	0.831248992675309	0.93772231802687	0.967331181070784	0.893992500501304	0.826418046921997	0.869120753960297	0.922160668654178	0.766312933627431	0.869289993984359	0.746727010226589	0.70855716863846	0.886439422498496	0.845654020453179	0.941297814317225	0.778453482657793
SRR7146697	1	1	1	1	1	1	1	1	1	1	1	1	1	1	1	1	1	1	1	1	1	1	1	1	1	1	1	1	1	1	1	1	1	1	1	1	1	1	1	1	1	1	1	1	1	1	1	1	1	1	1	1	1	1	1	1	1	1	1	1	1	1	1	1	1	1	0.6366	0.8118	0.6926	0.7218	0.6266	0.4984	0.7276	0.4674	0.8508	0.1998	0.7066	0.8886	0.4346	0.4352	0.403874533413606	0.8672	0.6054	0.7306	0.71	0.5282	0.5922	0.644	0.585	0.6848	0.578	0.6162996996997	0.7166	0.415	0.7642	0.7376	0.5894	0.5838	0.5278	0.639	0.598	0.8246	0.491769593918784	0.884351367781155	0.705268727418707	0.5384	0.7582	0.70711836980526	0.4624	0.819	0.502951260504202	0.770165158189828	0.850529213713817	0.419	0.6626	0.5734	0.667268921095008	0.5666	0.5268	0.5568	0.6964	0.247927704061118	0.4246	0.6386	0.593	0.7616	0.849	0.5686	0.679082282282282	0.7192	0.8648	0.52820224269123	0.747	0.86	0.591381476295259	0.6198	0.5832	0.8426	0.4696	0.673	0.6048	0.497926222935044	0.5018	0.7324	0.5924	0.9036	0.7586	0.9466	0.8506	0.9134	0.833	0.6406	0.751910838445808	0.6666	0.6894	0.8748	0.6966	0.5634	0.6468	0.7002	0.446	0.7186	0.465052661064426	0.747758587479936	0.5248	0.851893484419263	0.64456282051282	0.5338	0.5216	0.763200801924619	0.681514818528173	0	0.578607860437137	0.4238	0.7112	0.6964	0.716	0.8324	0.67195015015015	0.71459255553332	0.9634	0.556964352870574	0.9832	0.595	0.603	0.5396	0.5974	0.528	0.861869552903095	0.5856	0.6424	0.899	0.6566	0.6716	0.7892	0.619	0.51322204812535	0.621924524524525	0.8628	0.631979675935187	0.722526398075767	0.478757085668535	0.68230281124498	0.547786217948718	0.6614	0.6384	0.5956	0.463	0.4406	0.677598638366039	0.4746	0.4518	0.6756	0.7146	0.5968	0.522	0.646	0.7638	0.6258	0.5626	0.8532	0.5336	0.6142	0.6232	0.6568	0.8198	0.595031977559607	0.594263855665923	0.5024	0.4346	0.5578	0.5544	0.7126	0.8826	0.6134	0.7488	0.4972	0.6072	0.49611601696627	0.612981836367274	0.626	0.312443751257798	0.5948	0.4686	0.6938	0.5318	0.656	0.4534	0.7964	0.504	0.673	0.5062	0.8334	0.7586	0.8742	0.8574	0.5692	0.4902	0.554	0.7876	0.6074	0.5422	0.6516	0.6418	0.5038	0.5062	0.7762	0.552	0.571423909531503	0.848	0.8358	0.81758806875632	0.729406100040667	0.774037668161435	0.837197918334668	0.688491691691692	0.63	0.623	0.5218	0.7146	0.59	0.844	0.865	0.8708	0.7488	0.88	0.590226618415762	0.6632	0.7282	0.793	0.843954609642929	0.733	0.773647882736156	0.57202551143201	0.717665009096422	0.786387196467991	0.89	0.7838	0.496	0.8304	0.8448	0.581	0.6578	0.5246	0.9264	0.594	0.683	0.756	0.4146	0.8208	0.608	0.408115738886664	0.845	0.6654	0.6096	0.789	0.5424	0.648174522036627	0.5148	0.8242	0.7026	0.7354	0.7538	0.6146	0.8686	0.692265332265813
SRR7146698	1	1	1	1	1	1	1	1	1	1	1	1	1	1	1	1	1	1	1	1	1	1	1	1	1	1	1	1	1	1	1	1	1	1	1	1	1	1	1	1	1	1	1	1	1	1	1	1	1	1	1	1	1	1	1	1	1	1	1	1	1	1	1	1	1	1	0.478323481050732	0.79377132544616	0.744012953679567	0.761247884499699	0.766023380790054	0.388511289352316	0.824964026468819	0.708935271706437	0.81721523962302	0.596426829757369	0.792915139362342	0.919557248847002	0.605130780028073	0.62841816723481	0.639370692115776	0.9136	0.713835893322639	0.782449448566272	0.758241106877883	0.609574373370764	0.758386364547824	0.764225987567676	0.751776458792861	0.775846320433126	0.758234329256066	0.734377610014265	0.772242670944456	0.683130058151193	0.82878331662322	0.780249448566272	0.743821295367957	0.759444235011029	0.642941327451374	0.735059354321235	0.658551754561861	0.787033687587728	0.706739783890205	0.815622868698738	0.693994027184449	0.568271465811109	0.925290515339884	0.679118247093115	0.668549348305595	0.932500942450371	0.705318341493405	0.883204541660139	0.847823227684116	0.674690956486866	0.714439542811309	0.734771245237618	0.621161840430853	0.609432765189493	0.75231032684981	0.635857589733307	0.851521796671345	0.521035512598135	0.689769681171045	0.69463485061159	0.687922759173852	0.754697413274514	0.927161941046722	0.767161941046722	0.835798260662909	0.727562061359535	0.9098	0.677272763409936	0.781202205734911	0.87909364347303	0.709362445980273	0.696987407258873	0.729035893322639	0.793115861239222	0.475134750350912	0.779589171846802	0.716827030278725	0.636659725872674	0.657483737718067	0.785449448566272	0.720833286545017	0.955186966111891	0.905681130940445	0.968398435933427	0.859478002807299	0.875494686184078	0.813894686184079	0.715030038099058	0.722543972200933	0.775844756366553	0.749428072989774	0.862729095648687	0.761644756366553	0.70197750150391	0.762246320433126	0.756056226188089	0.627922037296972	0.765036414678163	0.653244133025177	0.694898871898397	0.69316551032685	0.842502444843035	0.698285454039477	0.729376458792861	0.620612953679567	0.828982620249698	0.76699418488069	0.578607860437137	0	0.599054261078805	0.753582073390816	0.363257669941849	0.772527531582114	0.847377060356928	0.675096191037639	0.75762104545663	0.66319165831161	0.67816438763991	0.972	0.778921275315821	0.709830158411871	0.635374373370764	0.735176458792862	0.680822217766192	0.864571373331131	0.768226709444556	0.824043593342691	0.841657990776018	0.731511890916382	0.764446320433126	0.899910848205334	0.760219731301384	0.614401472928663	0.806970515733299	0.9114	0.742408517797404	0.678669089643094	0.712523537980174	0.630131796486125	0.57064525619174	0.719646320433126	0.769841106877883	0.826279045518348	0.609271987166633	0.544873350711851	0.830199447678903	0.639974373370764	0.700969681171045	0.804028273511129	0.757049448566272	0.664044756366553	0.673219731301383	0.757044235011029	0.850860276719471	0.727621295367957	0.724246320433126	0.909783316623221	0.685364467615801	0.732789492680971	0.725197513535191	0.768659354321235	0.831709805494285	0.580129856360257	0.630641980115257	0.663751955083216	0.657863324644075	0.706525446160016	0.649628072989774	0.866140044114698	0.950984880689793	0.656859354321235	0.786734630038099	0.660183757770202	0.689196270302787	0.628508369387148	0.67680261538572	0.693217966713455	0.525678375771371	0.653641427712051	0.637959254060557	0.790127010226589	0.7385451774614	0.747447884499699	0.681159775416082	0.921722839382394	0.58866677361139	0.7370265089232	0.649574894726288	0.975384880689793	0.77548165229597	0.840679366352516	0.838086143974333	0.721976458792862	0.740952997794265	0.710552997794265	0.833998435933427	0.69843485061159	0.726161339482655	0.749776458792861	0.720170282735111	0.734569681171045	0.63876551032685	0.779196149989974	0.640131943051935	0.61490047791463	0.989984880689794	0.971984880689793	0.79003236524164	0.780923569234463	0.822501651460532	0.891238276364023	0.748210893869606	0.709847884499699	0.569105113294566	0.733156647282936	0.768041106877882	0.71763120112292	0.985984880689794	0.803207940645679	0.813497092440345	0.82522430318829	0.928998435933427	0.600751015769267	0.74336551032685	0.776828072989773	0.861099378383798	0.843397028360079	0.776744335271706	0.806003916371491	0.755747253327967	0.862320748317974	0.624007609429309	0.867496571084821	0.860970082213756	0.729730058151193	0.847145578504111	0.898965069179868	0.6688265089232	0.741624423501103	0.712429637056346	0.955173410868257	0.642203569280128	0.75742285943453	0.913703027872468	0.624675115299779	0.913371846801684	0.743036414678163	0.660243344750818	0.537124924804492	0.733960818127131	0.755846320433126	0.7825945859234	0.653693041908964	0.669885191132687	0.642018167234811	0.807790615600561	0.700202205734911	0.811275716863846	0.771800641668338	0.678700340886304	0.813077280930419	0.736771450446902
SRR7146699	1	1	1	1	1	1	1	1	1	1	1	1	1	1	1	1	1	1	1	1	1	1	1	1	1	1	1	1	1	1	1	1	1	1	1	1	1	1	1	1	1	1	1	1	1	1	1	1	1	1	1	1	1	1	1	1	1	1	1	1	1	1	1	1	1	1	0.538	0.7892	0.7078	0.7148	0.5718	0.5634	0.742	0.5686	0.9058	0.5154	0.575	0.9056	0.49	0.5552	0.588069757174393	0.9128	0.659	0.7364	0.712	0.671	0.676	0.6846	0.6914	0.738	0.6958	0.659957357357357	0.7304	0.6024	0.7926	0.7386	0.6328	0.698	0.5784	0.699	0.6148	0.8956	0.484181556311262	0.819498074974671	0.639050662384584	0.4478	0.6308	0.701326761694439	0.4496	0.7924	0.444959983993597	0.778148578293953	0.842938328885239	0.4244	0.672	0.6094	0.650086956521739	0.6464	0.6626	0.6266	0.591	0.476170004020909	0.5924	0.6486	0.6864	0.6936	0.6858	0.569	0.719705105105105	0.7778	0.9078	0.63813608329996	0.7968	0.9108	0.625177155431086	0.623	0.5824	0.8856	0.5506	0.498	0.569	0.614248917401764	0.5458	0.7376	0.6872	0.953	0.6178	0.9784	0.9322	0.9578	0.8984	0.6634	0.737841308793456	0.6428	0.6944	0.9142	0.701	0.5762	0.6852	0.7068	0.5368	0.72	0.607466346538615	0.645179133226324	0.4526	0.789352165115338	0.599398076923077	0.5916	0.5686	0.662828548516439	0.518162582715059	0.4238	0.599054261078805	0	0.6976	0.7488	0.6732	0.8068	0.575979379379379	0.709992675605363	0.9614	0.479570594118824	0.9798	0.5638	0.695	0.6978	0.6924	0.684	0.811621849079507	0.5754	0.8154	0.9562	0.5826	0.7216	0.7532	0.6662	0.563918970341354	0.730134734734735	0.9108	0.650589317863573	0.766394307476448	0.575471577261809	0.678311646586345	0.567046474358974	0.7012	0.7228	0.6138	0.539	0.4068	0.701510452543052	0.6046	0.636	0.7346	0.7086	0.604	0.5452	0.7302	0.8368	0.6954	0.6124	0.9062	0.6478	0.7074	0.7318	0.7344	0.8684	0.594143618513324	0.584745712548145	0.5726	0.6304	0.606	0.6074	0.8958	0.9442	0.6144	0.7316	0.554	0.6688	0.516337790345385	0.625582196439288	0.6352	0.467118414167841	0.5858	0.5916	0.753	0.634	0.6972	0.527	0.7644	0.3984	0.6836	0.5638	0.9448	0.8342	0.927	0.9378	0.6082	0.597	0.6762	0.84	0.6402	0.6774	0.6878	0.6934	0.6112	0.6048	0.817	0.5498	0.619205169628433	0.962	0.9426	0.723649747219414	0.781205774705165	0.808365919282511	0.692593434747798	0.709800600600601	0.6698	0.7826	0.6838	0.7232	0.6618	0.9554	0.9416	0.9432	0.8922	0.9274	0.675959388821874	0.6114	0.7308	0.7218	0.780401452491427	0.7182	0.749564495114007	0.678222623345367	0.766819405700425	0.703742845675296	0.944	0.7688	0.6614	0.89	0.9052	0.5476	0.6746	0.5886	0.9528	0.6064	0.7218	0.6794	0.5346	0.8712	0.6308	0.566276491790148	0.8018	0.7302	0.6094	0.8292	0.5668	0.664146347353592	0.555	0.8716	0.7466	0.7924	0.876	0.6318	0.9192	0.779474139311449
SRR7146700	1	1	1	1	1	1	1	1	1	1	1	1	1	1	1	1	1	1	1	1	1	1	1	1	1	1	1	1	1	1	1	1	1	1	1	1	1	1	1	1	1	1	1	1	1	1	1	1	1	1	1	1	1	1	1	1	1	1	1	1	1	1	1	1	1	1	0.5778	0.8742	0.9064	0.9084	0.8678	0.6808	0.8476	0.8638	0.8436	0.636	0.737	0.9048	0.7402	0.7796	0.581270760585992	0.9234	0.8688	0.9184	0.8974	0.8146	0.9224	0.8452	0.9108	0.9264	0.7154	0.837721121121121	0.9104	0.826	0.8516	0.9214	0.8296	0.823	0.873	0.8796	0.8868	0.7466	0.703564832966593	0.853662006079027	0.882364592533119	0.699	0.6612	0.885298534430837	0.6088	0.4054	0.605143177270908	0.366250941129355	0.819336193800041	0.5878	0.8762	0.863	0.815773268921095	0.8076	0.8946	0.7802	0.7898	0.748479694410937	0.8498	0.8802	0.8538	0.7068	0.8968	0.7972	0.657151551551551	0.732	0.9216	0.826288986784141	0.8858	0.8876	0.850787157431486	0.8242	0.874	0.7378	0.745	0.7408	0.8794	0.835007056936648	0.8208	0.9198	0.8732	0.9628	0.369	0.9668	0.9014	0.783	0.7884	0.4022	0.890841308793456	0.9148	0.8974	0.9344	0.9062	0.8344	0.9058	0.8968	0.7418	0.913	0.558070028011205	0.727455216693419	0.596	0.922121651153379	0.844676602564102	0.8876	0.8074	0.344897193263833	0.908101463805895	0.7112	0.753582073390816	0.6976	0	0.625	0.7642	0.92	0.74178958958959	0.914399279567741	0.9108	0.845795199039808	0.972	0.636	0.8606	0.8334	0.8958	0.8218	0.789344446692292	0.8692	0.695	0.861	0.764	0.8998	0.9174	0.8736	0.648126804700615	0.49136956956957	0.955	0.838384676935387	0.679421848065745	0.85315292233787	0.829865060240964	0.739413782051282	0.8636	0.9082	0.6668	0.8678	0.755	0.540097797356828	0.858	0.7122	0.4698	0.9004	0.8738	0.8228	0.8986	0.7832	0.8822	0.8714	0.908	0.8538	0.888	0.8508	0.9122	0.8672	0.695352234021238	0.863823434015812	0.844	0.5388	0.8808	0.8752	0.9	0.9414	0.8872	0.8938	0.8816	0.8028	0.555310321147243	0.850194038807761	0.9194	0.764501267860736	0.8818	0.8658	0.9094	0.8778	0.8986	0.8472	0.3632	0.7018	0.8928	0.8722	0.7546	0.6808	0.7926	0.7942	0.8786	0.8322	0.8206	0.912	0.8642	0.8428	0.9088	0.8018	0.8316	0.8064	0.841	0.8802	0.839533117932148	0.7482	0.7134	0.879739332659252	0.747858641724278	0.803281451284142	0.577416813450761	0.359253453453454	0.8518	0.8406	0.8872	0.9066	0.8614	0.7522	0.7906	0.7848	0.6898	0.9304	0.824950140731805	0.7612	0.923	0.9018	0.919794512810167	0.846	0.834002931596091	0.703635058162856	0.633678107944209	0.809330483644391	0.809	0.6816	0.803	0.9012	0.9188	0.8812	0.8618	0.811	0.952	0.866	0.9148	0.4466	0.803	0.9224	0.8742	0.77503780536644	0.7374	0.8628	0.897	0.8352	0.7622	0.827073455423626	0.8042	0.9074	0.763	0.9236	0.7268	0.823	0.756	0.767258446757406
SRR7146701	1	1	1	1	1	1	1	1	1	1	1	1	1	1	1	1	1	1	1	1	1	1	1	1	1	1	1	1	1	1	1	1	1	1	1	1	1	1	1	1	1	1	1	1	1	1	1	1	1	1	1	1	1	1	1	1	1	1	1	1	1	1	1	1	1	1	0.5382	0.8894	0.8244	0.8274	0.7802	0.4736	0.8298	0.8206	0.8032	0.6682	0.8972	0.936	0.658	0.732	0.621755047160345	0.9126	0.8096	0.8488	0.8284	0.692	0.8416	0.7706	0.834	0.846	0.7602	0.770536336336336	0.836	0.7936	0.8128	0.8436	0.759	0.7676	0.8234	0.82	0.831	0.7434	0.707394198839768	0.801849037487335	0.771713689281413	0.7532	0.8636	0.741678699056414	0.7282	0.8722	0.688977991196479	0.801716860232279	0.814913323752823	0.7036	0.8244	0.7908	0.705703703703704	0.6932	0.8032	0.7038	0.8394	0.658867229593888	0.758	0.8172	0.7416	0.8614	0.857	0.7364	0.759057657657658	0.7636	0.9098	0.73087817380857	0.8846	0.8956	0.794592518503701	0.7742	0.8012	0.7296	0.5916	0.911	0.7862	0.702682598235766	0.726	0.8472	0.7948	0.957	0.8346	0.969	0.8522	0.8142	0.7736	0.6576	0.854690797546012	0.8318	0.8172	0.8736	0.8272	0.7544	0.8296	0.841	0.7532	0.828	0.637554221688675	0.76144430176565	0.7032	0.782262565762849	0.774289102564102	0.8148	0.7104	0.792783480352847	0.903420132344094	0.6964	0.363257669941849	0.7488	0.625	0	0.7536	0.8874	0.764536936936937	0.81778475085051	0.6328	0.805997359471895	0.9716	0.642	0.7748	0.716	0.8168	0.7734	0.877963827635039	0.8952	0.7702	0.8068	0.8382	0.8222	0.9126	0.7896	0.677763514269726	0.862566166166166	0.9736	0.761986077215443	0.590183523752255	0.777957245796637	0.707574297188755	0.501964423076923	0.7902	0.832	0.6052	0.8006	0.6744	0.680166119343212	0.8082	0.7476	0.839	0.824	0.828	0.7532	0.8262	0.76	0.7908	0.7922	0.9028	0.8022	0.837	0.8524	0.831	0.838	0.648052133840914	0.723606122035273	0.7638	0.6296	0.7968	0.8138	0.8864	0.9404	0.8186	0.8172	0.7752	0.7714	0.648362472227833	0.77098775755151	0.772	0.671152586033407	0.7574	0.7428	0.8268	0.8324	0.816	0.7862	0.8468	0.7708	0.8036	0.7726	0.9004	0.6812	0.7856	0.7922	0.8194	0.7528	0.7492	0.8408	0.8192	0.7842	0.8324	0.7104	0.7582	0.747	0.801	0.8116	0.716994830371567	0.915	0.897	0.884835389282103	0.754832858885726	0.764100937627395	0.703441793434748	0.663380580580581	0.7816	0.6118	0.8376	0.8348	0.783	0.911	0.7878	0.7836	0.7174	0.931	0.699764374748693	0.7748	0.8402	0.9304	0.844591042969538	0.8532	0.672386970684039	0.74576526273566	0.697805093996362	0.662408508930363	0.8072	0.8322	0.7518	0.846	0.9414	0.797	0.8042	0.75	0.949	0.8084	0.8302	0.8482	0.749	0.9138	0.794	0.684526231477773	0.5316	0.7838	0.823	0.807	0.7338	0.691455987120145	0.7304	0.877	0.7654	0.9212	0.7454	0.754799999999999	0.7456	0.800577742193755
SRR7146702	1	1	1	1	1	1	1	1	1	1	1	1	1	1	1	1	1	1	1	1	1	1	1	1	1	1	1	1	1	1	1	1	1	1	1	1	1	1	1	1	1	1	1	1	1	1	1	1	1	1	1	1	1	1	1	1	1	1	1	1	1	1	1	1	1	1	0.7404	0.7926	0.818	0.8508	0.8016	0.7218	0.8598	0.8116	0.9286	0.7084	0.8392	0.8514	0.6694	0.7402	0.760711980734497	0.8638	0.7884	0.86	0.8374	0.8072	0.8348	0.7784	0.8538	0.8612	0.774	0.700037037037037	0.8456	0.7038	0.7162	0.8556	0.6868	0.7842	0.8206	0.8232	0.8212	0.9194	0.686992638527706	0.771145491388045	0.74668968285829	0.6718	0.8026	0.807866492672154	0.6512	0.8474	0.717587034813926	0.852956988386063	0.856588339150072	0.6314	0.7994	0.7972	0.715204508856683	0.7626	0.8242	0.7728	0.7512	0.724699638118215	0.816	0.7366	0.826	0.8896	0.8472	0.6974	0.8144998998999	0.8772	0.8344	0.783315899078895	0.9144	0.928	0.793788517703541	0.773	0.8346	0.9078	0.732	0.8352	0.8018	0.767397433841219	0.654	0.8614	0.837	0.9624	0.7694	0.9806	0.963	0.9788	0.9192	0.729	0.88238282208589	0.847	0.814	0.8628	0.8408	0.7154	0.8286	0.8166	0.7266	0.8144	0.695157903161265	0.76610658105939	0.6758	0.925787373532983	0.753375	0.8414	0.7842	0.753221972734563	0.84652231802687	0.716	0.772527531582114	0.6732	0.7642	0.7536	0	0.8322	0.792591991991992	0.850399759855914	0.909	0.741797439487897	0.9144	0.7146	0.8246	0.8292	0.835	0.678	0.843550273113494	0.842	0.8252	0.9816	0.7428	0.8416	0.806	0.7908	0.646090766648013	0.825948548548549	0.8662	0.776383316663333	0.799495931048306	0.785149399519616	0.802192771084337	0.716271474358975	0.8172	0.8346	0.7578	0.7268	0.6692	0.849393752503004	0.7864	0.747	0.8238	0.8412	0.7522	0.7322	0.8472	0.893	0.8402	0.8338	0.919	0.769	0.8328	0.8494	0.8548	0.8104	0.730628330995792	0.794061463612406	0.789	0.732	0.7986	0.7566	0.913	0.9332	0.8044	0.8688	0.803	0.7686	0.727091294687942	0.765790958191638	0.8528	0.707574159790702	0.7968	0.738	0.7658	0.8184	0.8112	0.7622	0.8034	0.6792	0.8176	0.7252	0.9178	0.8392	0.9484	0.9608	0.7424	0.7818	0.796	0.849	0.7992	0.7714	0.8514	0.6776	0.773	0.7616	0.8206	0.8024	0.789639741518578	0.9366	0.9232	0.896299898887766	0.788219764131761	0.825867916836527	0.729542193755004	0.699881881881882	0.8024	0.9088	0.7448	0.8474	0.8112	0.9284	0.9606	0.9664	0.8758	0.855	0.802388500201046	0.7472	0.847	0.8726	0.917204922332056	0.8308	0.85509315960912	0.791252948255114	0.880557145744896	0.846570820790689	0.9688	0.86	0.759	0.906	0.9032	0.6694	0.7496	0.732	0.8776	0.7838	0.6716	0.765	0.7414	0.8792	0.8462	0.735737765318382	0.8238	0.8236	0.8326	0.835	0.7034	0.765668464479775	0.7508	0.9132	0.8834	0.93	0.8922	0.7682	0.943	0.849379503602883
SRR7146703	1	1	1	1	1	1	1	1	1	1	1	1	1	1	1	1	1	1	1	1	1	1	1	1	1	1	1	1	1	1	1	1	1	1	1	1	1	1	1	1	1	1	1	1	1	1	1	1	1	1	1	1	1	1	1	1	1	1	1	1	1	1	1	1	1	1	0.8006	0.4934	0.9288	0.9412	0.8788	0.9096	0.8684	0.8632	0.9152	0.8576	0.9202	0.637	0.7872	0.8882	0.81991069636765	0.8846	0.9104	0.9612	0.948	0.9288	0.8574	0.948	0.9198	0.9524	0.948	0.925960960960961	0.954	0.8196	0.5082	0.9586	0.6504	0.946	0.9156	0.9026	0.9136	0.8934	0.846792158431687	0.547868085106383	0.608063829787234	0.7482	0.8768	0.888548885765911	0.8998	0.969	0.843986634653861	0.930322867440929	0.908031985218641	0.8316	0.8984	0.8636	0.775384541062802	0.8818	0.853	0.8772	0.8524	0.819207639726578	0.8442	0.7908	0.908	0.9132	0.8714	0.8426	0.824338338338338	0.9086	0.6208	0.883106047256708	0.8884	0.8964	0.886784356871374	0.8282	0.865	0.895	0.9092	0.8168	0.8576	0.84747056936648	0.588	0.9624	0.848	0.9532	0.8692	0.9818	0.914	0.9736	0.9224	0.8858	0.8478	0.8844	0.922	0.6266	0.9182	0.7916	0.9128	0.92	0.9046	0.9318	0.907977190876351	0.83314606741573	0.9456	0.821748360987455	0.913321794871795	0.8756	0.8072	0.87164410585405	0.829890836174053	0.8324	0.847377060356928	0.8068	0.92	0.8874	0.8322	0	0.888733333333333	0.929378627176306	0.7784	0.836185717143429	0.8534	0.847	0.931	0.9448	0.9226	0.7568	0.724981711511228	0.8028	0.905	0.9362	0.8822	0.9542	0.7936	0.9068	0.795163514269726	0.922774174174174	0.635	0.916390278055611	0.845869472840248	0.841362209767814	0.888333333333333	0.817467628205128	0.8998	0.943	0.8698	0.896	0.8374	0.926169963956748	0.905	0.8958	0.8698	0.934	0.8648	0.8482	0.9598	0.8502	0.929	0.8662	0.9546	0.8842	0.933	0.8844	0.9506	0.6152	0.838087477459427	0.77857522805595	0.8238	0.9074	0.8174	0.8916	0.9122	0.9222	0.8858	0.7976	0.7892	0.9092	0.801534760654413	0.865181156231246	0.8264	0.806705534312739	0.7678	0.7552	0.5238	0.8852	0.9028	0.8062	0.9364	0.859	0.921	0.7126	0.9812	0.8854	0.9254	0.9362	0.4796	0.881	0.919	0.9522	0.8798	0.8142	0.92	0.5684	0.889	0.8894	0.8606	0.8912	0.844261066235864	0.999	0.9862	0.792499898887766	0.86250622204148	0.86736004891969	0.857330184147318	0.840788588588589	0.8566	0.868	0.852	0.9564	0.905	0.9918	0.905	0.928	0.94	0.4776	0.845521592279855	0.9536	0.949	0.8424	0.818109784143635	0.5972	0.823133550488599	0.824796630565584	0.858157145744896	0.789466947621914	0.9384	0.9402	0.9398	0.894	0.934	0.7888	0.9326	0.8402	0.5596	0.8924	0.9472	0.9532	0.8978	0.8652	0.8846	0.825038526231478	0.665	0.9588	0.864	0.8632	0.8746	0.775156168243107	0.8572	0.8292	0.8936	0.9062	0.8854	0.9182	0.9072	0.827155324259407
SRR7146704	1	1	1	1	1	1	1	1	1	1	1	1	1	1	1	1	1	1	1	1	1	1	1	1	1	1	1	1	1	1	1	1	1	1	1	1	1	1	1	1	1	1	1	1	1	1	1	1	1	1	1	1	1	1	1	1	1	1	1	1	1	1	1	1	1	1	0.740190990990991	0.896994594594595	0.365389389389389	0.381404404404404	0.454983583583583	0.644774174174174	0.866979179179179	0.407366966966967	0.877725525525526	0.68155015015015	0.787418218218218	0.915594994994995	0.77316976976977	0.36937977977978	0.573803665194394	0.911994994994995	0.388400800800801	0.401604604604604	0.534194194194194	0.428773973973974	0.519368768768769	0.420192992992993	0.369373973973974	0.6972	0.386600800800801	0.636436436436437	0.3949997997998	0.610963563563564	0.843383983983984	0.400004804804805	0.571579379379379	0.655393193193193	0.3955995995996	0.390203803803804	0.400004004004004	0.872917317317317	0.484681240552415	0.831187418421461	0.793263436057495	0.493766766766767	0.783180580580581	0.325688587603866	0.47039019019019	0.854193993993994	0.274496585420955	0.732916176087982	0.84233960916367	0.571563563563563	0.387398798798799	0.371372172172172	0.516737389563476	0.655184984984985	0.761961561561562	0.457373773773774	0.83377957957958	0.586891596059268	0.60275955955956	0.380600600600601	0.337984784784785	0.769211011011011	0.864784784784785	0.81337997997998	0.842242242242242	0.936584784784785	0.909396596596596	0.379462842898966	0.960393793793794	0.956591191191191	0.347979666003271	0.331388988988989	0.68117957957958	0.872742142142142	0.476770770770771	0.724604804804804	0.400166366366366	0.422961694653755	0.73054974974975	0.401804804804805	0.360787387387387	0.946587587587588	0.728797597597598	0.978998198198198	0.901185585585585	0.967994594594594	0.889336136136136	0.650766566566567	0.870855518094782	0.385390790790791	0.376592992992993	0.883321521521521	0.380592592592593	0.347173373373373	0.388393593593594	0.394404604604605	0.727392992992993	0.380204404404404	0.71706760782391	0.744990978137046	0.495591791791792	0.835803063281817	0.325479325479325	0.367973573573574	0.532372372372372	0.714478271374823	0.891178244617186	0.67195015015015	0.675096191037639	0.575979379379379	0.74178958958959	0.764536936936937	0.792591991991992	0.888733333333333	0	0.370785033582712	0.930139539539539	0.646111604703323	0.987397597597598	0.757580980980981	0.367181181181181	0.410374174174174	0.432364564564565	0.824972372372372	0.827816163320918	0.887976176176176	0.925392392392392	0.929530530530531	0.768392592592593	0.391597997997998	0.903565365365366	0.434978978978979	0.363407839848802	0.945345345345345	0.978995595595596	0.37478566784428	0.753148939679307	0.345550153836783	0.418058419865649	0.6813424000924	0.45958958958959	0.390394794794795	0.790578178178178	0.364966766766767	0.663720720720721	0.89207228854806	0.377181181181181	0.366170770770771	0.919992992992993	0.387201801801802	0.386002802802803	0.557578978978979	0.647994394394394	0.916575575575575	0.361798598598599	0.371389189189189	0.917790590590591	0.686771571571572	0.382586186186186	0.880566766766767	0.382995395395395	0.868396596596597	0.649047885794029	0.514935328598414	0.49756036036036	0.691371171171171	0.739566366366366	0.3693997997998	0.884568968968969	0.951782182182182	0.381603403403403	0.831522322322322	0.646566766766767	0.51919039039039	0.651147612973507	0.342780227717215	0.332936536536536	0.635479230488287	0.690527127127127	0.410102102102102	0.795765965965966	0.473967567567568	0.374204204204204	0.712964164164164	0.733405405405405	0.46221021021021	0.351403403403403	0.529765765765766	0.976194994994995	0.868386386386386	0.918335935935936	0.915736336336336	0.646166166166166	0.578763363363363	0.495572372372372	0.838995995995996	0.347573373373373	0.418757157157157	0.367974374374374	0.74477977977978	0.521962962962963	0.409373773773774	0.806734934934935	0.377604404404404	0.444148793381426	0.994794794794795	0.981393393393393	0.85020713332139	0.888302739502414	0.853543310942414	0.702349827810196	0.762162162162162	0.364796796796797	0.920961561561562	0.641572372372373	0.528794194194194	0.360169369369369	0.986794994994995	0.896716516516517	0.906113313313313	0.919574974974975	0.931196196196196	0.737313187735383	0.298803003003003	0.390792792792793	0.933581381381381	0.861789568466994	0.915372972972973	0.876634533556358	0.791992714736397	0.86050161744522	0.850469855767869	0.928142942942943	0.731585585585586	0.350774974974975	0.887920920920921	0.939784984984985	0.355783383383383	0.386000800800801	0.432373973973974	0.957183183183183	0.365403003003003	0.485375375375375	0.751212412412412	0.684571571571572	0.90998018018018	0.378987187187187	0.369651630004053	0.864190990990991	0.391192392392392	0.38439039039039	0.81313033033033	0.51218018018018	0.637156375534318	0.693161161161161	0.916941341341341	0.917792592592592	0.948192792792793	0.895711511511512	0.349992392392392	0.908930530530531	0.875881005104384
SRR7146705	1	1	1	1	1	1	1	1	1	1	1	1	1	1	1	1	1	1	1	1	1	1	1	1	1	1	1	1	1	1	1	1	1	1	1	1	1	1	1	1	1	1	1	1	1	1	1	1	1	1	1	1	1	1	1	1	1	1	1	1	1	1	1	1	1	1	0.86858475085051	0.916599159495697	0.0709927956774065	0.0328372223334	0.467993516109666	0.71919963978387	0.894393396037623	0.443593396037623	0.955584630778467	0.741777186311787	0.973793516109666	0.960398559135481	0.808393155893536	0.386793396037623	0.656734317532121	0.92019963978387	0.25379963978387	0.0368381829097458	0.514383430058035	0.433182949769862	0.541993396037623	0.406383430058035	0.181577186311787	0.708793396037623	0.35019963978387	0.62904064761179	0.28099963978387	0.666393155893536	0.86939963978387	0.0562378226936162	0.589393396037623	0.68079963978387	0.279599759855914	0.292599279567741	0.155599759855914	0.932184870922554	0.568309099082174	0.905499044107315	0.838727483780513	0.74258475085051	0.963393516109666	0.156277745768119	0.564599639783871	0.967199399639784	0.434566061765911	0.96076793052203	0.949348792194635	0.763393396037623	0.137583189913948	0.382993396037623	0.651522958863885	0.666999039423654	0.789593155893536	0.48058475085051	0.907793396037622	0.664220566919967	0.636592795677406	0.314399039423654	0.356978266960176	0.971198799279568	0.932593396037622	0.807793035821493	0.879694102747935	0.960198919351611	0.912199159495697	0.416521558910517	0.972984510706424	0.969798919351611	0.306645799842378	0.228793155893536	0.698793396037622	0.918584870922554	0.523799639783871	0.936792675605363	0.410593155893536	0.503473535604924	0.782978266960176	0.106583550130078	0.293593396037623	0.956193636181709	0.957178987392436	0.981599879927957	0.947778507104263	0.975985591354813	0.95718511106664	0.816577906744046	0.917960428608903	0.106793516109666	0.0463933960376226	0.910368421052631	0.0462316990194116	0.248776105663398	0.216593396037623	0.0947993996397839	0.768999759855914	0.0571993996397839	0.730486511194432	0.884122849311513	0.665599519711827	0.917047193107447	0.254432507260767	0.371393396037623	0.567778507104263	0.952550961210247	0.937909406963609	0.71459255553332	0.75762104545663	0.709992675605363	0.914399279567741	0.81778475085051	0.850399759855914	0.929378627176306	0.370785033582712	0	0.971385351210726	0.658726942506772	0.9898	0.83799291574945	0.293999399639784	0.412399399639784	0.453393275965579	0.844399039423654	0.958404619951821	0.91659255553332	0.943799039423654	0.974384630778467	0.860198799279568	0.12939963978387	0.924993516109666	0.440793035821493	0.465310635737906	0.97437501539963	0.98519963978387	0.0974145199261986	0.800862758585197	0.32706409273907	0.445765411053861	0.729630446537153	0.47099963978387	0.251383430058035	0.861593396037623	0.38059963978387	0.713184030418251	0.977173689075279	0.30439963978387	0.361393396037623	0.955984630778467	0.0376378226936162	0.336382949769862	0.575792795677406	0.657199879927957	0.956778867320392	0.140199159495697	0.323392795677407	0.907583430058035	0.694783430058035	0.231583430058035	0.893169261556934	0.32199963978387	0.8848	0.769829158565065	0.540854332181713	0.518578627176306	0.707369261556934	0.763378987392436	0.22999963978387	0.917799039423654	0.976799759855913	0.138399159495697	0.873377786672003	0.699378507104263	0.548399159495697	0.719590752633766	0.214032640428426	0.28777802681609	0.717853533613426	0.736178627176306	0.477178266960176	0.819393396037623	0.532993396037623	0.115599039423654	0.73799255553332	0.961793516109666	0.660968541124675	0.148182589553732	0.573978266960176	0.9812	0.904584630778467	0.95918475085051	0.974184990994597	0.663192795677407	0.579593396037622	0.518793396037622	0.849399639783871	0.116393035821493	0.434193396037623	0.0831933960376226	0.780778266960176	0.549393396037622	0.434999279567741	0.873584390634381	0.196583309985992	0.505377620756622	1	0.987799519711827	0.954878285919985	0.949597086434048	0.89040615563794	0.972983349657513	0.894315207743265	0.324799039423654	0.963993396037623	0.69219963978387	0.510783430058035	0.277593155893536	0.9918	0.955184510706424	0.96898475085051	0.959784870922554	0.93579963978387	0.773667014845015	0.184399759855914	0.0484319391634981	0.965993516109666	0.914763140716788	0.958378867320392	0.945266060287638	0.882351151565388	0.959335172560986	0.889926610993688	0.96958511106664	0.956793035821493	0.40459963978387	0.945984870922553	0.970199159495697	0.289179107464479	0.18599963978387	0.456993396037622	0.971199639783871	0.177999039423654	0.516593396037623	0.970398799279568	0.710599399639784	0.928393396037622	0.329993035821493	0.403722650089854	0.953799159495697	0.270799759855913	0.306193396037623	0.890184150490294	0.561569381628977	0.665474994394906	0.730578507104263	0.959984630778467	0.940398919351611	0.96998475085051	0.95998475085051	0.346582589553732	0.957584870922553	0.947963654093177
SRR7146707	1	1	1	1	1	1	1	1	1	1	1	1	1	1	1	1	1	1	1	1	1	1	1	1	1	1	1	1	1	1	1	1	1	1	1	1	1	1	1	1	1	1	1	1	1	1	1	1	1	1	1	1	1	1	1	1	1	1	1	1	1	1	1	1	1	1	0.7564	0.7912	0.9836	0.9744	0.9794	0.7376	0.983	0.9898	0.8842	0.9618	0.974	0.831	0.9296	0.9756	0.884629420028096	0.9282	0.986	0.9954	0.9882	0.868	0.9576	0.988	0.9904	0.9954	0.988	0.970983783783784	0.9926	0.923	0.824	0.991	0.8202	0.9832	0.9828	0.9152	0.985	0.8208	0.976596639327866	0.732386828774063	0.838484223203533	0.8222	0.9596	0.917335916482634	0.9914	0.9748	0.951583433373349	0.923343051661994	0.916898090741121	0.983	0.9844	0.9916	0.83818421900161	0.8462	0.9606	0.9436	0.976	0.908702774427021	0.9238	0.896	0.9464	0.9438	0.986	0.9644	0.93013973973974	0.8884	0.8426	0.956558189827794	0.9004	0.9456	0.975395919183837	0.9358	0.9726	0.8664	0.8178	0.9832	0.9668	0.888299919807538	0.7994	0.9934	0.9736	0.9938	0.9386	0.552	0.7292	0.802	0.8346	0.9342	0.929386503067485	0.9914	0.9822	0.8302	0.9856	0.9088	0.9918	0.9794	0.9936	0.9762	0.965191756702681	0.902189727126806	0.9644	0.92417652772157	0.960752243589744	0.9856	0.8934	0.924775461106656	0.95870563465009	0.9634	0.66319165831161	0.9614	0.9108	0.6328	0.909	0.7784	0.930139539539539	0.971385351210726	0	0.983198519703941	0.4054	0.9782	0.931	0.8824	0.964	0.8114	0.772602751365567	0.9586	0.9698	0.872	0.9786	0.9868	0.9048	0.96	0.872761387800783	0.969975975975976	0.9144	0.975596039207842	0.884565844858689	0.975385108086469	0.90570843373494	0.899268269230769	0.9626	0.9802	0.9894	0.967	0.9214	0.952573087705247	0.9606	0.9916	0.9444	0.9808	0.9446	0.9336	0.9856	0.8832	0.9646	0.9616	0.9584	0.9642	0.9924	0.954	0.9816	0.8124	0.830454658385093	0.926375552402189	0.9524	0.9412	0.9602	0.9686	0.959	0.954	0.9668	0.9172	0.9428	0.9588	0.913253524540496	0.945791118223645	0.9284	0.916516401690481	0.9268	0.8846	0.8426	0.994	0.9476	0.971	0.9842	0.9432	0.9638	0.8782	0.6426	0.76	0.8448	0.8868	0.841	0.9944	0.9606	0.9902	0.9856	0.9044	0.989	0.781	0.9946	0.974	0.9212	0.9636	0.910029402261712	0.662	0.6652	0.928575530839232	0.896283123220821	0.922473542600897	0.86128903122498	0.914522722722723	0.896	0.7172	0.8928	0.9916	0.9362	0.6246	0.8362	0.8424	0.8684	0.8084	0.90086618415762	0.9834	0.9954	0.9776	0.926935807948356	0.7914	0.925996416938111	0.926394384275973	0.929348574893875	0.776058920329119	0.7084	0.9656	0.9916	0.9192	0.971	0.902	0.9866	0.9742	0.8106	0.976	0.9852	0.9702	0.9796	0.9512	0.9546	0.925724789747697	0.689	0.9668	0.9876	0.917	0.931	0.861352948279332	0.916	0.8548	0.8644	0.9436	0.8746	0.9504	0.8426	0.922395196156926
SRR7146710	1	1	1	1	1	1	1	1	1	1	1	1	1	1	1	1	1	1	1	1	1	1	1	1	1	1	1	1	1	1	1	1	1	1	1	1	1	1	1	1	1	1	1	1	1	1	1	1	1	1	1	1	1	1	1	1	1	1	1	1	1	1	1	1	1	1	0.757183276655331	0.833582556511302	0.648336947389478	0.669936907381476	0.615524144828966	0.638198159631926	0.705784276855371	0.551324144828966	0.959197479495899	0.575777675535107	0.716147829565913	0.95539823964793	0.588783396679336	0.581922184436888	0.599704006625126	0.9136	0.621737027405481	0.671535227045409	0.658334826965393	0.637732306461292	0.618324584916983	0.657334826965393	0.624334346869374	0.703199119823965	0.667137067413483	0.624701877312399	0.666537627525505	0.590536587317464	0.82299599919984	0.677938227645529	0.606537027405481	0.677737027405481	0.613324024804961	0.647536787357472	0.61912450490098	0.934796799359872	0.543908781756351	0.836174975623291	0.735121171163177	0.677584436887377	0.826983276655331	0.661067889144984	0.513116023204641	0.908391558311662	0.56150657902689	0.915546865880985	0.951307321616243	0.566377275455091	0.613333586717344	0.596124224844969	0.596796130562667	0.60573398679736	0.722984676935387	0.548731946389278	0.73118575715143	0.586273708300164	0.585521384276855	0.601923624724945	0.641936107221444	0.893383916783356	0.578955071014203	0.653783516703341	0.803863395301683	0.875783476695339	0.911198919783957	0.628278799532434	0.918984476895379	0.932997599519904	0.599119823964793	0.596933226645329	0.596984116823365	0.918396279255851	0.603523064612923	0.739368633726745	0.576719103820764	0.609577689395137	0.643567073414683	0.671535227045409	0.632535907181436	0.949999119823965	0.751777835567113	0.977999439887978	0.954596719343869	0.989797959591918	0.957396839367873	0.772989157831566	0.85357533674424	0.615325265053011	0.639334266853371	0.918592358471694	0.639337387477496	0.544520424084817	0.579538347669534	0.622737467493499	0.680985357071414	0.662737947589518	0.552427212133103	0.729838704498524	0.502725585117024	0.858882055650305	0.597199688335103	0.586924144828966	0.507922224444889	0.80898998564749	0.544206976546703	0.556964352870574	0.67816438763991	0.479570594118824	0.845795199039808	0.805997359471895	0.741797439487897	0.836185717143429	0.646111604703323	0.658726942506772	0.983198519703941	0	0.989599959991998	0.741584396879376	0.658536427285457	0.650333426685337	0.642336467293459	0.719383516703341	0.941930688383277	0.770971874374875	0.864997919583917	0.986397479495899	0.718583076615323	0.668137227445489	0.815984836967393	0.64713674734947	0.583939955310592	0.861930424122863	0.914386597319464	0.626325265053011	0.78759993329594	0.573500168408382	0.645255034942732	0.633958843050661	0.636335227045409	0.635932586517304	0.756386437287457	0.525116423284657	0.53658075615123	0.916977388269003	0.592920064012803	0.614337067413483	0.859776915383077	0.658537027405481	0.58172050410082	0.334136307261452	0.676337467493499	0.894997759551911	0.645733226645329	0.598723824764953	0.901596879375875	0.6425949989998	0.622534306861372	0.830378075615123	0.661535187037408	0.888597599519904	0.684884642726983	0.542543213690377	0.548918863772755	0.617593638727746	0.677184076815363	0.582719343868774	0.896994718943789	0.949995599119824	0.60932374474895	0.813385517103421	0.607583956791358	0.580926065213042	0.634389006664189	0.575115023004601	0.618323944788958	0.635032903139292	0.641385797159432	0.566135467093419	0.754798159631926	0.609123704740948	0.651933906781356	0.614584636927386	0.929798479695939	0.573579395879176	0.639733906781356	0.533122544508902	0.979199599919984	0.895197799559912	0.971997479495899	0.967396919383877	0.5683225045009	0.594521104220844	0.635535467093418	0.836399039807961	0.586935867173435	0.61873374674935	0.627733906781356	0.730397319463893	0.605737067413483	0.541121904380876	0.756194518903781	0.598120664132827	0.607893266860157	0.995599119823965	0.984199599919984	0.807775306325168	0.78296468565775	0.860560860643388	0.795751223903708	0.681345358160722	0.633136347269454	0.871784396879376	0.665798679735947	0.664134786957392	0.623135627125425	0.989799599919984	0.956396199239848	0.973396799359872	0.938395919183836	0.930998959791958	0.658781776459836	0.657136107221444	0.671338347669534	0.815572354470894	0.863252416470787	0.801565113022604	0.861920307514272	0.796032772539265	0.910032744369776	0.774675866339232	0.975396199239848	0.924597079415883	0.660736907381476	0.921595519103821	0.912394718943789	0.505321304260852	0.646737067413483	0.558534346869374	0.947596879375875	0.56852274454891	0.654934426885377	0.785789917983597	0.62918475695139	0.879598679735947	0.609924344868974	0.561679296211665	0.922598119623925	0.66753474694939	0.597125305061012	0.778593198639728	0.579930666133227	0.677978703005645	0.67039675935187	0.904184116823365	0.876584316863373	0.908384596919384	0.925596719343869	0.554930306061212	0.968597599519904	0.853152736231794
SRR7146711	1	1	1	1	1	1	1	1	1	1	1	1	1	1	1	1	1	1	1	1	1	1	1	1	1	1	1	1	1	1	1	1	1	1	1	1	1	1	1	1	1	1	1	1	1	1	1	1	1	1	1	1	1	1	1	1	1	1	1	1	1	1	1	1	1	1	0.9654	0.8334	0.984	0.9898	0.9834	0.9698	0.9816	0.9846	0.948	0.9824	0.9852	0.839	0.9518	0.9798	0.956494240417419	0.9352	0.9866	0.9896	0.9826	0.9566	0.956	0.9856	0.9868	0.9896	0.985	0.983593793793794	0.9884	0.9208	0.8534	0.989	0.809	0.9794	0.9782	0.917	0.9814	0.8892	0.988799799959992	0.850186828774063	0.909711682055399	0.8614	0.9814	0.982572535635414	0.9858	0.9912	0.985998479391757	0.990188225871045	0.976719277355779	0.9864	0.9892	0.9882	0.920758132045089	0.95	0.972	0.9712	0.9752	0.970310092480901	0.9518	0.9094	0.98	0.9688	0.9898	0.9606	0.956967167167167	0.9236	0.8534	0.984396155386464	0.9386	0.9632	0.987599559911983	0.9754	0.9732	0.93	0.965	0.9882	0.987	0.947102806736167	0.849	0.9894	0.9772	0.9888	0.977	0.2058	0.78	0.8678	0.8942	0.9876	0.9876	0.9862	0.9896	0.9134	0.986	0.935	0.9892	0.975	0.9876	0.9808	0.975994477791116	0.987592937399679	0.969	0.9898	0.983994230769231	0.9808	0.971	0.988597113071371	0.9898	0.9832	0.972	0.9798	0.972	0.9716	0.9144	0.8534	0.987397597597598	0.9898	0.4054	0.989599959991998	0	0.9874	0.9422	0.953	0.9666	0.822	0.78819878616225	0.984	0.973	0.9422	0.9858	0.986	0.908	0.9612	0.933319082260772	0.987787787787788	0.9062	0.980398119623925	0.961581920224494	0.981993755004003	0.972	0.978782371794872	0.9636	0.9822	0.986	0.9832	0.9744	0.998398077693232	0.9482	0.986	0.9724	0.9898	0.9472	0.9502	0.9836	0.9324	0.982	0.9612	0.968	0.967	0.9864	0.9806	0.9812	0.825	0.913466559807654	0.988583701601459	0.9792	0.973	0.984	0.9808	0.982	0.971	0.986	0.977	0.9876	0.9632	0.988184164815189	0.987199479895979	0.9888	0.978731374522037	0.9838	0.9436	0.8534	0.988	0.9678	0.9802	0.9844	0.9796	0.9876	0.9262	0.6352	0.824	0.904	0.9526	0.8534	0.9884	0.9868	0.9898	0.9876	0.9238	0.9856	0.8012	0.989	0.9844	0.9868	0.983	0.973241033925686	0.662	0.66	0.990899898887765	0.972	0.9898	0.92093674939952	0.981791991991992	0.9102	0.968	0.8668	0.9858	0.9398	0.6184	0.9036	0.9222	0.931	0.8534	0.976329955770004	0.9898	0.9892	0.9852	0.987782650796853	0.8664	0.989596416938111	0.987794384275973	0.995148574893875	0.971397953040337	0.7708	0.9748	0.9874	0.9898	0.9912	0.93	0.9808	0.9786	0.8534	0.9728	0.9878	0.9872	0.9798	0.8982	0.9694	0.965773808570284	0.9404	0.9658	0.9846	0.9864	0.9684	0.94371426846448	0.9452	0.9114	0.9274	0.9764	0.9406	0.9744	0.9302	0.985996957566053
SRR7146713	1	1	1	1	1	1	1	1	1	1	1	1	1	1	1	1	1	1	1	1	1	1	1	1	1	1	1	1	1	1	1	1	1	1	1	1	1	1	1	1	1	1	1	1	1	1	1	1	1	1	1	1	1	1	1	1	1	1	1	1	1	1	1	1	1	1	0.7594	0.879	0.8194	0.8442	0.5158	0.6892	0.4232	0.6366	0.92	0.5652	0.867	0.9168	0.666	0.7064	0.52775308047361	0.913	0.8042	0.8562	0.8388	0.7964	0.785	0.7808	0.8104	0.8438	0.653	0.770735935935936	0.8408	0.731	0.7848	0.8544	0.7194	0.751	0.8336	0.8228	0.834	0.909	0.365705981196239	0.884462006079027	0.66855150541951	0.7466	0.3056	0.801269544268219	0.5302	0.7118	0.574720288115246	0.699579335202243	0.811182590843769	0.5112	0.8212	0.7066	0.793305958132045	0.7946	0.7086	0.7782	0.41	0.67023996783273	0.716	0.818	0.8126	0.8736	0.7294	0.489	0.263111111111111	0.8918	0.909	0.744884181017221	0.9566	0.9416	0.75638675735147	0.7586	0.3846	0.9002	0.7228	0.6574	0.5634	0.728556535685645	0.5362	0.8582	0.8092	0.951	0.64	0.9802	0.9464	0.9746	0.91	0.5396	0.893333333333333	0.7564	0.8158	0.9374	0.8134	0.6942	0.7992	0.8166	0.6574	0.833	0.619990956382553	0.786480898876404	0.6428	0.53099150141643	0.779101923076923	0.7106	0.7186	0.66611724137931	0.838974253057951	0.595	0.778921275315821	0.5638	0.636	0.642	0.7146	0.847	0.757580980980981	0.83799291574945	0.9782	0.741584396879376	0.9874	0	0.8136	0.824	0.8126	0.8116	0.876010236698361	0.7222	0.7944	0.9756	0.7638	0.8312	0.4788	0.7824	0.597551091214326	0.749788588588589	0.9586	0.75517899579916	0.76212154740429	0.68946901521217	0.819312449799197	0.615228846153846	0.8282	0.8434	0.3702	0.8054	0.6952	0.628391589907889	0.8042	0.6324	0.7492	0.834	0.8082	0.7378	0.8438	0.8394	0.825	0.7312	0.9228	0.8006	0.8298	0.8898	0.845	0.8762	0.704419675415749	0.718620068923576	0.7114	0.6168	0.6602	0.8154	0.907	0.9446	0.8178	0.7264	0.6296	0.8	0.353040719046657	0.784394518903781	0.7572	0.670489152747032	0.713	0.7312	0.7776	0.7406	0.8256	0.6156	0.6822	0.7328	0.8148	0.7224	0.8004	0.8328	0.9434	0.951	0.7266	0.6716	0.7856	0.8414	0.7726	0.802	0.808	0.695	0.6828	0.7682	0.8594	0.8246	0.754781906300484	0.8192	0.8054	0.671710212335693	0.79733899959333	0.775210110069303	0.628197277822258	0.656299299299299	0.8168	0.7986	0.7978	0.8472	0.7716	0.811	0.9528	0.9562	0.8726	0.928	0.800497547245677	0.7226	0.8452	0.7524	0.473017066774259	0.8308	0.640242996742671	0.3316293622142	0.540827976551445	0.431150270921132	0.9658	0.8206	0.725	0.8986	0.925	0.7776	0.7914	0.687	0.9558	0.7942	0.8296	0.6964	0.7438	0.8716	0.7546	0.647971005206247	0.8206	0.8492	0.7272	0.8706	0.7342	0.793685570537331	0.7226	0.9446	0.9008	0.9456	0.8968	0.801	0.9384	0.778861809447558
SRR7146714	1	1	1	1	1	1	1	1	1	1	1	1	1	1	1	1	1	1	1	1	1	1	1	1	1	1	1	1	1	1	1	1	1	1	1	1	1	1	1	1	1	1	1	1	1	1	1	1	1	1	1	1	1	1	1	1	1	1	1	1	1	1	1	1	1	1	0.8124	0.8798	0.2606	0.299	0.4284	0.585	0.7884	0.3884	0.79	0.6248	0.866	0.882	0.6498	0.3048	0.517033313265101	0.8644	0.2376	0.3012	0.516	0.3792	0.4788	0.3832	0.2322	0.669	0.291	0.623456856856857	0.2806	0.4976	0.824	0.2984	0.535	0.6016	0.2026	0.1976	0.2718	0.7396	0.541516623324665	0.877409523809524	0.822258048976315	0.7156	0.9424	0.280741256775748	0.5036	0.9598	0.43898943577431	0.923569963956748	0.932482406076781	0.687	0.2828	0.3168	0.625702737520129	0.6134	0.693	0.3226	0.8278	0.513062484921592	0.4984	0.291	0.2132	0.8448	0.9366	0.709	0.860698098098098	0.7584	0.8734	0.299434201041249	0.863	0.8462	0.301270134026805	0.2598	0.6066	0.7472	0.4128	0.926	0.3854	0.422861106655974	0.7212	0.3038	0.1722	0.922	0.95	0.9228	0.8028	0.8192	0.7688	0.7838	0.921432310838446	0.2896	0.2814	0.9384	0.2766	0.2494	0.2606	0.2802	0.7222	0.276	0.672704361744698	0.853675120385233	0.53	0.93220145690004	0.199134294871795	0.2666	0.5164	0.93875044105854	0.929928574293162	0.603	0.709830158411871	0.695	0.8606	0.7748	0.8246	0.931	0.367181181181181	0.293999399639784	0.931	0.658536427285457	0.9422	0.8136	0	0.3382	0.3318	0.65	0.796566417155574	0.8352	0.7622	0.8196	0.8088	0.2216	0.8808	0.3778	0.433380749860101	0.928182782782783	0.9396	0.25419723944789	0.764204008819403	0.301091273018415	0.448886746987952	0.715054807692308	0.4042	0.2586	0.8038	0.3444	0.6974	0.965395915098118	0.2012	0.2804	0.94	0.2908	0.3332	0.4158	0.5748	0.787	0.1722	0.2026	0.866	0.6234	0.2426	0.803	0.2684	0.7602	0.599381286315368	0.567361767687006	0.422	0.627	0.7222	0.2276	0.8608	0.9122	0.28	0.857	0.6868	0.4042	0.710359402140981	0.256192958591718	0.2784	0.657328919299658	0.6954	0.4104	0.7398	0.5006	0.2692	0.695	0.9326	0.6804	0.27	0.5392	0.8696	0.7384	0.7832	0.7828	0.6288	0.5194	0.429	0.7896	0.2504	0.3692	0.2624	0.7504	0.4714	0.303	0.8758	0.2866	0.470201292407108	0.8842	0.8684	0.967288776541962	0.896596421309475	0.903631227068895	0.959791513210569	0.877139339339339	0.2426	0.7846	0.6018	0.5148	0.1252	0.8836	0.777	0.775	0.7672	0.8764	0.764145154804986	0.2836	0.291	0.929	0.913573693766391	0.9246	0.911965146579805	0.863167509025271	0.933948574893875	0.897355047160345	0.8076	0.7888	0.3482	0.9354	0.955	0.3022	0.2498	0.4192	0.943	0.2726	0.4906	0.9044	0.6336	0.8684	0.2882	0.298486103323989	0.9224	0.1628	0.2688	0.8864	0.4352	0.6629096800161	0.6026	0.8358	0.7704	0.8708	0.7706	0.2318	0.7874	0.936576461168935
SRR7146716	1	1	1	1	1	1	1	1	1	1	1	1	1	1	1	1	1	1	1	1	1	1	1	1	1	1	1	1	1	1	1	1	1	1	1	1	1	1	1	1	1	1	1	1	1	1	1	1	1	1	1	1	1	1	1	1	1	1	1	1	1	1	1	1	1	1	0.7398	0.8918	0.4008	0.4262	0.4628	0.5458	0.8268	0.2406	0.9074	0.558	0.9314	0.9086	0.7374	0.3708	0.594419586594421	0.9056	0.4038	0.4136	0.4926	0.0522	0.4866	0.3852	0.3362	0.7026	0.4104	0.603659259259259	0.4242	0.3876	0.8384	0.4312	0.5402	0.631	0.3868	0.3898	0.4094	0.8274	0.560918863772755	0.905038500506586	0.844731031714171	0.726	0.9574	0.421171009837382	0.538	0.9614	0.435393917567027	0.954775010012014	0.940841305686717	0.6868	0.395	0.3904	0.646071819645733	0.5392	0.5374	0.4102	0.8624	0.548632488942501	0.3688	0.397	0.3654	0.9182	0.9402	0.77	0.874512312312312	0.8486	0.9026	0.334878654385262	0.9054	0.9206	0.389397919583917	0.3742	0.6422	0.854	0.3294	0.9314	0.3882	0.3467084202085	0.718	0.4166	0.3572	0.9532	0.9598	0.9594	0.9098	0.8854	0.8818	0.7928	0.922432310838446	0.4312	0.4022	0.9216	0.4176	0.3788	0.426	0.4176	0.7328	0.419	0.630877230892357	0.852814767255217	0.5974	0.937359206798867	0.383171474358974	0.3088	0.5084	0.951960545308741	0.934272789252055	0.5396	0.635374373370764	0.6978	0.8334	0.716	0.8292	0.9448	0.410374174174174	0.412399399639784	0.8824	0.650333426685337	0.953	0.824	0.3382	0	0.3842	0.6544	0.891681731741857	0.8824	0.874	0.9218	0.825	0.3894	0.847	0.4148	0.443934303301623	0.894922122122122	0.9604	0.388599839967994	0.730544918821407	0.233855404323459	0.427500401606426	0.719038782051282	0.44	0.397	0.8372	0.3468	0.6888	0.97059759711654	0.2684	0.3316	0.9484	0.418	0.3898	0.5224	0.6092	0.9146	0.3532	0.361	0.8792	0.5904	0.3648	0.812	0.4064	0.8396	0.695174794630335	0.556629677680924	0.4422	0.593	0.5478	0.3728	0.7428	0.925	0.4202	0.885	0.489	0.4678	0.721175237325793	0.382193558711742	0.4326	0.650469752465285	0.7426	0.3716	0.7854	0.2984	0.3902	0.4936	0.9432	0.6612	0.3954	0.5268	0.9432	0.8334	0.9084	0.9016	0.5988	0.5206	0.4314	0.8334	0.3764	0.3174	0.3802	0.7576	0.4874	0.3514	0.8732	0.399	0.4274549273021	0.9578	0.9402	0.972888776541962	0.909986335908906	0.906228128821851	0.963190712570056	0.881945745745746	0.349	0.6274	0.491	0.4932	0.3526	0.9538	0.8728	0.8756	0.8056	0.9234	0.757996381182147	0.4244	0.4322	0.9528	0.926050030260238	0.964	0.9404667752443	0.781649659045327	0.971548574893875	0.803324342765402	0.9256	0.8814	0.178	0.9424	0.948	0.4128	0.389	0.4338	0.9478	0.3998	0.4954	0.9324	0.5996	0.8926	0.3902	0.325299799759712	0.8258	0.3844	0.418	0.8844	0.5012	0.640568323606359	0.6512	0.9148	0.825	0.9206	0.855	0.3466	0.883	0.945779503602882
SRR7146717	1	1	1	1	1	1	1	1	1	1	1	1	1	1	1	1	1	1	1	1	1	1	1	1	1	1	1	1	1	1	1	1	1	1	1	1	1	1	1	1	1	1	1	1	1	1	1	1	1	1	1	1	1	1	1	1	1	1	1	1	1	1	1	1	1	1	0.852	0.896	0.4286	0.462	0.4424	0.6526	0.8198	0.3868	0.8982	0.6388	0.912	0.9074	0.7266	0.368	0.509066064619707	0.5742	0.3176	0.4668	0.5162	0.391	0.1716	0.4392	0.3758	0.3692	0.426	0.629455055055055	0.461	0.5316	0.8396	0.4666	0.5354	0.5358	0.4192	0.282	0.449	0.8554	0.540116343268654	0.893249037487335	0.82733825772782	0.7128	0.9442	0.448747359967878	0.4748	0.965	0.433390796318528	0.912112054465358	0.94586778895504	0.5832	0.4508	0.4068	0.643731078904992	0.4696	0.658	0.4076	0.814	0.520861761158022	0.3994	0.4318	0.29	0.916	0.9146	0.6932	0.863896896896897	0.8726	0.5826	0.366172607128554	0.9222	0.912	0.38579075815163	0.4114	0.625	0.866	0.437	0.906	0.3958	0.444861106655974	0.7178	0.469	0.2826	0.6212	0.9502	0.9528	0.8892	0.93	0.8816	0.7902	0.920032310838446	0.4434	0.434	0.9348	0.4366	0.4196	0.3312	0.4538	0.734	0.4504	0.707902921168468	0.854893739967898	0.59	0.914582679077297	0.40855608974359	0.3672	0.4794	0.941913392141139	0.912071746541007	0.5974	0.735176458792862	0.6924	0.8958	0.8168	0.835	0.9226	0.432364564564565	0.453393275965579	0.964	0.642336467293459	0.9666	0.8126	0.3318	0.3842	0	0.6118	0.883311713534291	0.5412	0.837	0.9254	0.5134	0.4186	0.8634	0.099	0.454413094571908	0.940185785785786	0.68	0.424393638727746	0.776989897775105	0.40339807846277	0.467787951807229	0.727866666666667	0.4386	0.4078	0.781	0.3994	0.7072	0.97759759711654	0.376	0.3856	0.9584	0.454	0.4376	0.486	0.298	0.8942	0.3852	0.2698	0.5782	0.3374	0.3056	0.8408	0.2834	0.8254	0.680947385293528	0.5495997972836	0.4498	0.6638	0.7162	0.3932	0.8644	0.937	0.4502	0.846	0.6692	0.481	0.708373257927691	0.436796519303861	0.3766	0.617744616623063	0.3932	0.3566	0.667	0.4794	0.4334	0.6886	0.9376	0.671	0.4268	0.316	0.9402	0.8552	0.9022	0.897	0.6128	0.2726	0.2132	0.5022	0.4	0.2762	0.414	0.7542	0.3706	0.3664	0.8712	0.4508	0.466080775444265	0.957	0.9436	0.947888776541962	0.857055876372509	0.899031227068895	0.976197918334668	0.908545345345345	0.383	0.7174	0.3642	0.5124	0.3662	0.9508	0.8712	0.8876	0.883	0.8622	0.781011017289908	0.4656	0.4556	0.933	0.907244825499294	0.9458	0.930762866449512	0.856964701163257	0.909385041439256	0.883574152117199	0.9228	0.8624	0.4166	0.9492	0.9516	0.4294	0.4346	0.4304	0.9576	0.4354	0.4908	0.8512	0.6492	0.57	0.2474	0.310926952342812	0.9354	0.4204	0.261	0.8852	0.5064	0.6763433688871	0.4446	0.9056	0.8704	0.9146	0.8804	0.386	0.9096	0.952576461168935
SRR7146718	1	1	1	1	1	1	1	1	1	1	1	1	1	1	1	1	1	1	1	1	1	1	1	1	1	1	1	1	1	1	1	1	1	1	1	1	1	1	1	1	1	1	1	1	1	1	1	1	1	1	1	1	1	1	1	1	1	1	1	1	1	1	1	1	1	1	0.661	0.6366	0.8224	0.8398	0.8466	0.6052	0.7818	0.6874	0.7104	0.5226	0.7178	0.7418	0.4978	0.6754	0.684263014248445	0.7094	0.648	0.8492	0.8232	0.658	0.6362	0.815	0.7414	0.7106	0.8076	0.798352952952953	0.8374	0.4872	0.682	0.8522	0.6416	0.718	0.6762	0.6502	0.7472	0.6558	0.807591198239648	0.694209321175279	0.685318265756724	0.6038	0.9062	0.830716844007227	0.6636	0.9406	0.812590476190476	0.897501001201442	0.933587066310819	0.573	0.7794	0.7964	0.731094041867955	0.6124	0.628	0.5534	0.7682	0.52349706473663	0.508	0.6756	0.5342	0.6854	0.8864	0.669	0.852087887887888	0.6024	0.628	0.692810172206648	0.7278	0.781	0.76798575715143	0.7722	0.7638	0.676	0.6618	0.8164	0.7884	0.68450713712911	0.5246	0.8524	0.652	0.8146	0.906	0.947	0.7062	0.732	0.6826	0.8032	0.822261349693251	0.8512	0.8212	0.8418	0.8366	0.7406	0.718	0.804	0.7372	0.8338	0.643538055222089	0.73615922953451	0.6482	0.928359206798867	0.68944967948718	0.6528	0.6922	0.875269125902165	0.794067054341287	0.528	0.680822217766192	0.684	0.8218	0.7734	0.678	0.7568	0.824972372372372	0.844399039423654	0.8114	0.719383516703341	0.822	0.8116	0.65	0.6544	0.6118	0	0.548558931822779	0.5956	0.5864	0.7286	0.5558	0.7656	0.7276	0.6648	0.703783547845551	0.777287087087087	0.6852	0.813194398879776	0.719466386049308	0.698577101681345	0.783021686746988	0.734259615384615	0.774	0.7804	0.7914	0.6722	0.6688	0.88679759711654	0.6034	0.6914	0.8492	0.8284	0.6828	0.5614	0.6632	0.6966	0.7136	0.6624	0.747	0.547	0.6592	0.6698	0.6932	0.5796	0.545122139851733	0.784742631258869	0.6666	0.6318	0.6796	0.6868	0.7612	0.9162	0.75	0.8424	0.6876	0.6408	0.815881316905676	0.755183636727345	0.7776	0.596287905011069	0.6526	0.57	0.5738	0.7392	0.7888	0.6616	0.9442	0.7114	0.8124	0.5106	0.8082	0.6516	0.706	0.6994	0.616	0.6418	0.5962	0.6982	0.7722	0.5332	0.8088	0.6522	0.6652	0.6408	0.8308	0.7408	0.735319870759289	0.8318	0.8196	0.911814762386249	0.75218552257015	0.876064818589482	0.841328742994395	0.77524964964965	0.693	0.5814	0.4766	0.8294	0.6908	0.8306	0.67	0.6888	0.6242	0.7084	0.694996139927624	0.849	0.8516	0.8742	0.915830946136776	0.7004	0.913214006514658	0.767202486963498	0.918965757024459	0.837130563917319	0.7248	0.7488	0.7266	0.9308	0.9072	0.6476	0.7896	0.784	0.8094	0.717	0.8368	0.792	0.6664	0.7168	0.691	0.652981577893472	0.8884	0.6962	0.6904	0.844	0.6078	0.766168283356812	0.5606	0.7786	0.5936	0.7876	0.6938	0.585	0.7316	0.853774699759808
SRR7146719	1	1	1	1	1	1	1	1	1	1	1	1	1	1	1	1	1	1	1	1	1	1	1	1	1	1	1	1	1	1	1	1	1	1	1	1	1	1	1	1	1	1	1	1	1	1	1	1	1	1	1	1	1	1	1	1	1	1	1	1	1	1	1	1	1	1	0.719332551082339	0.629378110459236	0.954925551284645	0.967103135747522	0.960504794659114	0.74005110256929	0.869157191988671	0.911398705239733	0.60516528424034	0.817494922112077	0.713888084159417	0.729257090835525	0.686899251466721	0.918694922112078	0.837463114017155	0.901463928788185	0.954001011531459	0.986319279789602	0.961277766538539	0.893713372445883	0.917911713534291	0.961422415537123	0.957511713534291	0.968111713534291	0.959569370827433	0.94766783777506	0.964955533077079	0.740584220109246	0.750408011329152	0.983719279789602	0.704065021242161	0.942495569492211	0.87402176815699	0.886098887315396	0.947750920493627	0.604048027513656	0.888267841713194	0.75573759705629	0.755041962515592	0.700561885494639	0.819024802751366	0.930276746965192	0.863637264818936	0.841886344325308	0.823453961799164	0.824505570957858	0.869527144449807	0.820467327533886	0.951302488367388	0.949701840987255	0.849366880668282	0.881408941938095	0.886341047946591	0.683058749747117	0.857903499898847	0.798579398223788	0.853951932025086	0.806225085980174	0.736625733360307	0.585627837345742	0.958028687032167	0.910834311147077	0.904913693786848	0.621408456402994	0.802180335828444	0.849705667436165	0.777217155573538	0.743204329354643	0.924347564232653	0.850935140602872	0.881518632409468	0.608912603681975	0.878258021444467	0.828637993121586	0.92976014566053	0.870312825229266	0.733536880436982	0.989719279789602	0.841090309528626	0.970111713534291	0.814948047744285	0.943309407242565	0.615921464697552	0.630111592150516	0.580893505968036	0.812124256524378	0.925017303600514	0.965820109245398	0.950451749949423	0.745325632207162	0.95836014566053	0.85781881448513	0.950678778069998	0.936750920493627	0.929338741654866	0.952620109245398	0.884756937369324	0.811714013266487	0.70083864050172	0.934450264377727	0.775128694683494	0.811273518106413	0.897661339267651	0.804690756095025	0.922777899455436	0.861869552903095	0.864571373331131	0.811621849079507	0.789344446692292	0.877963827635039	0.843550273113494	0.724981711511228	0.827816163320918	0.958404619951821	0.772602751365567	0.941930688383277	0.78819878616225	0.876010236698361	0.796566417155574	0.891681731741857	0.883311713534291	0.548558931822779	0	0.819858021444467	0.610231519320251	0.618500060691887	0.818416508193405	0.892222415537123	0.816705806190573	0.918884038033583	0.818073095402869	0.930383225629028	0.828562816103581	0.944605995850191	0.802711504456071	0.915877512853901	0.901934665629949	0.878834903800765	0.896095569492211	0.961063928788185	0.87224252478252	0.907249443657697	0.88200368197451	0.883253551844653	0.897198057859599	0.949901840987255	0.915285049565042	0.962319279789601	0.901517985029334	0.738627392271899	0.927622415537123	0.599527088812462	0.845022415537123	0.872768723447299	0.955063928788185	0.898194092656282	0.960842524782521	0.815457374064333	0.943263928788185	0.628586607323488	0.617308971240282	0.923111716011344	0.83508043698159	0.825690026299818	0.910799716771191	0.921242524782521	0.89744547845438	0.888755533077079	0.943150920493627	0.908502852518713	0.930891968440218	0.76469658102367	0.902530209772134	0.912393969791328	0.935338094274732	0.875002112022315	0.911629698563625	0.835497592555128	0.734382358891361	0.926167064535707	0.915210884078495	0.906757191988671	0.844767145458224	0.806837345741453	0.927957839368804	0.839268258142828	0.798952579405219	0.608140926562816	0.603803115516892	0.617504673275339	0.78855893182278	0.954070200283229	0.917501840987255	0.968803965203318	0.928591786364556	0.844087355856767	0.958567064535707	0.609384017802954	0.949701840987255	0.863078778069998	0.928004976734777	0.94834400161845	0.858695632635306	0.812033299615618	0.80235257940522	0.885917907011519	0.887018476677228	0.922461763244897	0.755811325167761	0.823483123017819	0.710388185312563	0.819158850900263	0.717651749949424	0.970222415537123	0.807432004855351	0.811952579405219	0.586190370220514	0.596468784139187	0.603748856969452	0.710309852316407	0.897888970044596	0.89207776653854	0.976020109245398	0.911892615820352	0.933082898523091	0.647486142019017	0.865590039149892	0.894431091255394	0.885744710234371	0.905013481199217	0.629543232854542	0.605605785959943	0.917925551284645	0.932681084361724	0.936628687032167	0.868057374064333	0.951001011531459	0.934554885696945	0.755387254703621	0.92049095690876	0.967925551284645	0.798254784543799	0.920649443657698	0.847800364151325	0.945380254905927	0.824869673671121	0.777404329354643	0.776470847663362	0.953396398948007	0.919228039652033	0.725137446894599	0.778391676787749	0.820290026299818	0.735601739834109	0.598820999393081	0.834770382358891	0.656432449929193	0.740515678737609	0.640946105603884	0.897593818530446
SRR7146720	1	1	1	1	1	1	1	1	1	1	1	1	1	1	1	1	1	1	1	1	1	1	1	1	1	1	1	1	1	1	1	1	1	1	1	1	1	1	1	1	1	1	1	1	1	1	1	1	1	1	1	1	1	1	1	1	1	1	1	1	1	1	1	1	1	1	0.6744	0.8056	0.9216	0.923	0.7842	0.8028	0.718	0.7124	0.8578	0.6914	0.658	0.87	0.5324	0.757	0.714738832028898	0.5896	0.7558	0.9426	0.9236	0.876	0.5224	0.9152	0.8556	0.5896	0.909	0.901756756756757	0.9444	0.7376	0.8956	0.9448	0.8572	0.8266	0.7348	0.7494	0.8068	0.858	0.712388597719544	0.867331306990881	0.678113849859494	0.7164	0.7446	0.904323710098374	0.7518	0.914	0.790756542617047	0.86990172206648	0.906851898994046	0.6374	0.8792	0.8332	0.868028985507246	0.6906	0.7412	0.7964	0.6634	0.556551347004423	0.6344	0.8464	0.743	0.7494	0.768	0.6292	0.74917997997998	0.7494	0.5784	0.809510612735282	0.6486	0.8644	0.803971834366873	0.8326	0.717	0.8558	0.7856	0.4708	0.7344	0.852834001603849	0.645	0.9452	0.7496	0.5946	0.8386	0.957	0.8702	0.9136	0.8596	0.871	0.691466666666667	0.852	0.8982	0.9026	0.91	0.8074	0.7786	0.9106	0.6616	0.9298	0.849779511804722	0.781957303370787	0.8236	0.75126620801295	0.800557692307692	0.741	0.715	0.846236888532478	0.614539242029276	0.5856	0.768226709444556	0.5754	0.8692	0.8952	0.842	0.8028	0.887976176176176	0.91659255553332	0.9586	0.770971874374875	0.984	0.7222	0.8352	0.8824	0.5412	0.5956	0.819858021444467	0	0.7506	0.8992	0.3872	0.8806	0.7256	0.5712	0.817016004476777	0.678769169169169	0.6164	0.896590118023605	0.837258448586891	0.816099599679744	0.883720481927711	0.769772435897436	0.8932	0.8814	0.6862	0.7172	0.7184	0.788200800961153	0.7914	0.8496	0.7484	0.9164	0.8048	0.7276	0.5478	0.8182	0.8332	0.6766	0.5792	0.5108	0.7862	0.6052	0.7598	0.8652	0.752016068924063	0.784899533752281	0.7376	0.8272	0.7392	0.7744	0.8854	0.9468	0.8214	0.742	0.72	0.8386	0.712720985659463	0.839184436887378	0.7634	0.545427651438921	0.4148	0.7294	0.7678	0.851	0.8892	0.706	0.9098	0.616	0.883	0.5408	0.942	0.8364	0.8756	0.8892	0.8076	0.5648	0.6384	0.584	0.8424	0.7552	0.896	0.8564	0.7476	0.7912	0.8612	0.7594	0.841156381260097	0.9566	0.9448	0.706212537917088	0.762148922326149	0.86152172849572	0.907593594875901	0.788335335335335	0.8268	0.595	0.6188	0.9296	0.8324	0.9526	0.8658	0.8844	0.8736	0.8676	0.7954041013269	0.9218	0.9346	0.7086	0.750616098446641	0.7106	0.753099348534202	0.719074207781789	0.784694400646857	0.69073662452338	0.9034	0.8438	0.8992	0.919	0.9116	0.777	0.9074	0.83	0.9552	0.8124	0.9362	0.781	0.6692	0.5428	0.6506	0.717604405286344	0.8998	0.8882	0.643	0.8648	0.7538	0.88646150130811	0.605	0.8156	0.6518	0.662	0.8486	0.8056	0.885	0.812477502001601
SRR7146721	1	1	1	1	1	1	1	1	1	1	1	1	1	1	1	1	1	1	1	1	1	1	1	1	1	1	1	1	1	1	1	1	1	1	1	1	1	1	1	1	1	1	1	1	1	1	1	1	1	1	1	1	1	1	1	1	1	1	1	1	1	1	1	1	1	1	0.7498	0.879	0.9374	0.9442	0.9074	0.645	0.8428	0.8756	0.3708	0.6222	0.7516	0.8648	0.6388	0.725	0.714535259883604	0.9166	0.8366	0.951	0.9292	0.8694	0.9112	0.8636	0.8968	0.9176	0.8062	0.86712012012012	0.9218	0.732	0.88	0.956	0.8506	0.812	0.8016	0.8506	0.875	0.3414	0.793371394278856	0.932678622087133	0.882189160979526	0.8362	0.8272	0.93531836980526	0.7188	0.8362	0.803752781112445	0.799982939527433	0.855760993635804	0.7378	0.8874	0.881	0.902868921095008	0.8362	0.8344	0.5958	0.8172	0.621916928025734	0.824	0.8662	0.6908	0.645	0.9416	0.7642	0.818183183183183	0.3806	0.9166	0.795412575090108	0.7882	0.7756	0.854589717943589	0.8816	0.866	0.4526	0.7578	0.8636	0.9204	0.859615236567763	0.7992	0.9542	0.8272	0.9204	0.8372	0.9434	0.5784	0.3366	0.4168	0.8028	0.88560654396728	0.952	0.9244	0.9356	0.937	0.8664	0.9032	0.929	0.7642	0.942	0.701145658263305	0.850944462279294	0.6734	0.943247430190207	0.817414423076923	0.766	0.8386	0.798471531676022	0.889128052937638	0.6424	0.824043593342691	0.8154	0.695	0.7702	0.8252	0.905	0.925392392392392	0.943799039423654	0.9698	0.864997919583917	0.973	0.7944	0.7622	0.874	0.837	0.5864	0.610231519320251	0.7506	0	0.4938	0.7818	0.863	0.9198	0.8516	0.740571684387241	0.790786186186186	0.8726	0.864585797159432	0.786670354780517	0.889563330664532	0.902832128514056	0.78809391025641	0.894	0.8956	0.7572	0.8414	0.7644	0.78859759711654	0.8034	0.7574	0.788	0.9364	0.86	0.697	0.8664	0.2662	0.8158	0.8384	0.9026	0.816	0.8798	0.7438	0.8968	0.7758	0.652935123221799	0.892926332860329	0.8124	0.689	0.8848	0.8272	0.9092	0.9186	0.8836	0.9034	0.9006	0.7294	0.797156614825288	0.863384036807362	0.9152	0.706371503320588	0.8656	0.8464	0.9026	0.93	0.9116	0.8494	0.8138	0.847	0.9124	0.8426	0.6914	0.3754	0.5296	0.4194	0.9114	0.817	0.8364	0.909	0.8788	0.8692	0.9338	0.8366	0.826	0.7184	0.8898	0.8772	0.8751098546042	0.7154	0.7094	0.895428109201213	0.754542822285482	0.832881614349776	0.847996156925541	0.665145945945946	0.8434	0.7732	0.8672	0.9352	0.7804	0.7142	0.4386	0.3518	0.425	0.907	0.841471411338962	0.8872	0.9534	0.8706	0.933402219084123	0.8514	0.84245016286645	0.816594384275973	0.806329290479078	0.900820549869557	0.4892	0.623	0.838	0.9104	0.9092	0.8732	0.8834	0.814	0.947	0.868	0.9454	0.7664	0.784	0.9054	0.8972	0.719590468562275	0.8516	0.7654	0.8956	0.8952	0.7166	0.878396981283961	0.758	0.8038	0.314	0.8024	0.5604	0.7232	0.5902	0.776976461168935
SRR7146723	1	1	1	1	1	1	1	1	1	1	1	1	1	1	1	1	1	1	1	1	1	1	1	1	1	1	1	1	1	1	1	1	1	1	1	1	1	1	1	1	1	1	1	1	1	1	1	1	1	1	1	1	1	1	1	1	1	1	1	1	1	1	1	1	1	1	0.8216	0.9718	0.987	0.9706	0.9792	0.8146	0.9002	0.9664	0.2418	0.8978	0.851	0.9056	0.7696	0.9506	0.825246638571142	0.9968	0.9876	0.9974	0.9882	0.93	0.9926	0.988	0.9834	0.9932	0.9892	0.970982782782783	0.9574	0.8798	0.982	0.9964	0.989	0.9824	0.895	0.9224	0.9708	0.3614	0.972596599319864	0.816329280648429	0.689257647531112	0.9262	0.9696	0.889794900622365	0.9884	0.9744	0.958587595038015	0.93633608329996	0.635058673783617	0.9832	0.9814	0.9898	0.797737520128824	0.9316	0.9112	0.659	0.9738	0.789755609167672	0.889	0.9806	0.7486	0.6988	0.9906	0.9504	0.931542942942943	0.444	0.9902	0.878467120544653	0.7968	0.8048	0.969395759151831	0.9718	0.9122	0.3908	0.9222	0.9844	0.968	0.739516439454691	0.9442	0.9988	0.9114	0.9972	0.9522	0.926	0.5086	0.418	0.3574	0.9148	0.63719509202454	0.995	0.9842	0.8904	0.9916	0.9386	0.9938	0.9894	0.99	0.9882	0.891159743897559	0.862776886035313	0.8402	0.642081262646702	0.854969551282052	0.8548	0.9132	0.917824859663192	0.957893122117506	0.899	0.841657990776018	0.9562	0.861	0.8068	0.9816	0.9362	0.929530530530531	0.974384630778467	0.872	0.986397479495899	0.9422	0.9756	0.8196	0.9218	0.9254	0.7286	0.618500060691887	0.8992	0.4938	0	0.9504	0.9176	0.9698	0.9628	0.902704868494684	0.964771971971972	0.996	0.97159575915183	0.757127039486871	0.974786389111289	0.859055421686747	0.882030128205128	0.9584	0.9918	0.979	0.9448	0.7264	0.969371886263516	0.9348	0.9906	0.9582	0.9828	0.9844	0.761	0.9402	0.3868	0.867	0.9174	0.982	0.9758	0.992	0.839	0.9736	0.7928	0.623636665998798	0.746376647070748	0.8782	0.8286	0.9392	0.9704	0.937	0.9652	0.9836	0.6202	0.937	0.7774	0.861952979196122	0.940790518103621	0.856	0.835041738780439	0.8942	0.9108	0.991	0.9968	0.9524	0.9786	0.9826	0.9492	0.9632	0.936	0.778	0.411	0.278	0.2688	0.9882	0.9802	0.9562	0.9884	0.9768	0.9884	0.991	0.9448	0.988	0.871	0.8948	0.973	0.660319547657512	0.784	0.7832	0.676117290192113	0.613849532330215	0.62621206685691	0.928350040032026	0.835845045045045	0.9052	0.8612	0.9704	0.9902	0.8156	0.791	0.319	0.3172	0.4326	0.9872	0.890430237233615	0.9812	0.9962	0.9786	0.746853903570708	0.9188	0.641728013029316	0.7980648215002	0.653156458459672	0.775325185631146	0.3034	0.7146	0.9836	0.8724	0.96	0.9614	0.9904	0.9848	0.9872	0.9794	0.9898	0.939	0.961	0.9906	0.958	0.878665678814577	0.9588	0.7888	0.9922	0.8812	0.8248	0.673530489031999	0.8654	0.785	0.441	0.8428	0.4012	0.7706	0.4456	0.639741553242594
SRR7146724	1	1	1	1	1	1	1	1	1	1	1	1	1	1	1	1	1	1	1	1	1	1	1	1	1	1	1	1	1	1	1	1	1	1	1	1	1	1	1	1	1	1	1	1	1	1	1	1	1	1	1	1	1	1	1	1	1	1	1	1	1	1	1	1	1	1	0.6162	0.804	0.861	0.8698	0.8666	0.7256	0.8446	0.8046	0.9082	0.655	0.6978	0.8984	0.6786	0.7042	0.748300461569336	0.3786	0.6878	0.8748	0.8556	0.8112	0.4898	0.843	0.8192	0.3448	0.8354	0.826764964964965	0.8742	0.7302	0.8288	0.8812	0.822	0.7576	0.7626	0.69	0.773	0.9024	0.77658199639928	0.830432218844985	0.790719630670414	0.6564	0.8104	0.861325998795423	0.5992	0.84	0.728788235294118	0.802701001201442	0.877537056045987	0.5508	0.81	0.8362	0.829086956521739	0.6278	0.786	0.7702	0.7094	0.66523514274226	0.6794	0.7898	0.7268	0.7524	0.8596	0.6926	0.865896896896897	0.821	0.4106	0.803151702042451	0.8566	0.901	0.765180796159232	0.7936	0.8238	0.8878	0.7222	0.6998	0.8364	0.81793360064154	0.747	0.8774	0.7406	0.417	0.8024	0.9582	0.9256	0.9552	0.9072	0.7458	0.804160327198364	0.8676	0.8406	0.9266	0.8646	0.8036	0.7362	0.8462	0.74	0.8642	0.763961104441777	0.671910433386838	0.695	0.920396762444354	0.745909294871795	0.8272	0.7316	0.755669125902165	0.777112933627431	0.6566	0.731511890916382	0.5826	0.764	0.8382	0.7428	0.8822	0.768392592592593	0.860198799279568	0.9786	0.718583076615323	0.9858	0.7638	0.8088	0.825	0.5134	0.5558	0.818416508193405	0.3872	0.7818	0.9504	0	0.8406	0.8608	0.5142	0.750525013989927	0.830552352352353	0.6218	0.828795639127826	0.808554580076168	0.825179823859087	0.836923694779116	0.727410897435897	0.8412	0.8146	0.718	0.7326	0.6786	0.801705086103324	0.7272	0.7858	0.839	0.8574	0.7396	0.7132	0.3186	0.9082	0.8114	0.7218	0.3716	0.4388	0.7196	0.7812	0.7006	0.8624	0.688162332197957	0.80296707885668	0.7796	0.7848	0.8296	0.7228	0.886	0.9408	0.7762	0.8398	0.8214	0.8078	0.811320985659462	0.773184076815363	0.7954	0.668439766552626	0.409	0.7294	0.7646	0.8378	0.8362	0.7944	0.8444	0.6466	0.8278	0.56	0.9574	0.8592	0.9256	0.9366	0.8354	0.5794	0.569	0.3388	0.7978	0.7052	0.858	0.821	0.718	0.745	0.8218	0.77	0.811134733441034	0.972	0.9624	0.847449747219414	0.740442212281415	0.860037994292703	0.815191993594876	0.745594394394394	0.8052	0.738	0.5548	0.8616	0.8206	0.968	0.9234	0.9316	0.9158	0.8684	0.746132046642541	0.7906	0.873	0.8462	0.904194512810167	0.8496	0.889646254071661	0.834853509827517	0.848219365271882	0.835530563917319	0.945	0.8266	0.8244	0.9218	0.9092	0.7298	0.833	0.8006	0.9532	0.7532	0.8696	0.6924	0.7534	0.3778	0.6672	0.742293792551061	0.8372	0.8598	0.6786	0.8368	0.7082	0.831656510364258	0.567	0.8694	0.8026	0.8492	0.8984	0.7578	0.9308	0.83917614091273
SRR7146725	1	1	1	1	1	1	1	1	1	1	1	1	1	1	1	1	1	1	1	1	1	1	1	1	1	1	1	1	1	1	1	1	1	1	1	1	1	1	1	1	1	1	1	1	1	1	1	1	1	1	1	1	1	1	1	1	1	1	1	1	1	1	1	1	1	1	0.8536	0.9184	0.1154	0.1278	0.4712	0.6444	0.8414	0.4208	0.893	0.6962	0.9162	0.9118	0.7346	0.3556	0.613239373871162	0.909	0.2254	0.1234	0.523	0.426	0.5358	0.389	0.1908	0.7058	0.3218	0.637058258258258	0.2572	0.5808	0.8352	0.1218	0.5604	0.6336	0.2148	0.2628	0.1362	0.8736	0.549119063812763	0.914617426545086	0.865949096748294	0.7364	0.9638	0.161666010841197	0.5354	0.966	0.453792557022809	0.961184381257509	0.94860952576473	0.7346	0.1518	0.3556	0.661156843800322	0.64	0.774	0.438	0.867	0.612401527945316	0.605	0.3118	0.3072	0.9012	0.9342	0.7902	0.887712312312312	0.8812	0.9068	0.363882979575491	0.9316	0.923	0.324271694338868	0.2602	0.6502	0.8608	0.4708	0.9348	0.4374	0.50585966319166	0.7724	0.1264	0.249	0.9534	0.9714	0.9686	0.9	0.9198	0.8872	0.802	0.92620981595092	0.111	0.118	0.9472	0.121	0.2772	0.2078	0.1174	0.7472	0.1124	0.737306362545018	0.897932263242375	0.6096	0.935596762444355	0.202661858974359	0.3012	0.568	0.962964394546912	0.956319711249248	0.6716	0.764446320433126	0.7216	0.8998	0.8222	0.8416	0.9542	0.391597997997998	0.12939963978387	0.9868	0.668137227445489	0.986	0.8312	0.2216	0.3894	0.4186	0.7656	0.892222415537123	0.8806	0.863	0.9176	0.8406	0	0.9178	0.421	0.456619138220481	0.966985985985986	0.9672	0.126028845769154	0.808247664862698	0.346094155324259	0.476978313253012	0.751866666666667	0.4538	0.252	0.8312	0.3726	0.7158	0.97239759711654	0.2734	0.3434	0.9618	0.1238	0.34	0.509	0.6044	0.9058	0.1062	0.2766	0.9072	0.6862	0.234	0.8618	0.3002	0.827	0.705398958124624	0.576005230083114	0.4918	0.7028	0.7882	0.2204	0.8998	0.9438	0.1484	0.8912	0.7232	0.4564	0.72672773177136	0.22465125025005	0.3092	0.726513946468102	0.7516	0.4846	0.8116	0.5318	0.1324	0.734	0.9514	0.6816	0.1788	0.5924	0.9136	0.8494	0.8924	0.9036	0.6742	0.5778	0.4916	0.8382	0.1216	0.4308	0.1118	0.7752	0.5218	0.3958	0.8836	0.2304	0.514181906300485	0.932	0.926	0.972419817997978	0.942386498576657	0.924427395026498	0.975397758206565	0.921950550550551	0.2932	0.8972	0.6426	0.5162	0.2198	0.9384	0.8902	0.893	0.897	0.9232	0.809314515480499	0.184	0.1216	0.9682	0.929117692152511	0.9704	0.940144951140065	0.898170316887284	0.962948574893875	0.911166646598435	0.9156	0.8936	0.3894	0.9498	0.9576	0.3136	0.1572	0.4382	0.9434	0.1738	0.514	0.9294	0.6816	0.9178	0.3134	0.367704845814978	0.938	0.1864	0.2952	0.8948	0.5104	0.687005755685249	0.6814	0.927	0.8694	0.9374	0.893	0.3184	0.9004	0.960379503602882
SRR7146726	1	1	1	1	1	1	1	1	1	1	1	1	1	1	1	1	1	1	1	1	1	1	1	1	1	1	1	1	1	1	1	1	1	1	1	1	1	1	1	1	1	1	1	1	1	1	1	1	1	1	1	1	1	1	1	1	1	1	1	1	1	1	1	1	1	1	0.8468	0.8008	0.8954	0.9346	0.5952	0.9038	0.3194	0.6932	0.944	0.8036	0.8592	0.8564	0.7264	0.8822	0.815252699177202	0.8738	0.9294	0.9386	0.9338	0.8486	0.8038	0.9238	0.8326	0.9276	0.9256	0.925794194194194	0.942	0.7546	0.8354	0.9398	0.7428	0.9132	0.9246	0.9074	0.9296	0.8938	0.636540228045609	0.806673556231003	0.682709755118426	0.853	0.3936	0.919738968078699	0.874	0.9358	0.833962865146059	0.946954104925911	0.948945965920756	0.7006	0.9234	0.8318	0.865582608695652	0.8786	0.7412	0.8632	0.4952	0.822782549256132	0.7544	0.8168	0.89	0.9596	0.6482	0.6192	0.392850250250251	0.9274	0.8272	0.847305566680016	0.939	0.9474	0.891392358471695	0.8458	0.3324	0.9154	0.8762	0.737	0.6272	0.829897032878909	0.5548	0.94	0.866	0.9442	0.8462	0.966	0.936	0.9704	0.9284	0.7894	0.931134560327198	0.8402	0.9162	0.8546	0.9072	0.798	0.9044	0.9154	0.9066	0.9174	0.820580472188875	0.834621508828251	0.855	0.610608336705787	0.845946153846154	0.7346	0.832	0.905716279069767	0.844329416482856	0.7892	0.899910848205334	0.7532	0.9174	0.9126	0.806	0.7936	0.903565365365366	0.924993516109666	0.9048	0.815984836967393	0.908	0.4788	0.8808	0.847	0.8634	0.7276	0.816705806190573	0.7256	0.9198	0.9698	0.8608	0.9178	0	0.883	0.870642305540011	0.888754554554555	0.8692	0.907795159031807	0.869534736420124	0.761518334667734	0.922799196787149	0.874922435897436	0.9116	0.9264	0.7112	0.87	0.8632	0.989597356828194	0.8544	0.8666	0.8462	0.933	0.875	0.8116	0.9176	0.904	0.8966	0.81	0.9184	0.8238	0.9	0.8648	0.9164	0.8318	0.846473772791024	0.844807500506791	0.7668	0.8204	0.713	0.893	0.8624	0.9226	0.9266	0.7918	0.6978	0.8054	0.676626782468188	0.907594718943789	0.8536	0.828495552425035	0.8186	0.7414	0.7408	0.8154	0.9016	0.679	0.9442	0.9032	0.9098	0.7132	0.967	0.912	0.9544	0.9536	0.699	0.789	0.8496	0.924	0.8626	0.7894	0.8608	0.8058	0.8428	0.8762	0.9158	0.93	0.813799030694669	0.9816	0.9742	0.758419615773508	0.91441317608784	0.874965348552793	0.867741713370696	0.875904704704705	0.8672	0.7818	0.7854	0.9348	0.865	0.9776	0.9114	0.9374	0.8788	0.8096	0.902264093285083	0.9338	0.9286	0.8058	0.35815412547912	0.6866	0.827808794788273	0.513752667468913	0.884866504952497	0.421473730684327	0.9642	0.8918	0.8682	0.9592	0.9606	0.7872	0.9108	0.8724	0.8668	0.9112	0.9132	0.9068	0.856	0.8104	0.8354	0.788856547857429	0.9	0.9238	0.8338	0.9154	0.8566	0.85096043469511	0.7612	0.9276	0.922600000000001	0.9538	0.9086	0.859	0.9422	0.954777582065652
SRR7146727	1	1	1	1	1	1	1	1	1	1	1	1	1	1	1	1	1	1	1	1	1	1	1	1	1	1	1	1	1	1	1	1	1	1	1	1	1	1	1	1	1	1	1	1	1	1	1	1	1	1	1	1	1	1	1	1	1	1	1	1	1	1	1	1	1	1	0.8422	0.8966	0.4196	0.4486	0.411	0.6546	0.8556	0.416	0.9364	0.6572	0.9588	0.9266	0.7224	0.336	0.534524061810155	0.564	0.2892	0.4534	0.5232	0.4154	0.1666	0.3936	0.386	0.3742	0.3714	0.598857857857858	0.4424	0.5528	0.7926	0.4504	0.4958	0.511	0.4416	0.2902	0.4446	0.9064	0.504716143228646	0.892027963525836	0.81373825772782	0.706	0.9032	0.43393057618952	0.4518	0.9344	0.404793677470988	0.890125030036043	0.910556559228085	0.5742	0.4334	0.3722	0.643137520128824	0.4462	0.7038	0.4674	0.7816	0.544908805790109	0.4538	0.4062	0.31	0.9598	0.919	0.6798	0.816690690690691	0.911	0.5568	0.360579575490589	0.9468	0.9496	0.370389597919584	0.407	0.655	0.8952	0.453	0.9144	0.416	0.444291900561347	0.6912	0.4564	0.3122	0.6192	0.9026	0.9632	0.9358	0.9596	0.9136	0.7794	0.925281799591002	0.4304	0.4286	0.9216	0.424	0.3588	0.3146	0.4324	0.7158	0.4204	0.702901880752301	0.889100802568218	0.6074	0.915806151355726	0.429985897435897	0.4136	0.4812	0.916125902165197	0.93393065971526	0.619	0.760219731301384	0.6662	0.8736	0.7896	0.7908	0.9068	0.434978978978979	0.440793035821493	0.96	0.64713674734947	0.9612	0.7824	0.3778	0.4148	0.099	0.6648	0.918884038033583	0.5712	0.8516	0.9628	0.5142	0.421	0.883	0	0.410287856743145	0.932386786786787	0.6668	0.381795959191838	0.806639727400281	0.382372297838271	0.476587951807229	0.709466666666667	0.4342	0.3962	0.7588	0.4244	0.672	0.947198077693232	0.387	0.366	0.9118	0.4472	0.4176	0.5196	0.3086	0.8988	0.404	0.2976	0.583	0.334	0.3208	0.9048	0.2736	0.8586	0.721562532558605	0.556651408878978	0.511	0.6808	0.7542	0.3964	0.912	0.9208	0.4392	0.8414	0.6934	0.5098	0.678210866491618	0.40799375875175	0.357	0.6092759911451	0.3936	0.3512	0.6816	0.5114	0.4086	0.6732	0.9094	0.6754	0.4232	0.3252	0.9256	0.859	0.9194	0.9356	0.6246	0.2638	0.2212	0.5106	0.4116	0.2714	0.4238	0.7078	0.3582	0.3766	0.8816	0.4434	0.468409369951535	0.9418	0.9306	0.949659858442872	0.822785847905653	0.863031227068895	0.927798238590873	0.884343343343343	0.402	0.7776	0.3888	0.518	0.38	0.9362	0.9378	0.9378	0.9166	0.847	0.802086288701247	0.4178	0.4382	0.931	0.898850030260238	0.9338	0.897962866449512	0.845370316887284	0.870793612290277	0.889176881396749	0.9534	0.8946	0.396	0.9252	0.9566	0.401	0.3926	0.3784	0.927	0.4242	0.4996	0.8314	0.647	0.5474	0.2278	0.311287545054065	0.8944	0.4376	0.25	0.8924	0.5258	0.62680201247736	0.4802	0.9346	0.9212	0.9526	0.916	0.4198	0.926	0.914976461168935
SRR7146728	1	1	1	1	1	1	1	1	1	1	1	1	1	1	1	1	1	1	1	1	1	1	1	1	1	1	1	1	1	1	1	1	1	1	1	1	1	1	1	1	1	1	1	1	1	1	1	1	1	1	1	1	1	1	1	1	1	1	1	1	1	1	1	1	1	1	0.702003805260213	0.773219921656407	0.468126245103526	0.466926245103525	0.428407050923335	0.532715053161724	0.85441410184667	0.433213094571908	0.850304868494684	0.509369445998881	0.8345875769446	0.85312714045887	0.629351315053162	0.304703861219922	0.4076813600489	0.870836261891438	0.402726245103525	0.487526245103525	0.5242	0.419334303301623	0.522082820369334	0.410526245103526	0.477926245103526	0.7184	0.305047118074986	0.576376376376376	0.47092825965305	0.52392714045887	0.741363514269726	0.485726245103526	0.458403917179631	0.564	0.404303861219922	0.433297929490767	0.408297817571349	0.852409960828204	0.370191777583273	0.775755328503903	0.662734810061605	0.519126804700616	0.742652378287633	0.385718107094592	0.257383212087297	0.734650027979854	0.287346387911628	0.689407143076448	0.769217151128092	0.524300839395635	0.421126245103525	0.424726245103526	0.459314993687637	0.5852	0.764806043648573	0.410571684387241	0.791428203693341	0.421767899287824	0.596333296026861	0.34462092893117	0.421417123670957	0.799177504196978	0.921731281477336	0.691806043648573	0.657150715348813	0.819145271404589	0.853959485170677	0.374520045207018	0.846777616116396	0.905086849468383	0.416111202094924	0.392934303301623	0.674452490207051	0.849009960828204	0.358700839395635	0.804739115836598	0.449449468382764	0.377817225807523	0.600619921656408	0.487926245103526	0.449578735310576	0.9676	0.67994292109681	0.972406043648573	0.895539339675434	0.944652490207051	0.856418019026301	0.539094459988808	0.792402067648307	0.47972825965305	0.461326245103525	0.822009848908785	0.472126245103526	0.338489759373251	0.467526245103526	0.445887856743145	0.548890766648014	0.467126245103526	0.537202905784586	0.737556711976366	0.452781645215445	0.866165822364272	0.396607151184481	0.456497929490767	0.5022	0.659537450597719	0.844278504077025	0.51322204812535	0.614401472928663	0.563918970341354	0.648126804700615	0.677763514269726	0.646090766648013	0.795163514269726	0.363407839848802	0.465310635737906	0.872761387800783	0.583939955310592	0.933319082260772	0.597551091214326	0.433380749860101	0.443934303301623	0.454413094571908	0.703783547845551	0.818073095402869	0.817016004476777	0.740571684387241	0.902704868494684	0.750525013989927	0.456619138220481	0.870642305540011	0.410287856743145	0	0.718368396376231	0.852294683827644	0.403789767466644	0.734795509269806	0.410665969821184	0.397836224584966	0.54045061914396	0.435253497481813	0.468526245103526	0.652911024062675	0.386023055400112	0.486508785674315	0.686530719908098	0.371105875769446	0.264847118074986	0.654959037493005	0.460726245103526	0.365217011751539	0.509371684387241	0.640806043648573	0.828939339675434	0.442417123670957	0.451332288752099	0.92228080581981	0.622	0.457326245103526	0.820462451035255	0.475007050923335	0.812407946278679	0.613959856336818	0.471885776398706	0.478286849468383	0.521888528259653	0.728323223279239	0.390542249580302	0.887890878567431	0.919767655288193	0.399017011751539	0.807494795747062	0.627123223279239	0.439644320089535	0.450311542201431	0.377703520558616	0.422253385562395	0.497752208066059	0.646125125909345	0.331840290990487	0.75432714045887	0.493723223279239	0.430926245103526	0.649	0.727203581421377	0.530646222719642	0.448926245103526	0.455236261891438	0.795973363178511	0.778177728035814	0.877418019026301	0.891535198656967	0.588644320089536	0.5278	0.469404029099049	0.8502	0.422326245103526	0.388172579742585	0.481926245103526	0.605161499720202	0.4656	0.342297929490767	0.787294795747062	0.396617011751539	0.424043396347521	0.814773363178511	0.800973363178511	0.790939959023234	0.724514039196374	0.74676851501	0.629762231721583	0.580473702577788	0.38694236149972	0.895610072747622	0.595805931729155	0.527	0.423378735310576	0.808688528259653	0.878512926692781	0.891177616116396	0.84109490766648	0.86932714045887	0.6913301152563	0.356877672076105	0.487926245103526	0.850890766648013	0.858225732909062	0.773959261331841	0.786018936072868	0.626343801816884	0.700812948535959	0.804176281056768	0.906809960828204	0.842729155008394	0.358926245103526	0.846050363738109	0.9124	0.342053273642977	0.425326245103525	0.341326245103525	0.901001902630106	0.385619026301063	0.516	0.692746950195859	0.540896810296587	0.880402014549525	0.469049468382765	0.306007499990476	0.802238276440962	0.464097929490767	0.461326245103526	0.793413989927253	0.453715053161724	0.541999343889586	0.642608058198097	0.815264465584779	0.831462451035255	0.860662451035255	0.812704868494684	0.399338332400672	0.860579630665921	0.64539275516664
SRR7146729	1	1	1	1	1	1	1	1	1	1	1	1	1	1	1	1	1	1	1	1	1	1	1	1	1	1	1	1	1	1	1	1	1	1	1	1	1	1	1	1	1	1	1	1	1	1	1	1	1	1	1	1	1	1	1	1	1	1	1	1	1	1	1	1	1	1	0.724933333333333	0.855774374374374	0.955188988988989	0.970976776776777	0.934991991991992	0.820182982982983	0.931384784784785	0.898327527527528	0.944566766766767	0.695311111111111	0.731741541541542	0.972384984984985	0.621322722722723	0.749782382382382	0.647683324504517	0.98078938938939	0.893988388388388	0.985191791791792	0.965983383383383	0.869922122122122	0.941187187187187	0.911188388388389	0.920328928928929	0.97919019019019	0.769988588588588	0.898298298298299	0.970989389389389	0.854728128128128	0.90838938938939	0.982389189189189	0.874187187187187	0.876790590590591	0.823187587587588	0.943584184184184	0.858191791791792	0.90656976976977	0.824743487235986	0.919517693985779	0.889687198237981	0.796955555555556	0.777533333333334	0.949341471565925	0.68133993993994	0.384227627627628	0.845313260439311	0.535450588754554	0.886470292916608	0.714340740740741	0.92039059059059	0.89778938938939	0.905839535187361	0.897783583583584	0.888514514514515	0.87716976976977	0.869153753753753	0.580609318606906	0.876504904904905	0.898386786786787	0.94496976976977	0.82776976976977	0.932546346346346	0.825544944944945	0.717317317317317	0.791986186186186	0.980389389389389	0.848624716025597	0.670276676676677	0.917972972972973	0.933966132565852	0.915371371371371	0.950586986986987	0.941372172172172	0.788382582582583	0.637280680680681	0.926969569569569	0.838137094592588	0.782558358358358	0.988591791791792	0.948581581581581	0.981388788788789	0.505530530530531	0.983989589589589	0.954764564564565	0.966577977977978	0.912168368368368	0.538155755755756	0.737667729078772	0.981187987987988	0.959787987987988	0.960369169169169	0.967389389389389	0.884970570570571	0.95639019019019	0.947790590590591	0.522692292292292	0.971987187187187	0.620183088250315	0.829807777279687	0.802547347347347	0.958472677452848	0.922912215099715	0.908123723723724	0.891162362362362	0.469024597974077	0.661226817352745	0.621924524524525	0.806970515733299	0.730134734734735	0.49136956956957	0.862566166166166	0.825948548548549	0.922774174174174	0.945345345345345	0.97437501539963	0.969975975975976	0.861930424122863	0.987787787787788	0.749788588588589	0.928182782782783	0.894922122122122	0.940185785785786	0.777287087087087	0.930383225629028	0.678769169169169	0.790786186186186	0.964771971971972	0.830552352352353	0.966985985985986	0.888754554554555	0.932386786786787	0.718368396376231	0	0.914188588588589	0.90677382723792	0.938508442296777	0.861074565357992	0.943480227215167	0.817135164010164	0.954784184184184	0.973188388388389	0.811577177177177	0.751171571571572	0.667931131131131	0.51522207028815	0.791927127127127	0.696528128128128	0.259766566566567	0.962591791791792	0.857988588588589	0.868926926926927	0.972386586586587	0.883769369369369	0.954172772772773	0.956383183183183	0.976985185185185	0.850326126126126	0.921189189189189	0.618473673673674	0.976787187187187	0.963770970970971	0.850158633889349	0.911039886430115	0.869774174174174	0.59490970970971	0.86731051051051	0.856184984984985	0.897311711711712	0.95258958958959	0.86078978978979	0.948568968968969	0.860110910910911	0.917967967967968	0.641286287297194	0.881752967210059	0.96797037037037	0.51664153588082	0.916967967967968	0.839708708708709	0.944389389389389	0.915125125125125	0.953572172172172	0.82612992992993	0.54578038038038	0.681563763763764	0.956971571571572	0.843971171171171	0.765793193193193	0.884367167167167	0.940366966966967	0.929773373373374	0.885523723723724	0.856187987987988	0.867986586586587	0.967388388388389	0.91779019019019	0.892927327327327	0.947788788788789	0.854763963963964	0.85159019019019	0.817372772772773	0.921163763763764	0.804971371371371	0.85796531588131	0.750998598598599	0.720389389389389	0.898888170273408	0.761593883432029	0.827291172134221	0.709955031091941	0.518318318318318	0.927566366366366	0.865124124124124	0.900128728728729	0.971988388388389	0.917587387387387	0.753593193193193	0.926362562562563	0.929173373373373	0.804306906906907	0.975588988988989	0.843127204405853	0.91478018018018	0.984787987987988	0.866182182182182	0.953834245785023	0.834172572572573	0.881621075472867	0.709360985534271	0.681347083894082	0.89655784622672	0.955773773773774	0.883780780780781	0.836528928928929	0.921972772772773	0.909788788788789	0.853739139139139	0.914788388388388	0.852789389389389	0.967387987987988	0.844977377377377	0.961788588588589	0.579922722722723	0.537425625625626	0.962787787787788	0.972383583583584	0.817588553711902	0.899783183183183	0.975586786786787	0.958787987987988	0.922363163163163	0.870168168168168	0.915459069453837	0.862964764764765	0.888965365365365	0.75697037037037	0.661680480480481	0.843767567567568	0.89392932932933	0.939367367367367	0.688743667606758
SRR7146730	1	1	1	1	1	1	1	1	1	1	1	1	1	1	1	1	1	1	1	1	1	1	1	1	1	1	1	1	1	1	1	1	1	1	1	1	1	1	1	1	1	1	1	1	1	1	1	1	1	1	1	1	1	1	1	1	1	1	1	1	1	1	1	1	1	1	0.8302	0.7094	0.9696	0.9856	0.9842	0.9086	0.9642	0.953	0.9786	0.8654	0.9138	0.8922	0.8606	0.8718	0.902731165964278	0.6298	0.7878	0.9828	0.967	0.9516	0.6574	0.9606	0.9452	0.6946	0.9408	0.95556936936937	0.9754	0.842	0.847	0.9804	0.8462	0.862	0.9126	0.7846	0.9134	0.9758	0.948993198639728	0.886128672745694	0.783798233641108	0.8044	0.9726	0.970553463160008	0.8428	0.9882	0.966592557022809	0.93753007609131	0.980678176965715	0.8108	0.9262	0.9424	0.872919806763285	0.6524	0.905	0.9322	0.9124	0.842045597104946	0.8144	0.7106	0.8788	0.9196	0.9802	0.8744	0.955575575575576	0.9116	0.5592	0.946756027232679	0.8932	0.9286	0.917986557311462	0.8586	0.9656	0.9772	0.8996	0.9082	0.9692	0.961150441058541	0.7514	0.9854	0.8406	0.6922	0.9724	0.9816	0.9756	0.9982	0.9756	0.9764	0.9132	0.983	0.967	0.8536	0.9676	0.8998	0.8486	0.938	0.9088	0.9676	0.937983033213285	0.922402247191011	0.9742	0.97873662484824	0.957557051282051	0.9638	0.8696	0.948686928628709	0.908598435933427	0.8628	0.9114	0.9108	0.955	0.9736	0.8662	0.635	0.978995595595596	0.98519963978387	0.9144	0.914386597319464	0.9062	0.9586	0.9396	0.9604	0.68	0.6852	0.828562816103581	0.6164	0.8726	0.996	0.6218	0.9672	0.8692	0.6668	0.852294683827644	0.914188588588589	0	0.965196199239848	0.932888875526158	0.952180944755805	0.969127710843373	0.9122	0.9208	0.9166	0.9268	0.904	0.8888	0.92519759711654	0.8834	0.8964	0.8876	0.9738	0.8594	0.9264	0.6942	0.9612	0.9604	0.855	0.687	0.5984	0.826	0.91	0.8032	0.8928	0.936116690042076	0.938980660855463	0.9478	0.9584	0.941	0.8766	0.9582	0.9422	0.9042	0.939	0.9354	0.942	0.962174348616441	0.922387797559512	0.9124	0.835328355805997	0.6326	0.7534	0.6974	0.9676	0.9398	0.8914	0.9676	0.899	0.9678	0.6266	0.986	0.96	0.974	0.9782	0.7912	0.7016	0.7014	0.69	0.946	0.739	0.9768	0.8548	0.8358	0.8926	0.935	0.9122	0.935352180936995	0.9982	0.9868	0.928239231547017	0.845535746238308	0.9814	0.919140752602082	0.925744344344344	0.9036	0.804	0.6334	0.9724	0.9598	0.99	0.9556	0.9748	0.9778	0.6176	0.904983273019702	0.9862	0.9786	0.9066	0.969461206374824	0.7936	0.959344951140065	0.981196068993181	0.940193612290277	0.947873088500903	0.9982	0.9792	0.9624	0.9708	0.95	0.8452	0.9432	0.9118	0.8636	0.903	0.9786	0.8808	0.8932	0.6038	0.7924	0.90671013215859	0.6252	0.9808	0.7862	0.942	0.9182	0.804173113302475	0.73	0.8808	0.9106	0.9092	0.947	0.9584	0.9716	0.884586389111289
SRR7146731	1	1	1	1	1	1	1	1	1	1	1	1	1	1	1	1	1	1	1	1	1	1	1	1	1	1	1	1	1	1	1	1	1	1	1	1	1	1	1	1	1	1	1	1	1	1	1	1	1	1	1	1	1	1	1	1	1	1	1	1	1	1	1	1	1	1	0.843593438687738	0.903193478695739	0.10522900580116	0.119826805361072	0.401394478895779	0.64818599719944	0.853195599119824	0.409992318463693	0.941395919183837	0.659776075215043	0.950995679135827	0.950799839967993	0.729178715743149	0.307784356871374	0.590099516993505	0.915199399879976	0.207396199239848	0.114828845769154	0.496794478895779	0.393592438487697	0.529995959191838	0.341983836767353	0.168190598119624	0.706799839967994	0.293588957791558	0.560207897435343	0.266999839967994	0.615992318463693	0.809196199239848	0.133228845769154	0.51378575715143	0.623389637927586	0.254196359271854	0.264594158831766	0.133996359271854	0.908995919183837	0.490098019603921	0.900680399504419	0.823128535783431	0.732192798559712	0.896983596719344	0.162881602620464	0.486584356871374	0.913587197439488	0.373572153406272	0.916969176774882	0.903592379325793	0.677980916183237	0.112190718143629	0.310991638327666	0.64033128686929	0.631394118823765	0.75779199839968	0.441991158231646	0.829195279055811	0.589768898693289	0.600991838367674	0.294794398879776	0.346197479495899	0.944392958591718	0.914194318863773	0.712379115823165	0.82569370731003	0.899791438287658	0.909799839967994	0.352672617022403	0.958594158831766	0.941792558511702	0.275255051010202	0.205384796959392	0.660594078815763	0.897596199239848	0.446585557111422	0.904591518303661	0.396993358671734	0.43674147820743	0.72298899779956	0.115623644728946	0.272595959191838	0.952599839967994	0.902182796559312	0.970597959591918	0.94719575915183	0.970196319263853	0.928795919183837	0.769986877375475	0.914970396942374	0.117024684936987	0.0820272054410882	0.919992438487697	0.106024964992999	0.188584236847369	0.186192318463693	0.122425205041008	0.698786157231446	0.118028845769154	0.655282677183696	0.874887256745089	0.597985077015403	0.917025169501727	0.252430774616462	0.344995959191838	0.535189797959592	0.884316879414375	0.922718612300764	0.631979675935187	0.742408517797404	0.650589317863573	0.838384676935387	0.761986077215443	0.776383316663333	0.916390278055611	0.37478566784428	0.0974145199261986	0.975596039207842	0.626325265053011	0.980398119623925	0.75517899579916	0.25419723944789	0.388599839967994	0.424393638727746	0.813194398879776	0.944605995850191	0.896590118023605	0.864585797159432	0.97159575915183	0.828795639127826	0.126028845769154	0.907795159031807	0.381795959191838	0.403789767466644	0.90677382723792	0.965196199239848	0	0.780238148251017	0.270638475173017	0.439314609909934	0.660641863949713	0.44879575915183	0.237394478895779	0.783784636927386	0.364994558911783	0.655183076615323	0.91478075350753	0.252594318863773	0.283185557111422	0.893182596519304	0.106026965393079	0.315190718143629	0.528387957591518	0.647599839967994	0.884378475695139	0.137598079615923	0.289995519103821	0.902794038807762	0.654790398079616	0.212990838167634	0.878189357871574	0.315799839967994	0.883396479295859	0.726370519545704	0.522875951634681	0.486589317863573	0.639577675535107	0.748990118023605	0.209994558911782	0.913997919583917	0.9486	0.124794558911782	0.854390078015603	0.68539023804761	0.509794878975795	0.651576366576082	0.188637727545509	0.292993718743749	0.650233971125076	0.720589797959592	0.440589677935587	0.797395519103821	0.512995519103821	0.11699799959992	0.679190638127626	0.884589277855571	0.650187717543509	0.147991838367674	0.558190078015603	0.920787917583517	0.838781716343269	0.93799575915183	0.951195879175835	0.634392318463693	0.508584636927385	0.470594558911782	0.842199399879976	0.0851924784956992	0.397591878375675	0.0998249649929986	0.712579395879176	0.467382116423285	0.376394398879776	0.866593558711742	0.190389357871574	0.46735102270858	0.939587917583517	0.925787917583517	0.938889496807349	0.89259641273517	0.845411805557198	0.930384755894333	0.833724302418041	0.310593678735747	0.92139023804761	0.680199839967994	0.498794478895779	0.215992438487698	0.931387917583517	0.958795719143829	0.956795879175835	0.909786117223445	0.930199839967993	0.767270864707722	0.127786957391478	0.124228845769154	0.923989717943589	0.904060578103113	0.939989517903581	0.878267469454803	0.831348820907382	0.910139982312209	0.870735254817369	0.956596039207842	0.890991238247649	0.344389637927586	0.91479723944789	0.94299375875175	0.275390678135627	0.132396199239848	0.377382116423285	0.954399839967993	0.155193438687738	0.503599839967994	0.911986237247449	0.63638599719944	0.904195519103821	0.313195959191838	0.329910715823581	0.887389637927586	0.251998119623925	0.276792318463693	0.878793558711742	0.524789197839568	0.630782868185632	0.677592238447689	0.944392278455691	0.915392678535707	0.949592678535707	0.901592278455691	0.319188197639528	0.934395919183837	0.886759697816265
SRR7146732	1	1	1	1	1	1	1	1	1	1	1	1	1	1	1	1	1	1	1	1	1	1	1	1	1	1	1	1	1	1	1	1	1	1	1	1	1	1	1	1	1	1	1	1	1	1	1	1	1	1	1	1	1	1	1	1	1	1	1	1	1	1	1	1	1	1	0.611374223291241	0.859296812988575	0.816028703146923	0.824700581278813	0.822650310683504	0.726107436359992	0.796506073361395	0.785420324714372	0.773966285828824	0.651757706955302	0.866087552615755	0.897313128883544	0.646104790539186	0.777009741431149	0.69083024194468	0.911191621567448	0.830655161354981	0.833500581278814	0.706615273601924	0.71579342553618	0.829451192623772	0.711415273601924	0.761061775906996	0.851500581278814	0.839278532772099	0.685732876592768	0.845496612547605	0.764559029865705	0.826736059330527	0.849700581278813	0.799047223892564	0.842088234115053	0.785189897775105	0.773251633593907	0.818651633593907	0.674394507917419	0.78197876496526	0.81194676921446	0.7308189618928	0.750499498897575	0.932931649629184	0.759805078500547	0.812043255161355	0.955986329925837	0.751994844841123	0.923101106776117	0.881032255770743	0.769382401282822	0.739055161354981	0.819816355983163	0.729480581917901	0.740088474644218	0.778041932250952	0.662577550611345	0.861744437763079	0.696001529057533	0.741395189416717	0.781189456804971	0.710819001803969	0.819039486871117	0.871844337542594	0.779590779715374	0.831196801130656	0.729959230306675	0.896973541791942	0.747700608138064	0.825869472840248	0.854896812988575	0.66872921587725	0.738952856283824	0.773601362998597	0.565194507917419	0.746146682701944	0.878707837241932	0.773461775906996	0.722782302300024	0.728354620164362	0.732819242333133	0.738953297253959	0.9528	0.911314892764081	0.949392503507717	0.790251393064743	0.728610823812388	0.74099362597715	0.74027456404089	0.84897203295102	0.831861775906996	0.791082060533173	0.78101523351373	0.820661775906995	0.762790338745239	0.821861775906996	0.835050751653638	0.830455161354981	0.825869713369413	0.598118983011124	0.799029051714735	0.758193866506314	0.796597110973157	0.748697976895324	0.771812828222089	0.721016355983163	0.876318839699143	0.882511446980027	0.722526398075767	0.678669089643094	0.766394307476448	0.679421848065745	0.590183523752255	0.799495931048306	0.845869472840248	0.753148939679307	0.800862758585197	0.884565844858689	0.78759993329594	0.961581920224494	0.76212154740429	0.764204008819403	0.730544918821407	0.776989897775105	0.719466386049308	0.802711504456071	0.837258448586891	0.786670354780517	0.757127039486871	0.808554580076168	0.808247664862698	0.869534736420124	0.806639727400281	0.734795509269806	0.938508442296777	0.932888875526158	0.780238148251017	0	0.774382384239723	0.590172596579946	0.568294599079513	0.786850751653638	0.770273682100621	0.7900624173181	0.770036640609341	0.735295530166366	0.91343679362519	0.77663046702746	0.818255161354981	0.906714451793947	0.822500581278813	0.697769412707958	0.714522429344558	0.813456484265384	0.732011264782522	0.750047664862698	0.763611064341551	0.788591621567448	0.685947364201243	0.799856925235518	0.685184606133494	0.826698376428142	0.797914010823812	0.668900191922932	0.603042891401424	0.714159911805973	0.54556764882742	0.79221194628182	0.777630026057326	0.8588	0.933777510523151	0.81665913008619	0.782117779114051	0.767220324714372	0.725945800761676	0.743354021545846	0.768040118346379	0.782735217478453	0.739512619047878	0.74907127680898	0.744460252555622	0.800035317698938	0.831661775906995	0.77905295650431	0.788189897775105	0.911735177390259	0.696000481058328	0.696682060533173	0.747407977550611	0.950732972539587	0.643228903587893	0.72998745239527	0.67159362597715	0.788570936059331	0.802257807175787	0.789455161354981	0.845100581278814	0.789016355983163	0.77916476247745	0.821057807175787	0.764982842252957	0.822057807175786	0.753422088594909	0.803216997394268	0.77185913008619	0.716338100525518	0.965332972539587	0.947932972539587	0.866684258452519	0.828780983882313	0.840233797681438	0.876741722100872	0.710001522869833	0.741581519342553	0.840142473441572	0.825486029264382	0.717815273601924	0.762594748446583	0.961332972539587	0.636577751052315	0.684174223291241	0.641609941872119	0.896332531569453	0.699666044550121	0.84108691120465	0.834882060533173	0.925097694928844	0.85266399878401	0.835250511124474	0.810960211814526	0.823354822245523	0.863643982802189	0.759556152976645	0.69779362597715	0.828641250751654	0.826496612547605	0.871809500901984	0.919136059330527	0.770793425536179	0.817428262176789	0.814807977550611	0.944187652836239	0.805647223892564	0.834478091801964	0.907562076568451	0.800852956504309	0.900128562838244	0.798457807175787	0.678421482006108	0.852245660452997	0.751793866506314	0.8168181198637	0.806616997394267	0.590869312487472	0.713187083630677	0.716007536580477	0.811044778512728	0.741169372619763	0.86526859089998	0.618686470234516	0.689969613148928	0.414556143515735	0.829099679824036
SRR7146733	1	1	1	1	1	1	1	1	1	1	1	1	1	1	1	1	1	1	1	1	1	1	1	1	1	1	1	1	1	1	1	1	1	1	1	1	1	1	1	1	1	1	1	1	1	1	1	1	1	1	1	1	1	1	1	1	1	1	1	1	1	1	1	1	1	1	0.81016188951161	0.865550200160128	0.30669095276221	0.339885988791033	0.348499279423539	0.647163170536429	0.767111449159327	0.190191673338671	0.937784787830264	0.526942514011209	0.945978863090472	0.938186549239391	0.680538991192954	0.319964771817454	0.532933752179347	0.901394875900721	0.317085348278623	0.345280224179344	0.501383987189752	0.243236829463571	0.431393594875901	0.36595996797438	0.242880224179343	0.697	0.311664851881505	0.578992162699128	0.351896236989592	0.437858286629304	0.789344915932746	0.358096236989592	0.476361569255404	0.624970696557246	0.350683746997598	0.337882626100881	0.352685348278623	0.880387510008006	0.428787999393313	0.885020518948086	0.734036526692249	0.71696188951161	0.832278783026421	0.328823307592068	0.496551801441153	0.923556925540432	0.325300176115282	0.913320404020453	0.913822784772675	0.568151160928743	0.313467574059247	0.234165092073659	0.6218781788716	0.620169895916734	0.534394715772618	0.420953402722178	0.752280384307446	0.534870196116684	0.37857998398719	0.310275420336269	0.344388630904724	0.947366853482786	0.835114331465172	0.666483907125701	0.759790254626123	0.900757245796637	0.892987830264211	0.318205385293417	0.959972457966373	0.935769255404323	0.271045882515174	0.267643394715773	0.589325220176141	0.902989751801441	0.437163330664532	0.818303923138511	0.294294315452362	0.28840329681548	0.573455884707767	0.347280224179344	0.29389159327462	0.9458	0.855749879903923	0.980199519615692	0.945587029623699	0.975389431545236	0.916160608486789	0.753553402722178	0.906298126435709	0.26929095276221	0.306660688550841	0.896151481184948	0.314295756605284	0.206822898318655	0.317282145716573	0.338277341873499	0.699560768614892	0.335292554043235	0.614815021284735	0.82773666766479	0.603363971176942	0.833690019599654	0.319833270462524	0.212724579663731	0.462776301040833	0.893463126555775	0.85769847078786	0.478757085668535	0.712523537980174	0.575471577261809	0.85315292233787	0.777957245796637	0.785149399519616	0.841362209767814	0.345550153836783	0.32706409273907	0.975385108086469	0.573500168408382	0.981993755004003	0.68946901521217	0.301091273018415	0.233855404323459	0.40339807846277	0.698577101681345	0.915877512853901	0.816099599679744	0.889563330664532	0.974786389111289	0.825179823859087	0.346094155324259	0.761518334667734	0.382372297838271	0.410665969821184	0.861074565357992	0.952180944755805	0.270638475173017	0.774382384239723	0	0.441940058070553	0.672747813635524	0.447382546036829	0.328680224179343	0.72589223378703	0.333175980784628	0.655140912730184	0.934945553559387	0.215263090472378	0.226163971176942	0.90093931144916	0.330874779823859	0.309765412329864	0.498371497197758	0.646	0.87615420336269	0.31407157726181	0.242420336269015	0.90017998398719	0.589366212970376	0.295069335468375	0.845763170536429	0.351696076861489	0.868179823859087	0.705506741598448	0.467779453646031	0.384157245796637	0.596732105684548	0.516975340272218	0.303665492393915	0.760387189751802	0.919380784627702	0.325476381104884	0.782097357886309	0.45798126501201	0.507178863090472	0.592043176047604	0.28584571998467	0.265683586869496	0.582971106206761	0.638698478783027	0.284371977582066	0.717986389111289	0.308675740592474	0.309262289831866	0.444960928742994	0.903360448358687	0.640543634907926	0.31086837469976	0.425366052842274	0.951776461168935	0.872353722978383	0.942787830264211	0.941187830264212	0.490702962369896	0.419686949559648	0.412589111289031	0.832799199359488	0.265283266613291	0.296778222578062	0.273095756605284	0.687526661329063	0.413365252201762	0.35995548438751	0.864573258606886	0.321260208166533	0.386803950430134	0.970576461168935	0.956776461168935	0.859594854852537	0.907157771764382	0.843910350457292	0.922738190552442	0.846866161597947	0.3076645316253	0.69578190552442	0.508988470776621	0.504983987189752	0.269285348278623	0.962376461168935	0.926381104883907	0.939187830264211	0.864562369895917	0.912590712570056	0.757555058924502	0.316863410728583	0.349896236989592	0.841097998398719	0.823955634146211	0.839477341873499	0.821942896336613	0.653932050574274	0.851641693383006	0.791631900744356	0.961788310648519	0.866556445156125	0.207249799839872	0.902160928742994	0.92617614091273	0.284666773418735	0.291258126501201	0.356359007205765	0.933584147317854	0.307673819055244	0.485	0.913551961569255	0.589961729383507	0.854993755004003	0.258822738190553	0.272362784099927	0.888160128102482	0.358695756605284	0.252611529223379	0.875571657325861	0.51775292233787	0.618728994062628	0.656948438751001	0.933161889511609	0.91897614091273	0.94817742193755	0.883351481184948	0.32255420336269	0.925378542834267	0.897518014411529
SRR7146734	1	1	1	1	1	1	1	1	1	1	1	1	1	1	1	1	1	1	1	1	1	1	1	1	1	1	1	1	1	1	1	1	1	1	1	1	1	1	1	1	1	1	1	1	1	1	1	1	1	1	1	1	1	1	1	1	1	1	1	1	1	1	1	1	1	1	0.781514859437751	0.889333333333333	0.467539759036145	0.461797590361446	0.481386345381526	0.654940562248996	0.851895582329317	0.463933333333333	0.856546184738956	0.64761124497992	0.936220883534136	0.936795983935743	0.753608032128514	0.454324497991968	0.586386968705647	0.919591164658635	0.473125301204819	0.468197590361446	0.216384738955823	0.403036947791165	0.547791164658635	0.19178875502008	0.42158875502008	0.716791164658635	0.484177510040161	0.477371347250865	0.484387951807229	0.638327710843373	0.849716465863454	0.48458875502008	0.582579919678715	0.671791164658634	0.463929317269076	0.460124497991968	0.469934136546185	0.845400803212851	0.537754177341492	0.816653849440314	0.7679244476904	0.657041767068273	0.961375903614458	0.397795075100643	0.546703614457831	0.963175903614458	0.408131445349224	0.923877166656212	0.874751603416334	0.734038554216867	0.381934136546185	0.4781140562249	0.539547077197679	0.619224899598394	0.784591164658635	0.424028915662651	0.893976706827309	0.578728181725697	0.596926907630522	0.459924497991968	0.412493975903614	0.895600803212851	0.918910843373494	0.792713253012048	0.855638168288771	0.884298795180723	0.910191164658634	0.421853935566053	0.90313734939759	0.922840963855422	0.25147933201098	0.423330923694779	0.674987148594377	0.817530120481928	0.472835341365462	0.923112449799197	0.430593574297189	0.417040576097493	0.746494779116466	0.367197590361446	0.446985542168675	0.964591164658635	0.930322891566265	0.967791164658635	0.884279518072289	0.927616867469879	0.857467469879518	0.771367068273092	0.828501737009387	0.490787951807229	0.432530923694779	0.798146184738956	0.479397590361446	0.409247389558233	0.475325301204819	0.477921285140562	0.759936546184739	0.469730923694779	0.522653639769161	0.789646225350842	0.617828915662651	0.844129004890464	0.430070763824529	0.457987951807229	0.50960562248996	0.887097870229917	0.912341445187206	0.68230281124498	0.630131796486125	0.678311646586345	0.829865060240964	0.707574297188755	0.802192771084337	0.888333333333333	0.418058419865649	0.445765411053861	0.90570843373494	0.645255034942732	0.972	0.819312449799197	0.448886746987952	0.427500401606426	0.467787951807229	0.783021686746988	0.901934665629949	0.883720481927711	0.902832128514056	0.859055421686747	0.836923694779116	0.476978313253012	0.922799196787149	0.476587951807229	0.397836224584966	0.943480227215167	0.969127710843373	0.439314609909934	0.590172596579946	0.441940058070553	0	0.467671648130986	0.446430522088353	0.40998875502008	0.853167068273092	0.421867469879518	0.623325301204819	0.953685386319004	0.448513253012048	0.477525301204819	0.914122088353414	0.456397590361446	0.298725301204819	0.532417670682731	0.638991164658635	0.889028915662651	0.427388755020081	0.446179919678715	0.791787148594378	0.54851967871486	0.440325301204819	0.617583132530121	0.48138875502008	0.857905220883534	0.664145864161917	0.310781866570275	0.483135742971888	0.546426506024096	0.752736546184739	0.433866666666667	0.888399196787149	0.966799196787149	0.463534136546185	0.796946184738956	0.661724497991968	0.47350281124498	0.641489894135216	0.407892301351837	0.400435341365462	0.64521769913221	0.673225702811245	0.421111646586346	0.817591164658635	0.5334	0.436587951807229	0.730136546184739	0.933261847389558	0.558035341365462	0.342388755020081	0.534315662650602	0.980999196787149	0.818507630522088	0.853149397590361	0.869962248995984	0.654327710843373	0.574579919678715	0.496515662650603	0.845391164658635	0.458333333333333	0.46372530120482	0.47578875502008	0.755513253012048	0.540127710843374	0.429921285140562	0.781961445783133	0.413134136546185	0.413391530581129	0.995599196787149	0.977599196787148	0.877813579900999	0.821234429380801	0.830438754610779	0.913059121996392	0.798212670501827	0.428712449799197	0.915232128514056	0.684391164658635	0.221984738955823	0.454124497991968	0.991599196787148	0.843266666666667	0.860513253012048	0.890183935742972	0.932591164658634	0.681774383420291	0.479186345381526	0.479988755020081	0.957125301204819	0.851889259681453	0.909027309236948	0.841615484740264	0.821799109796587	0.892538133126807	0.782985282490589	0.880407228915663	0.917620883534137	0.48458875502008	0.87146265060241	0.938725301204819	0.430276305220884	0.454067469879518	0.474125301204819	0.9612	0.4577140562249	0.509733333333333	0.929101204819277	0.684112449799197	0.932991164658634	0.460501204819277	0.366579172114972	0.910899598393575	0.445444176706827	0.472525301204819	0.790155020080321	0.367170281124498	0.584216075410517	0.681517269076305	0.871024899598394	0.874949397590361	0.925123694779116	0.834482730923695	0.395606425702811	0.849711646586345	0.860735174484969
SRR7146735	1	1	1	1	1	1	1	1	1	1	1	1	1	1	1	1	1	1	1	1	1	1	1	1	1	1	1	1	1	1	1	1	1	1	1	1	1	1	1	1	1	1	1	1	1	1	1	1	1	1	1	1	1	1	1	1	1	1	1	1	1	1	1	1	1	1	0.694808012820513	0.805849679487179	0.749867948717949	0.751863461538462	0.666958333333334	0.620916346153846	0.829333653846154	0.697617948717949	0.83884391025641	0.476151602564102	0.812361538461539	0.913562179487179	0.580578525641026	0.611447115384615	0.555732037002732	0.907	0.703268269230769	0.762668269230769	0.552326923076923	0.681650641025641	0.756017948717949	0.5042375	0.683817948717949	0.779668269230769	0.719380448717949	0.562438039000539	0.771266346153846	0.670971474358974	0.794	0.781668269230769	0.663708333333333	0.716578846153846	0.693925961538462	0.736466666666667	0.698727884615384	0.846485256410256	0.598644368296737	0.768943622866495	0.677832504709261	0.603423076923077	0.809365384615385	0.673138776710474	0.591705769230769	0.847837179487179	0.568438673546342	0.803315340588193	0.792674643626065	0.570833333333333	0.639068269230769	0.693219551282051	0.576504048990462	0.685245833333333	0.735341025641026	0.64925	0.7743125	0.528607654031734	0.66154358974359	0.690268269230769	0.700254807692308	0.811191666666667	0.8149125	0.657024038461539	0.735682677870178	0.79303108974359	0.909	0.645888768445211	0.862037179487179	0.900986538461538	0.488564820335862	0.643401602564103	0.71500608974359	0.838285256410256	0.602024038461539	0.773141666666667	0.673766025641026	0.600493267174552	0.601344871794872	0.659668269230769	0.724054807692308	0.9528	0.808586858974359	0.969381730769231	0.880548397435897	0.940565705128205	0.852082051282051	0.616603525641026	0.760957654947302	0.735817948717948	0.724268269230769	0.796101282051282	0.744068269230769	0.614209294871795	0.738068269230769	0.759066666666667	0.629851602564103	0.765668269230769	0.479067829054699	0.70884972939046	0.662492307692308	0.754150063817203	0.699519230769231	0.71780608974359	0.630590064102564	0.770757028406638	0.795780407264015	0.547786217948718	0.57064525619174	0.567046474358974	0.739413782051282	0.501964423076923	0.716271474358975	0.817467628205128	0.6813424000924	0.729630446537153	0.899268269230769	0.633958843050661	0.978782371794872	0.615228846153846	0.715054807692308	0.719038782051282	0.727866666666667	0.734259615384615	0.878834903800765	0.769772435897436	0.78809391025641	0.882030128205128	0.727410897435897	0.751866666666667	0.874922435897436	0.709466666666667	0.54045061914396	0.817135164010164	0.9122	0.660641863949713	0.568294599079513	0.672747813635524	0.467671648130986	0	0.72965608974359	0.714066666666667	0.510264102564103	0.659139743589744	0.542116987179487	0.60598094315743	0.658539743589744	0.659580128205128	0.765311538461539	0.747468269230769	0.526134294871795	0.652997435897436	0.765054807692308	0.797829487179487	0.714454807692308	0.699188461538461	0.769546153846154	0.542865064102564	0.722266666666667	0.596117948717949	0.770454807692308	0.863786538461538	0.587883189741535	0.419922473971734	0.623168269230769	0.52556217948718	0.677909615384615	0.668339743589744	0.887586538461538	0.943798397435897	0.689741346153846	0.762805128205128	0.652409294871795	0.667568269230769	0.543173055883556	0.648035977387786	0.677719871794872	0.519995929893545	0.61387467948718	0.616929807692308	0.776951282051282	0.72598108974359	0.725263461538462	0.648219551282051	0.845873717948718	0.565501282051282	0.624663461538461	0.634819551282051	0.925310576923077	0.769477884615385	0.859676602564102	0.879480448717949	0.713815705128205	0.667731730769231	0.688634615384615	0.816957371794872	0.683817948717949	0.691434615384615	0.728019551282051	0.650911858974359	0.682131730769231	0.632254487179487	0.785908653846154	0.648741346153846	0.594731214531295	0.939910576923077	0.921910576923077	0.756822037605973	0.761961228245795	0.755490888969028	0.694632148026113	0.670168124855625	0.682854807692308	0.837882371794872	0.745631730769231	0.562126923076923	0.69980608974359	0.935910576923077	0.873259935897436	0.880666346153846	0.857868269230769	0.913371794871795	0.619770160604373	0.682429807692308	0.772068269230769	0.796113461538462	0.833818677162055	0.770720833333333	0.597215479620814	0.693566987565183	0.661965633795152	0.745919660499545	0.893292307692308	0.850545833333334	0.690144230769231	0.83029358974359	0.902195192307693	0.642687820512821	0.723468269230769	0.642931730769231	0.9416	0.667536538461538	0.765868269230769	0.839434294871795	0.636851923076923	0.890551282051282	0.718801923076923	0.559754237135845	0.835061538461539	0.762854807692308	0.726219551282051	0.788888461538462	0.50401858974359	0.59969757206217	0.609615384615384	0.821896474358974	0.819641987179487	0.857854807692308	0.790430128205128	0.66265	0.861064102564102	0.721981591683603
SRR7146736	1	1	1	1	1	1	1	1	1	1	1	1	1	1	1	1	1	1	1	1	1	1	1	1	1	1	1	1	1	1	1	1	1	1	1	1	1	1	1	1	1	1	1	1	1	1	1	1	1	1	1	1	1	1	1	1	1	1	1	1	1	1	1	1	1	1	0.8122	0.8648	0.4546	0.4758	0.4662	0.5748	0.8536	0.4332	0.9386	0.68	0.9192	0.934	0.7314	0.4232	0.648666666666667	0.8798	0.426	0.4742	0.5164	0.4344	0.5158	0.4468	0.4556	0.7024	0.455	0.564436436436436	0.4636	0.5962	0.7478	0.468	0.5522	0.656	0.4314	0.4148	0.4394	0.9118	0.554715383076615	0.885677811550152	0.805531031714171	0.7072	0.9704	0.462746597068861	0.5266	0.9842	0.465793597438976	0.973982939527433	0.965368425374666	0.7306	0.4456	0.4386	0.610522061191626	0.552	0.7754	0.4544	0.875	0.633727301970246	0.591	0.4094	0.417	0.927	0.939	0.7756	0.880502302302302	0.896	0.882	0.417547617140569	0.916	0.9242	0.433794678935787	0.4106	0.672	0.8952	0.4126	0.919	0.4298	0.509845709703288	0.7142	0.4742	0.4062	0.9508	0.966	0.9688	0.9314	0.961	0.9342	0.8324	0.915362781186094	0.4646	0.4522	0.8556	0.453	0.4152	0.4374	0.4302	0.741	0.4502	0.676098919567827	0.86247062600321	0.6364	0.937759206798867	0.433340705128205	0.4374	0.3676	0.93433023255814	0.935333787848406	0.6614	0.719646320433126	0.7012	0.8636	0.7902	0.8172	0.8998	0.45958958958959	0.47099963978387	0.9626	0.636335227045409	0.9636	0.8282	0.4042	0.44	0.4386	0.774	0.896095569492211	0.8932	0.894	0.9584	0.8412	0.4538	0.9116	0.4342	0.435253497481813	0.954784184184184	0.9208	0.44879575915183	0.786850751653638	0.447382546036829	0.446430522088353	0.72965608974359	0	0.3766	0.8462	0.415	0.7062	0.968998077693232	0.4274	0.4258	0.9328	0.4618	0.423	0.5192	0.6388	0.9204	0.4342	0.4102	0.887	0.6574	0.4344	0.8136	0.3786	0.8486	0.724636826287317	0.560786215284817	0.5114	0.6906	0.7514	0.4186	0.83	0.8828	0.4434	0.867	0.6988	0.4916	0.719341668349828	0.383388877775555	0.46	0.706056550613806	0.7094	0.4424	0.769	0.5236	0.4384	0.711	0.947	0.6562	0.4432	0.5548	0.9802	0.8626	0.9364	0.944	0.6218	0.5868	0.4956	0.8318	0.4414	0.4012	0.4602	0.7514	0.5232	0.4062	0.7968	0.4388	0.50200549273021	0.9946	0.9784	0.954288776541962	0.911596421309476	0.929431227068895	0.974395356285028	0.879947747747748	0.3952	0.9046	0.654	0.521	0.4298	0.9906	0.925	0.9414	0.9382	0.896	0.691409971853639	0.4752	0.4648	0.9356	0.92300665725237	0.8878	0.925031921824104	0.908570316887284	0.977348574893875	0.883757094120008	0.961	0.94	0.452	0.886	0.8916	0.4084	0.437	0.355	0.8718	0.4298	0.446	0.9632	0.67	0.8962	0.4472	0.408337765318382	0.9084	0.4124	0.4352	0.8086	0.4602	0.666914670959952	0.7026	0.9028	0.8876	0.9376	0.919	0.419	0.9364	0.935379503602882
SRR7146738	1	1	1	1	1	1	1	1	1	1	1	1	1	1	1	1	1	1	1	1	1	1	1	1	1	1	1	1	1	1	1	1	1	1	1	1	1	1	1	1	1	1	1	1	1	1	1	1	1	1	1	1	1	1	1	1	1	1	1	1	1	1	1	1	1	1	0.8694	0.9158	0.249	0.2658	0.4826	0.7002	0.8784	0.4232	0.967	0.6278	0.969	0.9554	0.7948	0.3478	0.629724663857114	0.8664	0.2084	0.2488	0.458	0.4128	0.4946	0.3368	0.1746	0.6702	0.3068	0.45006046046046	0.2594	0.6138	0.7334	0.2624	0.5672	0.6194	0.2626	0.2356	0.2624	0.9476	0.561115183036607	0.907314893617021	0.851749096748294	0.7238	0.977	0.263561855049187	0.513	0.9812	0.44357831132453	0.940387985582699	0.965964401560255	0.7146	0.1934	0.3584	0.659355555555555	0.4976	0.747	0.4742	0.854	0.625834981905911	0.5936	0.2946	0.3238	0.9756	0.935	0.7498	0.884691491491492	0.9532	0.8644	0.417723348017621	0.975	0.9674	0.240863612722544	0.2296	0.6832	0.9352	0.5002	0.9384	0.4274	0.518287570168404	0.7224	0.2134	0.247	0.9158	0.9814	0.978	0.97	0.994	0.9672	0.841	0.927976278118609	0.2726	0.2304	0.7676	0.2568	0.2424	0.208	0.2424	0.7604	0.2498	0.658902601040416	0.905144462279294	0.6658	0.941954512343181	0.275848717948718	0.3552	0.5254	0.956935044105854	0.946129095648687	0.6384	0.769841106877883	0.7228	0.9082	0.832	0.8346	0.943	0.390394794794795	0.251383430058035	0.9802	0.635932586517304	0.9822	0.8434	0.2586	0.397	0.4078	0.7804	0.961063928788185	0.8814	0.8956	0.9918	0.8146	0.252	0.9264	0.3962	0.468526245103526	0.973188388388389	0.9166	0.237394478895779	0.770273682100621	0.328680224179343	0.40998875502008	0.714066666666667	0.3766	0	0.8126	0.3414	0.7186	0.983598077693232	0.268	0.3218	0.962	0.2546	0.2776	0.5504	0.6068	0.9734	0.2276	0.2716	0.807	0.5928	0.1676	0.7542	0.1582	0.8916	0.778836826287317	0.525075856476789	0.532	0.6584	0.7786	0.1938	0.7946	0.8404	0.2486	0.8714	0.7174	0.529	0.741612845889719	0.168780636127225	0.2756	0.682660293821695	0.7034	0.4434	0.7708	0.5312	0.2244	0.7284	0.9616	0.6042	0.181	0.5416	0.9772	0.9176	0.9666	0.966	0.6498	0.529	0.466	0.8038	0.2484	0.3748	0.2556	0.7876	0.4982	0.405	0.7438	0.2144	0.517515993537964	0.996	0.9832	0.976499898887766	0.908303212688084	0.923228128821851	0.990398238590873	0.897323923923924	0.3134	0.921	0.6312	0.4588	0.274	0.9878	0.9616	0.9718	0.9708	0.885	0.658200562927222	0.2786	0.2576	0.9694	0.929615331853944	0.9588	0.960566449511401	0.915373124749298	0.946757145744896	0.910946177001806	0.9884	0.9718	0.3974	0.835	0.8374	0.271	0.2292	0.3316	0.8374	0.2442	0.3896	0.9276	0.689	0.8816	0.2904	0.337635162194634	0.9408	0.2392	0.2572	0.7602	0.4276	0.665786154155766	0.683	0.9578	0.9352	0.9658	0.9662	0.3422	0.9728	0.957179503602882
SRR7146739	1	1	1	1	1	1	1	1	1	1	1	1	1	1	1	1	1	1	1	1	1	1	1	1	1	1	1	1	1	1	1	1	1	1	1	1	1	1	1	1	1	1	1	1	1	1	1	1	1	1	1	1	1	1	1	1	1	1	1	1	1	1	1	1	1	1	0.7708	0.891	0.846	0.8674	0.615	0.7292	0.6856	0.6606	0.9322	0.5666	0.8322	0.922	0.6824	0.7084	0.55235035119406	0.8628	0.7986	0.8688	0.8514	0.823	0.7662	0.7784	0.7882	0.8268	0.6848	0.801740540540541	0.863	0.7288	0.8024	0.8718	0.7106	0.7236	0.8622	0.8172	0.8656	0.9214	0.466561632326465	0.888804255319149	0.705402408671217	0.7556	0.5176	0.830802409154788	0.553	0.7158	0.569308923569428	0.683779335202243	0.82045547115582	0.4688	0.8516	0.7216	0.822500805152979	0.789	0.6902	0.8082	0.542	0.669628468033776	0.7014	0.8494	0.789	0.8776	0.7014	0.5146	0.526467667667668	0.9026	0.8696	0.772886343612335	0.9752	0.959	0.752578355671134	0.8034	0.659	0.9096	0.7656	0.653	0.6562	0.77680753809142	0.5772	0.8706	0.7848	0.907	0.6638	0.9712	0.9536	0.9786	0.913	0.5614	0.913452351738241	0.7644	0.8398	0.9382	0.839	0.727	0.7896	0.8568	0.7016	0.8598	0.693995518207283	0.8086886035313	0.6532	0.684361149332254	0.811502884615385	0.7196	0.72	0.712888853247794	0.874724724283136	0.5956	0.826279045518348	0.6138	0.6668	0.6052	0.7578	0.8698	0.790578178178178	0.861593396037623	0.9894	0.756386437287457	0.986	0.3702	0.8038	0.8372	0.781	0.7914	0.87224252478252	0.6862	0.7572	0.979	0.718	0.8312	0.7112	0.7588	0.652911024062675	0.811577177177177	0.9268	0.783784636927386	0.7900624173181	0.72589223378703	0.853167068273092	0.510264102564103	0.8462	0.8126	0	0.8368	0.7332	0.43279399279135	0.8132	0.6668	0.7712	0.8596	0.836	0.7532	0.8196	0.855	0.8298	0.7036	0.8604	0.7786	0.813	0.8982	0.8242	0.8856	0.750414265678221	0.755592904926008	0.7418	0.686	0.7028	0.8208	0.9164	0.9454	0.8654	0.7274	0.6792	0.795	0.493382347000606	0.817393358671734	0.7492	0.67084672972429	0.709	0.734	0.755	0.7664	0.8372	0.6572	0.7208	0.7606	0.8286	0.7212	0.8282	0.8474	0.9382	0.9494	0.7666	0.6396	0.7768	0.813	0.8024	0.78	0.8148	0.7412	0.6928	0.7854	0.8682	0.8602	0.789315670436187	0.847	0.8344	0.713379373104146	0.780102318015454	0.779807011822258	0.604687269815853	0.693899299299299	0.8346	0.7654	0.7818	0.8548	0.803	0.8388	0.9546	0.9512	0.8858	0.872	0.838894410936872	0.7384	0.8602	0.7596	0.739004922332056	0.8222	0.59041661237785	0.516076534296029	0.506420214271276	0.695873168773831	0.9664	0.8184	0.7434	0.911	0.9432	0.815	0.8108	0.7284	0.9402	0.8306	0.8556	0.6676	0.7766	0.825	0.7252	0.632387585102122	0.8026	0.867	0.7122	0.8836	0.7578	0.811825679211109	0.7184	0.9612	0.9194	0.9658	0.9104	0.8156	0.9446	0.783579503602882
SRR7146740	1	1	1	1	1	1	1	1	1	1	1	1	1	1	1	1	1	1	1	1	1	1	1	1	1	1	1	1	1	1	1	1	1	1	1	1	1	1	1	1	1	1	1	1	1	1	1	1	1	1	1	1	1	1	1	1	1	1	1	1	1	1	1	1	1	1	0.6664	0.7992	0.3582	0.385	0.468	0.5994	0.7968	0.3406	0.9182	0.5606	0.7706	0.9312	0.5376	0.2398	0.604040056191049	0.9102	0.3322	0.3952	0.4976	0.361	0.5106	0.3856	0.349	0.7014	0.389	0.51943023023023	0.387	0.5642	0.8128	0.4004	0.5544	0.6456	0.2242	0.351	0.2672	0.8704	0.536509821964393	0.880830395136778	0.771868727418707	0.5828	0.9492	0.383159566352138	0.4776	0.9542	0.437795118047219	0.939975010012015	0.936651898994046	0.6832	0.3274	0.3586	0.60665539452496	0.586	0.7252	0.3484	0.861	0.437432891033374	0.5604	0.3182	0.333	0.8162	0.8846	0.7466	0.869902702702703	0.7832	0.9082	0.349315178213857	0.776	0.8942	0.347591398279656	0.3254	0.6374	0.8862	0.3586	0.7572	0.376	0.440032237369687	0.6588	0.3968	0.3494	0.9542	0.9512	0.9606	0.9198	0.9476	0.9016	0.7796	0.740110838445808	0.4032	0.3496	0.903	0.3892	0.328	0.3372	0.3474	0.5696	0.3718	0.596285394157663	0.790544141252006	0.6118	0.917086442735735	0.354185897435898	0.3216	0.4602	0.901051323175622	0.701871746541007	0.463	0.609271987166633	0.539	0.8678	0.8006	0.7268	0.896	0.364966766766767	0.38059963978387	0.967	0.525116423284657	0.9832	0.8054	0.3444	0.3468	0.3994	0.6722	0.907249443657697	0.7172	0.8414	0.9448	0.7326	0.3726	0.87	0.4244	0.386023055400112	0.751171571571572	0.904	0.364994558911783	0.770036640609341	0.333175980784628	0.421867469879518	0.659139743589744	0.415	0.3414	0.8368	0	0.5414	0.811803203844614	0.2302	0.3242	0.7844	0.3792	0.2728	0.4496	0.6226	0.9106	0.3358	0.3614	0.8924	0.6048	0.3172	0.6292	0.372	0.851	0.678734762572631	0.515651084532739	0.4312	0.5872	0.702	0.2032	0.8314	0.9244	0.2864	0.862	0.6316	0.475	0.698513956776409	0.289588397679536	0.391	0.518271523445361	0.6956	0.402	0.7864	0.4998	0.3584	0.645	0.9464	0.4192	0.3436	0.4916	0.9628	0.858	0.928	0.9116	0.6018	0.5428	0.4478	0.8302	0.321	0.3754	0.356	0.75	0.4954	0.2594	0.7694	0.2026	0.451357027463651	0.9774	0.9664	0.907228109201213	0.848196258641724	0.892428128821851	0.962997758206565	0.798101701701702	0.3214	0.8764	0.6228	0.5	0.3362	0.9734	0.8926	0.9122	0.8848	0.927	0.608928025733816	0.4004	0.3942	0.8824	0.910284728666532	0.8258	0.926333550488599	0.849966947452868	0.964148574893875	0.850018583182822	0.9426	0.8988	0.3602	0.9136	0.8882	0.2556	0.3152	0.387	0.9382	0.267	0.4184	0.9222	0.477	0.9144	0.3852	0.331919022827393	0.93	0.3316	0.3822	0.7836	0.4552	0.65698953511773	0.6262	0.8586	0.7358	0.7634	0.864	0.3114	0.9282	0.819277502001601
SRR7146741	1	1	1	1	1	1	1	1	1	1	1	1	1	1	1	1	1	1	1	1	1	1	1	1	1	1	1	1	1	1	1	1	1	1	1	1	1	1	1	1	1	1	1	1	1	1	1	1	1	1	1	1	1	1	1	1	1	1	1	1	1	1	1	1	1	1	0.5934	0.773	0.7112	0.7104	0.6928	0.5868	0.8622	0.7026	0.7018	0.56	0.7126	0.942	0.5116	0.507	0.537478627332932	0.9018	0.6508	0.7348	0.7182	0.6652	0.718	0.6538	0.7246	0.7368	0.62	0.644905705705706	0.72	0.6544	0.7792	0.7362	0.6058	0.6302	0.5742	0.6942	0.6174	0.8514	0.587790358071615	0.665701114488348	0.550382737856283	0.5242	0.796	0.619158281469584	0.4986	0.8334	0.58494093637455	0.801298838606328	0.635896160952577	0.5534	0.6634	0.6686	0.483228341384863	0.6194	0.7504	0.615	0.7224	0.373454282267793	0.6796	0.629	0.6752	0.812	0.8164	0.645	0.732256456456456	0.7504	0.8898	0.62586976371646	0.784	0.9082	0.679588517703541	0.6538	0.7036	0.831	0.5728	0.7274	0.6944	0.489614915797915	0.6196	0.7394	0.7056	0.9552	0.7272	0.9722	0.8828	0.9546	0.8458	0.645	0.500247443762781	0.7324	0.7078	0.8346	0.7164	0.6002	0.7122	0.6936	0.4964	0.7156	0.549067787114846	0.622494382022472	0.5076	0.680101497369486	0.631425641025641	0.7144	0.6284	0.674684683239775	0.66337457389212	0.4406	0.544873350711851	0.4068	0.755	0.6744	0.6692	0.8374	0.663720720720721	0.713184030418251	0.9214	0.53658075615123	0.9744	0.6952	0.6974	0.6888	0.7072	0.6688	0.88200368197451	0.7184	0.7644	0.7264	0.6786	0.7158	0.8632	0.672	0.486508785674315	0.667931131131131	0.8888	0.655183076615323	0.735295530166366	0.655140912730184	0.623325301204819	0.542116987179487	0.7062	0.7186	0.7332	0.5414	0	0.711765158189828	0.5848	0.5818	0.6684	0.7114	0.59	0.5878	0.732	0.825	0.693	0.7106	0.9062	0.636	0.6986	0.7296	0.7264	0.8684	0.567486275295532	0.439961037907967	0.645	0.5598	0.7104	0.6016	0.8904	0.932	0.6122	0.6082	0.634	0.6588	0.493367885275702	0.588371674334867	0.604	0.351061581807205	0.598	0.5696	0.7858	0.7266	0.6754	0.6254	0.8468	0.5038	0.6952	0.595	0.8818	0.7858	0.7288	0.784	0.6848	0.6366	0.666	0.8308	0.683	0.6766	0.724	0.6376	0.6368	0.5902	0.7474	0.5626	0.423457512116317	0.8994	0.8868	0.665185439838221	0.514782187881253	0.515615002038321	0.691537550040032	0.657581981981982	0.6474	0.9084	0.6914	0.7246	0.688	0.8924	0.8442	0.8594	0.8238	0.907	0.629796622436671	0.6812	0.7372	0.8616	0.711631430300585	0.8138	0.634146254071661	0.59420312876053	0.630581443298969	0.661300782661047	0.8208	0.8836	0.641	0.8066	0.8934	0.56	0.6582	0.5956	0.9348	0.5866	0.7274	0.7352	0.488	0.8924	0.7272	0.559614977973568	0.8554	0.7382	0.7148	0.7518	0.5946	0.426872207687664	0.6284	0.8222	0.7702	0.7782	0.715	0.6128	0.8146	0.476050600480384
SRR7146743	1	1	1	1	1	1	1	1	1	1	1	1	1	1	1	1	1	1	1	1	1	1	1	1	1	1	1	1	1	1	1	1	1	1	1	1	1	1	1	1	1	1	1	1	1	1	1	1	1	1	1	1	1	1	1	1	1	1	1	1	1	1	1	1	1	1	0.715483540248298	0.880195434521426	0.981397356828194	0.975395674809772	0.942793752503004	0.80659759711654	0.962797356828194	0.949797356828194	0.93636924309171	0.712193271926312	0.74631117340809	0.949197356828194	0.741974849819784	0.78159759711654	0.620967235738073	0.99479759711654	0.91259759711654	0.99439759711654	0.979598077693232	0.943795434521425	0.99579759711654	0.92199759711654	0.99159759711654	0.99679759711654	0.790993512214658	0.913512511309868	0.978397837404886	0.90939759711654	0.92059759711654	0.993598077693232	0.90939759711654	0.89419759711654	0.834597356828194	0.95919759711654	0.866198077693232	0.946569483380056	0.799554704693442	0.914868297884513	0.892272252194404	0.738080336403684	0.750106047256708	0.944462365077	0.66070532639167	0.604747537044453	0.777031357196463	0.559271125350421	0.834017121099621	0.72690532639167	0.930597116539848	0.933793512214657	0.895884642891921	0.916395915098118	0.96079759711654	0.913569002803364	0.874993271926312	0.694159328145926	0.94479759711654	0.91419759711654	0.958971165398478	0.763077452943532	0.928593752503003	0.875593271926311	0.731125919672175	0.81439038846616	0.989398077693232	0.905286343612335	0.81117749299159	0.926997116539848	0.928983393795299	0.905997356828194	0.972797116539848	0.950373087705246	0.81699759711654	0.742910452543052	0.968797356828194	0.910616235874388	0.843165158189828	0.995798077693232	0.98019759711654	0.99759759711654	0.591523748498198	0.992398077693232	0.970169483380056	0.96697404885863	0.931772126551862	0.564521105326392	0.809303106468048	0.987398077693232	0.968198077693232	0.967169963956748	0.98259759711654	0.909567801361634	0.975597837404886	0.96959759711654	0.680203203844613	0.98279759711654	0.729087149477332	0.796026821270597	0.791705086103324	0.897072602055692	0.929699052324328	0.97979759711654	0.91316924309171	0.565233291979244	0.807161013508972	0.677598638366039	0.830199447678903	0.701510452543052	0.540097797356828	0.680166119343212	0.849393752503004	0.926169963956748	0.89207228854806	0.977173689075279	0.952573087705247	0.916977388269003	0.998398077693232	0.628391589907889	0.965395915098118	0.97059759711654	0.97759759711654	0.88679759711654	0.883253551844653	0.788200800961153	0.78859759711654	0.969371886263516	0.801705086103324	0.97239759711654	0.989597356828194	0.947198077693232	0.686530719908098	0.51522207028815	0.92519759711654	0.91478075350753	0.91343679362519	0.934945553559387	0.953685386319004	0.60598094315743	0.968998077693232	0.983598077693232	0.43279399279135	0.811803203844614	0.711765158189828	0	0.86399759711654	0.76379759711654	0.511216099319183	0.969595915098118	0.882796635963156	0.924793752503004	0.985197356828194	0.89077164597517	0.966973808570285	0.97419759711654	0.99459759711654	0.918597356828194	0.96819759711654	0.80537989587505	0.99039759711654	0.97599759711654	0.816708521474016	0.909336896552368	0.927371886263516	0.690368281938326	0.943572607128554	0.87579759711654	0.964796876251502	0.965797356828194	0.87119759711654	0.954569963956748	0.928169963956748	0.94079279134962	0.628604861078699	0.907555680138831	0.974969963956748	0.701487347304187	0.927969963956748	0.910569483380056	0.980997356828194	0.95319759711654	0.963974289146976	0.89499759711654	0.597553544253104	0.731284741690028	0.959372607128554	0.921569483380056	0.770998077693232	0.89257044453344	0.950572607128554	0.949171886263516	0.95979759711654	0.912793512214657	0.90139759711654	0.988397356828194	0.937597116539848	0.922148818582299	0.99039759711654	0.86896804164998	0.904397356828194	0.864997356828194	0.933569483380056	0.815780376451742	0.924084830714466	0.7524	0.729398077693232	0.863984445642152	0.805188593127532	0.862250844511172	0.543795308573651	0.562898180519326	0.929969963956748	0.924797356828194	0.96019759711654	0.98599759711654	0.94739759711654	0.758798077693232	0.973369483380056	0.957969963956748	0.89217164597517	0.98599759711654	0.852735949001287	0.85650532639167	0.995198077693232	0.873193512214657	0.960044569117397	0.814569963956748	0.744163598924573	0.773612570945544	0.510680493972998	0.931028492469109	0.958972366840208	0.860105086103324	0.87559759711654	0.924966119343212	0.921392551061273	0.894574529435322	0.940997356828194	0.85899759711654	0.97919759711654	0.875391830196235	0.98659759711654	0.587147056467761	0.752203203844613	0.98499759711654	0.976197837404886	0.857228674409291	0.838309891870245	0.987398077693232	0.971798077693232	0.934969002803364	0.866574048858631	0.896885842403116	0.885772126551862	0.898569963956748	0.802001041249499	0.805176772126552	0.892169483380056	0.940790388466159	0.946969963956748	0.696946183298261
SRR7146744	1	1	1	1	1	1	1	1	1	1	1	1	1	1	1	1	1	1	1	1	1	1	1	1	1	1	1	1	1	1	1	1	1	1	1	1	1	1	1	1	1	1	1	1	1	1	1	1	1	1	1	1	1	1	1	1	1	1	1	1	1	1	1	1	1	1	0.7416	0.8092	0.2868	0.3136	0.4526	0.5836	0.836	0.312	0.903	0.524	0.8528	0.9266	0.644	0.2208	0.565029139072848	0.892	0.2204	0.3024	0.4988	0.2884	0.4746	0.363	0.2136	0.6908	0.2994	0.586035035035035	0.3102	0.4814	0.8118	0.3162	0.5212	0.6094	0.1846	0.2314	0.2032	0.8422	0.533512222444489	0.899630395136778	0.782657888398234	0.6182	0.9448	0.30834278257378	0.4528	0.9552	0.428791116446579	0.933975010012014	0.929482406076781	0.6354	0.2434	0.3042	0.61905539452496	0.5856	0.6594	0.3756	0.832	0.438989626055489	0.4908	0.227	0.3204	0.8366	0.9412	0.6978	0.857101101101101	0.7788	0.892	0.31844261113336	0.84	0.8886	0.285265573114623	0.2542	0.6454	0.8654	0.3376	0.8358	0.4008	0.367815396952686	0.629	0.3058	0.2532	0.9412	0.9522	0.9418	0.9122	0.9316	0.8812	0.7866	0.827832310838446	0.321	0.2858	0.9252	0.301	0.2406	0.29	0.285	0.6288	0.3046	0.610265466186475	0.813028571428572	0.5988	0.940759206798867	0.288986858974359	0.2722	0.508	0.921478748997594	0.836872789252055	0.4746	0.639974373370764	0.6046	0.858	0.8082	0.7864	0.905	0.377181181181181	0.30439963978387	0.9606	0.592920064012803	0.9482	0.8042	0.2012	0.2684	0.376	0.6034	0.897198057859599	0.7914	0.8034	0.9348	0.7272	0.2734	0.8544	0.387	0.371105875769446	0.791927127127127	0.8834	0.252594318863773	0.77663046702746	0.215263090472378	0.448513253012048	0.658539743589744	0.4274	0.268	0.8132	0.2302	0.5848	0.86399759711654	0	0.1994	0.8394	0.3008	0.2182	0.4764	0.6068	0.8878	0.2462	0.2636	0.8818	0.5342	0.2206	0.7364	0.288	0.8382	0.659729352835103	0.524818487735658	0.4308	0.5892	0.6698	0.1504	0.811	0.9162	0.2108	0.856	0.5962	0.4652	0.703165421127045	0.221183396679336	0.3078	0.531259770577581	0.6968	0.3342	0.7742	0.4456	0.2724	0.5842	0.9352	0.5648	0.286	0.4744	0.913	0.8336	0.8962	0.8924	0.5792	0.5008	0.3978	0.8226	0.2388	0.2892	0.2704	0.7376	0.4594	0.2824	0.8436	0.1958	0.427944426494345	0.9276	0.919	0.922428109201214	0.892596258641724	0.902428128821851	0.954791032826261	0.844298098098098	0.2556	0.8056	0.5474	0.4988	0.2106	0.9236	0.8832	0.8892	0.8354	0.912	0.684313389626055	0.3024	0.3162	0.8888	0.925392777889853	0.8674	0.9240332247557	0.804370316887284	0.950757145744896	0.876821312462372	0.921	0.876	0.2888	0.9316	0.9184	0.2274	0.2432	0.3794	0.9434	0.1924	0.4968	0.9136	0.4958	0.8806	0.3074	0.308495234281137	0.914	0.2766	0.2844	0.861	0.4736	0.635554598510767	0.6138	0.8464	0.7878	0.8318	0.8288	0.2936	0.9042	0.836576461168935
SRR7146745	1	1	1	1	1	1	1	1	1	1	1	1	1	1	1	1	1	1	1	1	1	1	1	1	1	1	1	1	1	1	1	1	1	1	1	1	1	1	1	1	1	1	1	1	1	1	1	1	1	1	1	1	1	1	1	1	1	1	1	1	1	1	1	1	1	1	0.81	0.8698	0.3222	0.3702	0.4192	0.5724	0.8528	0.3334	0.9562	0.4702	0.9238	0.9594	0.6944	0.2032	0.423231868352398	0.8732	0.2518	0.3668	0.5156	0.3438	0.4568	0.3382	0.257	0.664	0.143	0.587990590590591	0.3566	0.4864	0.8	0.365	0.4772	0.5308	0.3198	0.303	0.3226	0.896	0.434891578315663	0.905696251266464	0.803749096748294	0.6852	0.818	0.355967958241317	0.289	0.8008	0.355551420568227	0.758369963956748	0.895921166084993	0.5022	0.3126	0.2704	0.620237359098229	0.585	0.6614	0.4296	0.788	0.416137997587455	0.5054	0.304	0.3284	0.934	0.9316	0.6596	0.6994996996997	0.877	0.8806	0.30158229875851	0.9422	0.937	0.287193718743749	0.3064	0.6684	0.9174	0.3656	0.8784	0.4064	0.381550441058541	0.6222	0.3704	0.2942	0.9134	0.784	0.9814	0.958	0.9886	0.9232	0.6274	0.890326789366053	0.3458	0.3356	0.9506	0.334	0.2768	0.3048	0.3358	0.56	0.3462	0.478064825930372	0.813778170144462	0.5438	0.93042492917847	0.350766666666667	0.2942	0.4894	0.748637369687249	0.881472789252056	0.4518	0.700969681171045	0.636	0.7122	0.7476	0.747	0.8958	0.366170770770771	0.361393396037623	0.9916	0.614337067413483	0.986	0.6324	0.2804	0.3316	0.3856	0.6914	0.949901840987255	0.8496	0.7574	0.9906	0.7858	0.3434	0.8666	0.366	0.264847118074986	0.696528128128128	0.8964	0.283185557111422	0.818255161354981	0.226163971176942	0.477525301204819	0.659580128205128	0.4258	0.3218	0.6668	0.3242	0.5818	0.76379759711654	0.1994	0	0.743	0.3562	0.2988	0.5206	0.618	0.8906	0.3328	0.2972	0.8852	0.5428	0.274	0.8428	0.3298	0.8874	0.696690763374073	0.532621204135415	0.466	0.4844	0.6614	0.2772	0.8428	0.9428	0.3134	0.8506	0.5918	0.502	0.530965421127045	0.29078375675135	0.325	0.499179392231837	0.6658	0.312	0.7444	0.4322	0.3414	0.579	0.7604	0.6476	0.341	0.4594	0.8026	0.8442	0.9472	0.9444	0.5748	0.4336	0.3914	0.8036	0.2908	0.2878	0.3106	0.6848	0.3736	0.3034	0.8606	0.319	0.425126978998384	0.8206	0.8092	0.918699898887765	0.775478731191541	0.806312107623319	0.809598238590873	0.708145345345345	0.3216	0.8034	0.5634	0.5178	0.2908	0.8124	0.9376	0.946	0.8346	0.8994	0.757019380780056	0.3168	0.3524	0.897	0.912792777889853	0.9184	0.879851465798046	0.644685118331328	0.762757145744896	0.877054063816978	0.9798	0.8808	0.2296	0.9256	0.9278	0.299	0.2878	0.3148	0.9524	0.3	0.4834	0.7636	0.5224	0.8578	0.3146	0.269995754905887	0.8872	0.3646	0.2978	0.8772	0.525	0.657315033205876	0.6232	0.9286	0.8968	0.93	0.8616	0.3528	0.9548	0.776261809447558
SRR7146746	1	1	1	1	1	1	1	1	1	1	1	1	1	1	1	1	1	1	1	1	1	1	1	1	1	1	1	1	1	1	1	1	1	1	1	1	1	1	1	1	1	1	1	1	1	1	1	1	1	1	1	1	1	1	1	1	1	1	1	1	1	1	1	1	1	1	0.7354	0.8018	0.9542	0.9556	0.8666	0.8398	0.942	0.9518	0.9272	0.7502	0.6924	0.9408	0.6296	0.7642	0.652596989765202	0.9484	0.8926	0.9774	0.962	0.9256	0.9598	0.8998	0.9732	0.9808	0.7658	0.893112912912913	0.965	0.9048	0.8708	0.976	0.8316	0.87	0.8176	0.9404	0.8516	0.9228	0.774361632326465	0.890681256332321	0.846919630670413	0.7468	0.7454	0.926308452118048	0.672	0.421	0.800731012404962	0.505896115338406	0.865076041880517	0.7052	0.91	0.912	0.819701127214171	0.8838	0.936	0.8718	0.889	0.631798874145557	0.926	0.8756	0.928	0.8078	0.8146	0.8424	0.667512712712713	0.7918	0.9456	0.878310372446936	0.7476	0.9094	0.92418851770354	0.9106	0.949	0.9214	0.8202	0.7206	0.9428	0.87041764234162	0.7928	0.979	0.951	0.9788	0.4684	0.9808	0.946	0.9626	0.9204	0.3972	0.7274	0.9712	0.952	0.9082	0.9608	0.8636	0.9576	0.9382	0.6396	0.9566	0.698086994797919	0.865395826645265	0.791	0.929261513557264	0.931128846153846	0.9652	0.8824	0.473422133119487	0.72293900140365	0.6756	0.804028273511129	0.7346	0.4698	0.839	0.8238	0.8698	0.919992992992993	0.955984630778467	0.9444	0.859776915383077	0.9724	0.7492	0.94	0.9484	0.9584	0.8492	0.915285049565042	0.7484	0.788	0.9582	0.839	0.9618	0.8462	0.9118	0.654959037493005	0.259766566566567	0.8876	0.893182596519304	0.906714451793947	0.90093931144916	0.914122088353414	0.765311538461539	0.9328	0.962	0.7712	0.7844	0.6684	0.511216099319183	0.8394	0.743	0	0.9496	0.8496	0.8942	0.969	0.8772	0.944	0.956	0.9682	0.8856	0.9492	0.7426	0.9732	0.9414	0.868284592266079	0.886842124467869	0.9026	0.6588	0.908	0.8536	0.9466	0.9284	0.8486	0.918	0.9024	0.7408	0.624213169056756	0.874785037007402	0.9502	0.642554920507144	0.8892	0.8612	0.9344	0.9692	0.9266	0.8668	0.5318	0.7136	0.9476	0.8672	0.7554	0.8678	0.9268	0.942	0.9172	0.891	0.919	0.968	0.929	0.9182	0.967	0.8036	0.886	0.8398	0.8906	0.7924	0.896330856219709	0.7524	0.7214	0.841570273003033	0.760522082147214	0.831454056257644	0.658612169735789	0.475986186186186	0.8994	0.925	0.9428	0.9684	0.9282	0.7522	0.9472	0.9404	0.87	0.9204	0.841639646160032	0.89	0.9784	0.862	0.929024773048215	0.6376	0.843965472312704	0.735404171680706	0.673080210228421	0.890002809552478	0.945	0.8918	0.8876	0.8962	0.9198	0.8514	0.9148	0.8362	0.9148	0.8462	0.9688	0.5694	0.6898	0.947	0.9702	0.828855346415699	0.8582	0.9718	0.9542	0.8838	0.8752	0.869294304689072	0.7536	0.8524	0.754	0.7476	0.8644	0.904	0.9194	0.613376941553243
SRR7146747	1	1	1	1	1	1	1	1	1	1	1	1	1	1	1	1	1	1	1	1	1	1	1	1	1	1	1	1	1	1	1	1	1	1	1	1	1	1	1	1	1	1	1	1	1	1	1	1	1	1	1	1	1	1	1	1	1	1	1	1	1	1	1	1	1	1	0.8648	0.9074	0.0776000000000001	0.0166	0.476	0.7078	0.8918	0.4404	0.962	0.7536	0.9698	0.9592	0.8088	0.3838	0.667325346177002	0.9198	0.2394	0.0306	0.518	0.4344	0.5518	0.41	0.2038	0.719	0.3532	0.629456656656657	0.2744	0.6632	0.8574	0.0362	0.5884	0.6756	0.266	0.2832	0.142	0.9372	0.567118823764753	0.899114893617021	0.843943315937375	0.7376	0.9714	0.168297289700863	0.5594	0.9708	0.460595038015206	0.974386784140969	0.958164401560255	0.7598	0.138	0.38	0.647356843800322	0.6528	0.7892	0.4894	0.9048	0.669038118214717	0.6368	0.3058	0.3714	0.9642	0.9404	0.8078	0.897912512512512	0.9436	0.9132	0.421140408490188	0.968	0.9596	0.321272134426886	0.2442	0.6972	0.927	0.5112	0.932	0.4258	0.508495268644747	0.7864	0.1196	0.2948	0.9658	0.9738	0.9818	0.9658	0.987	0.9646	0.8304	0.913176278118609	0.1146	0.052	0.9282	0.0432000000000001	0.2662	0.2126	0.081	0.7638	0.063	0.734304361744698	0.888944462279294	0.6644	0.934431970861999	0.262847435897436	0.3694	0.5718	0.955772574178027	0.944325446160016	0.7146	0.757049448566272	0.7086	0.9004	0.824	0.8412	0.934	0.387201801801802	0.0376378226936162	0.9808	0.658537027405481	0.9898	0.834	0.2908	0.418	0.454	0.8284	0.962319279789601	0.9164	0.9364	0.9828	0.8574	0.1238	0.933	0.4472	0.460726245103526	0.962591791791792	0.9738	0.106026965393079	0.822500581278813	0.330874779823859	0.456397590361446	0.747468269230769	0.4618	0.2546	0.8596	0.3792	0.7114	0.969595915098118	0.3008	0.3562	0.9496	0	0.337	0.5746	0.659	0.963	0.163	0.3208	0.92	0.6974	0.234	0.9072	0.3244	0.8904	0.775450891604889	0.558092154875329	0.533	0.7224	0.768	0.2298	0.9112	0.972	0.128	0.8798	0.7066	0.5338	0.723597010704908	0.222453210642128	0.3072	0.723274018917287	0.741	0.4806	0.8178	0.5334	0.131	0.7358	0.959	0.6718	0.17	0.581	0.9812	0.9052	0.9674	0.982	0.6598	0.5962	0.5158	0.8466	0.115	0.434	0.0946000000000001	0.7876	0.5446	0.4264	0.8734	0.2046	0.510721486268174	1	0.9864	0.959699898887765	0.950703212688085	0.909828128821851	0.982598238590873	0.911552552552553	0.316	0.9588	0.6888	0.5194	0.2726	0.9918	0.964	0.975	0.9662	0.9348	0.793740651387214	0.1834	0.0392	0.9614	0.927709017550938	0.9652	0.951688273615635	0.901773124749298	0.979357145744896	0.894748223961469	0.9798	0.9656	0.4064	0.9438	0.9558	0.2964	0.1734	0.4544	0.9662	0.1712	0.5264	0.965	0.6986	0.9344	0.3406	0.4221608329996	0.9406	0.2664	0.3014	0.8862	0.5716	0.683420728516804	0.7372	0.955	0.9288	0.9672	0.9548	0.3494	0.964	0.943179503602882
SRR7146748	1	1	1	1	1	1	1	1	1	1	1	1	1	1	1	1	1	1	1	1	1	1	1	1	1	1	1	1	1	1	1	1	1	1	1	1	1	1	1	1	1	1	1	1	1	1	1	1	1	1	1	1	1	1	1	1	1	1	1	1	1	1	1	1	1	1	0.7478	0.774	0.3414	0.3438	0.4768	0.6308	0.8798	0.4192	0.9572	0.591	0.863	0.914	0.674	0.2722	0.655724663857114	0.8638	0.2924	0.3384	0.3542	0.3972	0.511	0.2364	0.2808	0.7018	0.3382	0.483491691691692	0.3556	0.5686	0.7854	0.356	0.5158	0.6512	0.261	0.3192	0.263	0.9404	0.54351326265253	0.84866990881459	0.745868727418707	0.598	0.9544	0.342343545472796	0.4646	0.9606	0.431577991196479	0.948987985582699	0.954547238760008	0.6976	0.2242	0.3568	0.576243800322061	0.583	0.7724	0.4394	0.8598	0.558401527945316	0.6158	0.2332	0.3628	0.876	0.927	0.7502	0.878104104104104	0.8552	0.8608	0.407718061674009	0.8524	0.935	0.153794918983797	0.2792	0.6856	0.9318	0.4098	0.8212	0.409	0.491624057738572	0.6712	0.2382	0.3304	0.9502	0.9492	0.9728	0.9584	0.9902	0.9476	0.8224	0.819755828220859	0.357	0.3224	0.8272	0.3384	0.245	0.3248	0.311	0.6502	0.3422	0.530089715886355	0.825351203852327	0.6452	0.933982679077297	0.337183974358974	0.3578	0.5282	0.919678748997594	0.833919189893724	0.5968	0.664044756366553	0.604	0.8738	0.828	0.7522	0.8648	0.386002802802803	0.336382949769862	0.9446	0.58172050410082	0.9472	0.8082	0.3332	0.3898	0.4376	0.6828	0.901517985029334	0.8048	0.86	0.9844	0.7396	0.34	0.875	0.4176	0.365217011751539	0.857988588588589	0.8594	0.315190718143629	0.697769412707958	0.309765412329864	0.298725301204819	0.526134294871795	0.423	0.2776	0.836	0.2728	0.59	0.882796635963156	0.2182	0.2988	0.8496	0.337	0	0.5296	0.6428	0.9526	0.32	0.3292	0.7788	0.4764	0.2864	0.6552	0.349	0.8474	0.723559647365257	0.376472815730793	0.4922	0.5778	0.7382	0.2176	0.9098	0.9508	0.25	0.859	0.6706	0.493	0.716349585942234	0.254381916383277	0.351	0.60519541155162	0.6952	0.3976	0.757	0.5256	0.2852	0.677	0.9492	0.508	0.2302	0.4802	0.9812	0.9	0.9646	0.9686	0.5954	0.5682	0.4958	0.825	0.3046	0.3582	0.34	0.729	0.5164	0.3608	0.8406	0.2194	0.494704684975767	1	0.9862	0.915639231547017	0.901759577063847	0.904824296779454	0.927398238590872	0.84346986986987	0.2932	0.9306	0.613	0.3552	0.3378	0.9918	0.952	0.9628	0.953	0.8776	0.684643345396059	0.3604	0.3586	0.8896	0.925050030260238	0.8346	0.939215309446254	0.886173124749298	0.967537861330099	0.865223359422035	0.9832	0.959	0.3934	0.9408	0.9218	0.2116	0.3054	0.3882	0.9176	0.228	0.5142	0.9428	0.591	0.8778	0.3436	0.359663275931117	0.9052	0.3628	0.3286	0.8558	0.3738	0.632582773193802	0.6858	0.8824	0.8394	0.8728	0.9304	0.312	0.9674	0.856179503602882
SRR7146749	1	1	1	1	1	1	1	1	1	1	1	1	1	1	1	1	1	1	1	1	1	1	1	1	1	1	1	1	1	1	1	1	1	1	1	1	1	1	1	1	1	1	1	1	1	1	1	1	1	1	1	1	1	1	1	1	1	1	1	1	1	1	1	1	1	1	0.7338	0.8566	0.5656	0.5786	0.5228	0.5132	0.6354	0.457	0.7362	0.5298	0.7652	0.885	0.4522	0.4726	0.494833995584989	0.9002	0.5338	0.598	0.5746	0.5196	0.5298	0.5596	0.5302	0.6868	0.5606	0.594621621621622	0.57	0.4474	0.8102	0.5928	0.5084	0.6368	0.4698	0.491	0.5418	0.7164	0.463387597519504	0.824069098277609	0.755320192693697	0.6768	0.833	0.562106926320016	0.4598	0.9166	0.474790476190476	0.91036323588306	0.920149989735167	0.579	0.5448	0.499	0.598713043478261	0.5684	0.6668	0.2818	0.7342	0.484804583835947	0.4736	0.5362	0.3636	0.7422	0.6806	0.611	0.784280880880881	0.6952	0.8936	0.439254625550661	0.8222	0.7814	0.494985157031406	0.5132	0.54	0.6978	0.483	0.805	0.498	0.459610425020048	0.6546	0.5988	0.4658	0.9366	0.828	0.9188	0.7382	0.7644	0.7254	0.7724	0.873310838445807	0.5386	0.5562	0.9196	0.558	0.4622	0.479	0.539	0.7002	0.5762	0.528450580232093	0.757031460674157	0.4332	0.863323998381222	0.406426923076923	0.4068	0.3894	0.817639775461107	0.631580509324243	0.522	0.673219731301383	0.5452	0.8228	0.7532	0.7322	0.8482	0.557578978978979	0.575792795677406	0.9336	0.334136307261452	0.9502	0.7378	0.4158	0.5224	0.486	0.5614	0.738627392271899	0.7276	0.697	0.761	0.7132	0.509	0.8116	0.5196	0.509371684387241	0.868926926926927	0.9264	0.528387957591518	0.714522429344558	0.498371497197758	0.532417670682731	0.652997435897436	0.5192	0.5504	0.7532	0.4496	0.5878	0.924793752503004	0.4764	0.5206	0.8942	0.5746	0.5296	0	0.5872	0.6672	0.4472	0.4518	0.8906	0.6346	0.5364	0.7684	0.5544	0.7282	0.472251452614706	0.473579971619704	0.3944	0.5348	0.6724	0.508	0.8596	0.928	0.5476	0.7832	0.6122	0.3778	0.624506039184003	0.489993118623725	0.5164	0.62266939021936	0.6336	0.4588	0.742	0.5378	0.5448	0.6324	0.9164	0.6024	0.5394	0.4664	0.8148	0.67	0.7376	0.7324	0.5776	0.506	0.5034	0.8198	0.5054	0.527	0.5502	0.7068	0.497	0.3922	0.7496	0.5378	0.497987399030695	0.8284	0.8134	0.858088776541962	0.734415941439609	0.844769751324908	0.888992313851081	0.687409009009009	0.4762	0.7644	0.6316	0.5812	0.378	0.8332	0.743	0.7412	0.7132	0.9102	0.667264977885002	0.57	0.583	0.8418	0.850742465200726	0.8382	0.837414006514658	0.802914721219415	0.881929290479078	0.775358539032711	0.7462	0.7596	0.5618	0.9012	0.9016	0.4406	0.5514	0.4814	0.9444	0.5112	0.575	0.8262	0.6258	0.8588	0.5058	0.397486583900681	0.9112	0.453	0.5046	0.7632	0.379	0.654082229824914	0.567	0.7974	0.6904	0.8324	0.7186	0.3338	0.7396	0.874176461168935
SRR7146750	1	1	1	1	1	1	1	1	1	1	1	1	1	1	1	1	1	1	1	1	1	1	1	1	1	1	1	1	1	1	1	1	1	1	1	1	1	1	1	1	1	1	1	1	1	1	1	1	1	1	1	1	1	1	1	1	1	1	1	1	1	1	1	1	1	1	0.8648	0.9244	0.6454	0.6584	0.6498	0.6616	0.852	0.6266	0.9188	0.6792	0.938	0.9186	0.7726	0.592	0.564631948625326	0.3264	0.5148	0.6578	0.6468	0.6214	0.2672	0.6364	0.6098	0.1216	0.6152	0.644459259259259	0.652	0.5778	0.8564	0.6564	0.6384	0.5552	0.6132	0.4932	0.64	0.8998	0.635397439487898	0.921438500506586	0.864749096748294	0.7318	0.9754	0.649180164625577	0.585	0.9736	0.634795838335334	0.924330316379656	0.953163128721002	0.6352	0.6478	0.636	0.66995040257649	0.4878	0.736	0.5986	0.8534	0.581366304784881	0.4688	0.645	0.5	0.9336	0.9486	0.7448	0.887901101101101	0.9104	0.4182	0.588779815778935	0.9452	0.9316	0.601390718143629	0.6454	0.651	0.8896	0.6086	0.9458	0.6432	0.634569206094627	0.7776	0.661	0.5154	0.3688	0.975	0.9556	0.9222	0.9428	0.9128	0.829	0.934281799591002	0.6546	0.6494	0.9558	0.6546	0.6412	0.5432	0.6548	0.7628	0.6472	0.737106922769108	0.895144462279294	0.6132	0.943676568191016	0.611	0.6068	0.566	0.970569687249399	0.965931702426309	0.646	0.757044235011029	0.7302	0.8986	0.8262	0.8472	0.9598	0.647994394394394	0.657199879927957	0.9856	0.676337467493499	0.9836	0.8438	0.5748	0.6092	0.298	0.6632	0.927622415537123	0.5478	0.8664	0.9402	0.3186	0.6044	0.9176	0.3086	0.640806043648573	0.972386586586587	0.6942	0.647599839967994	0.813456484265384	0.646	0.638991164658635	0.765054807692308	0.6388	0.6068	0.8196	0.6226	0.732	0.985197356828194	0.6068	0.618	0.969	0.659	0.6428	0.5872	0	0.9332	0.5852	0.5004	0.3296	0.3448	0.5294	0.8794	0.475	0.8468	0.736040793428171	0.652745672004865	0.5976	0.7072	0.792	0.6112	0.9028	0.9498	0.6556	0.8844	0.7252	0.5984	0.737975237325793	0.635797279455891	0.584	0.681944616623063	0.3586	0.5688	0.7322	0.6562	0.6396	0.7484	0.9606	0.6932	0.6422	0.421	0.9422	0.8772	0.915	0.928	0.6772	0.3744	0.3762	0.256	0.6414	0.5216	0.647	0.7948	0.523	0.5976	0.8878	0.654	0.636722455573506	0.9568	0.9478	0.982688776541961	0.860745912972753	0.923831227068895	0.984998238590873	0.922153753753754	0.6044	0.7778	0.4036	0.6454	0.6016	0.9528	0.9148	0.9244	0.9254	0.879	0.810540651387214	0.6508	0.6516	0.9746	0.930317692152512	0.9724	0.950362866449512	0.900566947452868	0.928585041439256	0.916555047160345	0.9404	0.918	0.6388	0.9596	0.9724	0.652	0.6384	0.6432	0.9616	0.647	0.6464	0.863	0.6816	0.334	0.4486	0.553735602723268	0.9524	0.6084	0.478	0.8982	0.5862	0.692172066814248	0.5108	0.9316	0.9	0.943	0.9258	0.6032	0.9252	0.962779503602882
SRR7146751	1	1	1	1	1	1	1	1	1	1	1	1	1	1	1	1	1	1	1	1	1	1	1	1	1	1	1	1	1	1	1	1	1	1	1	1	1	1	1	1	1	1	1	1	1	1	1	1	1	1	1	1	1	1	1	1	1	1	1	1	1	1	1	1	1	1	0.7892	0.9376	0.9582	0.9646	0.8766	0.7424	0.8176	0.878	0.3224	0.7644	0.8046	0.9016	0.6348	0.8494	0.727469074854505	0.985	0.9352	0.989	0.9672	0.9068	0.9276	0.921	0.9358	0.9756	0.9268	0.907115315315315	0.9122	0.7932	0.9238	0.9868	0.8834	0.9198	0.8602	0.875	0.9358	0.2618	0.83959275855171	0.902907396149949	0.829368928141309	0.9026	0.849	0.924131339088536	0.8956	0.9156	0.840786074429772	0.883138726471766	0.849239827550811	0.8426	0.947	0.8728	0.887105958132045	0.9094	0.8034	0.6394	0.8532	0.716676558102131	0.8182	0.9434	0.7246	0.6622	0.926	0.8096	0.821545945945946	0.3336	0.9804	0.791759951942331	0.7956	0.768	0.905182636527305	0.918	0.8368	0.3796	0.8488	0.8946	0.8962	0.767001603849238	0.8292	0.9892	0.8744	0.979	0.8356	0.9096	0.4704	0.2708	0.3052	0.8498	0.887056032719836	0.9288	0.949	0.9156	0.9478	0.8484	0.94	0.9598	0.8964	0.9686	0.804562705082033	0.870663242375602	0.7746	0.859938972076083	0.834548397435897	0.7548	0.838	0.836353327987169	0.873166432725085	0.7638	0.850860276719471	0.8368	0.7832	0.76	0.893	0.8502	0.916575575575575	0.956778867320392	0.8832	0.894997759551911	0.9324	0.8394	0.787	0.9146	0.8942	0.6966	0.599527088812462	0.8182	0.2662	0.3868	0.9082	0.9058	0.904	0.8988	0.828939339675434	0.883769369369369	0.9612	0.884378475695139	0.732011264782522	0.87615420336269	0.889028915662651	0.797829487179487	0.9204	0.9734	0.855	0.9106	0.825	0.89077164597517	0.8878	0.8906	0.8772	0.963	0.9526	0.6672	0.9332	0	0.853	0.851	0.979	0.9292	0.9594	0.8004	0.96	0.783	0.597945221398517	0.832732090006082	0.7868	0.7548	0.8162	0.9314	0.92	0.9394	0.9468	0.8256	0.8478	0.7562	0.787233811351242	0.902187837567513	0.8726	0.791601972227813	0.8456	0.828	0.9186	0.9244	0.9428	0.8624	0.89	0.9214	0.9414	0.85	0.6844	0.2584	0.4524	0.3548	0.898	0.8606	0.9	0.9762	0.905	0.9332	0.9442	0.8418	0.8578	0.766	0.9004	0.9386	0.839943134087238	0.698	0.688	0.834604246713852	0.806219845465636	0.838128658785161	0.887596477181746	0.753095895895896	0.8736	0.7762	0.9566	0.9766	0.731	0.6974	0.3196	0.2218	0.3206	0.972	0.863981503819863	0.9284	0.9762	0.8796	0.855769255598144	0.8286	0.77104006514658	0.813769675090253	0.808529290479078	0.829944732089103	0.3736	0.6444	0.9084	0.8782	0.9278	0.8924	0.9366	0.8458	0.9734	0.9406	0.9684	0.8784	0.8762	0.9296	0.9066	0.750050780937125	0.9024	0.7762	0.908	0.887	0.7758	0.870965787884886	0.803	0.7526	0.35	0.8126	0.4908	0.7506	0.4596	0.818596957566053
SRR7146753	1	1	1	1	1	1	1	1	1	1	1	1	1	1	1	1	1	1	1	1	1	1	1	1	1	1	1	1	1	1	1	1	1	1	1	1	1	1	1	1	1	1	1	1	1	1	1	1	1	1	1	1	1	1	1	1	1	1	1	1	1	1	1	1	1	1	0.83	0.9008	0.1612	0.16	0.4572	0.624	0.8136	0.4044	0.844	0.657	0.8948	0.8932	0.6884	0.336	0.572175235801726	0.8946	0.22	0.1636	0.5052	0.3896	0.5178	0.3814	0.1528	0.6882	0.3188	0.615252052052052	0.2608	0.5418	0.8456	0.182	0.5634	0.6406	0.1934	0.244	0.1646	0.8206	0.545313462692539	0.895038500506586	0.83453825772782	0.7196	0.953	0.157147359967878	0.535	0.9566	0.416993917567027	0.933582939527433	0.931563128721002	0.7344	0.1474	0.3526	0.645132367149758	0.6318	0.7372	0.3612	0.8682	0.556459670285485	0.5602	0.2984	0.2298	0.8628	0.9274	0.764	0.855497497497497	0.846	0.8932	0.31788057669203	0.8812	0.8696	0.283868373674735	0.221	0.6218	0.811	0.4548	0.928	0.3916	0.475060144346432	0.7518	0.1678	0.209	0.9364	0.9478	0.9524	0.8398	0.8722	0.8392	0.7968	0.909832310838446	0.1758	0.1458	0.9106	0.1718	0.2316	0.1958	0.175	0.7514	0.1676	0.695902841136455	0.862144462279294	0.56	0.912396762444355	0.160450961538462	0.272	0.5222	0.940363432237369	0.931128574293162	0.6258	0.727621295367957	0.6954	0.8822	0.7908	0.8402	0.929	0.361798598598599	0.140199159495697	0.9646	0.645733226645329	0.982	0.825	0.1722	0.3532	0.3852	0.7136	0.845022415537123	0.8332	0.8158	0.867	0.8114	0.1062	0.8966	0.404	0.442417123670957	0.954172772772773	0.9604	0.137598079615923	0.750047664862698	0.31407157726181	0.427388755020081	0.714454807692308	0.4342	0.2276	0.8298	0.3358	0.693	0.966973808570285	0.2462	0.3328	0.944	0.163	0.32	0.4472	0.5852	0.853	0	0.246	0.8812	0.6554	0.2058	0.8104	0.2804	0.784	0.658430334602284	0.536621528481654	0.4308	0.6404	0.7562	0.1876	0.8746	0.9406	0.1684	0.8558	0.6936	0.4318	0.708559402140981	0.187250370074015	0.2738	0.68927526665325	0.715	0.4448	0.7958	0.5244	0.1252	0.719	0.9524	0.6514	0.1374	0.5514	0.9058	0.7996	0.8418	0.848	0.6516	0.5454	0.471	0.824	0.1436	0.4024	0.152	0.7592	0.5158	0.3464	0.8538	0.1944	0.482121809369951	0.9192	0.9088	0.952288776541962	0.904796421309475	0.887028128821851	0.964997918334668	0.865346946946947	0.2496	0.855	0.6436	0.4986	0.1668	0.9218	0.8396	0.8476	0.8456	0.9152	0.750737515078408	0.175	0.1738	0.955	0.902860439782126	0.9426	0.915962866449512	0.872367509025271	0.940348574893875	0.882124342765403	0.8648	0.8472	0.3826	0.938	0.953	0.2884	0.1592	0.4382	0.9564	0.1634	0.5052	0.9178	0.6716	0.8992	0.2992	0.319097396876252	0.9382	0.1676	0.2858	0.867	0.4498	0.645768323606359	0.6508	0.881	0.8336	0.8886	0.848	0.2442	0.8502	0.936979503602882
SRR7146754	1	1	1	1	1	1	1	1	1	1	1	1	1	1	1	1	1	1	1	1	1	1	1	1	1	1	1	1	1	1	1	1	1	1	1	1	1	1	1	1	1	1	1	1	1	1	1	1	1	1	1	1	1	1	1	1	1	1	1	1	1	1	1	1	1	1	0.8226	0.8952	0.3012	0.3302	0.3594	0.6298	0.7404	0.3108	0.8964	0.6128	0.9066	0.9026	0.6872	0.313	0.471404053782862	0.7888	0.2016	0.332	0.5152	0.398	0.3608	0.397	0.2412	0.591	0.3024	0.633656656656657	0.3236	0.5142	0.8362	0.3298	0.5254	0.5438	0.2688	0.1676	0.3	0.8674	0.460316583316663	0.884227963525836	0.748920192693697	0.7086	0.869	0.314359566352138	0.468	0.9698	0.372554381752701	0.916325030036043	0.942777745842743	0.5516	0.3178	0.2696	0.625037037037037	0.5316	0.61	0.4328	0.7366	0.53133630880579	0.3518	0.299	0.2132	0.8984	0.847	0.6146	0.788896496496497	0.8634	0.7984	0.3326793752503	0.9038	0.908	0.254255691138228	0.2746	0.5374	0.8578	0.4348	0.826	0.3114	0.456184603047314	0.6654	0.3358	0.1398	0.838	0.8998	0.9488	0.8846	0.9234	0.8828	0.8052	0.916432310838446	0.2346	0.301	0.9436	0.2888	0.2352	0.1808	0.31	0.7404	0.311	0.710301480592237	0.855889245585875	0.5924	0.842387373532982	0.252957051282051	0.2258	0.4046	0.937716279069768	0.895389372368157	0.5626	0.724246320433126	0.6124	0.8714	0.7922	0.8338	0.8662	0.371389189189189	0.323392795677407	0.9616	0.598723824764953	0.9612	0.7312	0.2026	0.361	0.2698	0.6624	0.872768723447299	0.6766	0.8384	0.9174	0.7218	0.2766	0.81	0.2976	0.451332288752099	0.956383183183183	0.855	0.289995519103821	0.763611064341551	0.242420336269015	0.446179919678715	0.699188461538461	0.4102	0.2716	0.7036	0.3614	0.7106	0.97419759711654	0.2636	0.2972	0.956	0.3208	0.3292	0.4518	0.5004	0.851	0.246	0	0.7782	0.568	0.2022	0.8626	0.1942	0.8256	0.677381646964536	0.496934968578958	0.3944	0.6722	0.6598	0.2638	0.8772	0.9402	0.3152	0.7674	0.6128	0.4616	0.625955443344779	0.297796319263853	0.1688	0.632732501509358	0.5208	0.333	0.6474	0.4498	0.2994	0.6362	0.9308	0.6746	0.2936	0.3972	0.9446	0.8388	0.8936	0.9	0.5652	0.3878	0.3816	0.7132	0.2628	0.297	0.279	0.7426	0.3674	0.3722	0.8764	0.317	0.464188368336026	0.9588	0.9412	0.866475429726997	0.829439121594144	0.898159885854056	0.975797758206565	0.895740940940941	0.2604	0.6694	0.5372	0.5168	0.224	0.9552	0.8806	0.8956	0.8954	0.867	0.773824607961399	0.326	0.3176	0.845	0.831441355658665	0.8542	0.835344951140065	0.79876526273566	0.832185041439256	0.795755047160345	0.9258	0.8812	0.3698	0.9454	0.9586	0.279	0.3016	0.3828	0.957	0.2972	0.5002	0.8454	0.6624	0.7588	0.113	0.264191670004005	0.9242	0.2674	0.1074	0.8848	0.5066	0.682127148319582	0.5462	0.8978	0.859	0.9142	0.8894	0.3032	0.8978	0.946776461168935
SRR7146755	1	1	1	1	1	1	1	1	1	1	1	1	1	1	1	1	1	1	1	1	1	1	1	1	1	1	1	1	1	1	1	1	1	1	1	1	1	1	1	1	1	1	1	1	1	1	1	1	1	1	1	1	1	1	1	1	1	1	1	1	1	1	1	1	1	1	0.8922	0.9148	0.9182	0.9232	0.903	0.9028	0.919	0.9146	0.9618	0.794	0.9782	0.9474	0.894	0.8778	0.855763234998996	0.188	0.7866	0.904	0.794	0.8684	0.5292	0.7806	0.8236	0.2386	0.8862	0.784988188188188	0.9294	0.8708	0.8992	0.923	0.895	0.8102	0.926	0.7826	0.9278	0.941	0.913396839367874	0.891786828774063	0.919981934965877	0.8902	0.9758	0.919554988958041	0.8544	0.9774	0.884381032412965	0.93193007609131	0.96284257852597	0.7906	0.8462	0.909	0.884992270531401	0.7072	0.8592	0.8906	0.8694	0.855436188178528	0.7312	0.9084	0.8102	0.976	0.9392	0.8112	0.908182382382382	0.937	0.4268	0.906574529435322	0.9746	0.9786	0.758590918183637	0.8828	0.9172	0.9324	0.8868	0.9438	0.8694	0.9231966319166	0.8722	0.8052	0.8168	0.2378	0.9768	0.979	0.9586	0.9846	0.9498	0.9222	0.937126789366053	0.9188	0.9064	0.871	0.9204	0.8734	0.8144	0.9126	0.9232	0.9154	0.777791756702681	0.923592937399679	0.9162	0.943354512343181	0.921388141025641	0.9048	0.8268	0.965557177225341	0.96533065971526	0.8532	0.909783316623221	0.9062	0.908	0.9028	0.919	0.9546	0.917790590590591	0.907583430058035	0.9584	0.901596879375875	0.968	0.9228	0.866	0.8792	0.5782	0.747	0.955063928788185	0.5792	0.9026	0.982	0.3716	0.9072	0.9184	0.583	0.92228080581981	0.976985185185185	0.687	0.902794038807762	0.788591621567448	0.90017998398719	0.791787148594378	0.769546153846154	0.887	0.807	0.8604	0.8924	0.9062	0.99459759711654	0.8818	0.8852	0.9682	0.92	0.7788	0.8906	0.3296	0.979	0.8812	0.7782	0	0.424	0.7654	0.7938	0.7508	0.9138	0.902185934682428	0.800523940806811	0.8668	0.7826	0.893	0.869	0.9134	0.9524	0.925	0.9074	0.9272	0.9074	0.925160412037972	0.878992478495699	0.8608	0.848758301469108	0.492	0.831	0.8122	0.923	0.8814	0.9094	0.9692	0.842	0.8012	0.6762	0.9786	0.9172	0.9572	0.968	0.912	0.6248	0.666	0.1746	0.9116	0.7696	0.902	0.9104	0.7938	0.8974	0.9026	0.8854	0.891975121163166	0.9962	0.978	0.985686552072801	0.869945912972753	0.916301671422748	0.983598238590873	0.913119519519519	0.886	0.7868	0.6484	0.7954	0.921	0.9888	0.9466	0.9638	0.9624	0.8742	0.879849457177322	0.9308	0.9234	0.949	0.936870849304014	0.9722	0.970744951140065	0.923794384275973	0.939185041439256	0.910767248645394	0.9806	0.9686	0.919	0.9552	0.963	0.9046	0.8956	0.9034	0.9496	0.9064	0.9132	0.8892	0.9146	0.199	0.7218	0.80226615939127	0.9384	0.9126	0.7458	0.907	0.7582	0.886961682431073	0.6952	0.965	0.936	0.9814	0.965	0.8878	0.9598	0.968377742193755
SRR7146756	1	1	1	1	1	1	1	1	1	1	1	1	1	1	1	1	1	1	1	1	1	1	1	1	1	1	1	1	1	1	1	1	1	1	1	1	1	1	1	1	1	1	1	1	1	1	1	1	1	1	1	1	1	1	1	1	1	1	1	1	1	1	1	1	1	1	0.7632	0.834	0.6818	0.7076	0.6988	0.6066	0.8554	0.6076	0.9382	0.5042	0.9152	0.9214	0.7024	0.5814	0.584847240618101	0.5234	0.499	0.6942	0.5496	0.5622	0.2894	0.5222	0.5492	0.3542	0.6518	0.532628028028028	0.7086	0.5234	0.7906	0.713	0.621	0.5616	0.6566	0.5328	0.6632	0.8872	0.657992678535707	0.876419858156029	0.780315857085508	0.6572	0.9466	0.695516844007227	0.567	0.9534	0.643779111644658	0.899317100520625	0.938352535413673	0.5184	0.5742	0.6378	0.642062479871176	0.4262	0.6538	0.5932	0.8018	0.497041415359871	0.4652	0.6058	0.5828	0.9178	0.9378	0.6764	0.859888688688689	0.8746	0.5138	0.608497396876252	0.9078	0.919	0.48898475695139	0.6182	0.6804	0.9066	0.5796	0.8812	0.6516	0.610754771451484	0.6184	0.5942	0.58	0.594	0.9408	0.9704	0.951	0.9758	0.9196	0.7856	0.880463803680982	0.7076	0.679	0.8508	0.6942	0.619	0.5866	0.6728	0.6716	0.6964	0.482664425770308	0.809221829855538	0.6732	0.937152165115338	0.675952243589744	0.6198	0.5662	0.912866720128308	0.888466532985763	0.5336	0.685364467615801	0.6478	0.8538	0.8022	0.769	0.8842	0.686771571571572	0.694783430058035	0.9642	0.6425949989998	0.967	0.8006	0.6234	0.5904	0.3374	0.547	0.898194092656282	0.5108	0.816	0.9758	0.4388	0.6862	0.8238	0.334	0.622	0.850326126126126	0.5984	0.654790398079616	0.685947364201243	0.589366212970376	0.54851967871486	0.542865064102564	0.6574	0.5928	0.7786	0.6048	0.636	0.918597356828194	0.5342	0.5428	0.8856	0.6974	0.4764	0.6346	0.3448	0.9292	0.6554	0.568	0.424	0	0.495	0.6774	0.5344	0.8528	0.695129352835103	0.516091019663491	0.5944	0.5068	0.6828	0.5972	0.8428	0.917	0.656	0.8554	0.612	0.6594	0.69794364774793	0.613578195639128	0.6464	0.527412356610988	0.3426	0.4684	0.6534	0.6326	0.648	0.5844	0.9288	0.5834	0.5814	0.3448	0.9592	0.8732	0.9408	0.935	0.5946	0.3504	0.3522	0.474	0.6352	0.4394	0.6608	0.728	0.5078	0.5798	0.8432	0.6314	0.574617124394184	0.9734	0.965	0.923475429726997	0.809602277348516	0.892828128821851	0.94519743795036	0.834271871871872	0.6224	0.6994	0.3422	0.5552	0.6516	0.9694	0.9246	0.9308	0.8818	0.8268	0.725321109770808	0.6976	0.711	0.9016	0.923192777889853	0.8956	0.919433224755701	0.819766385880465	0.91097432787548	0.877023359422035	0.9632	0.9034	0.6104	0.9292	0.9136	0.6314	0.6392	0.624	0.9242	0.6452	0.6908	0.8464	0.5678	0.5106	0.512	0.52740824989988	0.8908	0.706	0.5164	0.8578	0.466	0.610874340913665	0.4584	0.893	0.8768	0.9102	0.873	0.649	0.9408	0.889377742193755
SRR7146757	1	1	1	1	1	1	1	1	1	1	1	1	1	1	1	1	1	1	1	1	1	1	1	1	1	1	1	1	1	1	1	1	1	1	1	1	1	1	1	1	1	1	1	1	1	1	1	1	1	1	1	1	1	1	1	1	1	1	1	1	1	1	1	1	1	1	0.8416	0.896	0.2278	0.2466	0.483	0.6664	0.857	0.372	0.9688	0.6222	0.9572	0.9622	0.769	0.3214	0.586015572948023	0.7896	0.0942	0.2302	0.4884	0.3728	0.3854	0.371	0.1456	0.582	0.311	0.59864004004004	0.2608	0.5686	0.8434	0.248	0.5488	0.5506	0.2478	0.142	0.2292	0.9154	0.551511022204441	0.911306788247214	0.843749096748294	0.7096	0.9804	0.248367958241317	0.4744	0.9808	0.44217831132453	0.927117100520625	0.969964401560255	0.5868	0.1922	0.3178	0.648150402576489	0.5122	0.7126	0.4304	0.842	0.573749577804584	0.4834	0.2878	0.2802	0.9602	0.9284	0.72	0.885691691691692	0.9314	0.7912	0.373097637164598	0.9634	0.9554	0.253858651730346	0.2124	0.6702	0.936	0.4506	0.9184	0.4056	0.479049077786688	0.725	0.2216	0.1872	0.8324	0.9854	0.979	0.966	0.9952	0.953	0.8178	0.909913292433538	0.2542	0.219	0.9182	0.2374	0.2424	0.108	0.2078	0.7304	0.2476	0.644506762705082	0.852544462279293	0.6586	0.943182679077297	0.273448717948718	0.3206	0.4764	0.952766319165999	0.902872789252056	0.6142	0.732789492680971	0.7074	0.888	0.837	0.8328	0.933	0.382586186186186	0.231583430058035	0.9924	0.622534306861372	0.9864	0.8298	0.2426	0.3648	0.3056	0.6592	0.960842524782521	0.7862	0.8798	0.992	0.7196	0.234	0.9	0.3208	0.457326245103526	0.921189189189189	0.826	0.212990838167634	0.799856925235518	0.295069335468375	0.440325301204819	0.722266666666667	0.4344	0.1676	0.813	0.3172	0.6986	0.96819759711654	0.2206	0.274	0.9492	0.234	0.2864	0.5364	0.5294	0.9594	0.2058	0.2022	0.7654	0.495	0	0.8414	0.1928	0.8896	0.744202564616309	0.533884005676059	0.485	0.6488	0.7318	0.1768	0.8832	0.963	0.2256	0.8668	0.6664	0.5148	0.72838719450616	0.192244928985797	0.2474	0.624890963976655	0.6094	0.36	0.7018	0.4958	0.21	0.684	0.9576	0.6398	0.2062	0.4172	0.9794	0.9062	0.9678	0.9504	0.6052	0.4156	0.3496	0.7146	0.1922	0.2522	0.2062	0.779	0.3702	0.35	0.8434	0.1948	0.478582229402262	0.9972	0.9852	0.958299898887765	0.837945912972753	0.923428128821851	0.992798238590873	0.874125525525525	0.303	0.79	0.5198	0.4876	0.2506	0.99	0.933	0.9534	0.9366	0.8756	0.742914837153197	0.2586	0.249	0.9566	0.934062174702441	0.9604	0.9522332247557	0.87977144003209	0.939593612290277	0.894148223961469	0.9894	0.9374	0.361	0.9556	0.944	0.2914	0.1992	0.432	0.9596	0.2146	0.5068	0.881	0.6382	0.7966	0.2112	0.326444533440128	0.9438	0.2634	0.1678	0.8604	0.5274	0.671603622459247	0.5624	0.9502	0.9236	0.9536	0.917	0.3284	0.9756	0.943379503602882
SRR7146758	1	1	1	1	1	1	1	1	1	1	1	1	1	1	1	1	1	1	1	1	1	1	1	1	1	1	1	1	1	1	1	1	1	1	1	1	1	1	1	1	1	1	1	1	1	1	1	1	1	1	1	1	1	1	1	1	1	1	1	1	1	1	1	1	1	1	0.681	0.8124	0.8874	0.912	0.9238	0.7744	0.81	0.8406	0.8126	0.6394	0.6874	0.8908	0.5592	0.761	0.813099779249448	0.9354	0.861	0.9154	0.6758	0.7992	0.898	0.6714	0.8216	0.9284	0.9156	0.632022422422422	0.9156	0.7824	0.7986	0.9314	0.8954	0.9086	0.7034	0.8742	0.7902	0.7576	0.890992438487698	0.889915501519757	0.830719630670414	0.7502	0.9484	0.903565669544269	0.8512	0.9538	0.865973429371749	0.933575010012014	0.921547238760008	0.8454	0.7896	0.888	0.860681803542673	0.7562	0.8324	0.7056	0.888	0.573730840369924	0.8038	0.8482	0.781	0.7238	0.9362	0.8568	0.898194994994995	0.6862	0.9354	0.787505086103324	0.5086	0.829	0.692149949989998	0.85	0.8474	0.7782	0.7508	0.562	0.858	0.825927345629511	0.7374	0.8128	0.8346	0.9566	0.9406	0.955	0.8196	0.8432	0.7992	0.8598	0.682089161554192	0.9314	0.8742	0.751	0.9158	0.8462	0.919	0.908	0.54	0.9008	0.625706282513005	0.790137399678973	0.8226	0.906905220558478	0.820257371794872	0.7948	0.8274	0.891048436246993	0.667829436534991	0.6232	0.725197513535191	0.7318	0.8508	0.8524	0.8494	0.8844	0.880566766766767	0.893169261556934	0.954	0.830378075615123	0.9806	0.8898	0.803	0.812	0.8408	0.6698	0.815457374064333	0.6052	0.7438	0.839	0.7812	0.8618	0.8648	0.9048	0.820462451035255	0.618473673673674	0.91	0.878189357871574	0.685184606133494	0.845763170536429	0.617583132530121	0.596117948717949	0.8136	0.7542	0.8982	0.6292	0.7296	0.80537989587505	0.7364	0.8428	0.7426	0.9072	0.6552	0.7684	0.8794	0.8004	0.8104	0.8626	0.7938	0.6774	0.8414	0	0.8148	0.8168	0.740038429172511	0.689198378268802	0.7458	0.6398	0.8264	0.7472	0.7404	0.83	0.8134	0.8886	0.8266	0.7948	0.872924863663906	0.77317375475095	0.9122	0.537237311330248	0.8652	0.8212	0.9006	0.8956	0.8774	0.8196	0.9382	0.549	0.7784	0.8068	0.9174	0.7696	0.823	0.8174	0.8616	0.8512	0.8314	0.9194	0.846	0.8518	0.8858	0.867	0.8718	0.734	0.7552	0.706	0.823429725363489	0.9366	0.9268	0.895428109201214	0.874742822285482	0.891596901752955	0.953597758206565	0.793273473473473	0.8166	0.8118	0.8686	0.6844	0.8156	0.9426	0.7958	0.806	0.7774	0.9284	0.63972078809811	0.9242	0.9256	0.8846	0.901027476296147	0.7904	0.896535830618893	0.860991576413959	0.951329290479078	0.854820549869557	0.8324	0.7968	0.877	0.8128	0.7966	0.7822	0.8622	0.773	0.8512	0.8012	0.79	0.9224	0.4938	0.9186	0.9144	0.739452703243893	0.925	0.7778	0.9118	0.7576	0.5182	0.862310525256591	0.7708	0.786	0.6036	0.4986	0.7474	0.7762	0.8186	0.803477502001601
SRR7146759	1	1	1	1	1	1	1	1	1	1	1	1	1	1	1	1	1	1	1	1	1	1	1	1	1	1	1	1	1	1	1	1	1	1	1	1	1	1	1	1	1	1	1	1	1	1	1	1	1	1	1	1	1	1	1	1	1	1	1	1	1	1	1	1	1	1	0.8708	0.9168	0.3156	0.3254	0.4732	0.698	0.8794	0.4354	0.9482	0.6962	0.9608	0.9448	0.8016	0.3514	0.592329520369255	0.747	0.1816	0.3254	0.532	0.4376	0.368	0.412	0.2746	0.544	0.3114	0.53086026026026	0.3196	0.6062	0.7384	0.3208	0.5776	0.5594	0.3056	0.1572	0.3058	0.9282	0.571916823364673	0.917301722391084	0.852949096748294	0.7318	0.979	0.316359566352138	0.4974	0.9816	0.472194237695078	0.931325030036043	0.961490248408951	0.6372	0.3176	0.3634	0.666532367149758	0.3854	0.7364	0.4962	0.8526	0.609154804985927	0.4848	0.303	0.263	0.9668	0.9486	0.7508	0.888501901901902	0.9434	0.7398	0.404121425710853	0.968	0.9576	0.30366349269854	0.305	0.683	0.9168	0.4916	0.9404	0.435	0.518695268644747	0.7412	0.3264	0.201	0.7932	0.9774	0.9652	0.946	0.9766	0.9472	0.83	0.931562781186094	0.321	0.3158	0.8426	0.3132	0.2984	0.204	0.3158	0.7632	0.3108	0.73670244097639	0.897744462279293	0.6458	0.935610845811413	0.2984	0.3608	0.5148	0.958739374498797	0.960333787848406	0.6568	0.768659354321235	0.7344	0.9122	0.831	0.8548	0.9506	0.382995395395395	0.32199963978387	0.9816	0.661535187037408	0.9812	0.845	0.2684	0.4064	0.2834	0.6932	0.943263928788185	0.7598	0.8968	0.9736	0.7006	0.3002	0.9164	0.2736	0.475007050923335	0.976787187187187	0.8032	0.315799839967994	0.826698376428142	0.351696076861489	0.48138875502008	0.770454807692308	0.3786	0.1582	0.8242	0.372	0.7264	0.99039759711654	0.288	0.3298	0.9732	0.3244	0.349	0.5544	0.475	0.96	0.2804	0.1942	0.7508	0.5344	0.1928	0.8148	0	0.8768	0.764440793428171	0.587645976079465	0.5412	0.7258	0.7856	0.271	0.7876	0.8392	0.3176	0.8766	0.7186	0.5232	0.741198990103009	0.256787637527506	0.2468	0.681740873415174	0.5856	0.4088	0.7178	0.526	0.306	0.7424	0.963	0.6852	0.3002	0.4394	0.974	0.9058	0.9484	0.9584	0.671	0.4356	0.3478	0.6824	0.3104	0.3128	0.315	0.786	0.4194	0.4126	0.7672	0.3172	0.52384394184168	0.9886	0.9784	0.977888776541961	0.865545912972753	0.927631227068895	0.990197918334668	0.929351751751752	0.311	0.8056	0.5072	0.5258	0.2972	0.9846	0.9426	0.9544	0.9562	0.8656	0.691737515078408	0.326	0.318	0.9744	0.926282993746217	0.9592	0.954962866449511	0.904363578018452	0.932585041439256	0.914955047160345	0.9762	0.9484	0.3944	0.844	0.8618	0.2992	0.3122	0.3322	0.8446	0.3024	0.3966	0.8746	0.6866	0.7558	0.1648	0.379489947937525	0.9536	0.2866	0.1516	0.7792	0.502	0.684354598510767	0.5738	0.9576	0.929	0.9634	0.956	0.3604	0.9556	0.963179503602882
SRR7146761	1	1	1	1	1	1	1	1	1	1	1	1	1	1	1	1	1	1	1	1	1	1	1	1	1	1	1	1	1	1	1	1	1	1	1	1	1	1	1	1	1	1	1	1	1	1	1	1	1	1	1	1	1	1	1	1	1	1	1	1	1	1	1	1	1	1	0.8126	0.702	0.884	0.8856	0.888	0.7606	0.8166	0.8596	0.7634	0.8014	0.8666	0.2198	0.6864	0.8604	0.797218502909894	0.8594	0.8906	0.9012	0.893	0.849	0.8632	0.8942	0.8806	0.8932	0.8864	0.887385585585586	0.8984	0.717	0.5368	0.901	0.6648	0.8752	0.8182	0.8428	0.8752	0.7482	0.879396919383877	0.50176210739615	0.773529747089522	0.7674	0.9568	0.870372535635415	0.8876	0.971	0.874398319327731	0.958388225871045	0.934682406076781	0.879	0.887	0.8918	0.803923349436393	0.8568	0.8432	0.701	0.8832	0.777114917571371	0.8146	0.8142	0.7252	0.7966	0.9492	0.8596	0.884905105105105	0.7632	0.5814	0.805513496195435	0.8262	0.7952	0.875796199239848	0.8524	0.8166	0.7428	0.8414	0.9314	0.8664	0.838365838011227	0.7118	0.902	0.8068	0.9578	0.9524	0.9388	0.7676	0.7932	0.7622	0.8628	0.919832310838446	0.893	0.8862	0.8378	0.8874	0.8254	0.897	0.8796	0.885	0.885	0.836595838335334	0.866275120385233	0.7398	0.934250748684743	0.77046282051282	0.7666	0.8604	0.957757658380112	0.94733065971526	0.8198	0.831709805494285	0.8684	0.8672	0.838	0.8104	0.6152	0.868396596596597	0.8848	0.8124	0.888597599519904	0.825	0.8762	0.7602	0.8396	0.8254	0.5796	0.628586607323488	0.8652	0.7758	0.7928	0.8624	0.827	0.8318	0.8586	0.812407946278679	0.963770970970971	0.8928	0.883396479295859	0.797914010823812	0.868179823859087	0.857905220883534	0.863786538461538	0.8486	0.8916	0.8856	0.851	0.8684	0.97599759711654	0.8382	0.8874	0.9414	0.8904	0.8474	0.7282	0.8468	0.783	0.784	0.8256	0.9138	0.8528	0.8896	0.8168	0.8768	0	0.692076297335203	0.880137522805595	0.7948	0.7888	0.8688	0.8628	0.8754	0.9174	0.8814	0.877	0.874	0.7442	0.874762391436074	0.876798319663933	0.882	0.857721392634333	0.8776	0.8326	0.4728	0.8856	0.8564	0.871	0.9592	0.867	0.8716	0.8046	0.8582	0.727	0.7782	0.7872	0.5894	0.8916	0.866	0.888	0.871	0.8302	0.8878	0.6204	0.8916	0.8114	0.8844	0.8788	0.856720516962844	0.8774	0.8688	0.965288776541961	0.94348645790972	0.911693273542601	0.907543955164131	0.881747747747748	0.8018	0.8682	0.792	0.8976	0.7492	0.8834	0.7688	0.7796	0.773	0.649	0.845669320466425	0.8862	0.8996	0.9634	0.931368004841638	0.7692	0.935286970684039	0.885167509025271	0.969548574893875	0.904555047160345	0.7948	0.7786	0.8808	0.947	0.9636	0.8212	0.8854	0.8754	0.6604	0.8804	0.8894	0.9396	0.8638	0.8892	0.8826	0.800720704845815	0.8912	0.7394	0.8936	0.8934	0.7408	0.81393547997585	0.8022	0.8202	0.7446	0.8866	0.7716	0.73	0.7734	0.936369255404323
SRR7146762	1	1	1	1	1	1	1	1	1	1	1	1	1	1	1	1	1	1	1	1	1	1	1	1	1	1	1	1	1	1	1	1	1	1	1	1	1	1	1	1	1	1	1	1	1	1	1	1	1	1	1	1	1	1	1	1	1	1	1	1	1	1	1	1	1	1	0.639671809256662	0.837124984972951	0.751046924464035	0.775850891604889	0.751378401122019	0.493911320376678	0.760147705870567	0.686978761771188	0.594060108194751	0.54545289521138	0.743079382889201	0.850187377279102	0.516687317170908	0.660526467641755	0.539677942471846	0.905985934682428	0.726528992185935	0.798249088359046	0.774250891604889	0.682787417351232	0.749962893207774	0.757996433580445	0.74316866359447	0.773040793428171	0.755791745141254	0.734560487155158	0.777437186936486	0.55235423762773	0.797739050290523	0.796850891604889	0.710760729312763	0.742396433580445	0.666162171909437	0.666336565818473	0.736981646964536	0.573080665197355	0.664740561817032	0.692726908435183	0.701210714010228	0.631264435984773	0.82596377479463	0.685024652485295	0.628768503305951	0.860858264876778	0.639034575962222	0.779884047593237	0.77295662679376	0.601497094770587	0.745579843718694	0.716728270887598	0.622524247348932	0.695528270887598	0.691505149268684	0.476444239631337	0.740861510719295	0.502326584313364	0.621732959326788	0.735567581646965	0.548619875776398	0.653674333800841	0.886506231216189	0.682263313965137	0.804764692562729	0.623902664796634	0.900184131436586	0.608371841441146	0.78767954317772	0.764637347225005	0.70798928369124	0.662813023442196	0.668816990583049	0.581407613704668	0.625854337808055	0.784393708675616	0.716772270086155	0.53309726553506	0.666986135043078	0.802450891604889	0.675196433580445	0.942789901823282	0.80996377479463	0.892286034862753	0.625727188940092	0.679916730114206	0.554824764576237	0.656202003606492	0.76512659392223	0.771613744740533	0.757050891604889	0.871558525345622	0.760213023442196	0.685548106591865	0.748206892406332	0.748246924464036	0.685736565818473	0.773245121218193	0.626565633265929	0.421994702824635	0.533431977559608	0.824171894679545	0.590094341288679	0.622933319975957	0.654308795832499	0.740243665542644	0.818817565220766	0.595031977559607	0.580129856360257	0.594143618513324	0.695352234021238	0.648052133840914	0.730628330995792	0.838087477459427	0.649047885794029	0.769829158565065	0.830454658385093	0.684884642726983	0.913466559807654	0.704419675415749	0.599381286315368	0.695174794630335	0.680947385293528	0.545122139851733	0.617308971240282	0.752016068924063	0.652935123221799	0.623636665998798	0.688162332197957	0.705398958124624	0.846473772791024	0.721562532558605	0.613959856336818	0.850158633889349	0.936116690042076	0.726370519545704	0.668900191922932	0.705506741598448	0.664145864161917	0.587883189741535	0.724636826287317	0.778836826287317	0.750414265678221	0.678734762572631	0.567486275295532	0.816708521474016	0.659729352835103	0.696690763374073	0.868284592266079	0.775450891604889	0.723559647365257	0.472251452614706	0.736040793428171	0.597945221398517	0.658430334602284	0.677381646964536	0.902185934682428	0.695129352835103	0.744202564616309	0.740038429172511	0.764440793428171	0.692076297335203	0	0.633835085192674	0.596175515928672	0.586090042075736	0.683159647365257	0.713567581646965	0.842351312362252	0.916992426367462	0.743577679823683	0.742954397916249	0.663499418954117	0.572980925666199	0.595779573500934	0.671547052347757	0.675021518733721	0.564518729809451	0.64653007413344	0.622888960128231	0.765512001602885	0.714772270086155	0.745020957723903	0.683663354037267	0.849651773191745	0.63606263273893	0.736431055900621	0.644688960128231	0.742805449809658	0.547834862752955	0.578086275295532	0.608196994590262	0.718366499699459	0.726319615307554	0.655753516329393	0.826189901823282	0.693978761771188	0.677362893207774	0.750378761771188	0.689717050691244	0.708923582448407	0.631077419354839	0.749574033259868	0.738177679823683	0.586057973819758	0.761003646563815	0.747205449809657	0.774216846137	0.741269298971577	0.76488874429742	0.821548442921839	0.676969415819346	0.661222760969746	0.769283870967742	0.700393909036265	0.783450891604889	0.540153876978562	0.768005449809657	0.577637026647966	0.57837587657784	0.61250591063915	0.916184131436586	0.653542157951059	0.712505910639151	0.784050891604889	0.865892887196954	0.807751875506232	0.8240167902224	0.767895567069585	0.707949358986569	0.785879146846778	0.733103813233477	0.607752634742536	0.674260989781607	0.699974073331998	0.837335083149669	0.896788459226608	0.683883911039872	0.733796433580445	0.700288599479062	0.950992426367462	0.718979843718694	0.760250891604888	0.814791544780605	0.685900861550792	0.890552033660589	0.734381646964536	0.587946970947385	0.846029052294129	0.634728992185935	0.748406892406331	0.756177639751553	0.508528992185935	0.626322832900388	0.565076698056502	0.735094690442797	0.622133680625125	0.827293608495292	0.584770106191144	0.547571548787818	0.600823482268083	0.796667628633061
SRR7146763	1	1	1	1	1	1	1	1	1	1	1	1	1	1	1	1	1	1	1	1	1	1	1	1	1	1	1	1	1	1	1	1	1	1	1	1	1	1	1	1	1	1	1	1	1	1	1	1	1	1	1	1	1	1	1	1	1	1	1	1	1	1	1	1	1	1	0.785082870464221	0.862491019663491	0.567654125278735	0.566092154875329	0.510397445773363	0.666918183661058	0.800061828501926	0.484802878572877	0.735607541050071	0.587063855665923	0.907836691668356	0.950345672004865	0.675740604094871	0.518610338536388	0.503290225892299	0.912323940806811	0.553072815730792	0.573084005676059	0.411531603486722	0.525829677680924	0.530867707277519	0.409299006689641	0.487684005676059	0.70679185080073	0.585156334887492	0.484056405888962	0.587867707277519	0.592113075207784	0.841351104804378	0.59209215487533	0.542951104804379	0.670751104804379	0.551421204135415	0.555613379282384	0.553659233732009	0.87568319481046	0.46591661733928	0.729475560145257	0.527041928278108	0.646463855665923	0.875210216906548	0.464090403456101	0.525550577741739	0.950869612811676	0.440246076131649	0.920178083556339	0.701218458320763	0.622927711331847	0.461264666531522	0.49901646057166	0.422640883817388	0.610756213257653	0.701080843300223	0.488761767687006	0.812694425299007	0.526726734951201	0.53938305290898	0.531672815730793	0.529994364484087	0.898655706466653	0.834957591729171	0.687802067707277	0.773104789362644	0.881473707682952	0.90858370160146	0.51170486278243	0.912293736063248	0.919537522805595	0.344130938492584	0.502059558078248	0.612710723697547	0.846861463612406	0.539002189337118	0.802009892560308	0.463715953780661	0.361202665842579	0.626064220555443	0.471292154875329	0.549229677680924	0.95239185080073	0.866239732414352	0.978961970403405	0.888537522805595	0.969345672004865	0.896937522805595	0.735168092438678	0.631145571517226	0.511997445773363	0.537292154875329	0.78327504561119	0.556067707277519	0.431485708493817	0.55029215487533	0.572267707277519	0.719164362456922	0.577443259679708	0.530477303428973	0.737027085904572	0.647807135617272	0.601398234521462	0.544563740663351	0.493586580174336	0.426902574498277	0.846473214205884	0.819528706930742	0.594263855665923	0.630641980115257	0.584745712548145	0.863823434015812	0.723606122035273	0.794061463612406	0.77857522805595	0.514935328598414	0.540854332181713	0.926375552402189	0.542543213690377	0.988583701601459	0.718620068923576	0.567361767687006	0.556629677680924	0.5495997972836	0.784742631258869	0.923111716011344	0.784899533752281	0.892926332860329	0.746376647070748	0.80296707885668	0.576005230083114	0.844807500506791	0.556651408878978	0.471885776398706	0.911039886430115	0.938980660855463	0.522875951634681	0.603042891401424	0.467779453646031	0.310781866570275	0.419922473971734	0.560786215284817	0.525075856476789	0.755592904926008	0.515651084532739	0.439961037907967	0.909336896552368	0.524818487735658	0.532621204135415	0.886842124467869	0.558092154875329	0.376472815730793	0.473579971619704	0.652745672004865	0.832732090006082	0.536621528481654	0.496934968578958	0.800523940806811	0.516091019663491	0.533884005676059	0.689198378268802	0.587645976079465	0.880137522805595	0.633835085192674	0	0.426334968578958	0.564321224407055	0.649445530103385	0.517626636934928	0.899337522805595	0.964296776809244	0.534072815730793	0.553101642002838	0.550118548550578	0.54047484289479	0.51068580747314	0.481620143205612	0.381140401378472	0.538606581563855	0.542009892560308	0.41257534968579	0.756523940806811	0.519448692479221	0.538643259679708	0.619913115751064	0.924948388404622	0.541823109669572	0.44729215487533	0.424737563348875	0.979983701601459	0.841745672004865	0.760494465842287	0.813910358808028	0.560897141698763	0.496724305696331	0.547397080883844	0.839940239205352	0.502284005676059	0.530207946482871	0.542084005676059	0.711250598013379	0.521059558078248	0.521177741739307	0.760118508007298	0.499080964930063	0.293811795343549	0.994745672004865	0.98498370160146	0.610729375246093	0.681839578369674	0.639437934279393	0.90179960712945	0.791217002528578	0.522769916886276	0.855859112102169	0.683775552402189	0.418739752685992	0.535829677680924	0.99058370160146	0.848234299614839	0.881137522805595	0.925807135617271	0.929175552402189	0.670288215118372	0.581161767687006	0.583092154875329	0.838999026961281	0.653532072560284	0.825212608960065	0.618168803993051	0.641485069607835	0.639176282173033	0.607050389324921	0.842834299614839	0.924609852017028	0.579675856476789	0.847937522805595	0.921967403202919	0.483480964930063	0.565643259679708	0.493048368132982	0.961351104804379	0.523561443340766	0.585067707277519	0.933839732414352	0.657942631258869	0.880523940806811	0.510840908169471	0.410766424676163	0.928540239205352	0.593637826880195	0.495640908169471	0.775318508007298	0.378496776809244	0.445935895191582	0.658113075207784	0.866134482059599	0.883334482059599	0.908726332860328	0.773097466045003	0.50567484289479	0.847056030812893	0.670041851441826
SRR7146764	1	1	1	1	1	1	1	1	1	1	1	1	1	1	1	1	1	1	1	1	1	1	1	1	1	1	1	1	1	1	1	1	1	1	1	1	1	1	1	1	1	1	1	1	1	1	1	1	1	1	1	1	1	1	1	1	1	1	1	1	1	1	1	1	1	1	0.7792	0.8496	0.5192	0.5392	0.3896	0.5816	0.7254	0.381	0.844	0.5512	0.849	0.8898	0.6	0.4624	0.478623841059603	0.8994	0.5204	0.5486	0.5294	0.435	0.4586	0.523	0.4524	0.694	0.549	0.590226626626627	0.5534	0.463	0.8214	0.5638	0.5124	0.6424	0.459	0.4994	0.5152	0.7984	0.45391074214843	0.834429989868288	0.72333825772782	0.6854	0.8572	0.522953463160008	0.4964	0.9394	0.418386554621849	0.916568762515018	0.91126778895504	0.588	0.5008	0.4406	0.484786473429952	0.6058	0.6188	0.3594	0.7772	0.468378850020105	0.379	0.512	0.4244	0.8372	0.8398	0.4168	0.787108908908909	0.8126	0.9084	0.379480816980377	0.853	0.8482	0.455983596719344	0.4478	0.5378	0.8166	0.4392	0.8072	0.3628	0.408625340817963	0.605	0.55	0.4596	0.946	0.8594	0.9526	0.848	0.8848	0.8328	0.7494	0.864510838445808	0.4732	0.5076	0.8942	0.523	0.4162	0.513	0.5316	0.696	0.5472	0.613901960784314	0.769763402889245	0.5514	0.826556859571024	0.435520833333334	0.349	0.4178	0.871516279069767	0.820926809705234	0.5024	0.663751955083216	0.5726	0.844	0.7638	0.789	0.8238	0.49756036036036	0.518578627176306	0.9524	0.548918863772755	0.9792	0.7114	0.422	0.4422	0.4498	0.6666	0.83508043698159	0.7376	0.8124	0.8782	0.7796	0.4918	0.7668	0.511	0.478286849468383	0.869774174174174	0.9478	0.486589317863573	0.714159911805973	0.384157245796637	0.483135742971888	0.623168269230769	0.5114	0.532	0.7418	0.4312	0.645	0.927371886263516	0.4308	0.466	0.9026	0.533	0.4922	0.3944	0.5976	0.7868	0.4308	0.3944	0.8668	0.5944	0.485	0.7458	0.5412	0.7948	0.596175515928672	0.426334968578958	0	0.5608	0.5762	0.4774	0.8238	0.9272	0.5192	0.7706	0.5426	0.4382	0.5973020803878	0.461597879575915	0.4632	0.589226967196619	0.5462	0.3908	0.724	0.4472	0.5068	0.577	0.9176	0.6006	0.4948	0.406	0.9146	0.7838	0.8638	0.8602	0.5176	0.4454	0.4544	0.791	0.4406	0.4488	0.4764	0.7056	0.4436	0.4294	0.8204	0.4942	0.414919547657512	0.9292	0.9168	0.836888776541962	0.87401317608784	0.854752955564615	0.938398238590873	0.817146946946947	0.438	0.6856	0.6032	0.5354	0.4114	0.9266	0.832	0.8482	0.8072	0.9258	0.698385926819461	0.5472	0.5556	0.5878	0.821058704861812	0.8248	0.821733550488599	0.736563016446049	0.865929290479078	0.755524342765402	0.8736	0.8106	0.4902	0.9082	0.9046	0.4576	0.5182	0.4652	0.9506	0.4954	0.5332	0.9054	0.5972	0.8606	0.465	0.318178934721666	0.9164	0.4824	0.462	0.8292	0.4174	0.637949607566915	0.595	0.8494	0.815	0.8634	0.7902	0.4126	0.8578	0.894176461168935
SRR7146765	1	1	1	1	1	1	1	1	1	1	1	1	1	1	1	1	1	1	1	1	1	1	1	1	1	1	1	1	1	1	1	1	1	1	1	1	1	1	1	1	1	1	1	1	1	1	1	1	1	1	1	1	1	1	1	1	1	1	1	1	1	1	1	1	1	1	0.7072	0.8622	0.715	0.725	0.6914	0.5698	0.7304	0.5978	0.7926	0.3472	0.8456	0.9042	0.5366	0.5824	0.378830784667871	0.9082	0.699	0.733	0.6042	0.5692	0.7054	0.5446	0.6122	0.7476	0.5424	0.533334534534534	0.7326	0.5804	0.7904	0.7502	0.632	0.6416	0.6832	0.6962	0.7188	0.7512	0.592372794558912	0.846393515704154	0.811120192693697	0.699	0.7814	0.711338968078699	0.5148	0.6712	0.57933293317327	0.658153864637565	0.849065653869842	0.5322	0.642	0.6644	0.691962640901771	0.6632	0.672	0.4722	0.791	0.464714837153196	0.5806	0.7082	0.6202	0.836	0.8432	0.6612	0.616057257257257	0.782	0.9078	0.561853424108931	0.8522	0.8504	0.571394118823765	0.6498	0.647	0.769	0.5916	0.883	0.6604	0.553390216519647	0.6462	0.6306	0.6586	0.9524	0.6542	0.9468	0.8242	0.8406	0.7698	0.5038	0.879061349693252	0.7424	0.7076	0.8318	0.7286	0.6194	0.6748	0.6978	0.5814	0.7356	0.141190956382553	0.776744783306581	0.5182	0.900170942938082	0.63549391025641	0.6168	0.6082	0.62334707297514	0.810466011630238	0.4346	0.657863324644075	0.6304	0.5388	0.6296	0.732	0.9074	0.691371171171171	0.707369261556934	0.9412	0.617593638727746	0.973	0.6168	0.627	0.593	0.6638	0.6318	0.825690026299818	0.8272	0.689	0.8286	0.7848	0.7028	0.8204	0.6808	0.521888528259653	0.59490970970971	0.9584	0.639577675535107	0.54556764882742	0.596732105684548	0.546426506024096	0.52556217948718	0.6906	0.6584	0.686	0.5872	0.5598	0.690368281938326	0.5892	0.4844	0.6588	0.7224	0.5778	0.5348	0.7072	0.7548	0.6404	0.6722	0.7826	0.5068	0.6488	0.6398	0.7258	0.7888	0.586090042075736	0.564321224407055	0.5608	0	0.665	0.6754	0.7908	0.9078	0.7138	0.8318	0.6352	0.6366	0.433310927085437	0.634984356871374	0.7272	0.534726947071845	0.7096	0.6092	0.7826	0.677	0.6788	0.6086	0.676	0.621	0.6008	0.6222	0.7178	0.6878	0.8104	0.7918	0.6542	0.5988	0.619	0.8278	0.6802	0.64	0.6996	0.6642	0.6192	0.5364	0.7666	0.6754	0.600642649434572	0.7106	0.6816	0.928688776541962	0.694422285481903	0.753909009376274	0.709222097678142	0.439116916916917	0.6534	0.8098	0.643	0.6126	0.6274	0.7154	0.7988	0.805	0.657	0.9228	0.636882026537998	0.6898	0.7504	0.914	0.89277716360702	0.8758	0.843687296416938	0.613422783794625	0.690529290479078	0.830643829018663	0.8162	0.769	0.5886	0.8652	0.8974	0.6614	0.6796	0.647	0.9406	0.6914	0.72	0.6372	0.5728	0.906	0.727	0.478550580696836	0.863	0.6546	0.7278	0.772	0.434	0.642846005232441	0.5884	0.849	0.7978	0.8602	0.7176	0.5782	0.7942	0.758449639711769
SRR7146766	1	1	1	1	1	1	1	1	1	1	1	1	1	1	1	1	1	1	1	1	1	1	1	1	1	1	1	1	1	1	1	1	1	1	1	1	1	1	1	1	1	1	1	1	1	1	1	1	1	1	1	1	1	1	1	1	1	1	1	1	1	1	1	1	1	1	0.8082	0.8514	0.7474	0.7754	0.62	0.7392	0.7186	0.4522	0.9344	0.579	0.8938	0.9506	0.6846	0.7204	0.659016536223159	0.896	0.7548	0.7946	0.7808	0.5334	0.6828	0.7786	0.6912	0.7746	0.7796	0.759162362362362	0.5722	0.4962	0.8304	0.7924	0.7166	0.7758	0.7538	0.7556	0.7634	0.8558	0.602391118223645	0.845706788247214	0.654149096748294	0.7298	0.7992	0.752160329251155	0.7334	0.9592	0.672752781112445	0.934966359631558	0.937547238760008	0.6028	0.7524	0.6692	0.700157487922705	0.7388	0.1238	0.6644	0.7264	0.617995737836751	0.4166	0.7402	0.736	0.9326	0.7898	0.6106	0.72410950950951	0.808	0.9028	0.675851982378855	0.9294	0.9216	0.720184436887378	0.7022	0.6224	0.8892	0.715	0.7468	0.5644	0.563902485966319	0.534	0.7956	0.734	0.9462	0.8714	0.9812	0.9262	0.9622	0.7888	0.7724	0.872405316973415	0.7004	0.7542	0.914	0.7468	0.6692	0.7406	0.7546	0.7344	0.7724	0.682570308123249	0.791963402889246	0.7556	0.768029623634156	0.745527564102564	0.5946	0.6406	0.889519165998396	0.825328895127331	0.5578	0.706525446160016	0.606	0.8808	0.7968	0.7986	0.8174	0.739566366366366	0.763378987392436	0.9602	0.677184076815363	0.984	0.6602	0.7222	0.5478	0.7162	0.6796	0.910799716771191	0.7392	0.8848	0.9392	0.8296	0.7882	0.713	0.7542	0.728323223279239	0.86731051051051	0.941	0.748990118023605	0.79221194628182	0.516975340272218	0.752736546184739	0.677909615384615	0.7514	0.7786	0.7028	0.702	0.7104	0.943572607128554	0.6698	0.6614	0.908	0.768	0.7382	0.6724	0.792	0.8162	0.7562	0.6598	0.893	0.6828	0.7318	0.8264	0.7856	0.8688	0.683159647365257	0.649445530103385	0.5762	0.665	0	0.7336	0.763	0.9544	0.74	0.7098	0.3284	0.734	0.588918925469602	0.719198399679936	0.6834	0.611073817669551	0.6	0.561	0.719	0.462	0.7534	0.3428	0.9322	0.715	0.7516	0.579	0.9812	0.8736	0.9278	0.9248	0.5936	0.6368	0.6906	0.8082	0.6952	0.6486	0.7226	0.7186	0.6764	0.5796	0.8386	0.7398	0.65309886914378	1	0.9866	0.777899898887765	0.904213176087841	0.871959885854056	0.951596317053643	0.866945345345345	0.719	0.6104	0.624	0.7882	0.719	0.9918	0.8428	0.893	0.7956	0.92	0.742619380780056	0.7842	0.783	0.7556	0.762300342949365	0.8238	0.799593811074919	0.619458644203771	0.862666504952497	0.710576199076861	0.936	0.8872	0.5232	0.9224	0.9268	0.6842	0.7542	0.6978	0.9548	0.7298	0.7668	0.9458	0.689	0.8638	0.7002	0.636647657188626	0.937	0.7946	0.664	0.8498	0.7022	0.751546347353592	0.6752	0.9086	0.8796	0.9132	0.869	0.7338	0.8964	0.907979503602882
SRR7146767	1	1	1	1	1	1	1	1	1	1	1	1	1	1	1	1	1	1	1	1	1	1	1	1	1	1	1	1	1	1	1	1	1	1	1	1	1	1	1	1	1	1	1	1	1	1	1	1	1	1	1	1	1	1	1	1	1	1	1	1	1	1	1	1	1	1	0.749	0.8056	0.214	0.2432	0.4708	0.6254	0.8596	0.3998	0.9422	0.6102	0.8492	0.9356	0.6718	0.2296	0.613724663857114	0.876	0.1574	0.2384	0.4962	0.3898	0.4978	0.3748	0.1888	0.6788	0.3014	0.553237637637638	0.268	0.5742	0.8188	0.2468	0.5476	0.6256	0.15	0.2178	0.1394	0.9166	0.543712262452491	0.885854103343465	0.769458610999598	0.6138	0.9606	0.235941256775748	0.4602	0.9662	0.437390796318528	0.938582939527433	0.950820119072059	0.6884	0.1728	0.3406	0.610436070853462	0.584	0.7366	0.4228	0.8442	0.515230800160836	0.5724	0.2198	0.3136	0.8562	0.9324	0.7274	0.874498098098098	0.827	0.8748	0.375699799759712	0.8542	0.917	0.274467293458692	0.1984	0.6632	0.91	0.39	0.822	0.4014	0.487047153167602	0.672	0.2404	0.2318	0.924	0.9614	0.9658	0.9378	0.9724	0.9368	0.8132	0.817232310838446	0.2494	0.1916	0.91	0.2288	0.2276	0.2092	0.2196	0.6466	0.2108	0.675286034413765	0.828951203852327	0.6338	0.924759206798867	0.245248717948718	0.3344	0.4974	0.924075862068966	0.838929095648687	0.5544	0.649628072989774	0.6074	0.8752	0.8138	0.7566	0.8916	0.3693997997998	0.22999963978387	0.9686	0.582719343868774	0.9808	0.8154	0.2276	0.3728	0.3932	0.6868	0.921242524782521	0.7744	0.8272	0.9704	0.7228	0.2204	0.893	0.3964	0.390542249580302	0.856184984984985	0.8766	0.209994558911782	0.777630026057326	0.303665492393915	0.433866666666667	0.668339743589744	0.4186	0.1938	0.8208	0.2032	0.6016	0.87579759711654	0.1504	0.2772	0.8536	0.2298	0.2176	0.508	0.6112	0.9314	0.1876	0.2638	0.869	0.5972	0.1768	0.7472	0.271	0.8628	0.713567581646965	0.517626636934928	0.4774	0.6754	0.7336	0	0.8842	0.9334	0.13	0.851	0.6636	0.4866	0.709765421127045	0.161440128025605	0.2824	0.587471523445361	0.675	0.4118	0.7702	0.5164	0.2018	0.669	0.9472	0.5098	0.1908	0.502	0.9696	0.8784	0.9452	0.9492	0.6202	0.5416	0.4468	0.8102	0.182	0.3592	0.2264	0.7502	0.4978	0.3272	0.8318	0.1116	0.48513957996769	0.985	0.9752	0.915228109201213	0.89230622204148	0.909028128821851	0.975398238590873	0.8541001001001	0.2628	0.8874	0.6284	0.4974	0.237	0.9802	0.9318	0.9436	0.9442	0.8926	0.677009569762766	0.2538	0.2366	0.8898	0.914804922332056	0.848	0.936415309446254	0.893973124749298	0.954157145744896	0.869223359422035	0.967	0.938	0.3772	0.9412	0.9112	0.1896	0.1626	0.3894	0.9432	0.1186	0.4574	0.9232	0.5654	0.8848	0.2942	0.343132719263116	0.932	0.2116	0.2572	0.8526	0.4752	0.65233089152747	0.6562	0.8762	0.8164	0.8492	0.9132	0.3096	0.9516	0.853379503602882
SRR7146769	1	1	1	1	1	1	1	1	1	1	1	1	1	1	1	1	1	1	1	1	1	1	1	1	1	1	1	1	1	1	1	1	1	1	1	1	1	1	1	1	1	1	1	1	1	1	1	1	1	1	1	1	1	1	1	1	1	1	1	1	1	1	1	1	1	1	0.8666	0.8726	0.9072	0.915	0.9286	0.87	0.8702	0.7554	0.9106	0.7246	0.9318	0.9186	0.8318	0.8798	0.847658077463375	0.9218	0.9102	0.9316	0.9166	0.7416	0.884	0.9182	0.8578	0.9226	0.9242	0.74698038038038	0.9214	0.7456	0.7616	0.9282	0.8924	0.907	0.8842	0.8766	0.9012	0.86	0.907196959391879	0.890220871327254	0.886981934965877	0.8918	0.9688	0.910583216221642	0.9166	0.9778	0.903995118047219	0.955573808570284	0.944947238760008	0.8598	0.9084	0.8946	0.888162640901771	0.7642	0.7448	0.8422	0.8982	0.792769280257338	0.7234	0.891	0.8674	0.9202	0.949	0.9074	0.911397197197197	0.9002	0.914	0.824132238686424	0.9252	0.9092	0.901996119223845	0.873	0.8774	0.8824	0.8478	0.9266	0.8734	0.746569206094627	0.781	0.9328	0.8494	0.9578	0.9664	0.962	0.9134	0.9412	0.9044	0.8738	0.904232310838446	0.9332	0.9102	0.627	0.914	0.8858	0.92	0.914	0.9032	0.9198	0.824165266106442	0.852065810593901	0.878	0.919921651153379	0.873567948717949	0.8236	0.875	0.934128789093825	0.916272267896531	0.7126	0.866140044114698	0.8958	0.9	0.8864	0.913	0.9122	0.884568968968969	0.917799039423654	0.959	0.896994718943789	0.982	0.907	0.8608	0.7428	0.8644	0.7612	0.89744547845438	0.8854	0.9092	0.937	0.886	0.8998	0.8624	0.912	0.887890878567431	0.897311711711712	0.9582	0.913997919583917	0.8588	0.760387189751802	0.888399196787149	0.887586538461538	0.83	0.7946	0.9164	0.8314	0.8904	0.964796876251502	0.811	0.8428	0.9466	0.9112	0.9098	0.8596	0.9028	0.92	0.8746	0.8772	0.9134	0.8428	0.8832	0.7404	0.7876	0.8754	0.842351312362252	0.899337522805595	0.8238	0.7908	0.763	0.8842	0	0.7606	0.8988	0.902	0.7604	0.8748	0.899358432639871	0.837787837567514	0.9116	0.829969531092775	0.8986	0.7988	0.874	0.783	0.9012	0.7626	0.9544	0.8854	0.8978	0.8384	0.964	0.8686	0.9216	0.9196	0.839	0.8812	0.834	0.9172	0.8834	0.815	0.8988	0.8786	0.8786	0.8354	0.3866	0.8982	0.832195153473344	0.9786	0.964	0.955288776541962	0.931703212688085	0.910631227068895	0.97179487590072	0.905548148148148	0.8538	0.7792	0.76	0.9226	0.8638	0.9746	0.8798	0.9066	0.8542	0.9118	0.69376895858464	0.9246	0.9318	0.961	0.914681258825903	0.9238	0.936284690553746	0.801683273164862	0.971148574893875	0.892778165763596	0.9412	0.8916	0.773	0.7594	0.7714	0.8818	0.9084	0.7564	0.7868	0.8974	0.7556	0.9336	0.8322	0.9214	0.9142	0.82793968762515	0.928	0.8728	0.918	0.3694	0.7798	0.879872730931777	0.8448	0.9026	0.8888	0.9218	0.8712	0.8608	0.9122	0.927579503602882
SRR7146770	1	1	1	1	1	1	1	1	1	1	1	1	1	1	1	1	1	1	1	1	1	1	1	1	1	1	1	1	1	1	1	1	1	1	1	1	1	1	1	1	1	1	1	1	1	1	1	1	1	1	1	1	1	1	1	1	1	1	1	1	1	1	1	1	1	1	0.914	0.8946	0.9506	0.9744	0.9572	0.9226	0.9336	0.9436	0.9276	0.8914	0.9556	0.9218	0.8828	0.9222	0.918983624322697	0.9452	0.941	0.9752	0.969	0.9196	0.9404	0.9412	0.957	0.9736	0.9408	0.600448648648649	0.9638	0.9076	0.7564	0.9736	0.8966	0.9292	0.9516	0.9442	0.958	0.9238	0.948599359871974	0.939860385005066	0.919189883580891	0.9486	0.9488	0.962154988958041	0.9478	0.9608	0.947799679871949	0.954987985582699	0.942476904126463	0.9398	0.9564	0.9456	0.941976811594203	0.7976	0.939	0.9196	0.9242	0.906124728588661	0.9264	0.925	0.9338	0.9528	0.9754	0.933	0.947187587587587	0.9214	0.9442	0.925199279134962	0.9508	0.9138	0.960198279655931	0.9324	0.9386	0.932	0.9166	0.9632	0.9548	0.9305966319166	0.8394	0.9764	0.9284	0.972	0.9458	0.966	0.9458	0.961	0.9256	0.9316	0.968656032719836	0.974	0.969	0.7742	0.9616	0.9234	0.9756	0.9554	0.9412	0.949	0.917991596638655	0.957795505617978	0.922	0.960421610683934	0.952595833333334	0.9416	0.9426	0.934721571772253	0.965394265089232	0.8826	0.950984880689793	0.9442	0.9414	0.9404	0.9332	0.9222	0.951782182182182	0.976799759855913	0.954	0.949995599119824	0.971	0.9446	0.9122	0.925	0.937	0.9162	0.888755533077079	0.9468	0.9186	0.9652	0.9408	0.9438	0.9226	0.9208	0.919767655288193	0.95258958958959	0.9422	0.9486	0.933777510523151	0.919380784627702	0.966799196787149	0.943798397435897	0.8828	0.8404	0.9454	0.9244	0.932	0.965797356828194	0.9162	0.9428	0.9284	0.972	0.9508	0.928	0.9498	0.9394	0.9406	0.9402	0.9524	0.917	0.963	0.83	0.8392	0.9174	0.916992426367462	0.964296776809244	0.9272	0.9078	0.9544	0.9334	0.7606	0	0.947	0.9662	0.9652	0.9336	0.949370309028479	0.886984076815363	0.979	0.922897685651036	0.9662	0.9268	0.9286	0.9666	0.9464	0.9194	0.9492	0.9438	0.9564	0.9322	0.9474	0.933	0.9368	0.9412	0.9184	0.9418	0.9228	0.9664	0.9476	0.9212	0.9644	0.8786	0.9428	0.9242	0.6746	0.964	0.92730113085622	0.9584	0.9508	0.975459858442872	0.9468	0.948862046473706	0.947991673338671	0.942598398398398	0.91	0.9326	0.9186	0.9698	0.924	0.9556	0.9436	0.9414	0.9252	0.928	0.475183996783273	0.9558	0.9764	0.956	0.961488965099859	0.8962	0.948	0.948397192137986	0.969157145744896	0.966397953040337	0.9512	0.9232	0.9354	0.2122	0.1346	0.9326	0.9346	0.7324	0.4702	0.9496	0.6564	0.9354	0.9152	0.9438	0.9612	0.896378133760513	0.9058	0.9306	0.9714	0.6706	0.8202	0.885937613201851	0.9088	0.902	0.942	0.9444	0.9246	0.9374	0.9162	0.930592794235388
SRR7146772	1	1	1	1	1	1	1	1	1	1	1	1	1	1	1	1	1	1	1	1	1	1	1	1	1	1	1	1	1	1	1	1	1	1	1	1	1	1	1	1	1	1	1	1	1	1	1	1	1	1	1	1	1	1	1	1	1	1	1	1	1	1	1	1	1	1	0.7606	0.8074	0.1372	0.1382	0.4752	0.6512	0.8852	0.4298	0.958	0.681	0.8636	0.9508	0.7054	0.2846	0.661924663857114	0.907	0.1902	0.1524	0.523	0.4344	0.5362	0.4154	0.2086	0.714	0.3414	0.617032632632633	0.2738	0.6296	0.832	0.15	0.5774	0.668	0.1682	0.2586	0.0466	0.9336	0.555314582916583	0.889306788247214	0.765058610999598	0.6368	0.962	0.156888897811684	0.4966	0.9712	0.465395038015206	0.968387985582699	0.954964401560255	0.7248	0.1062	0.3684	0.608436070853462	0.6186	0.7816	0.4658	0.892	0.562037072778448	0.6256	0.2256	0.3716	0.8674	0.943	0.7862	0.890514314314314	0.8476	0.8998	0.411919503404085	0.8674	0.9254	0.316067413482697	0.221	0.6934	0.9228	0.4274	0.8284	0.4304	0.499050040096231	0.7108	0.1534	0.2888	0.96	0.967	0.982	0.9598	0.9854	0.9642	0.8252	0.81557627811861	0.1524	0.125	0.9138	0.133	0.2586	0.2056	0.1242	0.6598	0.1364	0.700886114445778	0.837751203852327	0.657	0.929274220963173	0.260448717948718	0.3734	0.5398	0.92808067361668	0.842127010226589	0.6134	0.656859354321235	0.6144	0.8872	0.8186	0.8044	0.8858	0.381603403403403	0.138399159495697	0.9668	0.60932374474895	0.986	0.8178	0.28	0.4202	0.4502	0.75	0.943150920493627	0.8214	0.8836	0.9836	0.7762	0.1484	0.9266	0.4392	0.399017011751539	0.86078978978979	0.9042	0.124794558911782	0.81665913008619	0.325476381104884	0.463534136546185	0.689741346153846	0.4434	0.2486	0.8654	0.2864	0.6122	0.87119759711654	0.2108	0.3134	0.8486	0.128	0.25	0.5476	0.6556	0.9468	0.1684	0.3152	0.925	0.656	0.2256	0.8134	0.3176	0.8814	0.743577679823683	0.534072815730793	0.5192	0.7138	0.74	0.13	0.8988	0.947	0	0.8668	0.6672	0.5088	0.71318719450616	0.189042448489698	0.305	0.620117689675991	0.6998	0.4414	0.8076	0.529	0.1302	0.6834	0.951	0.5764	0.1746	0.5416	0.9812	0.893	0.9682	0.9782	0.6332	0.602	0.505	0.8436	0.1068	0.4174	0.149	0.7588	0.5358	0.3694	0.8418	0.1128	0.5065450726979	1	0.9862	0.911439231547017	0.919196258641724	0.913831227068895	0.971798238590873	0.8761001001001	0.2938	0.9392	0.6746	0.527	0.2664	0.9918	0.9616	0.9708	0.962	0.9186	0.699612706071572	0.1824	0.151	0.893	0.922305547710309	0.8504	0.943755048859935	0.897572563176895	0.976557145744896	0.874454063816978	0.9802	0.96	0.4008	0.932	0.9228	0.2192	0.1674	0.4062	0.9494	0.0742	0.513	0.9616	0.5926	0.9258	0.3382	0.416936323588306	0.9392	0.2664	0.2918	0.8586	0.541	0.681399517005434	0.7056	0.8868	0.8266	0.8628	0.9302	0.35	0.9596	0.846379503602882
SRR7146773	1	1	1	1	1	1	1	1	1	1	1	1	1	1	1	1	1	1	1	1	1	1	1	1	1	1	1	1	1	1	1	1	1	1	1	1	1	1	1	1	1	1	1	1	1	1	1	1	1	1	1	1	1	1	1	1	1	1	1	1	1	1	1	1	1	1	0.8308	0.8848	0.8746	0.8788	0.7544	0.8798	0.7472	0.7408	0.7086	0.8084	0.9508	0.943	0.7798	0.8364	0.720039133052378	0.8936	0.8674	0.9062	0.8898	0.868	0.815	0.886	0.8462	0.879	0.8788	0.866976976976977	0.8982	0.819	0.8654	0.9016	0.8408	0.8784	0.8792	0.851	0.8838	0.8726	0.714393598719744	0.721938601823708	0.399373745483741	0.8018	0.811	0.79114683798434	0.8554	0.9694	0.773947098839536	0.910320224269123	0.372114801888729	0.7746	0.876	0.787	0.692449597423511	0.8228	0.7358	0.8278	0.7254	0.733719420989144	0.741	0.8594	0.829	0.927	0.806	0.7134	0.694645845845846	0.9136	0.8836	0.809679134961954	0.9104	0.9372	0.815588917783557	0.84	0.7348	0.843	0.8724	0.7746	0.7374	0.664828869286287	0.6756	0.9078	0.8466	0.9368	0.8756	0.9638	0.8454	0.9616	0.8786	0.8222	0.285080572597137	0.8198	0.8634	0.8438	0.8604	0.7576	0.8392	0.8742	0.881	0.8808	0.872194557823129	0.766130337078651	0.8828	0.424032780250911	0.858316666666667	0.7648	0.746	0.873959422614274	0.858685622618809	0.7488	0.786734630038099	0.7316	0.8938	0.8172	0.8688	0.7976	0.831522322322322	0.873377786672003	0.9172	0.813385517103421	0.977	0.7264	0.857	0.885	0.846	0.8424	0.908502852518713	0.742	0.9034	0.6202	0.8398	0.8912	0.7918	0.8414	0.807494795747062	0.948568968968969	0.939	0.854390078015603	0.782117779114051	0.782097357886309	0.796946184738956	0.762805128205128	0.867	0.8714	0.7274	0.862	0.6082	0.954569963956748	0.856	0.8506	0.918	0.8798	0.859	0.7832	0.8844	0.8256	0.8558	0.7674	0.9074	0.8554	0.8668	0.8886	0.8766	0.877	0.742954397916249	0.553101642002838	0.7706	0.8318	0.7098	0.851	0.902	0.9662	0.8668	0	0.6844	0.8484	0.617941102807513	0.825187877575515	0.6514	0.693748158583216	0.6596	0.7238	0.8114	0.8298	0.8156	0.7254	0.9368	0.8284	0.8524	0.7218	0.9748	0.8248	0.6944	0.7962	0.7764	0.7874	0.8508	0.8748	0.8428	0.842	0.8638	0.811	0.8164	0.8474	0.7816	0.8644	0.527254281098546	0.9936	0.9798	0.317465520728008	0.43364652297682	0.303705340399511	0.92454907926341	0.858484284284284	0.8442	0.8174	0.8734	0.8964	0.8408	0.9854	0.8356	0.865	0.916	0.901	0.804153598713309	0.899	0.891	0.808	0.545526487795038	0.8336	0.275627687296417	0.580226714801444	0.523969597736002	0.578559381898455	0.8296	0.92	0.8848	0.8154	0.9374	0.808	0.8714	0.8154	0.9604	0.86	0.89	0.935	0.874	0.8624	0.794	0.752040448538246	0.938	0.8962	0.762	0.7878	0.8328	0.556855141879654	0.8102	0.8734	0.903	0.9146	0.7158	0.8434	0.8374	0.413953883106485
SRR7146774	1	1	1	1	1	1	1	1	1	1	1	1	1	1	1	1	1	1	1	1	1	1	1	1	1	1	1	1	1	1	1	1	1	1	1	1	1	1	1	1	1	1	1	1	1	1	1	1	1	1	1	1	1	1	1	1	1	1	1	1	1	1	1	1	1	1	0.7954	0.8598	0.6886	0.7076	0.5418	0.662	0.6864	0.3634	0.9124	0.548	0.9166	0.9526	0.6928	0.6416	0.568037005819787	0.9116	0.679	0.73	0.7176	0.4698	0.6206	0.7188	0.6264	0.712	0.718	0.694563363363363	0.7224	0.4374	0.8406	0.7278	0.6676	0.7126	0.6832	0.6884	0.6856	0.86	0.503992398479696	0.85086990881459	0.60635150541951	0.6706	0.7766	0.663174061433447	0.6664	0.9674	0.60755206082433	0.921111573888666	0.914564401560255	0.5846	0.6754	0.6016	0.623749758454106	0.6668	0.4178	0.6228	0.6972	0.529894008845999	0.3794	0.6672	0.6706	0.917	0.8044	0.6062	0.671665865865866	0.8952	0.907	0.606051982378855	0.9168	0.92	0.654984396879376	0.652	0.5204	0.8828	0.6444	0.7128	0.4926	0.47172269446672	0.4908	0.7322	0.677	0.9474	0.8742	0.9758	0.903	0.9686	0.9086	0.7474	0.834277300613497	0.6438	0.6904	0.8954	0.6836	0.6146	0.6812	0.6986	0.7026	0.712	0.653662344937975	0.762367255216693	0.7032	0.706817887494941	0.683523397435898	0.5302	0.5614	0.87564073777065	0.811438179266092	0.4972	0.660183757770202	0.554	0.8816	0.7752	0.803	0.7892	0.646566766766767	0.699378507104263	0.9428	0.607583956791358	0.9876	0.6296	0.6868	0.489	0.6692	0.6876	0.930891968440218	0.72	0.9006	0.937	0.8214	0.7232	0.6978	0.6934	0.627123223279239	0.860110910910911	0.9354	0.68539023804761	0.767220324714372	0.45798126501201	0.661724497991968	0.652409294871795	0.6988	0.7174	0.6792	0.6316	0.634	0.928169963956748	0.5962	0.5918	0.9024	0.7066	0.6706	0.6122	0.7252	0.8478	0.6936	0.6128	0.9272	0.612	0.6664	0.8266	0.7186	0.874	0.663499418954117	0.550118548550578	0.5426	0.6352	0.3284	0.6636	0.7604	0.9652	0.6672	0.6844	0	0.6812	0.485591153302363	0.638190878175635	0.5892	0.555311289997988	0.5602	0.4726	0.7354	0.2392	0.6936	0.115	0.933	0.64	0.6886	0.492	0.9796	0.8512	0.9278	0.9186	0.5352	0.5842	0.632	0.8328	0.6272	0.5958	0.6608	0.7186	0.615	0.6334	0.8114	0.6666	0.565345395799677	0.9984	0.9846	0.701499898887765	0.872269540463603	0.855159885854056	0.939195356285028	0.842345145145145	0.6704	0.6358	0.5704	0.725	0.6536	0.9902	0.8854	0.9062	0.8606	0.9236	0.706185926819461	0.7176	0.7184	0.7766	0.698109017550938	0.8172	0.770411726384365	0.562458644203771	0.8316472205377	0.653851334537427	0.9414	0.9042	0.4484	0.8968	0.922	0.6186	0.6972	0.6224	0.9632	0.6572	0.7022	0.9492	0.615	0.875	0.6338	0.574615698838607	0.9466	0.7264	0.6034	0.8204	0.6566	0.665532622258	0.6574	0.881	0.886	0.9066	0.846	0.6746	0.9194	0.867979503602883
SRR7146775	1	1	1	1	1	1	1	1	1	1	1	1	1	1	1	1	1	1	1	1	1	1	1	1	1	1	1	1	1	1	1	1	1	1	1	1	1	1	1	1	1	1	1	1	1	1	1	1	1	1	1	1	1	1	1	1	1	1	1	1	1	1	1	1	1	1	0.7856	0.859	0.5286	0.5402	0.4736	0.5446	0.785	0.4924	0.7716	0.6464	0.724	0.8774	0.5716	0.4716	0.593928838049368	0.9124	0.503	0.5476	0.5272	0.4752	0.5388	0.522	0.5322	0.7084	0.5242	0.615433833833834	0.5152	0.514	0.824	0.547	0.5298	0.641	0.4202	0.4796	0.493	0.751	0.479103540708142	0.885759270516717	0.820314411882778	0.6792	0.8746	0.503913792411162	0.4604	0.8898	0.471177911164466	0.883165158189828	0.931583042496408	0.6104	0.5006	0.5114	0.53283768115942	0.5916	0.74	0.3062	0.8498	0.538142581423402	0.553	0.4992	0.3698	0.743	0.7738	0.75	0.850072272272272	0.7176	0.9062	0.440909411293552	0.8274	0.8172	0.50059075815163	0.493	0.612	0.7424	0.4406	0.8698	0.5076	0.473663352044908	0.7272	0.5512	0.4542	0.9606	0.8768	0.9444	0.7758	0.7936	0.7622	0.6256	0.885110838445808	0.5388	0.5306	0.9322	0.5294	0.4966	0.5286	0.5098	0.7256	0.5308	0.668895558223289	0.833690529695024	0.4302	0.928752165115338	0.428064743589744	0.412	0.516	0.886093664795509	0.901260798074995	0.6072	0.689196270302787	0.6688	0.8028	0.7714	0.7686	0.9092	0.51919039039039	0.548399159495697	0.9588	0.580926065213042	0.9632	0.8	0.4042	0.4678	0.481	0.6408	0.76469658102367	0.8386	0.7294	0.7774	0.8078	0.4564	0.8054	0.5098	0.439644320089535	0.917967967967968	0.942	0.509794878975795	0.725945800761676	0.507178863090472	0.47350281124498	0.667568269230769	0.4916	0.529	0.795	0.475	0.6588	0.94079279134962	0.4652	0.502	0.7408	0.5338	0.493	0.3778	0.5984	0.7562	0.4318	0.4616	0.9074	0.6594	0.5148	0.7948	0.5232	0.7442	0.572980925666199	0.54047484289479	0.4382	0.6366	0.734	0.4866	0.8748	0.9336	0.5088	0.8484	0.6812	0	0.68754570793779	0.479796439287857	0.5436	0.676260293821694	0.7112	0.4942	0.8088	0.5338	0.5086	0.7056	0.91	0.628	0.527	0.5628	0.8596	0.7062	0.7784	0.786	0.639	0.578	0.4826	0.8382	0.4992	0.5064	0.5344	0.7452	0.5194	0.4136	0.8234	0.508	0.489231663974152	0.877	0.8634	0.869648736097068	0.873366327775518	0.918796738687321	0.877732425940753	0.782886086086086	0.4394	0.8264	0.6484	0.5364	0.3982	0.8842	0.7736	0.774	0.7556	0.9088	0.746632971451548	0.503	0.547	0.9202	0.918992777889853	0.7422	0.887338762214984	0.861261933413558	0.960420012128563	0.84446771021473	0.79	0.7554	0.5234	0.9174	0.9148	0.4976	0.5118	0.4948	0.9344	0.4852	0.5384	0.851	0.6334	0.919	0.513	0.434088265919103	0.9038	0.4012	0.5224	0.8252	0.4368	0.675959589454619	0.5018	0.837	0.7218	0.8346	0.7184	0.3388	0.7614	0.852921857485989
SRR7146776	1	1	1	1	1	1	1	1	1	1	1	1	1	1	1	1	1	1	1	1	1	1	1	1	1	1	1	1	1	1	1	1	1	1	1	1	1	1	1	1	1	1	1	1	1	1	1	1	1	1	1	1	1	1	1	1	1	1	1	1	1	1	1	1	1	1	0.774493274086043	0.882485275701878	0.718995031306807	0.730208887093517	0.443908907291456	0.632743728539689	0.612193132700464	0.536593213492224	0.818792647949909	0.52708931528984	0.901754716218946	0.931178307412644	0.654200161583518	0.606147606544132	0.275234646515584	0.916384164815189	0.702195112098566	0.752412845889719	0.733597010704908	0.69277127852959	0.686012845889719	0.675989093112503	0.707612845889719	0.744620763482125	0.538218784084023	0.663700582020113	0.737014825287821	0.646353625530196	0.795754473843668	0.750412845889719	0.624573257927691	0.650812845889719	0.726547606544133	0.71855750353464	0.72675750353464	0.857546556251263	0.311832877583394	0.768041497659842	0.559806334920438	0.647639830337306	0.526296222985255	0.6179984040343	0.492716097758029	0.642276509796001	0.479208326432977	0.595862843936254	0.739592494228286	0.495107210664512	0.71638719450616	0.607612845889719	0.577697709696735	0.688535730155524	0.664776247222783	0.663506039184003	0.567478327610584	0.489080564928336	0.595367319733387	0.712179276913755	0.682359402140982	0.89193294283983	0.785071339123409	0.467097152090487	0.351183661949164	0.875083296303777	0.909	0.616808843607684	0.935524863663906	0.931536740052515	0.647154435936672	0.652032882246011	0.470475257523733	0.83332874166835	0.6371595637245	0.702178468996162	0.45737232882246	0.528304327072512	0.479404120379722	0.753212845889719	0.705139608159968	0.954392082407594	0.547417127852959	0.978578226620885	0.898459462734801	0.958162391436074	0.849722803474046	0.435886487578267	0.785138405453196	0.65035742274288	0.709612845889719	0.860295091900626	0.713612845889719	0.572789173904262	0.699389093112502	0.725949585942234	0.585936740052515	0.731010866491618	0.500692702853713	0.723662599737459	0.585862492425773	0.564647221442741	0.677264273210799	0.606775237325793	0.58532979196122	0.548810621557178	0.835474111097255	0.49611601696627	0.628508369387148	0.516337790345385	0.555310321147243	0.648362472227833	0.727091294687942	0.801534760654413	0.651147612973507	0.719590752633766	0.913253524540496	0.634389006664189	0.988184164815189	0.353040719046657	0.710359402140981	0.721175237325793	0.708373257927691	0.815881316905676	0.902530209772134	0.712720985659463	0.797156614825288	0.861952979196122	0.811320985659462	0.72672773177136	0.676626782468188	0.678210866491618	0.450311542201431	0.641286287297194	0.962174348616441	0.651576366576082	0.743354021545846	0.592043176047604	0.641489894135216	0.543173055883556	0.719341668349828	0.741612845889719	0.493382347000606	0.698513956776409	0.493367885275702	0.628604861078699	0.703165421127045	0.530965421127045	0.624213169056756	0.723597010704908	0.716349585942234	0.624506039184003	0.737975237325793	0.787233811351242	0.708559402140981	0.625955443344779	0.925160412037972	0.69794364774793	0.72838719450616	0.872924863663906	0.741198990103009	0.874762391436074	0.595779573500934	0.51068580747314	0.5973020803878	0.433310927085437	0.588918925469602	0.709765421127045	0.899358432639871	0.949370309028479	0.71318719450616	0.617941102807513	0.485591153302363	0.68754570793779	0	0.662714889978602	0.544060836194708	0.480889249155713	0.545035790749344	0.569508018582105	0.757144576853161	0.652765421127045	0.713781175520097	0.523956534033529	0.62150422136942	0.647092264189053	0.699597010704908	0.584127812563119	0.7546	0.783520904867703	0.838436113916381	0.855432074328419	0.62338719450616	0.569597010704908	0.671468349828317	0.842176247222783	0.67038719450616	0.688648636639063	0.705173257927691	0.628384164815189	0.602595031306807	0.659131771359322	0.778865481720865	0.709971359321349	0.542939343531063	0.750178226620885	0.719784164815189	0.581209993425969	0.689746296955385	0.665522487272951	0.672166899344562	0.516398806400826	0.68672979196122	0.796716946071501	0.716199070894769	0.740597010704908	0.668575237325793	0.7522	0.856077358109473	0.871459462734801	0.844227792365179	0.930192082407594	0.708129902233688	0.655064471823874	0.740812845889719	0.754437850939204	0.56522759027984	0.798885356493638	0.607181403816029	0.328317025502147	0.452109998788614	0.518208890636161	0.874200403958796	0.865566431024035	0.634240638254898	0.81795851343163	0.925366431024035	0.663751565340335	0.695179196121996	0.590993132700464	0.957584164815189	0.694636760250455	0.730812845889719	0.623745869521309	0.642165421127045	0.875176247222783	0.637175237325793	0.516843722869382	0.859984245606948	0.742383154918198	0.617781175520097	0.787320904867704	0.650323934558675	0.56209106437696	0.643429852555039	0.889316946071501	0.893132781256312	0.924728822460109	0.791139204201171	0.672589173904262	0.838099454655625	0.66224464119872
SRR7146777	1	1	1	1	1	1	1	1	1	1	1	1	1	1	1	1	1	1	1	1	1	1	1	1	1	1	1	1	1	1	1	1	1	1	1	1	1	1	1	1	1	1	1	1	1	1	1	1	1	1	1	1	1	1	1	1	1	1	1	1	1	1	1	1	1	1	0.739978115623125	0.844188317663533	0.229250850170034	0.227452770554111	0.455595479095819	0.635185597119424	0.867197559511902	0.415398319663933	0.905790318063613	0.646176955391078	0.911585837167433	0.947999039807962	0.688776715343069	0.289979395879176	0.605307053784829	0.904196519303861	0.179236687337467	0.233448289657932	0.494194478895779	0.3865899979996	0.531396039207842	0.342784916983397	0.220045329065813	0.703597039407882	0.292988437687538	0.518402899799179	0.240995679135827	0.573589157831566	0.735581156231246	0.246852810562112	0.515185517103421	0.622589517903581	0.223989837967593	0.250397319463893	0.215043688737748	0.885186517303461	0.515503100620124	0.843681968409893	0.780922824468547	0.666780716143229	0.923991318263653	0.204597554724757	0.473380516103221	0.931592678535707	0.39977239145308	0.895551477135636	0.903839729144762	0.679789517903581	0.168038367673535	0.317989197839568	0.577239119321449	0.516986797359472	0.75799599919984	0.391796839367874	0.821585037007402	0.570807325920351	0.59699599919984	0.253589077815563	0.313596839367874	0.901988197639528	0.914594678935787	0.729990318063613	0.834492103625931	0.882784156831366	0.897796919383877	0.345869854787938	0.911188317663533	0.90939899979996	0.272254450890178	0.185192518503701	0.672397039407882	0.882988437687537	0.438385797159432	0.867784956991398	0.396198519703941	0.433402558619182	0.642781396279256	0.236848289657931	0.270596199239848	0.950596879375875	0.914185677135427	0.973799479895979	0.923790478095619	0.959399479895979	0.903587637527505	0.758986277255451	0.835785152940609	0.25385301060212	0.208852610522104	0.824173674734947	0.23505149029806	0.176988797759552	0.218050330066013	0.211651210242048	0.673182276455291	0.23345225045009	0.635668910492783	0.797292805270524	0.619991318263653	0.89388213539106	0.226389668959433	0.355398319663933	0.480594398879776	0.848224095500736	0.857484390401241	0.612981836367274	0.67680261538572	0.625582196439288	0.850194038807761	0.77098775755151	0.765790958191638	0.865181156231246	0.342780227717215	0.214032640428426	0.945791118223645	0.575115023004601	0.987199479895979	0.784394518903781	0.256192958591718	0.382193558711742	0.436796519303861	0.755183636727345	0.912393969791328	0.839184436887378	0.863384036807362	0.940790518103621	0.773184076815363	0.22465125025005	0.907594718943789	0.40799375875175	0.377703520558616	0.881752967210059	0.922387797559512	0.188637727545509	0.768040118346379	0.28584571998467	0.407892301351837	0.648035977387786	0.383388877775555	0.168780636127225	0.817393358671734	0.289588397679536	0.588371674334867	0.907555680138831	0.221183396679336	0.29078375675135	0.874785037007402	0.222453210642128	0.254381916383277	0.489993118623725	0.635797279455891	0.902187837567513	0.187250370074015	0.297796319263853	0.878992478495699	0.613578195639128	0.192244928985797	0.77317375475095	0.256787637527506	0.876798319663933	0.671547052347757	0.481620143205612	0.461597879575915	0.634984356871374	0.719198399679936	0.161440128025605	0.837787837567514	0.886984076815363	0.189042448489698	0.825187877575515	0.638190878175635	0.479796439287857	0.662714889978602	0	0.267389317863573	0.62262361910901	0.655587917583517	0.382183476695339	0.793996199239848	0.526198679735947	0.180445089017804	0.654784956991398	0.934195879175835	0.557176715343069	0.18644700940188	0.486379355871174	0.962596279255851	0.850788517703541	0.912986277255451	0.916785557111422	0.628197479495899	0.528583876775355	0.450788637727545	0.826996679335867	0.195252210442088	0.391996199239848	0.232852210442088	0.701390318063613	0.484789437887577	0.351183596719344	0.746779555911182	0.162838167633527	0.435053448492606	0.980196279255851	0.967596279255851	0.885835205463742	0.834106146158064	0.843781149218021	0.912176550602355	0.794116220641526	0.272399319863973	0.909196479295859	0.651996439287858	0.494394478895779	0.242195279055811	0.973196279255851	0.915388437687538	0.918988637727545	0.899784916983397	0.916596639327866	0.65609285910258	0.232048889777956	0.250052610522104	0.896386837367473	0.87690941456397	0.891588837767553	0.884601146613688	0.832950184100198	0.920542062728292	0.82560357144678	0.93558875775155	0.926193278655731	0.376795359071814	0.832776435287057	0.830583356671334	0.202786317263453	0.17284224844969	0.317972674534907	0.872389037807562	0.16324124824965	0.452587357471494	0.907190038007602	0.627984436887377	0.908796679335867	0.319597839567914	0.325093933484334	0.911995919183837	0.236199439887978	0.281997839567914	0.757778315663133	0.404773434686937	0.60671615103862	0.627388397679536	0.883581716343269	0.879989037807561	0.894589077815563	0.879186237247449	0.291789077815563	0.91678723744749	0.854753056295807
SRR7146778	1	1	1	1	1	1	1	1	1	1	1	1	1	1	1	1	1	1	1	1	1	1	1	1	1	1	1	1	1	1	1	1	1	1	1	1	1	1	1	1	1	1	1	1	1	1	1	1	1	1	1	1	1	1	1	1	1	1	1	1	1	1	1	1	1	1	0.8488	0.9132	0.3002	0.301	0.3884	0.7146	0.8174	0.3708	0.8408	0.6858	0.9716	0.954	0.7534	0.3478	0.47101846277343	0.848	0.2486	0.3224	0.5374	0.4524	0.413	0.4234	0.2446	0.635	0.3184	0.646647647647648	0.3204	0.593	0.861	0.3198	0.5592	0.6066	0.3196	0.2372	0.3194	0.8864	0.479113582716543	0.788814792299899	0.656684062625452	0.6808	0.888	0.213793374824332	0.5014	0.972	0.371949179671869	0.886063275931117	0.824973722028331	0.6166	0.3122	0.2914	0.547252495974235	0.5956	0.661	0.4876	0.783	0.528177724165662	0.4816	0.3114	0.2724	0.9608	0.8616	0.6802	0.763853653653654	0.9476	0.8378	0.368645254305166	0.96	0.9634	0.262852770554111	0.2806	0.6178	0.8594	0.516	0.856	0.3504	0.364585565356856	0.669	0.3236	0.2174	0.8832	0.8852	0.976	0.9056	0.971	0.8924	0.7734	0.793497341513292	0.2354	0.2928	0.8694	0.293	0.2044	0.2174	0.3192	0.7688	0.306	0.75510300120048	0.787531621187801	0.6618	0.718081262646702	0.281741346153846	0.2996	0.421	0.900962309542903	0.881692400240626	0.626	0.693217966713455	0.6352	0.9194	0.772	0.8528	0.8264	0.332936536536536	0.28777802681609	0.9284	0.618323944788958	0.9888	0.7572	0.2784	0.4326	0.3766	0.7776	0.935338094274732	0.7634	0.9152	0.856	0.7954	0.3092	0.8536	0.357	0.422253385562395	0.96797037037037	0.9124	0.292993718743749	0.782735217478453	0.265683586869496	0.400435341365462	0.677719871794872	0.46	0.2756	0.7492	0.391	0.604	0.974969963956748	0.3078	0.325	0.9502	0.3072	0.351	0.5164	0.584	0.8726	0.2738	0.1688	0.8608	0.6464	0.2474	0.9122	0.2468	0.882	0.675021518733721	0.381140401378472	0.4632	0.7272	0.6834	0.2824	0.9116	0.979	0.305	0.6514	0.5892	0.5436	0.544060836194708	0.267389317863573	0	0.543452646407728	0.52	0.303	0.7	0.473	0.2848	0.6648	0.9528	0.6618	0.2808	0.4084	0.9812	0.8686	0.8334	0.8562	0.5884	0.4532	0.45	0.7788	0.2774	0.3666	0.2804	0.7448	0.4322	0.4206	0.806	0.3016	0.370580290791599	0.9986	0.987	0.760230940343781	0.754066449776332	0.763267916836527	0.934347477982386	0.883485885885886	0.3206	0.8086	0.6192	0.532	0.2772	0.9918	0.853	0.8864	0.9306	0.8742	0.751740249296341	0.3128	0.3068	0.887	0.728173693766391	0.8732	0.739294788273616	0.692699558764541	0.705755043460683	0.715738671483042	0.8776	0.9398	0.4026	0.8786	0.9742	0.2654	0.3122	0.4056	0.9738	0.3008	0.5124	0.8894	0.7074	0.8172	0.1822	0.308372927513016	0.9594	0.3204	0.159	0.8214	0.5688	0.566441054538137	0.648	0.9164	0.9326	0.9572	0.8476	0.3584	0.8656	0.830973899119295
SRR7146780	1	1	1	1	1	1	1	1	1	1	1	1	1	1	1	1	1	1	1	1	1	1	1	1	1	1	1	1	1	1	1	1	1	1	1	1	1	1	1	1	1	1	1	1	1	1	1	1	1	1	1	1	1	1	1	1	1	1	1	1	1	1	1	1	1	1	0.615654014892333	0.794901428858925	0.699328919299658	0.72247526665325	0.673095592674583	0.572606641175287	0.822955443751258	0.603701308110284	0.790419279533105	0.43002624270477	0.730136727711813	0.917179150734554	0.450824431475146	0.473184906419803	0.442702693686609	0.839137089957738	0.603740873415174	0.74787526665325	0.72807526665325	0.624869752465285	0.608263876031395	0.662271523445361	0.616463151539545	0.673344616623063	0.617574924532099	0.658157372506336	0.724409136647213	0.532120386395653	0.775505172066814	0.747925176091769	0.593565828134433	0.580400603743208	0.583528919299658	0.653544616623063	0.628728919299658	0.812247776212518	0.562607429918264	0.765348524580871	0.62057991179193	0.487574159790702	0.814300382370699	0.631817448869601	0.4978458844838	0.853312497484403	0.561346092069349	0.760749405626055	0.744029240787855	0.464904850070437	0.679265284765546	0.619106822298249	0.564891092891872	0.590963694908432	0.603673817669552	0.596945502113101	0.73365562487422	0.180731067398733	0.541123244113504	0.641832843630509	0.61253089152747	0.79999412356611	0.901355443751258	0.604339947675589	0.710868324553171	0.756024069229221	0.833728355805997	0.563488824947756	0.63538365868384	0.900186274904407	0.605808946051637	0.63672803380962	0.689516804185953	0.820676474139666	0.534396659287583	0.573139102435097	0.66424817870799	0.463041870019139	0.519439404306702	0.750671523445361	0.629732139263433	0.884015697323405	0.794020527269068	0.970966311129	0.880323888106259	0.9432	0.810785389414369	0.636293781444959	0.58293266925696	0.717305574562286	0.70507526665325	0.84086810223385	0.702725176091769	0.595908432280137	0.646944616623063	0.714060293821694	0.339550694304689	0.722325176091769	0.550627294588594	0.674248922775461	0.617241416784061	0.77692958992455	0.689703767525324	0.635263151539545	0.550263876031395	0.747148075889279	0.626894445582665	0.312443751257798	0.525678375771371	0.467118414167841	0.764501267860736	0.671152586033407	0.707574159790702	0.806705534312739	0.635479230488287	0.717853533613426	0.916516401690481	0.635032903139292	0.978731374522037	0.670489152747032	0.657328919299658	0.650469752465285	0.617744616623063	0.596287905011069	0.875002112022315	0.545427651438921	0.706371503320588	0.835041738780439	0.668439766552626	0.726513946468102	0.828495552425035	0.6092759911451	0.497752208066059	0.51664153588082	0.835328355805997	0.650233971125076	0.739512619047878	0.582971106206761	0.64521769913221	0.519995929893545	0.706056550613806	0.682660293821695	0.67084672972429	0.518271523445361	0.351061581807205	0.701487347304187	0.531259770577581	0.499179392231837	0.642554920507144	0.723274018917287	0.60519541155162	0.62266939021936	0.681944616623063	0.791601972227813	0.68927526665325	0.632732501509358	0.848758301469108	0.527412356610988	0.624890963976655	0.537237311330248	0.681740873415174	0.857721392634333	0.564518729809451	0.538606581563855	0.589226967196619	0.534726947071845	0.611073817669551	0.587471523445361	0.829969531092775	0.922897685651036	0.620117689675991	0.693748158583216	0.555311289997988	0.676260293821694	0.480889249155713	0.62262361910901	0.543452646407728	0	0.529352425035218	0.450219682028577	0.685518736164218	0.630389011873616	0.685170456832361	0.54438237069833	0.82571124974844	0.412301831354397	0.688637834574361	0.479585268665728	0.893455987120145	0.785917649426444	0.803126584825921	0.797315355202254	0.606838196820286	0.520268866975247	0.558734634735359	0.769815697323405	0.635863151539545	0.555204346951097	0.676463151539545	0.619698933386999	0.526132501509358	0.547620366270879	0.756908915274703	0.562871523445361	0.471817879902244	0.912255987120145	0.898455987120145	0.740458873326047	0.644694012188296	0.681523652926169	0.811572220142788	0.71007904664576	0.666996659287583	0.747798068021735	0.583538216945059	0.73407526665325	0.654728919299658	0.904055987120145	0.817970416582814	0.82544902394848	0.76962853692896	0.850315153954518	0.620813539319737	0.674385429663916	0.737928919299658	0.82785562487422	0.766366521860591	0.770475588649628	0.710659591093444	0.57746463694642	0.664459938662359	0.721977444179601	0.833557778224995	0.821539223183739	0.568601126987321	0.825426564701147	0.88874135640974	0.587595773797545	0.662872771181324	0.565641940028175	0.933497685651036	0.612515194204065	0.713513946468102	0.778515717448179	0.295803662708794	0.808334956731737	0.647332501509358	0.471542022695296	0.842725498088146	0.749725176091769	0.638132501509358	0.766530126786074	0.601725538337694	0.547796337291205	0.534201972227812	0.820472730931777	0.691291446971222	0.619061018313544	0.715375246528477	0.67760788891125	0.814970416582814	0.617455083003815
SRR7146781	1	1	1	1	1	1	1	1	1	1	1	1	1	1	1	1	1	1	1	1	1	1	1	1	1	1	1	1	1	1	1	1	1	1	1	1	1	1	1	1	1	1	1	1	1	1	1	1	1	1	1	1	1	1	1	1	1	1	1	1	1	1	1	1	1	1	0.7812	0.8488	0.7338	0.747	0.5812	0.7114	0.7834	0.6368	0.8738	0.6346	0.9198	0.9474	0.6932	0.6574	0.543050130443508	0.4924	0.582	0.7666	0.7506	0.7256	0.305	0.7424	0.6892	0.351	0.7242	0.727358558558559	0.7574	0.6444	0.8314	0.763	0.6952	0.6494	0.7208	0.5788	0.7222	0.8814	0.611189557911583	0.774506382978724	0.618149096748294	0.6312	0.8542	0.663134390684602	0.6358	0.9682	0.630747418967587	0.876868321986384	0.875216095257647	0.5084	0.7092	0.645	0.537585185185185	0.5152	0.6102	0.672	0.7398	0.547334378769602	0.422	0.6852	0.6118	0.9052	0.8304	0.5422	0.733647447447447	0.8888	0.4906	0.671887064477373	0.9074	0.9218	0.649575595119024	0.685	0.6384	0.8544	0.705	0.7826	0.5912	0.610835445068164	0.5952	0.7688	0.6242	0.5462	0.874	0.9772	0.8992	0.9728	0.8956	0.7686	0.792776278118609	0.6774	0.7238	0.8688	0.7226	0.6364	0.601	0.728	0.7194	0.7424	0.710976950780312	0.757467415730337	0.747	0.748822581950627	0.709310256410257	0.6466	0.5286	0.853886287089014	0.826485101263285	0.5948	0.653641427712051	0.5858	0.8818	0.7574	0.7968	0.7678	0.690527127127127	0.736178627176306	0.9268	0.641385797159432	0.9838	0.713	0.6954	0.7426	0.3932	0.6526	0.911629698563625	0.4148	0.8656	0.8942	0.409	0.7516	0.8186	0.3936	0.646125125909345	0.916967967967968	0.6326	0.720589797959592	0.74907127680898	0.638698478783027	0.673225702811245	0.61387467948718	0.7094	0.7034	0.709	0.6956	0.598	0.927969963956748	0.6968	0.6658	0.8892	0.741	0.6952	0.6336	0.3586	0.8456	0.715	0.5208	0.492	0.3426	0.6094	0.8652	0.5856	0.8776	0.64653007413344	0.542009892560308	0.5462	0.7096	0.6	0.675	0.8986	0.9662	0.6998	0.6596	0.5602	0.7112	0.545035790749344	0.655587917583517	0.52	0.529352425035218	0	0.4886	0.6406	0.6804	0.718	0.5908	0.9336	0.6646	0.719	0.3456	0.9812	0.8498	0.8828	0.8878	0.622	0.3872	0.4722	0.396	0.6854	0.576	0.7222	0.7122	0.564	0.6756	0.768	0.7	0.603735056542811	1	0.9862	0.73448432760364	0.729148922326149	0.80872922951488	0.913747798238591	0.823483883883884	0.6774	0.633	0.4856	0.755	0.7038	0.9918	0.8668	0.8826	0.9322	0.8542	0.705130840369924	0.7554	0.752	0.7386	0.737434415977405	0.8056	0.748411726384365	0.718141676694745	0.74367940165757	0.702222677102147	0.912	0.9278	0.74	0.8658	0.9332	0.6518	0.7324	0.6506	0.9584	0.6954	0.7502	0.8574	0.7052	0.4602	0.4822	0.591190708850621	0.9298	0.7648	0.4634	0.7786	0.681	0.64428645602737	0.473	0.8666	0.8834	0.9026	0.8474	0.7158	0.8808	0.82037614091273
SRR7146782	1	1	1	1	1	1	1	1	1	1	1	1	1	1	1	1	1	1	1	1	1	1	1	1	1	1	1	1	1	1	1	1	1	1	1	1	1	1	1	1	1	1	1	1	1	1	1	1	1	1	1	1	1	1	1	1	1	1	1	1	1	1	1	1	1	1	0.7478	0.7992	0.4502	0.487	0.4182	0.6286	0.8052	0.3216	0.8796	0.5186	0.9232	0.9082	0.6408	0.3674	0.431575998394541	0.7786	0.3524	0.5074	0.5192	0.3468	0.339	0.4612	0.3698	0.6146	0.438	0.598219419419419	0.492	0.39	0.7598	0.5042	0.4566	0.5494	0.4648	0.3766	0.4674	0.8278	0.45750950190038	0.779067274569402	0.635110076274588	0.593	0.8728	0.422733627785585	0.42	0.9448	0.383981432573029	0.848249339207049	0.866531348799015	0.5038	0.4482	0.3636	0.501085990338164	0.449	0.5494	0.3898	0.7502	0.404224768797748	0.3638	0.338	0.3554	0.9128	0.8746	0.6352	0.751639439439439	0.8716	0.7372	0.342820744893873	0.8862	0.9076	0.383374034806961	0.3896	0.6188	0.8482	0.411	0.8294	0.3884	0.279561988773055	0.5166	0.5104	0.3668	0.8652	0.8502	0.9764	0.8962	0.962	0.8658	0.7196	0.813326789366053	0.4424	0.4656	0.8256	0.4608	0.3176	0.3712	0.4566	0.6822	0.4746	0.625461464585834	0.742743499197432	0.622	0.808977984621611	0.439289743589744	0.3696	0.368	0.833815236567762	0.806634008421897	0.4686	0.637959254060557	0.5916	0.8658	0.7428	0.738	0.7552	0.410102102102102	0.477178266960176	0.8846	0.566135467093419	0.9436	0.7312	0.4104	0.3716	0.3566	0.57	0.835497592555128	0.7294	0.8464	0.9108	0.7294	0.4846	0.7414	0.3512	0.331840290990487	0.839708708708709	0.7534	0.440589677935587	0.744460252555622	0.284371977582066	0.421111646586346	0.616929807692308	0.4424	0.4434	0.734	0.402	0.5696	0.910569483380056	0.3342	0.312	0.8612	0.4806	0.3976	0.4588	0.5688	0.828	0.4448	0.333	0.831	0.4684	0.36	0.8212	0.4088	0.8326	0.622888960128231	0.41257534968579	0.3908	0.6092	0.561	0.4118	0.7988	0.9268	0.4414	0.7238	0.4726	0.4942	0.569508018582105	0.382183476695339	0.303	0.450219682028577	0.4886	0	0.5446	0.365	0.4388	0.4998	0.9142	0.6084	0.4576	0.2706	0.96	0.8282	0.8756	0.8736	0.4778	0.397	0.3388	0.7472	0.4032	0.232	0.4296	0.6426	0.3362	0.3724	0.794	0.4462	0.313824555735056	0.9788	0.965	0.80788432760364	0.741013176087841	0.805559885854056	0.855148759007206	0.806281881881882	0.4076	0.6758	0.4474	0.5192	0.406	0.9706	0.8536	0.8736	0.8402	0.7654	0.697975472456775	0.4778	0.493	0.8444	0.794309501714747	0.8046	0.789615309446254	0.654556277577216	0.785393612290277	0.757634276540236	0.9146	0.879	0.3622	0.8562	0.9112	0.3538	0.4334	0.3662	0.9098	0.432	0.4856	0.8426	0.5766	0.6934	0.3596	0.275421465758911	0.8886	0.5022	0.3406	0.8016	0.4916	0.507148722076877	0.5472	0.8476	0.8842	0.8948	0.8074	0.4448	0.8772	0.829979503602882
SRR7146783	1	1	1	1	1	1	1	1	1	1	1	1	1	1	1	1	1	1	1	1	1	1	1	1	1	1	1	1	1	1	1	1	1	1	1	1	1	1	1	1	1	1	1	1	1	1	1	1	1	1	1	1	1	1	1	1	1	1	1	1	1	1	1	1	1	1	0.8142	0.6308	0.783	0.8278	0.762	0.7912	0.8276	0.742	0.9664	0.702	0.9558	0.561	0.6996	0.7494	0.668926389725065	0.737	0.7146	0.8308	0.8182	0.7822	0.6206	0.8034	0.7316	0.7162	0.7786	0.810791591591592	0.8234	0.6522	0.4678	0.8282	0.5086	0.709	0.8232	0.6908	0.8234	0.9206	0.743597359471894	0.493377912867275	0.654656443195504	0.6868	0.9058	0.811538968078699	0.7352	0.975	0.750992076830732	0.916312054465358	0.960147238760008	0.6324	0.8092	0.7226	0.723849919484702	0.6256	0.6654	0.7714	0.7804	0.701711781262566	0.622	0.6368	0.706	0.9764	0.8816	0.6858	0.82429009009009	0.9382	0.4104	0.750346175410493	0.9522	0.943	0.73878399679936	0.7276	0.751	0.9308	0.7818	0.8712	0.7234	0.758320128307939	0.5212	0.834	0.6452	0.8484	0.9074	0.9774	0.954	0.9934	0.9472	0.7982	0.921326789366053	0.7684	0.8004	0.7962	0.786	0.6914	0.6906	0.7976	0.7938	0.8038	0.786197599039616	0.859096308186196	0.8076	0.886210845811412	0.786538782051282	0.7396	0.6802	0.943118203688853	0.875135151393624	0.6938	0.790127010226589	0.753	0.9094	0.8268	0.7658	0.5238	0.795765965965966	0.819393396037623	0.8426	0.754798159631926	0.8534	0.7776	0.7398	0.7854	0.667	0.5738	0.734382358891361	0.7678	0.9026	0.991	0.7646	0.8116	0.7408	0.6816	0.75432714045887	0.944389389389389	0.6974	0.797395519103821	0.800035317698938	0.717986389111289	0.817591164658635	0.776951282051282	0.769	0.7708	0.755	0.7864	0.7858	0.980997356828194	0.7742	0.7444	0.9344	0.8178	0.757	0.742	0.7322	0.9186	0.7958	0.6474	0.8122	0.6534	0.7018	0.9006	0.7178	0.4728	0.765512001602885	0.756523940806811	0.724	0.7826	0.719	0.7702	0.874	0.9286	0.8076	0.8114	0.7354	0.8088	0.757144576853161	0.793996199239848	0.7	0.685518736164218	0.6406	0.5446	0	0.7372	0.775	0.7012	0.9434	0.7986	0.7966	0.567	0.9812	0.9102	0.9658	0.9618	0.4246	0.6474	0.683	0.7292	0.7584	0.586	0.7626	0.5002	0.6438	0.7718	0.8836	0.8164	0.727554442649435	0.9994	0.9872	0.915499898887766	0.860055876372509	0.895221932327762	0.907735308246598	0.921343743743744	0.757	0.781	0.616	0.8212	0.7626	0.9918	0.9188	0.949	0.9464	0.4436	0.794069320466426	0.828	0.8162	0.8942	0.871043090578979	0.7178	0.898148534201954	0.824569193742479	0.878993612290277	0.857378928356412	0.9934	0.9244	0.7792	0.9472	0.9586	0.7146	0.7874	0.743	0.6166	0.7966	0.8006	0.8732	0.7784	0.688	0.6766	0.672727673207849	0.8656	0.8302	0.6654	0.8972	0.7804	0.669057597102033	0.6736	0.9236	0.937	0.968	0.9428	0.802	0.9644	0.928570376301041
SRR7146784	1	1	1	1	1	1	1	1	1	1	1	1	1	1	1	1	1	1	1	1	1	1	1	1	1	1	1	1	1	1	1	1	1	1	1	1	1	1	1	1	1	1	1	1	1	1	1	1	1	1	1	1	1	1	1	1	1	1	1	1	1	1	1	1	1	1	0.8388	0.9138	0.503	0.5418	0.4726	0.6578	0.8126	0.2746	0.9526	0.5584	0.9286	0.9314	0.7512	0.5008	0.57118819987959	0.9072	0.5216	0.5388	0.5292	0.2954	0.4374	0.5272	0.4374	0.695	0.5266	0.652265265265265	0.5348	0.3822	0.8544	0.5374	0.5372	0.652	0.5344	0.5242	0.5342	0.9162	0.47331950390078	0.918114893617021	0.791349096748294	0.7232	0.8736	0.521755751857057	0.5036	0.9472	0.420596398559424	0.933566359631558	0.938364401560255	0.5996	0.529	0.4374	0.660918196457327	0.6704	0.4792	0.4986	0.7912	0.582095536791315	0.368	0.5202	0.5182	0.9492	0.8802	0.7538	0.837911311311311	0.9454	0.9096	0.45730893071686	0.9872	0.9762	0.479789317863573	0.4732	0.6282	0.936	0.4702	0.835	0.4316	0.353364554931836	0.6706	0.542	0.491	0.9446	0.8752	0.984	0.9618	0.999	0.9502	0.7674	0.932926789366053	0.4682	0.5152	0.955	0.502	0.4618	0.5028	0.5266	0.7264	0.5248	0.693681472589035	0.818763402889246	0.6228	0.880217887494941	0.487519551282051	0.3988	0.5146	0.914128307939054	0.887932544616002	0.5318	0.7385451774614	0.634	0.8778	0.8324	0.8184	0.8852	0.473967567567568	0.532993396037623	0.994	0.609123704740948	0.988	0.7406	0.5006	0.2984	0.4794	0.7392	0.926167064535707	0.851	0.93	0.9968	0.8378	0.5318	0.8154	0.5114	0.493723223279239	0.915125125125125	0.9676	0.512995519103821	0.831661775906995	0.308675740592474	0.5334	0.72598108974359	0.5236	0.5312	0.7664	0.4998	0.7266	0.95319759711654	0.4456	0.4322	0.9692	0.5334	0.5256	0.5378	0.6562	0.9244	0.5244	0.4498	0.923	0.6326	0.4958	0.8956	0.526	0.8856	0.714772270086155	0.519448692479221	0.4472	0.677	0.462	0.5164	0.783	0.9666	0.529	0.8298	0.2392	0.5338	0.652765421127045	0.526198679735947	0.473	0.630389011873616	0.6804	0.365	0.7372	0	0.5278	0.2678	0.9066	0.6588	0.5112	0.4828	0.9814	0.9182	0.9814	0.9774	0.5424	0.4918	0.463	0.8378	0.464	0.4162	0.4648	0.7644	0.4482	0.4948	0.8906	0.535	0.44138901453958	0.9998	0.9876	0.877499898887765	0.964813176087841	0.910759885854056	0.957796477181745	0.892346946946947	0.522	0.698	0.5074	0.5306	0.4794	0.9916	0.9426	0.9648	0.904	0.9284	0.80141624447125	0.4986	0.5272	0.8856	0.870712487391568	0.9016	0.880919218241042	0.712190132370638	0.888557145744896	0.855976199076862	0.999	0.8862	0.2288	0.957	0.9626	0.4938	0.5188	0.468	0.9662	0.5172	0.5092	0.9326	0.6426	0.8668	0.4698	0.418666399679616	0.9204	0.5388	0.4588	0.904	0.5564	0.702411994365063	0.7118	0.9762	0.9336	0.9798	0.9344	0.5238	0.9784	0.963779503602882
SRR7146785	1	1	1	1	1	1	1	1	1	1	1	1	1	1	1	1	1	1	1	1	1	1	1	1	1	1	1	1	1	1	1	1	1	1	1	1	1	1	1	1	1	1	1	1	1	1	1	1	1	1	1	1	1	1	1	1	1	1	1	1	1	1	1	1	1	1	0.8362	0.8738	0.1398	0.1264	0.4742	0.693	0.8914	0.4358	0.9312	0.7196	0.9628	0.9304	0.7586	0.3618	0.640724663857114	0.8844	0.2268	0.1328	0.499	0.4136	0.511	0.377	0.1752	0.7036	0.3244	0.605446846846847	0.267	0.6204	0.813	0.1504	0.5398	0.649	0.2644	0.2688	0.1526	0.9256	0.546915703140628	0.862851671732523	0.816749096748294	0.6978	0.948	0.144458381851034	0.5416	0.9598	0.422190396158464	0.942587985582699	0.937347238760008	0.7386	0.12	0.3652	0.617741384863124	0.5854	0.7646	0.4594	0.8718	0.635379573783675	0.6072	0.2756	0.3444	0.9564	0.9338	0.7836	0.858498898898899	0.9458	0.8702	0.399742571085302	0.9308	0.9516	0.291868933786757	0.2092	0.6924	0.9132	0.4968	0.9254	0.4032	0.49088275862069	0.736	0.138	0.2694	0.951	0.9426	0.9688	0.9018	0.9696	0.9316	0.808	0.902726789366053	0.1516	0.1138	0.8686	0.1394	0.214	0.1996	0.1322	0.755	0.1336	0.714302921168467	0.875737399678972	0.645	0.922620234722784	0.244445192307692	0.3628	0.5486	0.94236680032077	0.93272596751554	0.656	0.747447884499699	0.6972	0.8986	0.816	0.8112	0.9028	0.374204204204204	0.115599039423654	0.9476	0.651933906781356	0.9678	0.8256	0.2692	0.3902	0.4334	0.7888	0.915210884078495	0.8892	0.9116	0.9524	0.8362	0.1324	0.9016	0.4086	0.430926245103526	0.953572172172172	0.9398	0.11699799959992	0.77905295650431	0.309262289831866	0.436587951807229	0.725263461538462	0.4384	0.2244	0.8372	0.3584	0.6754	0.963974289146976	0.2724	0.3414	0.9266	0.131	0.2852	0.5448	0.6396	0.9428	0.1252	0.2994	0.8814	0.648	0.21	0.8774	0.306	0.8564	0.745020957723903	0.538643259679708	0.5068	0.6788	0.7534	0.2018	0.9012	0.9464	0.1302	0.8156	0.6936	0.5086	0.713781175520097	0.180445089017804	0.2848	0.685170456832361	0.718	0.4388	0.775	0.5278	0	0.717	0.9576	0.629	0.1278	0.5328	0.9788	0.88	0.9444	0.9504	0.633	0.5646	0.499	0.8282	0.1258	0.3926	0.136	0.7428	0.529	0.4128	0.857	0.184	0.484453957996769	0.9964	0.9838	0.950699898887766	0.923466531110207	0.894028128821851	0.942598238590873	0.883352152152152	0.2824	0.9476	0.6416	0.4968	0.2714	0.9894	0.9362	0.9464	0.937	0.8888	0.769924969843185	0.1796	0.1504	0.9528	0.909046560419609	0.9304	0.934948534201954	0.882173124749298	0.952337861330099	0.885946177001806	0.9524	0.9552	0.3948	0.8862	0.9334	0.2508	0.1472	0.4314	0.9306	0.1522	0.5156	0.9378	0.6868	0.898	0.3208	0.37134449339207	0.916	0.261	0.2904	0.8664	0.5164	0.624353350774804	0.7002	0.9192	0.9206	0.9408	0.9028	0.322	0.9392	0.922967333867094
SRR7146786	1	1	1	1	1	1	1	1	1	1	1	1	1	1	1	1	1	1	1	1	1	1	1	1	1	1	1	1	1	1	1	1	1	1	1	1	1	1	1	1	1	1	1	1	1	1	1	1	1	1	1	1	1	1	1	1	1	1	1	1	1	1	1	1	1	1	0.7508	0.8374	0.6984	0.7448	0.557	0.6426	0.6884	0.383	0.9422	0.4876	0.9086	0.9396	0.6238	0.6122	0.608222677102147	0.8976	0.6666	0.753	0.737	0.4718	0.6334	0.6924	0.652	0.7434	0.6948	0.684564964964965	0.7282	0.4256	0.7736	0.7538	0.6202	0.688	0.7058	0.7088	0.7066	0.884	0.517593718743749	0.885485714285714	0.613318265756724	0.6848	0.7598	0.734348122866894	0.6532	0.9312	0.614761824729892	0.926369963956748	0.92124257852597	0.5492	0.6828	0.5856	0.688867632850242	0.6466	0.4126	0.6456	0.6608	0.551837555287495	0.4138	0.6486	0.7136	0.9174	0.7928	0.5818	0.679913113113113	0.8638	0.8766	0.613286583900681	0.917	0.9176	0.677986237247449	0.653	0.5554	0.903	0.6252	0.7078	0.541	0.520721251002406	0.4584	0.7568	0.692	0.9438	0.863	0.9798	0.9486	0.9778	0.9188	0.7496	0.870526789366053	0.6686	0.716	0.9148	0.71	0.6122	0.7062	0.7118	0.6424	0.7232	0.604461544617847	0.79357367576244	0.7026	0.761780331849453	0.717570512820513	0.5488	0.5908	0.884043624699278	0.81692993783838	0.4534	0.681159775416082	0.527	0.8472	0.7862	0.7622	0.8062	0.712964164164164	0.73799255553332	0.971	0.614584636927386	0.9802	0.6156	0.695	0.4936	0.6886	0.6616	0.906757191988671	0.706	0.8494	0.9786	0.7944	0.734	0.679	0.6732	0.649	0.82612992992993	0.8914	0.679190638127626	0.788189897775105	0.444960928742994	0.730136546184739	0.648219551282051	0.711	0.7284	0.6572	0.645	0.6254	0.89499759711654	0.5842	0.579	0.8668	0.7358	0.677	0.6324	0.7484	0.8624	0.719	0.6362	0.9094	0.5844	0.684	0.8196	0.7424	0.871	0.683663354037267	0.619913115751064	0.577	0.6086	0.3428	0.669	0.7626	0.9194	0.6834	0.7254	0.115	0.7056	0.523956534033529	0.654784956991398	0.6648	0.54438237069833	0.5908	0.4998	0.7012	0.2678	0.717	0	0.9014	0.6722	0.7228	0.5382	0.9488	0.8616	0.945	0.9362	0.5402	0.563	0.6174	0.8332	0.6466	0.593	0.6776	0.675	0.5994	0.6142	0.8424	0.6892	0.581813893376414	0.9664	0.9538	0.746070980788675	0.873636193574624	0.857359885854056	0.933194075260208	0.828293293293293	0.6806	0.6224	0.5802	0.7442	0.6598	0.9594	0.9306	0.9402	0.8638	0.892	0.725012062726176	0.721	0.7452	0.7458	0.753251765180553	0.804	0.778611726384365	0.584655274769354	0.843666504952496	0.708254063816978	0.963	0.8762	0.438	0.9114	0.8952	0.6416	0.6672	0.5916	0.9176	0.6686	0.7214	0.9268	0.5962	0.837	0.6558	0.572647897476972	0.884	0.7542	0.63	0.8552	0.6564	0.670333869993963	0.6144	0.8962	0.8772	0.9016	0.8602	0.7124	0.9362	0.863579503602882
SRR7146787	1	1	1	1	1	1	1	1	1	1	1	1	1	1	1	1	1	1	1	1	1	1	1	1	1	1	1	1	1	1	1	1	1	1	1	1	1	1	1	1	1	1	1	1	1	1	1	1	1	1	1	1	1	1	1	1	1	1	1	1	1	1	1	1	1	1	0.838	0.9462	0.942	0.9698	0.9032	0.8312	0.9108	0.9204	0.93	0.7486	0.6862	0.9256	0.865	0.8398	0.639165603050371	0.969	0.9316	0.9746	0.9518	0.9252	0.9546	0.9008	0.952	0.9652	0.7686	0.906351551551552	0.9584	0.8876	0.9084	0.9718	0.873	0.871	0.954	0.9458	0.9548	0.9362	0.736561392278456	0.951347112462006	0.9324	0.5732	0.6284	0.932686328046577	0.6728	0.4544	0.663483553421369	0.340414977973568	0.833672428659412	0.6372	0.9498	0.9008	0.892167793880837	0.931	0.932	0.9204	0.8356	0.813565420184962	0.919	0.946	0.9416	0.5352	0.8968	0.8596	0.709956756756757	0.9152	0.9666	0.884736804164998	0.9688	0.9532	0.90419323864773	0.903	0.9306	0.9368	0.8706	0.7026	0.885	0.879863352044908	0.8654	0.9748	0.9378	0.9648	0.3108	0.9804	0.957	0.9786	0.9274	0.453	0.952314519427403	0.9488	0.9406	0.963	0.944	0.8952	0.9388	0.9568	0.7992	0.9524	0.724509803921569	0.853073836276084	0.693	0.934075596924322	0.913908012820513	0.9376	0.9182	0.219369526864475	0.933185402045318	0.7964	0.921722839382394	0.7644	0.3632	0.8468	0.8034	0.9364	0.733405405405405	0.961793516109666	0.9842	0.929798479695939	0.9844	0.6822	0.9326	0.9432	0.9376	0.9442	0.844767145458224	0.9098	0.8138	0.9826	0.8444	0.9514	0.9442	0.9094	0.727203581421377	0.54578038038038	0.9676	0.884589277855571	0.911735177390259	0.903360448358687	0.933261847389558	0.845873717948718	0.947	0.9616	0.7208	0.9464	0.8468	0.597553544253104	0.9352	0.7604	0.5318	0.959	0.9492	0.9164	0.9606	0.89	0.9524	0.9308	0.9692	0.9288	0.9576	0.9382	0.963	0.9592	0.849651773191745	0.924948388404622	0.9176	0.676	0.9322	0.9472	0.9544	0.9492	0.951	0.9368	0.933	0.91	0.62150422136942	0.934195879175835	0.9528	0.82571124974844	0.9336	0.9142	0.9434	0.9066	0.9576	0.9014	0	0.7286	0.9448	0.931	0.7546	0.8868	0.949	0.9616	0.931	0.8768	0.919	0.9658	0.9222	0.9338	0.9492	0.8546	0.8674	0.9016	0.9106	0.9512	0.89908788368336	0.7516	0.7178	0.902979373104146	0.808902236681578	0.841880880554423	0.570704883907126	0.481576176176176	0.9472	0.9092	0.9352	0.9618	0.914	0.7522	0.965	0.967	0.8796	0.9624	0.935921592279855	0.8114	0.9624	0.9124	0.932626507968529	0.928	0.856133876221498	0.754439550742078	0.629006670709521	0.925573389524383	0.9718	0.4736	0.847	0.925	0.95	0.9362	0.9244	0.8564	0.9586	0.9444	0.9512	0.336	0.8752	0.9454	0.9434	0.834483460152182	0.8082	0.9624	0.935	0.9172	0.8736	0.920895552425035	0.8816	0.9564	0.9328	0.9608	0.9134	0.9476	0.9442	0.808682305844675
SRR7146788	1	1	1	1	1	1	1	1	1	1	1	1	1	1	1	1	1	1	1	1	1	1	1	1	1	1	1	1	1	1	1	1	1	1	1	1	1	1	1	1	1	1	1	1	1	1	1	1	1	1	1	1	1	1	1	1	1	1	1	1	1	1	1	1	1	1	0.5508	0.7868	0.672	0.6768	0.694	0.5872	0.868	0.6538	0.9032	0.552	0.5512	0.9048	0.5286	0.5696	0.636103110575958	0.9054	0.6382	0.6818	0.6258	0.63	0.6914	0.6204	0.64	0.7118	0.68	0.532150950950951	0.6964	0.615	0.8022	0.6952	0.657	0.6866	0.5456	0.6642	0.5804	0.9088	0.58718175635127	0.830251469098278	0.744062946607788	0.3344	0.7532	0.628708452118049	0.5196	0.8326	0.447708283313325	0.710971165398478	0.852841716280025	0.5364	0.578	0.6824	0.588084380032206	0.6052	0.7694	0.5898	0.808	0.425566385203056	0.6518	0.6048	0.6394	0.6132	0.8988	0.7468	0.844503503503504	0.8042	0.896	0.651538005606728	0.6958	0.918	0.573586357271454	0.5868	0.6826	0.8904	0.5798	0.4404	0.6376	0.620323015236568	0.6488	0.6486	0.6746	0.9586	0.7052	0.9752	0.9312	0.97	0.9144	0.6758	0.661665439672802	0.6942	0.6388	0.824	0.686	0.592	0.673	0.6596	0.4862	0.6606	0.619479391756703	0.710667415730337	0.5254	0.874848887090247	0.615673397435897	0.677	0.6076	0.655453247794707	0.653247162622819	0.504	0.58866677361139	0.3984	0.7018	0.7708	0.6792	0.859	0.46221021021021	0.660968541124675	0.9432	0.573579395879176	0.9796	0.7328	0.6804	0.6612	0.671	0.7114	0.806837345741453	0.616	0.847	0.9492	0.6466	0.6816	0.9032	0.6754	0.530646222719642	0.681563763763764	0.899	0.650187717543509	0.696000481058328	0.640543634907926	0.558035341365462	0.565501282051282	0.6562	0.6042	0.7606	0.4192	0.5038	0.731284741690028	0.5648	0.6476	0.7136	0.6718	0.508	0.6024	0.6932	0.9214	0.6514	0.6746	0.842	0.5834	0.6398	0.549	0.6852	0.867	0.63606263273893	0.541823109669572	0.6006	0.621	0.715	0.5098	0.8854	0.9438	0.5764	0.8284	0.64	0.628	0.647092264189053	0.557176715343069	0.6618	0.412301831354397	0.6646	0.6084	0.7986	0.6588	0.629	0.6722	0.7286	0	0.5802	0.581	0.9806	0.8696	0.9332	0.9458	0.6486	0.6656	0.6612	0.8374	0.637	0.6526	0.6854	0.7234	0.6806	0.6042	0.78	0.4732	0.612905654281099	0.9976	0.984	0.812376339737108	0.856349572997153	0.868393640440277	0.764077341873499	0.72981981981982	0.6256	0.914	0.6522	0.633	0.681	0.9912	0.9202	0.9412	0.9194	0.917	0.640049618013671	0.5986	0.691	0.8526	0.883582368367965	0.7762	0.878564495114006	0.829693943040513	0.87917432787548	0.818196748946418	0.9436	0.7348	0.6656	0.8888	0.8864	0.5366	0.6172	0.622	0.9364	0.556	0.6358	0.707	0.4354	0.919	0.6908	0.557881778133761	0.831	0.66	0.6748	0.796	0.4714	0.620823586234655	0.6548	0.8548	0.7078	0.6926	0.9006	0.6028	0.932	0.779877502001601
SRR7146789	1	1	1	1	1	1	1	1	1	1	1	1	1	1	1	1	1	1	1	1	1	1	1	1	1	1	1	1	1	1	1	1	1	1	1	1	1	1	1	1	1	1	1	1	1	1	1	1	1	1	1	1	1	1	1	1	1	1	1	1	1	1	1	1	1	1	0.8434	0.8964	0.1672	0.1668	0.4632	0.6912	0.8842	0.4222	0.9302	0.6542	0.9494	0.941	0.7756	0.3616	0.629951274332731	0.9044	0.2274	0.1748	0.4154	0.4012	0.529	0.295	0.1288	0.701	0.3298	0.509047847847848	0.2704	0.6364	0.8368	0.1874	0.5666	0.6598	0.2664	0.2744	0.193	0.9234	0.542515663132626	0.886670111448835	0.829749096748294	0.7184	0.9436	0.162526761694439	0.5348	0.952	0.407984233693477	0.942782939527433	0.935164401560255	0.7362	0.0956	0.3684	0.638725925925926	0.6284	0.7638	0.4558	0.8742	0.629600482509047	0.605	0.2934	0.328	0.9506	0.9244	0.7836	0.866107307307307	0.9428	0.8998	0.400141129355226	0.9562	0.9522	0.201868653730746	0.2058	0.684	0.911	0.4918	0.9128	0.3918	0.48928612670409	0.746	0.094	0.2712	0.946	0.9434	0.967	0.9318	0.97	0.9292	0.7958	0.906913292433538	0.1806	0.1358	0.8428	0.1754	0.2222	0.1998	0.1874	0.748	0.163	0.628902921168467	0.863744462279294	0.6454	0.907754512343181	0.230043269230769	0.3542	0.5446	0.922357658380112	0.929923360737919	0.673	0.7370265089232	0.6836	0.8928	0.8036	0.8176	0.921	0.351403403403403	0.148182589553732	0.9638	0.639733906781356	0.9876	0.8148	0.27	0.3954	0.4268	0.8124	0.927957839368804	0.883	0.9124	0.9632	0.8278	0.1788	0.9098	0.4232	0.448926245103526	0.956971571571572	0.9678	0.147991838367674	0.696682060533173	0.31086837469976	0.342388755020081	0.624663461538461	0.4432	0.181	0.8286	0.3436	0.6952	0.959372607128554	0.286	0.341	0.9476	0.17	0.2302	0.5394	0.6422	0.9414	0.1374	0.2936	0.8012	0.5814	0.2062	0.7784	0.3002	0.8716	0.736431055900621	0.44729215487533	0.4948	0.6008	0.7516	0.1908	0.8978	0.9564	0.1746	0.8524	0.6886	0.527	0.699597010704908	0.18644700940188	0.2808	0.688637834574361	0.719	0.4576	0.7966	0.5112	0.1278	0.7228	0.9448	0.5802	0	0.5546	0.9798	0.8862	0.9496	0.956	0.6502	0.5586	0.4962	0.8292	0.1536	0.4128	0.1682	0.7606	0.5304	0.4176	0.8512	0.1654	0.480453957996769	0.9966	0.9848	0.939488776541962	0.931376494509963	0.888628128821851	0.961597277822258	0.872918718718719	0.2974	0.9356	0.6642	0.4116	0.2626	0.9904	0.9432	0.951	0.9446	0.9162	0.75412006433454	0.1852	0.1746	0.9422	0.898750655638491	0.9344	0.922070358306189	0.871573124749298	0.943937861330099	0.879146177001806	0.9596	0.9406	0.3826	0.92	0.925	0.2528	0.1632	0.4304	0.9508	0.1524	0.491	0.937	0.6906	0.9126	0.3174	0.341287545054065	0.9328	0.2414	0.2872	0.8634	0.4284	0.644264761521433	0.7014	0.9414	0.9172	0.9526	0.9434	0.3222	0.9448	0.932379503602882
SRR7146790	1	1	1	1	1	1	1	1	1	1	1	1	1	1	1	1	1	1	1	1	1	1	1	1	1	1	1	1	1	1	1	1	1	1	1	1	1	1	1	1	1	1	1	1	1	1	1	1	1	1	1	1	1	1	1	1	1	1	1	1	1	1	1	1	1	1	0.7556	0.7362	0.5636	0.5836	0.5294	0.6344	0.7874	0.447	0.9132	0.5648	0.902	0.8488	0.6326	0.4812	0.45435015051174	0.624	0.4214	0.605	0.5868	0.5094	0.2512	0.5804	0.4736	0.4668	0.5636	0.604420820820821	0.6078	0.4242	0.7394	0.6082	0.4464	0.5422	0.5658	0.431	0.5694	0.8616	0.476988357671534	0.772885714285714	0.598092733841831	0.5754	0.8576	0.54512447299739	0.471	0.9452	0.474781912765106	0.858256067280737	0.905547238760008	0.4432	0.54	0.471	0.505645732689211	0.4038	0.5846	0.4878	0.736	0.442362444712505	0.3316	0.467	0.4506	0.912	0.8426	0.616	0.750042242242242	0.8916	0.6114	0.473831077292751	0.8818	0.8762	0.485175635127025	0.4982	0.6002	0.8792	0.5134	0.7874	0.465	0.44545421010425	0.4676	0.608	0.453	0.7144	0.8488	0.974	0.9014	0.9678	0.8944	0.7462	0.826755828220859	0.5298	0.5638	0.783	0.5644	0.4162	0.4436	0.5622	0.6842	0.5832	0.631086034413765	0.742960834670947	0.6294	0.80136155402671	0.557925641025641	0.4546	0.372	0.860025340817963	0.790829837577702	0.5062	0.649574894726288	0.5638	0.8722	0.7726	0.7252	0.7126	0.529765765765766	0.573978266960176	0.8782	0.533122544508902	0.9262	0.7224	0.5392	0.5268	0.316	0.5106	0.839268258142828	0.5408	0.8426	0.936	0.56	0.5924	0.7132	0.3252	0.455236261891438	0.843971171171171	0.6266	0.558190078015603	0.747407977550611	0.425366052842274	0.534315662650602	0.634819551282051	0.5548	0.5416	0.7212	0.4916	0.595	0.921569483380056	0.4744	0.4594	0.8672	0.581	0.4802	0.4664	0.421	0.85	0.5514	0.3972	0.6762	0.3448	0.4172	0.8068	0.4394	0.8046	0.644688960128231	0.424737563348875	0.406	0.6222	0.579	0.502	0.8384	0.9322	0.5416	0.7218	0.492	0.5628	0.584127812563119	0.486379355871174	0.4084	0.479585268665728	0.3456	0.2706	0.567	0.4828	0.5328	0.5382	0.931	0.581	0.5546	0	0.9786	0.849	0.9138	0.9104	0.3914	0.244	0.2836	0.601	0.4988	0.3116	0.5298	0.642	0.3702	0.488	0.7972	0.5352	0.428560258481421	0.9974	0.983	0.799499898887766	0.761858885725905	0.824756787607012	0.858592153722978	0.80974054054054	0.516	0.654	0.319	0.5922	0.536	0.9892	0.8668	0.8984	0.861	0.7744	0.690593244873341	0.6046	0.598	0.8192	0.791813596933629	0.7302	0.811811726384365	0.70736526273566	0.79737432787548	0.734820630142484	0.9322	0.9034	0.5316	0.8924	0.91	0.4202	0.5498	0.4872	0.881	0.523	0.583	0.8392	0.583	0.596	0.3344	0.386942651181418	0.8912	0.612	0.3324	0.8132	0.4936	0.575282592070839	0.4376	0.8154	0.8772	0.895	0.8476	0.5332	0.9144	0.838766693354684
SRR7146792	1	1	1	1	1	1	1	1	1	1	1	1	1	1	1	1	1	1	1	1	1	1	1	1	1	1	1	1	1	1	1	1	1	1	1	1	1	1	1	1	1	1	1	1	1	1	1	1	1	1	1	1	1	1	1	1	1	1	1	1	1	1	1	1	1	1	0.9628	0.9812	0.9748	0.9812	0.932	0.7972	0.927	0.9596	0.768	0.8172	0.9454	0.934	0.8336	0.869	0.690783022275737	0.9812	0.9548	0.9812	0.9782	0.9458	0.9782	0.9172	0.9734	0.982	0.7826	0.934353153153153	0.9734	0.883	0.9428	0.9814	0.9118	0.8836	0.9184	0.9036	0.9696	0.7018	0.875378835767153	0.975323606889564	0.978189160979526	0.9812	0.846	0.97959389680787	0.8006	0.7638	0.8827606242497	0.762788225871045	0.898670745226853	0.8588	0.9752	0.94	0.9812	0.9644	0.9478	0.8228	0.9242	0.807496743063932	0.9332	0.979	0.8424	0.841	0.9812	0.8688	0.7543997997998	0.739	0.9812	0.885885622747297	0.9292	0.8854	0.973798519703941	0.9802	0.9238	0.7384	0.9004	0.98	0.9812	0.867727666399358	0.9414	0.981	0.95	0.9814	0.7628	0.6236	0.6164	0.698	0.6926	0.75	0.977519018404908	0.9782	0.981	0.9812	0.9812	0.9402	0.9812	0.9754	0.8416	0.9778	0.763512925170068	0.9812	0.7796	0.9812	0.906310897435897	0.879	0.9686	0.761172574178027	0.9812	0.8334	0.975384880689793	0.9448	0.7546	0.9004	0.9178	0.9812	0.976194994994995	0.9812	0.6426	0.979199599919984	0.6352	0.8004	0.8696	0.9432	0.9402	0.8082	0.798952579405219	0.942	0.6914	0.778	0.9574	0.9136	0.967	0.9256	0.795973363178511	0.765793193193193	0.986	0.920787917583517	0.950732972539587	0.951776461168935	0.980999196787149	0.925310576923077	0.9802	0.9772	0.8282	0.9628	0.8818	0.770998077693232	0.913	0.8026	0.7554	0.9812	0.9812	0.8148	0.9422	0.6844	0.9058	0.9446	0.9786	0.9592	0.9794	0.9174	0.974	0.8582	0.742805449809658	0.979983701601459	0.9146	0.7178	0.9812	0.9696	0.964	0.9474	0.9812	0.9748	0.9796	0.8596	0.7546	0.962596279255851	0.9812	0.893455987120145	0.9812	0.96	0.9812	0.9814	0.9788	0.9488	0.7546	0.9806	0.9798	0.9786	0	0.5704	0.7086	0.777	0.9812	0.9048	0.946	0.9812	0.9706	0.9732	0.9778	0.9036	0.91	0.9088	0.9778	0.9812	0.957371243941841	0.0482	0.0732	0.990099898887765	0.857572509150061	0.86868471259682	0.776822097678142	0.7546	0.9428	0.9172	0.962	0.978	0.7954	0.056	0.7422	0.7322	0.6702	0.9812	0.980194772818657	0.9284	0.9804	0.9754	0.974542747629615	0.9924	0.92570651465798	0.805909185720016	0.768557145744896	0.980597953040337	0.5792	0.8228	0.895	0.9514	0.9816	0.9812	0.9478	0.9068	0.9714	0.98	0.9734	0.749	0.8934	0.9722	0.9706	0.847639727673208	0.9212	0.8754	0.9812	0.9752	0.8934	0.939139223183739	0.9036	0.8902	0.759	0.9398	0.7918	0.8706	0.7708	0.830279263410729
SRR7146794	1	1	1	1	1	1	1	1	1	1	1	1	1	1	1	1	1	1	1	1	1	1	1	1	1	1	1	1	1	1	1	1	1	1	1	1	1	1	1	1	1	1	1	1	1	1	1	1	1	1	1	1	1	1	1	1	1	1	1	1	1	1	1	1	1	1	0.688	0.8822	0.9138	0.908	0.8694	0.6622	0.8172	0.8752	0.412	0.7542	0.8406	0.8804	0.6406	0.8056	0.727073168773831	0.924	0.8796	0.9328	0.9104	0.825	0.9238	0.8604	0.9126	0.9288	0.8694	0.851915915915916	0.918	0.7762	0.8676	0.9304	0.8586	0.8628	0.8192	0.8088	0.885	0.236	0.834792678535707	0.849257548125633	0.840971095945403	0.8544	0.901	0.870935916482634	0.843	0.9132	0.834385194077631	0.876322146575891	0.843204229111066	0.8402	0.896	0.869	0.838055716586152	0.8236	0.8568	0.6118	0.8502	0.695460554885404	0.8042	0.8896	0.6806	0.6712	0.9418	0.806	0.813742342342342	0.3548	0.9244	0.755390228273929	0.7794	0.78	0.879789917983597	0.8798	0.8316	0.3256	0.7686	0.9144	0.8876	0.7382882117081	0.8256	0.9328	0.8386	0.9612	0.8854	0.8074	0.3848	0.2658	0.317	0.8026	0.854432310838446	0.9218	0.9014	0.8916	0.9124	0.8376	0.9068	0.9046	0.8452	0.9162	0.748158543417367	0.827891492776886	0.7264	0.887450748684743	0.776959935897436	0.7546	0.8096	0.846751403368083	0.908238901142972	0.7586	0.77548165229597	0.8342	0.6808	0.6812	0.8392	0.8854	0.868386386386386	0.904584630778467	0.76	0.895197799559912	0.824	0.8328	0.7384	0.8334	0.8552	0.6516	0.608140926562816	0.8364	0.3754	0.411	0.8592	0.8494	0.912	0.859	0.778177728035814	0.884367167167167	0.96	0.838781716343269	0.643228903587893	0.872353722978383	0.818507630522088	0.769477884615385	0.8626	0.9176	0.8474	0.858	0.7858	0.89257044453344	0.8336	0.8442	0.8678	0.9052	0.9	0.67	0.8772	0.2584	0.7996	0.8388	0.9172	0.8732	0.9062	0.7696	0.9058	0.727	0.547834862752955	0.841745672004865	0.7838	0.6878	0.8736	0.8784	0.8686	0.933	0.893	0.8248	0.8512	0.7062	0.783520904867703	0.850788517703541	0.8686	0.785917649426444	0.8498	0.8282	0.9102	0.9182	0.88	0.8616	0.8868	0.8696	0.8862	0.849	0.5704	0	0.4256	0.3622	0.897	0.8618	0.8556	0.917	0.8836	0.8942	0.9192	0.8086	0.8512	0.7742	0.8492	0.8848	0.813226171243942	0.5944	0.5822	0.902888776541962	0.787242862952419	0.813831227068895	0.889794395516413	0.721654654654655	0.822	0.8016	0.9016	0.9194	0.6926	0.5932	0.3298	0.2876	0.342	0.927	0.813777322074789	0.8706	0.9268	0.9282	0.876622271535203	0.886	0.819571986970684	0.809994384275973	0.869329290479078	0.812159060806743	0.288	0.6728	0.8554	0.8522	0.928	0.8712	0.8802	0.8416	0.959	0.888	0.9202	0.876	0.8256	0.9192	0.8868	0.741247657188626	0.8528	0.7208	0.9022	0.837	0.7324	0.81904314751459	0.7636	0.7546	0.3408	0.8276	0.4718	0.7052	0.4708	0.816967333867094
SRR7146797	1	1	1	1	1	1	1	1	1	1	1	1	1	1	1	1	1	1	1	1	1	1	1	1	1	1	1	1	1	1	1	1	1	1	1	1	1	1	1	1	1	1	1	1	1	1	1	1	1	1	1	1	1	1	1	1	1	1	1	1	1	1	1	1	1	1	0.7716	0.9574	0.972	0.9594	0.9456	0.7872	0.8828	0.951	0.3482	0.859	0.8474	0.8948	0.742	0.9108	0.785465061208108	0.9716	0.9442	0.982	0.9714	0.9086	0.9674	0.946	0.9582	0.968	0.9458	0.937582382382382	0.9458	0.842	0.9424	0.9808	0.9466	0.939	0.8816	0.8722	0.9554	0.2984	0.930196599319864	0.81294022289767	0.724721959052589	0.9018	0.9466	0.880013973097772	0.946	0.9496	0.917783433373349	0.902529355226272	0.682465037979881	0.9408	0.9664	0.9464	0.796301127214171	0.922	0.8926	0.6318	0.933	0.756620426216325	0.87	0.961	0.7228	0.6998	0.9762	0.908	0.894750750750751	0.4132	0.965	0.836469523428114	0.8194	0.7946	0.944394358871774	0.9574	0.8972	0.3054	0.8902	0.9704	0.9526	0.722513552526063	0.9036	0.9834	0.8876	0.972	0.9266	0.8854	0.5294	0.3696	0.2878	0.8872	0.707705521472393	0.9802	0.9682	0.8918	0.9784	0.9034	0.969	0.9736	0.9564	0.9726	0.858559743897559	0.850778170144462	0.8066	0.715346013759611	0.843577884615385	0.814	0.899	0.889403207698476	0.943896771606176	0.8742	0.840679366352516	0.927	0.7926	0.7856	0.9484	0.9254	0.918335935935936	0.95918475085051	0.8448	0.971997479495899	0.904	0.9434	0.7832	0.9084	0.9022	0.706	0.603803115516892	0.8756	0.5296	0.278	0.9256	0.8924	0.9544	0.9194	0.877418019026301	0.940366966966967	0.974	0.93799575915183	0.72998745239527	0.942787830264211	0.853149397590361	0.859676602564102	0.9364	0.9666	0.9382	0.928	0.7288	0.950572607128554	0.8962	0.9472	0.9268	0.9674	0.9646	0.7376	0.915	0.4524	0.8418	0.8936	0.9572	0.9408	0.9678	0.823	0.9484	0.7782	0.578086275295532	0.760494465842287	0.8638	0.8104	0.9278	0.9452	0.9216	0.9368	0.9682	0.6944	0.9278	0.7784	0.838436113916381	0.912986277255451	0.8334	0.803126584825921	0.8828	0.8756	0.9658	0.9814	0.9444	0.945	0.949	0.9332	0.9496	0.9138	0.7086	0.4256	0	0.2718	0.972	0.9368	0.9128	0.9668	0.9614	0.9632	0.9742	0.912	0.9446	0.833	0.8782	0.9578	0.669097899838449	0.73	0.7196	0.728630940343782	0.654449857665718	0.6876	0.909150040032026	0.803846846846847	0.8874	0.8366	0.946	0.9716	0.7718	0.7288	0.3036	0.3192	0.4092	0.965	0.88207832730197	0.9476	0.9786	0.962	0.736685132136373	0.9134	0.658676872964169	0.772884476534296	0.693148574893875	0.779802287778447	0.3228	0.6658	0.9474	0.867	0.9646	0.954	0.9478	0.9466	0.9696	0.9664	0.9734	0.9026	0.9274	0.9628	0.9406	0.835867841409692	0.934	0.7736	0.9674	0.8744	0.783	0.681572912054739	0.8262	0.7712	0.476	0.8518	0.3574	0.7634	0.3858	0.688996957566053
SRR7146798	1	1	1	1	1	1	1	1	1	1	1	1	1	1	1	1	1	1	1	1	1	1	1	1	1	1	1	1	1	1	1	1	1	1	1	1	1	1	1	1	1	1	1	1	1	1	1	1	1	1	1	1	1	1	1	1	1	1	1	1	1	1	1	1	1	1	0.772	0.9606	0.9652	0.9714	0.9616	0.782	0.8666	0.9338	0.251	0.8394	0.8492	0.9062	0.7252	0.9034	0.786774232390127	0.9792	0.9496	0.9942	0.9824	0.9024	0.965	0.9576	0.9548	0.9718	0.9536	0.95278018018018	0.947	0.8378	0.9514	0.992	0.9456	0.939	0.8904	0.9164	0.9678	0.2664	0.936595359071814	0.837187639311044	0.816729907667603	0.9154	0.95	0.891407107006625	0.954	0.9588	0.93258431372549	0.900524789747697	0.788213344282488	0.9382	0.9778	0.942	0.81688309178744	0.9244	0.887	0.6118	0.9332	0.752223562525131	0.8598	0.9706	0.7298	0.7096	0.9768	0.92	0.896533333333333	0.454	0.9782	0.837471686023228	0.8128	0.7988	0.956994638927786	0.9584	0.8894	0.2936	0.885	0.978	0.9488	0.737825661587811	0.9042	0.9968	0.8852	0.9796	0.9332	0.9352	0.544	0.2954	0.2764	0.8874	0.80980654396728	0.994	0.9792	0.9074	0.9828	0.9214	0.9672	0.9702	0.9536	0.9828	0.842759743897559	0.850785232744783	0.8106	0.815270902468636	0.853572435897436	0.8308	0.883	0.901230633520449	0.929300942450371	0.8574	0.838086143974333	0.9378	0.7942	0.7922	0.9608	0.9362	0.915736336336336	0.974184990994597	0.8868	0.967396919383877	0.9526	0.951	0.7828	0.9016	0.897	0.6994	0.617504673275339	0.8892	0.4194	0.2688	0.9366	0.9036	0.9536	0.9356	0.891535198656967	0.929773373373374	0.9782	0.951195879175835	0.67159362597715	0.941187830264212	0.869962248995984	0.879480448717949	0.944	0.966	0.9494	0.9116	0.784	0.949171886263516	0.8924	0.9444	0.942	0.982	0.9686	0.7324	0.928	0.3548	0.848	0.9	0.968	0.935	0.9504	0.8174	0.9584	0.7872	0.608196994590262	0.813910358808028	0.8602	0.7918	0.9248	0.9492	0.9196	0.9412	0.9782	0.7962	0.9186	0.786	0.855432074328419	0.916785557111422	0.8562	0.797315355202254	0.8878	0.8736	0.9618	0.9774	0.9504	0.9362	0.9616	0.9458	0.956	0.9104	0.777	0.3622	0.2718	0	0.9606	0.9328	0.91	0.9654	0.9578	0.959	0.9714	0.9218	0.9418	0.818	0.8736	0.9694	0.756961873990307	0.783	0.7804	0.817973306370071	0.736346563643758	0.7974	0.914150520416333	0.805046246246246	0.8958	0.8282	0.9418	0.982	0.792	0.79	0.221	0.1834	0.3178	0.9718	0.857772738238842	0.9634	0.991	0.9682	0.815421303207585	0.918	0.765655374592834	0.784192137986362	0.782748574893875	0.806156331527192	0.2522	0.687	0.9446	0.878	0.9552	0.961	0.9474	0.9556	0.9794	0.9686	0.9714	0.911	0.9236	0.9638	0.9512	0.836270244293152	0.9448	0.7854	0.9786	0.8666	0.7916	0.780887703763333	0.8082	0.8008	0.4132	0.8382	0.3422	0.7662	0.3662	0.787396957566053
SRR7146800	1	1	1	1	1	1	1	1	1	1	1	1	1	1	1	1	1	1	1	1	1	1	1	1	1	1	1	1	1	1	1	1	1	1	1	1	1	1	1	1	1	1	1	1	1	1	1	1	1	1	1	1	1	1	1	1	1	1	1	1	1	1	1	1	1	1	0.7854	0.574	0.6306	0.6706	0.5876	0.6666	0.768	0.492	0.9636	0.6216	0.9374	0.628	0.6714	0.6096	0.568776680714429	0.8432	0.644	0.6772	0.6622	0.587	0.539	0.6634	0.5738	0.6942	0.6644	0.643974574574574	0.6708	0.4898	0.5144	0.6756	0.3688	0.6584	0.659	0.625	0.6584	0.9078	0.54799375875175	0.61484883485309	0.607514090726616	0.6192	0.8686	0.655539730977715	0.6344	0.967	0.569161984793918	0.959366359631558	0.96064257852597	0.591	0.6364	0.5526	0.570777455716586	0.6174	0.632	0.599	0.7822	0.561447848813832	0.4944	0.5318	0.6494	0.9556	0.8354	0.6966	0.787502302302302	0.923	0.6122	0.582887304765719	0.931	0.8298	0.609987637527506	0.5448	0.586	0.9268	0.613	0.8132	0.5388	0.564267682437851	0.4062	0.6794	0.5882	0.9418	0.8916	0.9792	0.9518	0.992	0.954	0.7964	0.903926789366053	0.5966	0.6402	0.781	0.634	0.5224	0.6274	0.6318	0.7202	0.6522	0.650702200880352	0.823958908507223	0.6598	0.84016155402671	0.661370512820513	0.5044	0.5444	0.924122534081796	0.850326288349709	0.5692	0.721976458792862	0.6082	0.8786	0.8194	0.7424	0.4796	0.646166166166166	0.663192795677407	0.841	0.5683225045009	0.8534	0.7266	0.6288	0.5988	0.6128	0.616	0.78855893182278	0.8076	0.9114	0.9882	0.8354	0.6742	0.699	0.6246	0.588644320089536	0.885523723723724	0.7912	0.634392318463693	0.788570936059331	0.490702962369896	0.654327710843373	0.713815705128205	0.6218	0.6498	0.7666	0.6018	0.6848	0.95979759711654	0.5792	0.5748	0.9172	0.6598	0.5954	0.5776	0.6772	0.898	0.6516	0.5652	0.912	0.5946	0.6052	0.8616	0.671	0.5894	0.718366499699459	0.560897141698763	0.5176	0.6542	0.5936	0.6202	0.839	0.9184	0.6332	0.7764	0.5352	0.639	0.62338719450616	0.628197479495899	0.5884	0.606838196820286	0.622	0.4778	0.4246	0.5424	0.633	0.5402	0.931	0.6486	0.6502	0.3914	0.9812	0.897	0.972	0.9606	0	0.532	0.5784	0.832	0.5842	0.4798	0.606	0.4904	0.5674	0.5976	0.848	0.642	0.554698869143781	1	0.9862	0.857099898887765	0.92801317608784	0.888421932327762	0.909736269015212	0.886545345345345	0.6016	0.7902	0.5414	0.67	0.6054	0.9918	0.9176	0.9552	0.9022	0.5504	0.756005790108564	0.6744	0.667	0.85	0.834696873108735	0.6592	0.855755048859935	0.753772563176895	0.888757145744896	0.793976199076861	0.9846	0.9138	0.599	0.946	0.9356	0.543	0.635	0.5816	0.6448	0.6278	0.6528	0.9576	0.6058	0.8256	0.5828	0.539844052863436	0.8244	0.6834	0.564	0.8598	0.6156	0.581619319782653	0.6744	0.8072	0.914	0.942	0.9058	0.64	0.9636	0.896748438751001
SRR7146802	1	1	1	1	1	1	1	1	1	1	1	1	1	1	1	1	1	1	1	1	1	1	1	1	1	1	1	1	1	1	1	1	1	1	1	1	1	1	1	1	1	1	1	1	1	1	1	1	1	1	1	1	1	1	1	1	1	1	1	1	1	1	1	1	1	1	0.8376	0.918	0.5582	0.6024	0.466	0.6146	0.7732	0.451	0.9504	0.5338	0.9586	0.9648	0.649	0.3938	0.437771984748143	0.6356	0.4308	0.5832	0.5696	0.5112	0.2278	0.4626	0.465	0.4186	0.4208	0.576813413413413	0.5612	0.4634	0.7744	0.6012	0.4114	0.4152	0.597	0.463	0.607	0.887	0.414596959391878	0.920504356636272	0.769349096748294	0.7316	0.8066	0.598555751857057	0.4456	0.8988	0.405760864345738	0.845712054465358	0.898321166084993	0.4344	0.5674	0.3686	0.662132367149759	0.4556	0.5984	0.5178	0.6456	0.479408443908323	0.3588	0.5876	0.4602	0.973	0.840799999999999	0.5642	0.7180994994995	0.9114	0.6418	0.406482979575491	0.987	0.963	0.495582236447289	0.5476	0.5922	0.9086	0.4892	0.8422	0.4622	0.489020048115477	0.5888	0.588	0.4634	0.6716	0.8372	0.9806	0.949	0.9782	0.9154	0.7204	0.936126789366053	0.518	0.5642	0.93	0.5738	0.4608	0.4618	0.5996	0.6074	0.5822	0.60630612244898	0.861978170144462	0.575	0.847782679077297	0.593380128205128	0.446	0.4274	0.880722052927025	0.88673358732705	0.4902	0.740952997794265	0.597	0.8322	0.7528	0.7818	0.881	0.578763363363363	0.579593396037622	0.9944	0.594521104220844	0.9884	0.6716	0.5194	0.5206	0.2726	0.6418	0.954070200283229	0.5648	0.817	0.9802	0.5794	0.5778	0.789	0.2638	0.5278	0.856187987987988	0.7016	0.508584636927385	0.802257807175787	0.419686949559648	0.574579919678715	0.667731730769231	0.5868	0.529	0.6396	0.5428	0.6366	0.912793512214657	0.5008	0.4336	0.891	0.5962	0.5682	0.506	0.3744	0.8606	0.5454	0.3878	0.6248	0.3504	0.4156	0.8512	0.4356	0.8916	0.726319615307554	0.496724305696331	0.4454	0.5988	0.6368	0.5416	0.8812	0.9418	0.602	0.7874	0.5842	0.578	0.569597010704908	0.528583876775355	0.4532	0.520268866975247	0.3872	0.397	0.6474	0.4918	0.5646	0.563	0.8768	0.6656	0.5586	0.244	0.9048	0.8618	0.9368	0.9328	0.532	0	0.1904	0.562	0.5308	0.3856	0.5162	0.6294	0.2398	0.4886	0.8838	0.5792	0.484428432956381	0.9214	0.911	0.880070980788675	0.793585847905653	0.825356787607012	0.915998238590873	0.833146946946947	0.5802	0.6668	0.3686	0.5686	0.5256	0.9146	0.9268	0.9356	0.8478	0.8734	0.776407880981102	0.5566	0.5848	0.8626	0.833065644543071	0.8842	0.811181107491856	0.694573124749298	0.762993612290277	0.817348223961469	0.966	0.864	0.469	0.9318	0.9116	0.5568	0.4882	0.4172	0.9316	0.5772	0.568	0.808	0.5722	0.586	0.3188	0.340205366439728	0.8928	0.5996	0.3298	0.8994	0.5168	0.636546226604951	0.4394	0.9702	0.9372	0.9668	0.8832	0.5562	0.944	0.887779503602882
SRR7146803	1	1	1	1	1	1	1	1	1	1	1	1	1	1	1	1	1	1	1	1	1	1	1	1	1	1	1	1	1	1	1	1	1	1	1	1	1	1	1	1	1	1	1	1	1	1	1	1	1	1	1	1	1	1	1	1	1	1	1	1	1	1	1	1	1	1	0.8052	0.8878	0.4912	0.5276	0.4966	0.6292	0.8328	0.4276	0.9258	0.5844	0.9274	0.9404	0.683	0.327	0.509552799518362	0.6548	0.3448	0.531	0.5106	0.4116	0.2382	0.4442	0.4198	0.4386	0.3808	0.592254254254254	0.4878	0.4268	0.7604	0.5292	0.4726	0.4426	0.4932	0.3536	0.5036	0.8616	0.513312462492498	0.862885714285714	0.824331754315536	0.7048	0.9326	0.518749648664927	0.4446	0.94	0.458387515006002	0.851512054465358	0.929469061794293	0.5276	0.4904	0.3576	0.621804830917874	0.437	0.6546	0.426	0.7196	0.488939123441898	0.3918	0.4876	0.3712	0.9308	0.9288	0.6932	0.849098098098098	0.8784	0.6522	0.315897637164598	0.9454	0.9224	0.443389117823565	0.4578	0.6536	0.883	0.415	0.9066	0.478	0.413751403368083	0.6504	0.5354	0.3822	0.6924	0.9316	0.9656	0.925	0.9542	0.897	0.7552	0.908313292433538	0.5242	0.4954	0.9382	0.509	0.4564	0.3954	0.5098	0.619	0.506	0.635303161264506	0.795417335473515	0.6018	0.924145123431809	0.497370512820513	0.4306	0.4582	0.91356343223737	0.906471225185482	0.554	0.710552997794265	0.6762	0.8206	0.7492	0.796	0.919	0.495572372372372	0.518793396037622	0.9606	0.635535467093418	0.9868	0.7856	0.429	0.4314	0.2132	0.5962	0.917501840987255	0.6384	0.8364	0.9562	0.569	0.4916	0.8496	0.2212	0.469404029099049	0.867986586586587	0.7014	0.470594558911782	0.789455161354981	0.412589111289031	0.496515662650603	0.688634615384615	0.4956	0.466	0.7768	0.4478	0.666	0.90139759711654	0.3978	0.3914	0.919	0.5158	0.4958	0.5034	0.3762	0.9	0.471	0.3816	0.666	0.3522	0.3496	0.8314	0.3478	0.866	0.655753516329393	0.547397080883844	0.4544	0.619	0.6906	0.4468	0.834	0.9228	0.505	0.8508	0.632	0.4826	0.671468349828317	0.450788637727545	0.45	0.558734634735359	0.4722	0.3388	0.683	0.463	0.499	0.6174	0.919	0.6612	0.4962	0.2836	0.946	0.8556	0.9128	0.91	0.5784	0.1904	0	0.581	0.4652	0.2694	0.4864	0.6488	0.2498	0.3998	0.8574	0.5034	0.411591276252019	0.9594	0.952	0.943259858442872	0.813785847905653	0.885031227068895	0.956198238590872	0.862534934934935	0.4594	0.7034	0.3572	0.5162	0.4412	0.9566	0.901	0.9106	0.8608	0.8636	0.752346200241254	0.5044	0.515	0.9298	0.909994512810167	0.9176	0.9002332247557	0.809973124749298	0.893993612290277	0.878555047160345	0.942	0.8686	0.4208	0.9196	0.8888	0.4882	0.4178	0.4176	0.9274	0.4818	0.4996	0.831199999999999	0.5772	0.6466	0.3104	0.360263275931117	0.9112	0.51	0.3292	0.8684	0.4944	0.621330006037432	0.4228	0.926	0.8976	0.9264	0.8612	0.4604	0.9166	0.909979503602882
SRR7146804	1	1	1	1	1	1	1	1	1	1	1	1	1	1	1	1	1	1	1	1	1	1	1	1	1	1	1	1	1	1	1	1	1	1	1	1	1	1	1	1	1	1	1	1	1	1	1	1	1	1	1	1	1	1	1	1	1	1	1	1	1	1	1	1	1	1	0.8726	0.9116	0.8348	0.847	0.8108	0.8318	0.8874	0.8362	0.9658	0.7902	0.9728	0.9622	0.8212	0.7938	0.769768693558098	0.1176	0.7096	0.8522	0.847	0.8308	0.4566	0.8354	0.804	0.1554	0.811	0.840994394394394	0.8494	0.7994	0.8556	0.85	0.8264	0.738	0.8508	0.7074	0.8528	0.9396	0.828397399479896	0.888088145896657	0.862549096748294	0.8228	0.9768	0.842174824332463	0.7746	0.9782	0.832395358143257	0.92133007609131	0.968364401560254	0.705	0.844	0.8234	0.803163929146538	0.6588	0.7722	0.8196	0.8522	0.774501005227181	0.6478	0.8364	0.7346	0.9838	0.9368	0.7394	0.884899299299299	0.9416	0.4138	0.820778374048858	0.9854	0.9762	0.800591278255651	0.8316	0.8316	0.9366	0.8258	0.9348	0.7944	0.830790858059342	0.8052	0.8548	0.7374	0.17	0.9778	0.9742	0.9608	0.992	0.9538	0.8358	0.928677300613497	0.8466	0.841	0.9464	0.8376	0.8306	0.7298	0.8426	0.8406	0.8422	0.833398799519808	0.895144462279294	0.8388	0.93962492917847	0.840192307692308	0.8334	0.761	0.965957177225341	0.946329095648687	0.7876	0.833998435933427	0.84	0.912	0.8408	0.849	0.9522	0.838995995995996	0.849399639783871	0.9902	0.836399039807961	0.9898	0.8414	0.7896	0.8334	0.5022	0.6982	0.968803965203318	0.584	0.909	0.9884	0.3388	0.8382	0.924	0.5106	0.8502	0.967388388388389	0.69	0.842199399879976	0.845100581278814	0.832799199359488	0.845391164658635	0.816957371794872	0.8318	0.8038	0.813	0.8302	0.8308	0.988397356828194	0.8226	0.8036	0.968	0.8466	0.825	0.8198	0.256	0.9762	0.824	0.7132	0.1746	0.474	0.7146	0.9194	0.6824	0.888	0.826189901823282	0.839940239205352	0.791	0.8278	0.8082	0.8102	0.9172	0.9664	0.8436	0.8748	0.8328	0.8382	0.842176247222783	0.826996679335867	0.7788	0.769815697323405	0.396	0.7472	0.7292	0.8378	0.8282	0.8332	0.9658	0.8374	0.8292	0.601	0.9812	0.917	0.9668	0.9654	0.832	0.562	0.581	0	0.8348	0.7086	0.8372	0.8374	0.7094	0.8152	0.8886	0.8476	0.827743780290792	1	0.9868	0.977099898887765	0.869509231394876	0.925231227068895	0.989398238590873	0.934353753753754	0.827	0.7762	0.5746	0.845	0.8318	0.9918	0.9522	0.9618	0.9602	0.8684	0.8304	0.8526	0.8474	0.933	0.931322896913456	0.9802	0.961348534201955	0.898772563176895	0.93257432787548	0.917578928356412	0.9892	0.9594	0.8342	0.9548	0.9644	0.8368	0.8292	0.8374	0.9632	0.8308	0.842	0.883	0.8302	0.1972	0.6586	0.784140648778534	0.9578	0.8532	0.6678	0.8986	0.8264	0.837936365465889	0.6294	0.972	0.9458	0.9788	0.9634	0.8306	0.972	0.960179503602883
SRR7146806	1	1	1	1	1	1	1	1	1	1	1	1	1	1	1	1	1	1	1	1	1	1	1	1	1	1	1	1	1	1	1	1	1	1	1	1	1	1	1	1	1	1	1	1	1	1	1	1	1	1	1	1	1	1	1	1	1	1	1	1	1	1	1	1	1	1	0.8218	0.8816	0.0978000000000001	0.1268	0.4372	0.639	0.8268	0.347	0.94	0.6418	0.9122	0.9362	0.7268	0.3172	0.591530122416215	0.912400000000001	0.2046	0.1298	0.508	0.391	0.4884	0.3994	0.1332	0.6972	0.3364	0.613842642642643	0.2682	0.5552	0.834	0.1392	0.5286	0.646	0.2294	0.2512	0.1094	0.9062	0.512914702940588	0.898233029381965	0.791149096748294	0.7094	0.9238	0.163255330254969	0.5082	0.9552	0.410595278111245	0.950169963956748	0.944837281872306	0.6612	0.1078	0.311	0.629732367149758	0.6264	0.724	0.4298	0.833	0.581656212303981	0.5674	0.2736	0.348	0.9238	0.9046	0.7362	0.863713913913914	0.9044	0.9096	0.362287064477373	0.9404	0.9272	0.26226025205041	0.185	0.6388	0.9138	0.4392	0.8536	0.3678	0.44697690457097	0.7048	0.132	0.2436	0.9472	0.9248	0.973	0.9434	0.9784	0.9298	0.783	0.891032310838446	0.101	0.0946000000000001	0.931	0.098	0.2184	0.1782	0.1148	0.6976	0.1226	0.678502921168467	0.824300802568218	0.6306	0.897794415216511	0.239634615384615	0.297	0.5032	0.909046511627907	0.865729617004211	0.6074	0.69843485061159	0.6402	0.8642	0.8192	0.7992	0.8798	0.347573373373373	0.116393035821493	0.9856	0.586935867173435	0.9876	0.7726	0.2504	0.3764	0.4	0.7722	0.928591786364556	0.8424	0.8788	0.9768	0.7978	0.1216	0.8626	0.4116	0.422326245103526	0.91779019019019	0.946	0.0851924784956992	0.789016355983163	0.265283266613291	0.458333333333333	0.683817948717949	0.4414	0.2484	0.8024	0.321	0.683	0.937597116539848	0.2388	0.2908	0.929	0.115	0.3046	0.5054	0.6414	0.905	0.1436	0.2628	0.9116	0.6352	0.1922	0.846	0.3104	0.871	0.693978761771188	0.502284005676059	0.4406	0.6802	0.6952	0.182	0.8834	0.9476	0.1068	0.8428	0.6272	0.4992	0.67038719450616	0.195252210442088	0.2774	0.635863151539545	0.6854	0.4032	0.7584	0.464	0.1258	0.6466	0.9222	0.637	0.1536	0.4988	0.9706	0.8836	0.9614	0.9578	0.5842	0.5308	0.4652	0.8348	0	0.3682	0.0672	0.7378	0.4766	0.37	0.8496	0.1838	0.446052665589661	0.9886	0.976	0.894099898887765	0.925213176087841	0.888556787607012	0.970598238590873	0.868346946946947	0.2906	0.8642	0.64	0.5114	0.2064	0.9812	0.9376	0.9462	0.935	0.9276	0.748615199034982	0.1708	0.1288	0.8876	0.894521161993141	0.9	0.900355048859935	0.834373124749298	0.933357145744896	0.841948223961469	0.9702	0.9014	0.3532	0.9408	0.9152	0.2408	0.1476	0.3818	0.9584	0.1336	0.491	0.9452	0.637	0.8832	0.2898	0.339925510612735	0.9222	0.2516	0.2566	0.8656	0.5218	0.67940201247736	0.6574	0.926	0.8852	0.9316	0.9034	0.3248	0.9564	0.921579503602882
SRR7146807	1	1	1	1	1	1	1	1	1	1	1	1	1	1	1	1	1	1	1	1	1	1	1	1	1	1	1	1	1	1	1	1	1	1	1	1	1	1	1	1	1	1	1	1	1	1	1	1	1	1	1	1	1	1	1	1	1	1	1	1	1	1	1	1	1	1	0.8094	0.7754	0.4056	0.449	0.4506	0.6576	0.848	0.3152	0.9626	0.5694	0.948	0.9028	0.7188	0.3518	0.540349387918924	0.7052	0.2836	0.4394	0.5006	0.3226	0.3106	0.4054	0.3194	0.5686	0.4008	0.610836036036036	0.4446	0.437	0.7416	0.4498	0.427	0.5336	0.4296	0.2758	0.4316	0.908	0.53071226245249	0.786372441742655	0.732721637896427	0.6478	0.9414	0.439117606906244	0.4542	0.9694	0.416385754301721	0.88046615939127	0.960021391911312	0.5338	0.4006	0.3666	0.562776489533012	0.491	0.623	0.4362	0.8062	0.503129312424608	0.3838	0.315	0.3232	0.957	0.92	0.6856	0.846287087087087	0.922	0.7084	0.345497877452943	0.9358	0.9362	0.346786437287458	0.324	0.6618	0.9276	0.435	0.8962	0.3812	0.402447153167602	0.5692	0.4428	0.2756	0.815	0.936	0.9796	0.9556	0.9906	0.9474	0.802	0.912926789366053	0.4278	0.4098	0.8312	0.4144	0.3292	0.3046	0.4106	0.7114	0.4268	0.647879871948779	0.79637367576244	0.6482	0.922768595710239	0.433364423076923	0.3458	0.463	0.929916279069767	0.900471225185482	0.5422	0.726161339482655	0.6774	0.8428	0.7842	0.7714	0.8142	0.418757157157157	0.434193396037623	0.9044	0.61873374674935	0.9238	0.802	0.3692	0.3174	0.2762	0.5332	0.844087355856767	0.7552	0.8692	0.9884	0.7052	0.4308	0.7894	0.2714	0.388172579742585	0.892927327327327	0.739	0.397591878375675	0.77916476247745	0.296778222578062	0.46372530120482	0.691434615384615	0.4012	0.3748	0.78	0.3754	0.6766	0.922148818582299	0.2892	0.2878	0.9182	0.434	0.3582	0.527	0.5216	0.9332	0.4024	0.297	0.7696	0.4394	0.2522	0.8518	0.3128	0.8302	0.677362893207774	0.530207946482871	0.4488	0.64	0.6486	0.3592	0.815	0.9212	0.4174	0.842	0.5958	0.5064	0.688648636639063	0.391996199239848	0.3666	0.555204346951097	0.576	0.232	0.586	0.4162	0.3926	0.593	0.9338	0.6526	0.4128	0.3116	0.9732	0.8942	0.9632	0.959	0.4798	0.3856	0.2694	0.7086	0.3682	0	0.3788	0.657	0.3386	0.3608	0.8612	0.4152	0.419971567043619	0.9912	0.9798	0.940099898887765	0.847055876372509	0.892828128821851	0.915180944755805	0.878731331331331	0.3392	0.706	0.3806	0.5014	0.388	0.983	0.9196	0.948	0.9036	0.7654	0.752354563731403	0.4524	0.4376	0.9206	0.905178898527335	0.8238	0.9258332247557	0.801569193742479	0.912193612290277	0.875948223961469	0.985	0.9124	0.3318	0.9488	0.9384	0.3428	0.3882	0.3936	0.8576	0.3988	0.4852	0.871	0.6014	0.7016	0.2866	0.305026511814177	0.873	0.4508	0.281	0.8774	0.518	0.567467981485208	0.558	0.919	0.9196	0.9472	0.9074	0.3958	0.9626	0.915565892714171
SRR7146809	1	1	1	1	1	1	1	1	1	1	1	1	1	1	1	1	1	1	1	1	1	1	1	1	1	1	1	1	1	1	1	1	1	1	1	1	1	1	1	1	1	1	1	1	1	1	1	1	1	1	1	1	1	1	1	1	1	1	1	1	1	1	1	1	1	1	0.87	0.9172	0.0632	0.0974	0.4334	0.6878	0.8472	0.3758	0.966	0.6828	0.9658	0.9604	0.7644	0.362	0.613663255067228	0.9084	0.2346	0.0882	0.5106	0.4082	0.4752	0.4004	0.1268	0.6932	0.3334	0.635864264264264	0.2756	0.593	0.8566	0.0992	0.5306	0.6498	0.272	0.2892	0.1522	0.9176	0.538118943788758	0.925304356636271	0.829549096748294	0.757	0.9378	0.170868299538245	0.5452	0.9682	0.419798079231693	0.965569963956748	0.968164401560255	0.6916	0.1482	0.3138	0.669532367149759	0.664	0.7342	0.4726	0.851	0.627303256936068	0.5808	0.3126	0.3616	0.9836	0.9014	0.768	0.857511111111111	0.9518	0.9124	0.380908690428514	0.9902	0.979	0.295264652930586	0.2248	0.6556	0.935	0.477	0.9068	0.3758	0.469218765036087	0.7278	0.1158	0.2586	0.9428	0.9436	0.9814	0.9554	0.9932	0.9528	0.805	0.939726789366053	0.0664	0.0702	0.9428	0.0714	0.2386	0.1932	0.0988	0.7442	0.0882	0.70770612244898	0.868893739967897	0.6552	0.908620234722784	0.270847756410256	0.3006	0.5394	0.959328307939054	0.909272789252055	0.6516	0.749776458792861	0.6878	0.9088	0.8324	0.8514	0.92	0.367974374374374	0.0831933960376226	0.989	0.627733906781356	0.9856	0.808	0.2624	0.3802	0.414	0.8088	0.958567064535707	0.896	0.9338	0.991	0.858	0.1118	0.8608	0.4238	0.481926245103526	0.947788788788789	0.9768	0.0998249649929986	0.821057807175787	0.273095756605284	0.47578875502008	0.728019551282051	0.4602	0.2556	0.8148	0.356	0.724	0.99039759711654	0.2704	0.3106	0.967	0.0946000000000001	0.34	0.5502	0.647	0.9442	0.152	0.279	0.902	0.6608	0.2062	0.8858	0.315	0.8878	0.750378761771188	0.542084005676059	0.4764	0.6996	0.7226	0.2264	0.8988	0.9644	0.149	0.8638	0.6608	0.5344	0.705173257927691	0.232852210442088	0.2804	0.676463151539545	0.7222	0.4296	0.7626	0.4648	0.136	0.6776	0.9492	0.6854	0.1682	0.5298	0.9778	0.9192	0.9742	0.9714	0.606	0.5162	0.4864	0.8372	0.0672	0.3788	0	0.766	0.4762	0.4072	0.8918	0.2224	0.46409886914378	0.9956	0.982	0.947299898887765	0.964213176087841	0.898156787607012	0.990197758206565	0.918746946946947	0.3306	0.8994	0.6446	0.5074	0.2338	0.9876	0.9432	0.9562	0.9448	0.9298	0.788819380780056	0.1878	0.087	0.9378	0.901780149283841	0.9438	0.926084690553746	0.835770316887284	0.946348574893875	0.881348223961469	0.9876	0.9182	0.3638	0.9632	0.9654	0.2818	0.1626	0.4186	0.958	0.1734	0.4886	0.9768	0.6722	0.8764	0.2912	0.360558670404485	0.9454	0.2632	0.2672	0.9062	0.5746	0.691256912859731	0.707	0.977	0.9454	0.9828	0.94	0.3544	0.974	0.967979503602882
SRR7146810	1	1	1	1	1	1	1	1	1	1	1	1	1	1	1	1	1	1	1	1	1	1	1	1	1	1	1	1	1	1	1	1	1	1	1	1	1	1	1	1	1	1	1	1	1	1	1	1	1	1	1	1	1	1	1	1	1	1	1	1	1	1	1	1	1	1	0.7614	0.5098	0.7662	0.7924	0.7278	0.696	0.8372	0.7448	0.9086	0.648	0.9216	0.7036	0.608	0.5968	0.639550190648204	0.8298	0.7486	0.8092	0.791	0.733	0.7292	0.6904	0.7694	0.795	0.6228	0.718932932932933	0.768	0.5502	0.438	0.8056	0.3204	0.581	0.7814	0.7678	0.7852	0.8828	0.645992318463693	0.576948328267478	0.648431874749097	0.6132	0.8304	0.74627946195543	0.6738	0.8736	0.650586074429772	0.846782939527433	0.847029850133443	0.643600000000001	0.7664	0.5826	0.660492431561997	0.715	0.7324	0.7158	0.6586	0.622788821873744	0.7162	0.6686	0.734	0.9188	0.9036	0.6824	0.722082282282282	0.886	0.6438	0.547849819783741	0.9074	0.8894	0.728994318863773	0.721	0.7488	0.87	0.703	0.8626	0.7442	0.678051323175622	0.4782	0.8128	0.7286	0.9452	0.813	0.9754	0.9164	0.958	0.894	0.681	0.877913292433538	0.775	0.768	0.7462	0.7624	0.6226	0.7594	0.7636	0.5778	0.7678	0.68479199679872	0.831496308186196	0.6922	0.875010845811412	0.754720512820513	0.755	0.7018	0.809519647153168	0.859924403448967	0.6418	0.720170282735111	0.6934	0.8018	0.7104	0.6776	0.5684	0.74477977977978	0.780778266960176	0.781	0.730397319463893	0.8012	0.695	0.7504	0.7576	0.7542	0.6522	0.609384017802954	0.8564	0.8366	0.9448	0.821	0.7752	0.8058	0.7078	0.605161499720202	0.854763963963964	0.8548	0.712579395879176	0.764982842252957	0.687526661329063	0.755513253012048	0.650911858974359	0.7514	0.7876	0.7412	0.75	0.6376	0.86896804164998	0.7376	0.6848	0.8036	0.7876	0.729	0.7068	0.7948	0.8418	0.7592	0.7426	0.9104	0.728	0.779	0.867	0.786	0.6204	0.689717050691244	0.711250598013379	0.7056	0.6642	0.7186	0.7502	0.8786	0.8786	0.7588	0.811	0.7186	0.7452	0.628384164815189	0.701390318063613	0.7448	0.619698933386999	0.7122	0.6426	0.5002	0.7644	0.7428	0.675	0.8546	0.7234	0.7606	0.642	0.9036	0.8086	0.912	0.9218	0.4904	0.6294	0.6488	0.8374	0.7378	0.657	0.766	0	0.5538	0.7094	0.842	0.7672	0.676453311793215	0.9196	0.9086	0.875259858442872	0.825943147620984	0.786818100285365	0.773527461969576	0.783743343343344	0.5964	0.8878	0.5972	0.7982	0.7234	0.9142	0.923	0.9232	0.8538	0.5996	0.753864334539606	0.7374	0.7968	0.8844	0.862444825499294	0.6722	0.815355374592834	0.74457144003209	0.831247867394381	0.827372787477423	0.9356	0.8744	0.7028	0.8774	0.8884	0.6654	0.697	0.6034	0.6048	0.7284	0.78	0.853	0.6818	0.7934	0.7682	0.607145694833801	0.8068	0.7984	0.7546	0.8506	0.6848	0.619388609378144	0.6524	0.8502	0.8988	0.9168	0.8672	0.7432	0.897	0.807372297838271
SRR7146811	1	1	1	1	1	1	1	1	1	1	1	1	1	1	1	1	1	1	1	1	1	1	1	1	1	1	1	1	1	1	1	1	1	1	1	1	1	1	1	1	1	1	1	1	1	1	1	1	1	1	1	1	1	1	1	1	1	1	1	1	1	1	1	1	1	1	0.8228	0.9052	0.5118	0.5576	0.4576	0.5866	0.8114	0.4362	0.9548	0.536	0.9518	0.9632	0.6482	0.3164	0.456608749749147	0.7832	0.374	0.5532	0.5346	0.4692	0.3312	0.4316	0.4386	0.5658	0.3532	0.591414614614615	0.5138	0.4032	0.7574	0.5526	0.4022	0.2768	0.537	0.407	0.5396	0.8934	0.429316583316663	0.910296251266464	0.799749096748294	0.7222	0.852	0.546567958241317	0.3762	0.9084	0.408192076830732	0.848312054465359	0.898321166084993	0.4556	0.53	0.2062	0.652732367149759	0.4992	0.6418	0.4782	0.5358	0.480223080016084	0.4086	0.5268	0.4244	0.9642	0.8928	0.6172	0.767699099099099	0.9084	0.788	0.226070084100921	0.9748	0.958	0.450382396479296	0.4996	0.63	0.913	0.401	0.8706	0.4672	0.422782036888532	0.633	0.558	0.4108	0.8186	0.852	0.9814	0.9558	0.986	0.92	0.7232	0.921526789366053	0.4974	0.5242	0.9546	0.515	0.429	0.3932	0.5294	0.5372	0.5316	0.62710612244898	0.844578170144462	0.5826	0.892017887494941	0.537572756410257	0.4406	0.4386	0.870728307939053	0.853736715460197	0.5038	0.734569681171045	0.6112	0.8316	0.7582	0.773	0.889	0.521962962962963	0.549393396037622	0.9946	0.605737067413483	0.989	0.6828	0.4714	0.4874	0.3706	0.6652	0.949701840987255	0.7476	0.826	0.988	0.718	0.5218	0.8428	0.3582	0.4656	0.85159019019019	0.8358	0.467382116423285	0.822057807175786	0.413365252201762	0.540127710843374	0.682131730769231	0.5232	0.4982	0.6928	0.4954	0.6368	0.904397356828194	0.4594	0.3736	0.886	0.5446	0.5164	0.497	0.523	0.8578	0.5158	0.3674	0.7938	0.5078	0.3702	0.8718	0.4194	0.8916	0.708923582448407	0.521059558078248	0.4436	0.6192	0.6764	0.4978	0.8786	0.9428	0.5358	0.8164	0.615	0.5194	0.602595031306807	0.484789437887577	0.4322	0.526132501509358	0.564	0.3362	0.6438	0.4482	0.529	0.5994	0.8674	0.6806	0.5304	0.3702	0.91	0.8512	0.9446	0.9418	0.5674	0.2398	0.2498	0.7094	0.4766	0.3386	0.4762	0.5538	0	0.4356	0.881	0.541	0.427374151857835	0.9268	0.9166	0.911070980788675	0.783985847905653	0.837756053811659	0.918598238590873	0.848346946946947	0.5256	0.7186	0.4964	0.5402	0.4614	0.9198	0.9322	0.9432	0.8612	0.8738	0.790419380780056	0.5024	0.5394	0.8942	0.872604922332056	0.914	0.8413667752443	0.734546169273967	0.805929330907621	0.854976199076861	0.9784	0.873	0.4176	0.9234	0.908	0.4978	0.4304	0.346	0.936	0.5152	0.5168	0.808	0.5694	0.7346	0.3658	0.317270484581498	0.8926	0.5514	0.3512	0.893	0.5334	0.660111289997987	0.4892	0.962	0.929	0.9626	0.8778	0.5198	0.9522	0.882779503602882
SRR7146814	1	1	1	1	1	1	1	1	1	1	1	1	1	1	1	1	1	1	1	1	1	1	1	1	1	1	1	1	1	1	1	1	1	1	1	1	1	1	1	1	1	1	1	1	1	1	1	1	1	1	1	1	1	1	1	1	1	1	1	1	1	1	1	1	1	1	0.7474	0.831	0.415	0.4364	0.4284	0.539	0.7496	0.3318	0.8638	0.5112	0.8144	0.9092	0.5584	0.2722	0.530553401565322	0.8936	0.3462	0.4486	0.5102	0.3528	0.4922	0.3824	0.3798	0.6818	0.383	0.57603003003003	0.2968	0.5096	0.799	0.4482	0.514	0.5892	0.3278	0.3714	0.3662	0.7766	0.487707701540308	0.884443566362715	0.782749096748294	0.6556	0.9136	0.429947359967878	0.4278	0.92	0.392990716286515	0.888175010012015	0.903752535413673	0.6212	0.3864	0.35	0.606837359098229	0.5818	0.5772	0.2718	0.8078	0.453029030960997	0.528	0.359	0.3172	0.8212	0.8828	0.7038	0.822488488488489	0.6862	0.8922	0.277518301962355	0.8434	0.8604	0.379393038607722	0.3868	0.6064	0.8104	0.3226	0.8554	0.3918	0.403910986367281	0.634	0.4512	0.3364	0.936	0.9182	0.956	0.8714	0.8874	0.707	0.7442	0.846432310838446	0.4462	0.4192	0.932	0.4334	0.3554	0.367	0.3966	0.6394	0.439	0.550686194477791	0.777481861958266	0.546	0.919959206798867	0.377142628205128	0.3456	0.4392	0.876881635926223	0.804266011630239	0.5062	0.63876551032685	0.6048	0.8064	0.747	0.7616	0.8894	0.409373773773774	0.434999279567741	0.974	0.541121904380876	0.9844	0.7682	0.303	0.3514	0.3664	0.6408	0.863078778069998	0.7912	0.7184	0.871	0.745	0.3958	0.8762	0.3766	0.342297929490767	0.817372772772773	0.8926	0.376394398879776	0.753422088594909	0.35995548438751	0.429921285140562	0.632254487179487	0.4062	0.405	0.7854	0.2594	0.5902	0.864997356828194	0.2824	0.3034	0.8398	0.4264	0.3608	0.3922	0.5976	0.766	0.3464	0.3722	0.8974	0.5798	0.35	0.734	0.4126	0.8114	0.631077419354839	0.521177741739307	0.4294	0.5364	0.5796	0.3272	0.8354	0.9242	0.3694	0.8474	0.6334	0.4136	0.659131771359322	0.351183596719344	0.4206	0.547620366270879	0.6756	0.3724	0.7718	0.4948	0.4128	0.6142	0.9016	0.6042	0.4176	0.488	0.9088	0.7742	0.833	0.818	0.5976	0.4886	0.3998	0.8152	0.37	0.3608	0.4072	0.7094	0.4356	0	0.7774	0.3668	0.439238772213247	0.9234	0.9112	0.897028109201213	0.783179503863359	0.862996738687322	0.92559679743795	0.743301701701702	0.345	0.8016	0.6068	0.5098	0.3288	0.923	0.7816	0.813	0.7352	0.9108	0.647663289103337	0.4032	0.4456	0.8858	0.909799717571112	0.8782	0.866429641693811	0.816168632170076	0.908348574893875	0.857626088701585	0.8548	0.7884	0.3554	0.9074	0.9118	0.3648	0.3738	0.3568	0.9526	0.3622	0.497	0.8724	0.5378	0.8924	0.4116	0.287080096115338	0.8814	0.3802	0.4082	0.7934	0.4356	0.632671362447173	0.5746	0.827	0.7742	0.817	0.7682	0.3286	0.8118	0.834779503602882
SRR7146815	1	1	1	1	1	1	1	1	1	1	1	1	1	1	1	1	1	1	1	1	1	1	1	1	1	1	1	1	1	1	1	1	1	1	1	1	1	1	1	1	1	1	1	1	1	1	1	1	1	1	1	1	1	1	1	1	1	1	1	1	1	1	1	1	1	1	0.8132	0.8568	0.8888	0.8786	0.8962	0.8546	0.7962	0.8336	0.8688	0.7684	0.921	0.9456	0.7718	0.838	0.813152317880794	0.9102	0.8606	0.8966	0.8826	0.855	0.8954	0.879	0.8816	0.9012	0.8982	0.587552152152152	0.8864	0.8556	0.7456	0.8974	0.8794	0.8948	0.862	0.8554	0.8638	0.8828	0.814590598119624	0.809477811550152	0.7794	0.767	0.9468	0.793815498895804	0.8438	0.959	0.831381752701081	0.913725750901081	0.871090248408951	0.8274	0.8512	0.8808	0.740571658615137	0.7034	0.8634	0.7472	0.8744	0.769781825492561	0.8484	0.8386	0.8432	0.9036	0.8268	0.8412	0.84065005005005	0.9048	0.9024	0.84354209050861	0.9216	0.9196	0.839789437887578	0.8342	0.8512	0.855	0.8512	0.8912	0.8496	0.774309061748196	0.765	0.8968	0.8718	0.955	0.9148	0.9696	0.912	0.9658	0.8928	0.8256	0.798508793456033	0.8996	0.8676	0.5862	0.8878	0.8296	0.832	0.8508	0.8678	0.8914	0.752785434173669	0.757918780096308	0.8614	0.829420720356131	0.858932371794872	0.8656	0.7688	0.838465597433841	0.819022739121717	0.7762	0.779196149989974	0.817	0.841	0.801	0.8206	0.8606	0.806734934934935	0.873584390634381	0.9212	0.756194518903781	0.9868	0.8594	0.8758	0.8732	0.8712	0.8308	0.928004976734777	0.8612	0.8898	0.8948	0.8218	0.8836	0.9158	0.8816	0.787294795747062	0.921163763763764	0.935	0.866593558711742	0.803216997394268	0.864573258606886	0.781961445783133	0.785908653846154	0.7968	0.7438	0.8682	0.7694	0.7474	0.933569483380056	0.8436	0.8606	0.8906	0.8734	0.8406	0.7496	0.8878	0.9004	0.8538	0.8764	0.9026	0.8432	0.8434	0.7552	0.7672	0.8844	0.749574033259868	0.760118508007298	0.8204	0.7666	0.8386	0.8318	0.3866	0.6746	0.8418	0.7816	0.8114	0.8234	0.778865481720865	0.746779555911182	0.806	0.756908915274703	0.768	0.794	0.8836	0.8906	0.857	0.8424	0.9106	0.78	0.8512	0.7972	0.9778	0.8492	0.8782	0.8736	0.848	0.8838	0.8574	0.8886	0.8496	0.8612	0.8918	0.842	0.881	0.7774	0	0.8368	0.77492084006462	0.9924	0.9828	0.846259858442872	0.744666449776332	0.818193640440277	0.891947317854283	0.720290490490491	0.8262	0.9214	0.8894	0.8868	0.8678	0.9884	0.8706	0.883	0.9208	0.9228	0.43563264977885	0.8872	0.899	0.9352	0.828829211216462	0.8894	0.8490332247557	0.815756277577216	0.888727147766323	0.782206983744732	0.8924	0.9222	0.889	0.5854	0.6354	0.814	0.8708	0.6582	0.6924	0.8412	0.6314	0.9052	0.8514	0.9256	0.885	0.816720704845815	0.9296	0.8774	0.8766	0.0428	0.7414	0.774123888106259	0.7976	0.8778	0.891	0.9072	0.8428	0.8472	0.88	0.828571817453963
SRR7146816	1	1	1	1	1	1	1	1	1	1	1	1	1	1	1	1	1	1	1	1	1	1	1	1	1	1	1	1	1	1	1	1	1	1	1	1	1	1	1	1	1	1	1	1	1	1	1	1	1	1	1	1	1	1	1	1	1	1	1	1	1	1	1	1	1	1	0.6994	0.8176	0.2206	0.2112	0.4768	0.6496	0.887	0.4296	0.9478	0.6492	0.8146	0.9514	0.643	0.2766	0.661924663857114	0.9186	0.1874	0.2156	0.4828	0.401	0.5476	0.3768	0.2014	0.7186	0.3438	0.579631631631632	0.2724	0.6352	0.8422	0.2296	0.585	0.672	0.1144	0.2602	0.112	0.9284	0.55851174234847	0.890506788247214	0.767668727418707	0.5836	0.9656	0.213377113029512	0.5018	0.9718	0.430580952380952	0.968187985582699	0.951164401560255	0.7318	0.1404	0.3734	0.604861835748792	0.6098	0.7826	0.4468	0.8986	0.505221391234419	0.6206	0.2426	0.3528	0.8428	0.9424	0.7782	0.887312912912913	0.8224	0.9104	0.408115899078895	0.8042	0.9226	0.281863892778556	0.2048	0.6944	0.9156	0.4286	0.7812	0.4086	0.497850040096231	0.708	0.2036	0.2888	0.9662	0.9654	0.981	0.9534	0.9742	0.954	0.8238	0.756576278118609	0.2396	0.1888	0.8884	0.2204	0.2296	0.2224	0.2152	0.6126	0.2198	0.672488755502201	0.835744141252006	0.6582	0.924231970861999	0.254041346153846	0.3658	0.5296	0.925287890938252	0.78592596751554	0.552	0.640131943051935	0.5498	0.8802	0.8116	0.8024	0.8912	0.377604404404404	0.196583309985992	0.9636	0.598120664132827	0.983	0.8246	0.2866	0.399	0.4508	0.7408	0.94834400161845	0.7594	0.8772	0.973	0.77	0.2304	0.93	0.4434	0.396617011751539	0.804971371371371	0.9122	0.190389357871574	0.77185913008619	0.321260208166533	0.413134136546185	0.648741346153846	0.4388	0.2144	0.8602	0.2026	0.5626	0.815780376451742	0.1958	0.319	0.7924	0.2046	0.2194	0.5378	0.654	0.9386	0.1944	0.317	0.8854	0.6314	0.1948	0.706	0.3172	0.8788	0.738177679823683	0.499080964930063	0.4942	0.6754	0.7398	0.1116	0.8982	0.964	0.1128	0.8644	0.6666	0.508	0.709971359321349	0.162838167633527	0.3016	0.562871523445361	0.7	0.4462	0.8164	0.535	0.184	0.6892	0.9512	0.4732	0.1654	0.5352	0.9812	0.8848	0.9578	0.9694	0.642	0.5792	0.5034	0.8476	0.1838	0.4152	0.2224	0.7672	0.541	0.3668	0.8368	0	0.493422940226171	1	0.9824	0.909039231547017	0.911596258641724	0.905228128821851	0.973598238590873	0.845871871871872	0.2852	0.94	0.6852	0.4882	0.2708	0.9918	0.9548	0.9626	0.9536	0.9302	0.673067390430237	0.2342	0.231	0.899	0.916872584224329	0.8372	0.941351465798046	0.896170316887284	0.972148574893875	0.863223359422035	0.9674	0.963	0.406	0.9306	0.919	0.2048	0.2026	0.4094	0.955	0.1142	0.5118	0.962	0.541	0.9326	0.336	0.375335602723268	0.9342	0.2488	0.293	0.8544	0.499	0.657837311330248	0.6962	0.8822	0.768	0.8032	0.921	0.3216	0.9536	0.824077502001601
SRR7146817	1	1	1	1	1	1	1	1	1	1	1	1	1	1	1	1	1	1	1	1	1	1	1	1	1	1	1	1	1	1	1	1	1	1	1	1	1	1	1	1	1	1	1	1	1	1	1	1	1	1	1	1	1	1	1	1	1	1	1	1	1	1	1	1	1	1	0.740871082390953	0.870251050080775	0.492478836833602	0.514905977382875	0.489782552504039	0.621467205169629	0.824439418416801	0.422379644588045	0.683668820678514	0.610651050080775	0.933258804523425	0.924250726978998	0.689067528271406	0.440390306946688	0.500646462917376	0.902116639741518	0.491675605815832	0.533999353796446	0.509799353796446	0.399697576736672	0.461016155088853	0.487060096930533	0.440309531502423	0.69275928917609	0.494729886914378	0.581883458579743	0.528051696284329	0.517895315024233	0.795393214862682	0.539721486268174	0.490469143780291	0.614418093699515	0.520692730210016	0.497648142164782	0.525508239095315	0.804611954765751	0.488256738585197	0.733184262946577	0.520138735311418	0.659660743134087	0.896115670436187	0.422179524519507	0.50104168012924	0.928258804523424	0.432920502611384	0.881924140956223	0.619535593431701	0.624741195476575	0.496613247172859	0.43969563812601	0.451917148587795	0.569913731825525	0.670881098546042	0.423541518578352	0.803389660743134	0.453024385934484	0.503085298869144	0.47247366720517	0.463618739903069	0.908919224555735	0.905456865912762	0.734859773828756	0.793209687878508	0.873067205169628	0.875074313408724	0.379428173258638	0.907812277867528	0.925751857835218	0.450196420544206	0.426703069466882	0.64166268174475	0.813846849757674	0.433223586429725	0.876210662358643	0.443809693053312	0.229636426292245	0.620019709208401	0.538399353796446	0.472424555735056	0.942559289176091	0.879915670436188	0.971106946688207	0.874675928917609	0.944431340872375	0.827872697899839	0.694752180936995	0.593769553769356	0.511001615508885	0.492399353796446	0.83172859450727	0.496305977382875	0.401501777059774	0.495284975767367	0.516683037156704	0.690426171243942	0.514878836833603	0.626156197535557	0.713071165370543	0.603994830371567	0.598221926855564	0.468871680957707	0.424035541195476	0.463319547657512	0.836619680447938	0.856257327209064	0.571423909531503	0.61490047791463	0.619205169628433	0.839533117932148	0.716994830371567	0.789639741518578	0.844261066235864	0.444148793381426	0.505377620756622	0.910029402261712	0.607893266860157	0.973241033925686	0.754781906300484	0.470201292407108	0.4274549273021	0.466080775444265	0.735319870759289	0.858695632635306	0.841156381260097	0.8751098546042	0.660319547657512	0.811134733441034	0.514181906300485	0.813799030694669	0.468409369951535	0.424043396347521	0.85796531588131	0.935352180936995	0.46735102270858	0.716338100525518	0.386803950430134	0.413391530581129	0.594731214531295	0.50200549273021	0.517515993537964	0.789315670436187	0.451357027463651	0.423457512116317	0.924084830714466	0.427944426494345	0.425126978998384	0.896330856219709	0.510721486268174	0.494704684975767	0.497987399030695	0.636722455573506	0.839943134087238	0.482121809369951	0.464188368336026	0.891975121163166	0.574617124394184	0.478582229402262	0.823429725363489	0.52384394184168	0.856720516962844	0.586057973819758	0.293811795343549	0.414919547657512	0.600642649434572	0.65309886914378	0.48513957996769	0.832195153473344	0.92730113085622	0.5065450726979	0.527254281098546	0.565345395799677	0.489231663974152	0.542939343531063	0.435053448492606	0.370580290791599	0.471817879902244	0.603735056542811	0.313824555735056	0.727554442649435	0.44138901453958	0.484453957996769	0.581813893376414	0.89908788368336	0.612905654281099	0.480453957996769	0.428560258481421	0.957371243941841	0.813226171243942	0.669097899838449	0.756961873990307	0.554698869143781	0.484428432956381	0.411591276252019	0.827743780290792	0.446052665589661	0.419971567043619	0.46409886914378	0.676453311793215	0.427374151857835	0.439238772213247	0.77492084006462	0.493422940226171	0	0.971134410339257	0.953971243941841	0.613428897190582	0.593386793822567	0.544019324199638	0.889141684914976	0.808602503957916	0.46080549273021	0.821697253634895	0.602878836833602	0.520358642972536	0.444755411954765	0.967971243941841	0.807282067851373	0.835118901453958	0.830421001615509	0.893458804523425	0.691430170326733	0.508199676898223	0.528680775444265	0.89582423263328	0.658217658942837	0.892531179321486	0.569828990228013	0.603204643437813	0.614895925893632	0.664335396243837	0.809947657512116	0.854546365105008	0.43321421647819	0.820983198707593	0.908439418416801	0.456357350565428	0.46693408723748	0.448652988691438	0.934458481421648	0.488700484652666	0.507521486268174	0.90798126009693	0.5921647819063	0.855828109854604	0.485263974151858	0.354859433905501	0.882113408723748	0.52868465266559	0.486803877221325	0.78209563812601	0.484552827140549	0.334729401448919	0.609042003231018	0.874909208400646	0.883785137318255	0.912971243941841	0.719248142164782	0.465669789983845	0.812839741518578	0.603468073327806
SRR7146819	1	1	1	1	1	1	1	1	1	1	1	1	1	1	1	1	1	1	1	1	1	1	1	1	1	1	1	1	1	1	1	1	1	1	1	1	1	1	1	1	1	1	1	1	1	1	1	1	1	1	1	1	1	1	1	1	1	1	1	1	1	1	1	1	1	1	0.9762	0.9958	0.9936	1	0.9508	0.8106	0.9436	0.9738	0.792	0.8318	0.9504	0.9486	0.847	0.8828	0.684383022275737	0.9996	0.9712	0.9982	0.9962	0.9604	0.9962	0.934	0.9908	1	0.8002	0.953153153153153	0.991	0.8964	0.9604	1	0.9288	0.8996	0.9328	0.9182	0.9842	0.7258	0.894178835767153	0.994123606889564	0.996989160979526	0.997	0.8526	0.99839389680787	0.8194	0.7512	0.901160464185674	0.7524	0.914596592075549	0.8776	0.9928	0.9572	1	0.98	0.9666	0.842	0.9398	0.822096743063933	0.9478	0.9964	0.857	0.848	1	0.885	0.763163163163163	0.763	1	0.899285622747297	0.927	0.8924	0.991798359671934	0.998	0.9384	0.7624	0.9138	0.9988	0.9958	0.886527666399359	0.959	0.9994	0.9646	0.9994	0.75	0.65	0.6388	0.704	0.7166	0.7426	0.995705521472393	0.9964	0.9998	1	1	0.959	1	0.9942	0.8584	0.9954	0.778112925170068	0.9958	0.7942	0.99797652772157	0.925510897435897	0.8982	0.9824	0.751197113071371	1	0.848	0.989984880689794	0.962	0.7482	0.915	0.9366	0.999	0.994794794794795	1	0.662	0.995599119823965	0.662	0.8192	0.8842	0.9578	0.957	0.8318	0.812033299615618	0.9566	0.7154	0.784	0.972	0.932	0.9816	0.9418	0.814773363178511	0.750998598598599	0.9982	0.939587917583517	0.965332972539587	0.970576461168935	0.995599196787149	0.939910576923077	0.9946	0.996	0.847	0.9774	0.8994	0.7524	0.9276	0.8206	0.7524	1	1	0.8284	0.9568	0.698	0.9192	0.9588	0.9962	0.9734	0.9972	0.9366	0.9886	0.8774	0.761003646563815	0.994745672004865	0.9292	0.7106	1	0.985	0.9786	0.9584	1	0.9936	0.9984	0.877	0.750178226620885	0.980196279255851	0.9986	0.912255987120145	1	0.9788	0.9994	0.9998	0.9964	0.9664	0.7516	0.9976	0.9966	0.9974	0.0482	0.5944	0.73	0.783	1	0.9214	0.9594	1	0.9886	0.9912	0.9956	0.9196	0.9268	0.9234	0.9924	1	0.971134410339257	0	0.0412	0.997788877654196	0.870972509150061	0.88748471259682	0.77982385908727	0.7482	0.9574	0.9278	0.9806	0.996	0.81	0.0722	0.7662	0.7438	0.6912	1	0.994794772818657	0.947	0.9978	0.9862	0.993342747629615	0.9954	0.940018241042345	0.824709185720016	0.7524	0.995197953040337	0.5852	0.842	0.9138	0.9702	0.9892	1	0.9648	0.9244	0.989	0.9976	0.992	0.7334	0.908	0.9902	0.9866	0.861039727673208	0.938	0.8946	1	0.9898	0.9068	0.95313547997585	0.917	0.8994	0.783	0.9408	0.8076	0.8852	0.7892	0.849079263410729
SRR7146820	1	1	1	1	1	1	1	1	1	1	1	1	1	1	1	1	1	1	1	1	1	1	1	1	1	1	1	1	1	1	1	1	1	1	1	1	1	1	1	1	1	1	1	1	1	1	1	1	1	1	1	1	1	1	1	1	1	1	1	1	1	1	1	1	1	1	0.9594	0.9854	0.9804	0.9862	0.938	0.7952	0.9336	0.9662	0.7822	0.8178	0.9394	0.9306	0.8312	0.8702	0.657583022275738	0.9878	0.9608	0.9876	0.979	0.9428	0.9846	0.9238	0.9786	0.9896	0.7886	0.938151951951952	0.9792	0.8862	0.9488	0.9876	0.9184	0.8896	0.921	0.9036	0.973	0.7136	0.880378835767153	0.980323606889564	0.978171095945403	0.9804	0.8432	0.983991608110821	0.8072	0.724	0.884359263705482	0.722999759711654	0.905470745226853	0.864	0.9806	0.9466	0.9778	0.961	0.9532	0.8356	0.9292	0.809883152392441	0.9298	0.9828	0.8444	0.837	0.988	0.8746	0.74856056056056	0.7514	0.9866	0.887882018422106	0.9174	0.8786	0.977198119623925	0.9802	0.9258	0.7502	0.898	0.985	0.9834	0.872727666399358	0.9464	0.9876	0.9494	0.9894	0.7216	0.6592	0.6266	0.7038	0.7056	0.7168	0.982519018404908	0.9852	0.9862	0.9862	0.9866	0.9452	0.9866	0.9814	0.8482	0.9828	0.760112925170068	0.983992937399679	0.7816	0.9862	0.915505128205128	0.8892	0.9652	0.7214	0.9862	0.8358	0.971984880689793	0.9426	0.7134	0.897	0.9232	0.9862	0.981393393393393	0.987799519711827	0.6652	0.984199599919984	0.66	0.8054	0.8684	0.9402	0.9436	0.8196	0.80235257940522	0.9448	0.7094	0.7832	0.9624	0.926	0.9742	0.9306	0.800973363178511	0.720389389389389	0.9868	0.925787917583517	0.947932972539587	0.956776461168935	0.977599196787148	0.921910576923077	0.9784	0.9832	0.8344	0.9664	0.8868	0.729398077693232	0.919	0.8092	0.7214	0.9864	0.9862	0.8134	0.9478	0.688	0.9088	0.9412	0.978	0.965	0.9852	0.9268	0.9784	0.8688	0.747205449809657	0.98498370160146	0.9168	0.6816	0.9866	0.9752	0.964	0.9508	0.9862	0.9798	0.9846	0.8634	0.719784164815189	0.967596279255851	0.987	0.898455987120145	0.9862	0.965	0.9872	0.9876	0.9838	0.9538	0.7178	0.984	0.9848	0.983	0.0732	0.5822	0.7196	0.7804	0.9862	0.911	0.952	0.9868	0.976	0.9798	0.982	0.9086	0.9166	0.9112	0.9828	0.9824	0.953971243941841	0.0412	0	0.986699898887765	0.854172509150061	0.87548471259682	0.775222097678143	0.716995595595596	0.9426	0.9116	0.9666	0.9812	0.8008	0.083	0.755	0.7356	0.679	0.9872	0.976794772818657	0.9352	0.987	0.9732	0.978937542868671	0.9896	0.930214657980456	0.811706377858002	0.727948574893875	0.977197953040337	0.5844	0.8344	0.901	0.9564	0.9784	0.9866	0.9544	0.9122	0.9774	0.985	0.9806	0.7074	0.8976	0.9788	0.9686	0.844630116139367	0.9178	0.881	0.9838	0.9802	0.8944	0.944139223183739	0.9002	0.8818	0.7708	0.9348	0.7928	0.8728	0.7744	0.835279263410728
SRR7146821	1	1	1	1	1	1	1	1	1	1	1	1	1	1	1	1	1	1	1	1	1	1	1	1	1	1	1	1	1	1	1	1	1	1	1	1	1	1	1	1	1	1	1	1	1	1	1	1	1	1	1	1	1	1	1	1	1	1	1	1	1	1	1	1	1	1	0.823105358948433	0.900599191102123	0.959699898887765	0.964499898887766	0.754630738119312	0.877305358948433	0.737619615773509	0.770088776541962	0.726472800808898	0.813507583417594	0.764926592517695	0.936888776541961	0.821359150657229	0.900199191102123	0.806838742117537	0.983699898887765	0.930888776541962	0.986499898887766	0.973899898887765	0.951488776541962	0.921499898887765	0.974270980788675	0.944888776541962	0.978299898887765	0.971070980788675	0.946855854843721	0.973870980788676	0.877259858442872	0.947070980788675	0.985299898887765	0.929870980788675	0.975270980788675	0.917583619817998	0.947488776541962	0.926228109201213	0.908233164812942	0.64416697292947	0.786083391470307	0.427703737499487	0.807107583417593	0.666581395348837	0.861772815566696	0.824918705763397	0.841719514661274	0.794853431767044	0.782658786094375	0.424922224950746	0.766979373104146	0.926299898887765	0.880670980788675	0.686316144253455	0.920659858442872	0.849699898887766	0.901488776541962	0.688081294236602	0.798523037692868	0.856288776541962	0.913228109201213	0.929688776541962	0.827632153690597	0.824790899898888	0.714419615773509	0.689754061442636	0.895185844287159	0.978499898887766	0.900756053877393	0.899312639029323	0.925488776541962	0.888679454798947	0.895699898887765	0.738019615773509	0.888473205257837	0.898985844287159	0.63552295247725	0.733606268958544	0.751881036226073	0.652770273003034	0.988099898887765	0.944488776541962	0.978099898887765	0.765719514661274	0.984888776541962	0.902304145601618	0.972388877654196	0.894088776541962	0.807697067745197	0.413444412049932	0.893259858442871	0.945099898887766	0.885242062689586	0.947899898887765	0.843057633973711	0.937899898887765	0.959699898887765	0.902010313447927	0.966470980788675	0.927663886585979	0.744987072890073	0.832608291203235	0.404474144770951	0.899944866285551	0.845888776541962	0.816459858442871	0.799344513789617	0.791825135645905	0.81758806875632	0.79003236524164	0.723649747219414	0.879739332659252	0.884835389282103	0.896299898887766	0.792499898887766	0.85020713332139	0.954878285919985	0.928575530839232	0.807775306325168	0.990899898887765	0.671710212335693	0.967288776541962	0.972888776541962	0.947888776541962	0.911814762386249	0.885917907011519	0.706212537917088	0.895428109201213	0.676117290192113	0.847449747219414	0.972419817997978	0.758419615773508	0.949659858442872	0.790939959023234	0.898888170273408	0.928239231547017	0.938889496807349	0.866684258452519	0.859594854852537	0.877813579900999	0.756822037605973	0.954288776541962	0.976499898887766	0.713379373104146	0.907228109201213	0.665185439838221	0.863984445642152	0.922428109201214	0.918699898887765	0.841570273003033	0.959699898887765	0.915639231547017	0.858088776541962	0.982688776541961	0.834604246713852	0.952288776541962	0.866475429726997	0.985686552072801	0.923475429726997	0.958299898887765	0.895428109201214	0.977888776541961	0.965288776541961	0.774216846137	0.610729375246093	0.836888776541962	0.928688776541962	0.777899898887765	0.915228109201213	0.955288776541962	0.975459858442872	0.911439231547017	0.317465520728008	0.701499898887765	0.869648736097068	0.581209993425969	0.885835205463742	0.760230940343781	0.740458873326047	0.73448432760364	0.80788432760364	0.915499898887766	0.877499898887765	0.950699898887766	0.746070980788675	0.902979373104146	0.812376339737108	0.939488776541962	0.799499898887766	0.990099898887765	0.902888776541962	0.728630940343782	0.817973306370071	0.857099898887765	0.880070980788675	0.943259858442872	0.977099898887765	0.894099898887765	0.940099898887765	0.947299898887765	0.875259858442872	0.911070980788675	0.897028109201213	0.846259858442872	0.909039231547017	0.613428897190582	0.997788877654196	0.986699898887765	0	0.447677153034744	0.446182075393536	0.807963701598286	0.741225350729901	0.929688776541962	0.811030940343782	0.954499898887766	0.981699898887765	0.929888776541962	0.9918	0.863673205257836	0.884988877654196	0.937288776541962	0.975099898887765	0.844563621631269	0.915219413549039	0.974899898887765	0.726839231547017	0.514262087725929	0.749328210313448	0.283503678904431	0.523719640473609	0.511784961031831	0.517547649876111	0.840388877654196	0.88939271991911	0.941299898887765	0.85865540950455	0.92017108190091	0.864839231547017	0.964270980788675	0.868070980788675	0.979270980788675	0.891010313447927	0.973499898887765	0.860252780586451	0.919014762386249	0.937499898887765	0.890688776541961	0.843687571698779	0.907008291203236	0.983688776541962	0.859899898887765	0.846390899898888	0.87656380182002	0.650144505641754	0.882019817997978	0.860812537917088	0.895612537917088	0.897928210313448	0.789201820020223	0.905919716885743	0.857988675429727	0.350141629987509
SRR7146822	1	1	1	1	1	1	1	1	1	1	1	1	1	1	1	1	1	1	1	1	1	1	1	1	1	1	1	1	1	1	1	1	1	1	1	1	1	1	1	1	1	1	1	1	1	1	1	1	1	1	1	1	1	1	1	1	1	1	1	1	1	1	1	1	1	1	0.775992598617324	0.890596258641724	0.953413176087841	0.952666531110207	0.917213176087841	0.805462627084181	0.851852623017487	0.910013176087841	0.699159658397723	0.701978609190728	0.853545831638877	0.941703212688085	0.726079381862546	0.775199511996747	0.681524095303454	0.879745912972753	0.814038958926393	0.975903212688085	0.953103212688084	0.886986335908906	0.877455876372509	0.891833184221228	0.932613176087841	0.880655876372509	0.811205693371289	0.888009318794191	0.945386498576657	0.845326392842619	0.893233184221228	0.973503212688085	0.863543147620984	0.782675884505897	0.914742822285482	0.831745912972753	0.924996258641724	0.832256201708011	0.790295960778166	0.726537134023312	0.591233115915139	0.824312810085401	0.786929076860512	0.858168972147026	0.68183204554697	0.81992582350549	0.805795274596215	0.732356420221549	0.407446524563089	0.642572427816186	0.918396258641724	0.891343147620984	0.722952557203844	0.765815372102481	0.883376494509964	0.795959739731598	0.790312728751525	0.657809875279882	0.801619194794632	0.911196258641724	0.808602440016267	0.862476291175275	0.812885481903213	0.740413176087841	0.769267722378743	0.839405937372916	0.874545912972753	0.831573569454553	0.865932899552664	0.896746563643758	0.873592611975018	0.90441317608784	0.905796421309475	0.826009760065067	0.818079381862546	0.884952826352176	0.925013176087841	0.703180924173282	0.813789507930053	0.979103212688085	0.839396421309475	0.881055876372509	0.745051972346482	0.962363318422123	0.865749735664904	0.915029686864579	0.816146563643757	0.762612281415209	0.427157281253041	0.966566490443269	0.945013176087841	0.872919804798699	0.956976494509963	0.846956486376576	0.798255876372509	0.915103212688084	0.792408702724685	0.955213176087841	0.663470430872634	0.730158385646595	0.760055957706385	0.601724205748044	0.85181821618127	0.94021317608784	0.719789345262302	0.671006430072271	0.757210430731125	0.729406100040667	0.780923569234463	0.781205774705165	0.747858641724278	0.754832858885726	0.788219764131761	0.86250622204148	0.888302739502414	0.949597086434048	0.896283123220821	0.78296468565775	0.972	0.79733899959333	0.896596421309475	0.909986335908906	0.857055876372509	0.75218552257015	0.887018476677228	0.762148922326149	0.754542822285482	0.613849532330215	0.740442212281415	0.942386498576657	0.91441317608784	0.822785847905653	0.724514039196374	0.761593883432029	0.845535746238308	0.89259641273517	0.828780983882313	0.907157771764382	0.821234429380801	0.761961228245795	0.911596421309476	0.908303212688084	0.780102318015454	0.848196258641724	0.514782187881253	0.805188593127532	0.892596258641724	0.775478731191541	0.760522082147214	0.950703212688085	0.901759577063847	0.734415941439609	0.860745912972753	0.806219845465636	0.904796421309475	0.829439121594144	0.869945912972753	0.809602277348516	0.837945912972753	0.874742822285482	0.865545912972753	0.94348645790972	0.741269298971577	0.681839578369674	0.87401317608784	0.694422285481903	0.904213176087841	0.89230622204148	0.931703212688085	0.9468	0.919196258641724	0.43364652297682	0.872269540463603	0.873366327775518	0.689746296955385	0.834106146158064	0.754066449776332	0.644694012188296	0.729148922326149	0.741013176087841	0.860055876372509	0.964813176087841	0.923466531110207	0.873636193574624	0.808902236681578	0.856349572997153	0.931376494509963	0.761858885725905	0.857572509150061	0.787242862952419	0.654449857665718	0.736346563643758	0.92801317608784	0.793585847905653	0.813785847905653	0.869509231394876	0.925213176087841	0.847055876372509	0.964213176087841	0.825943147620984	0.783985847905653	0.783179503863359	0.744666449776332	0.911596258641724	0.593386793822567	0.870972509150061	0.854172509150061	0.447677153034744	0	0.330045356981277	0.725637036672852	0.595620712212823	0.897903212688084	0.781619032126881	0.856145912972753	0.960903212688085	0.907396421309476	0.868172509150061	0.800576413176088	0.816346563643758	0.788176331842212	0.902266531110208	0.779099385123095	0.911703212688085	0.968213176087841	0.899003009353396	0.701851949539525	0.88598625457503	0.398767059912864	0.638739344503773	0.483815635652516	0.689704409388015	0.812893208621391	0.87348296055307	0.879413176087841	0.825599837332249	0.916493289955267	0.848269540463603	0.907233184221228	0.841836193574624	0.956633184221228	0.901669540463603	0.964013176087841	0.654895323302155	0.843996258641724	0.868855876372509	0.843255876372509	0.75928772110917	0.859139650264335	0.94708645790972	0.853255876372509	0.748523058153721	0.824016429442863	0.587145793959147	0.723139162261082	0.846782919886133	0.866262627084181	0.884239609597397	0.689386335908906	0.852993086620577	0.779706303375356	0.319387514891946
SRR7146823	1	1	1	1	1	1	1	1	1	1	1	1	1	1	1	1	1	1	1	1	1	1	1	1	1	1	1	1	1	1	1	1	1	1	1	1	1	1	1	1	1	1	1	1	1	1	1	1	1	1	1	1	1	1	1	1	1	1	1	1	1	1	1	1	1	1	0.82463726049735	0.895831390134529	0.902431227068895	0.902828128821851	0.861356053811659	0.855627395026498	0.893956053811659	0.902356053811659	0.701393069710558	0.781637668161435	0.944036689767631	0.944058214431309	0.795965919282511	0.809231227068895	0.716958285975006	0.928631227068895	0.909231227068895	0.925828128821851	0.921028128821851	0.889428128821851	0.908959885854056	0.862028128821851	0.898156787607012	0.926431227068895	0.816315939665716	0.862563664357387	0.928427395026498	0.878959885854056	0.875093273542601	0.929831227068895	0.812759885854056	0.845431227068895	0.933231227068895	0.926227395026498	0.935031227068895	0.8592	0.781099432279444	0.723258537093095	0.567204349027882	0.871427395026498	0.805019404810436	0.824397119981327	0.781721973094171	0.826480880554423	0.774472039121397	0.804953388011802	0.259541210102001	0.761681288218508	0.908428128821851	0.871159885854056	0.734033402852861	0.891031227068895	0.884959885854056	0.861993640440277	0.828569751324908	0.706886572508885	0.882159885854056	0.910831227068895	0.868831227068895	0.946365511618426	0.886934692213616	0.79059730941704	0.745589943796222	0.9002	0.920431227068895	0.824453918693463	0.9506697105585	0.951062046473706	0.875747754524407	0.873793640440277	0.896725397472483	0.8374697105585	0.863104769669792	0.890694170403588	0.874552955564615	0.671149936365827	0.814018100285365	0.926428128821851	0.892196738687322	0.9534	0.786450061149613	0.9808	0.8924	0.962	0.8598	0.737712107623318	0.332035227512407	0.903356053811659	0.898428128821851	0.840255116184264	0.904559885854056	0.798522299225438	0.898759885854056	0.923996738687321	0.803115939665715	0.916431227068895	0.772114553118434	0.776221209132984	0.782552629433347	0.549043507211167	0.864974746385901	0.900352955564615	0.843233428454953	0.752642951317977	0.876360559468479	0.774037668161435	0.822501651460532	0.808365919282511	0.803281451284142	0.764100937627395	0.825867916836527	0.86736004891969	0.853543310942414	0.89040615563794	0.922473542600897	0.860560860643388	0.9898	0.775210110069303	0.903631227068895	0.906228128821851	0.899031227068895	0.876064818589482	0.922461763244897	0.86152172849572	0.832881614349776	0.62621206685691	0.860037994292703	0.924427395026498	0.874965348552793	0.863031227068895	0.74676851501	0.827291172134221	0.9814	0.845411805557198	0.840233797681438	0.843910350457292	0.830438754610779	0.755490888969028	0.929431227068895	0.923228128821851	0.779807011822258	0.892428128821851	0.515615002038321	0.862250844511172	0.902428128821851	0.806312107623319	0.831454056257644	0.909828128821851	0.904824296779454	0.844769751324908	0.923831227068895	0.838128658785161	0.887028128821851	0.898159885854056	0.916301671422748	0.892828128821851	0.923428128821851	0.891596901752955	0.927631227068895	0.911693273542601	0.76488874429742	0.639437934279393	0.854752955564615	0.753909009376274	0.871959885854056	0.909028128821851	0.910631227068895	0.948862046473706	0.913831227068895	0.303705340399511	0.855159885854056	0.918796738687321	0.665522487272951	0.843781149218021	0.763267916836527	0.681523652926169	0.80872922951488	0.805559885854056	0.895221932327762	0.910759885854056	0.894028128821851	0.857359885854056	0.841880880554423	0.868393640440277	0.888628128821851	0.824756787607012	0.86868471259682	0.813831227068895	0.6876	0.7974	0.888421932327762	0.825356787607012	0.885031227068895	0.925231227068895	0.888556787607012	0.892828128821851	0.898156787607012	0.786818100285365	0.837756053811659	0.862996738687322	0.818193640440277	0.905228128821851	0.544019324199638	0.88748471259682	0.87548471259682	0.446182075393536	0.330045356981277	0	0.787435982214227	0.729772332462916	0.892227395026498	0.929528658785161	0.907831227068895	0.921428128821851	0.877959885854056	0.87928471259682	0.85	0.8778	0.84	0.931	0.845601940526941	0.873631227068895	0.919631227068895	0.924128658785161	0.671519338631843	0.927956216877293	0.348685250129138	0.586646523841972	0.505135974142873	0.684982303059101	0.8268	0.888039054219323	0.842231227068895	0.828369343660824	0.9548	0.846200407664085	0.888628128821851	0.832359885854056	0.954662046473706	0.902231227068895	0.914031227068895	0.819321402364452	0.847231227068895	0.904528658785161	0.898356053811659	0.768993644391207	0.883627558092132	0.931831227068895	0.905159885854056	0.818043456991439	0.835828128821851	0.532587406781401	0.842227395026498	0.905862046473706	0.9312	0.9492	0.741950020383204	0.862268650631879	0.813873542600897	0.310388220890614
SRR7146826	1	1	1	1	1	1	1	1	1	1	1	1	1	1	1	1	1	1	1	1	1	1	1	1	1	1	1	1	1	1	1	1	1	1	1	1	1	1	1	1	1	1	1	1	1	1	1	1	1	1	1	1	1	1	1	1	1	1	1	1	1	1	1	1	1	1	0.773589271417134	0.862923939151321	0.975397277822258	0.974597758206565	0.935397758206565	0.865798238590873	0.96879679743795	0.973198238590873	0.892746357085669	0.79419743795036	0.619025620496397	0.878742033626901	0.810990872698158	0.892398238590873	0.660783051486343	0.933792153722978	0.964197918334668	0.996398238590873	0.990798238590873	0.947597918334668	0.959394555644516	0.926597758206565	0.993798238590873	0.996598238590873	0.779998238590872	0.92652752832897	0.984398238590872	0.869198238590873	0.854334347477983	0.995198238590873	0.818529703763011	0.88979743795036	0.991195196156926	0.983395036028823	0.994398238590873	0.916595996797438	0.743145866963625	0.792892672800855	0.858477227386084	0.658175660528423	0.596074619695757	0.883759446826684	0.622996317053643	0.554566693354684	0.687612434885884	0.488764660106139	0.78096519506716	0.590392313851081	0.978597918334668	0.950397758206565	0.711010193017538	0.932796477181745	0.963796477181745	0.924397277822258	0.779997277822258	0.80948852366976	0.957195836669336	0.897735948759007	0.947395836669336	0.791281024819856	0.689790392313851	0.851998238590873	0.680527765555788	0.942595356285028	0.910340272217774	0.913299402036647	0.93679807846277	0.96359679743795	0.945587796502455	0.922595036028823	0.978794395516413	0.915351481184948	0.910198238590873	0.767274139311449	0.959196477181745	0.861581165493742	0.812726981585268	0.996798238590873	0.974193434747798	0.995997918334668	0.364302321857486	0.992198238590873	0.940793915132106	0.963799039231385	0.886951000800641	0.534215852682146	0.917347456697464	0.981597758206565	0.982198238590873	0.850484227381905	0.989998238590873	0.853994395516413	0.981798238590873	0.967198238590873	0.826598238590873	0.976998238590873	0.71088347268451	0.759803348296615	0.530141232986389	0.849566176615918	0.86458686179713	0.990998238590873	0.939793594875901	0.458003772705414	0.841402779331948	0.837197918334668	0.891238276364023	0.692593434747798	0.577416813450761	0.703441793434748	0.729542193755004	0.857330184147318	0.702349827810196	0.972983349657513	0.86128903122498	0.795751223903708	0.92093674939952	0.628197277822258	0.959791513210569	0.963190712570056	0.976197918334668	0.841328742994395	0.755811325167761	0.907593594875901	0.847996156925541	0.928350040032026	0.815191993594876	0.975397758206565	0.867741713370696	0.927798238590873	0.629762231721583	0.709955031091941	0.919140752602082	0.930384755894333	0.876741722100872	0.922738190552442	0.913059121996392	0.694632148026113	0.974395356285028	0.990398238590873	0.604687269815853	0.962997758206565	0.691537550040032	0.543795308573651	0.954791032826261	0.809598238590873	0.658612169735789	0.982598238590873	0.927398238590872	0.888992313851081	0.984998238590873	0.887596477181746	0.964997918334668	0.975797758206565	0.983598238590873	0.94519743795036	0.992798238590873	0.953597758206565	0.990197918334668	0.907543955164131	0.821548442921839	0.90179960712945	0.938398238590873	0.709222097678142	0.951596317053643	0.975398238590873	0.97179487590072	0.947991673338671	0.971798238590873	0.92454907926341	0.939195356285028	0.877732425940753	0.672166899344562	0.912176550602355	0.934347477982386	0.811572220142788	0.913747798238591	0.855148759007206	0.907735308246598	0.957796477181745	0.942598238590873	0.933194075260208	0.570704883907126	0.764077341873499	0.961597277822258	0.858592153722978	0.776822097678142	0.889794395516413	0.909150040032026	0.914150520416333	0.909736269015212	0.915998238590873	0.956198238590872	0.989398238590873	0.970598238590873	0.915180944755805	0.990197758206565	0.773527461969576	0.918598238590873	0.92559679743795	0.891947317854283	0.973598238590873	0.889141684914976	0.77982385908727	0.775222097678143	0.807963701598286	0.725637036672852	0.787435982214227	0	0.503550588218322	0.933383506805444	0.951397758206565	0.869932586068855	0.991798238590873	0.964598238590873	0.777622097678142	0.925744755804644	0.922749079263411	0.859994555644516	0.908331945556445	0.926279986594825	0.82099679743795	0.996798238590873	0.913396797437951	0.92022130918372	0.823333226581265	0.694764443476605	0.687059475097126	0.524545611828051	0.888186366873953	0.919752762209768	0.750471737389912	0.881395036028823	0.884146837469976	0.953997277822258	0.853596317053643	0.948998238590872	0.898998238590872	0.903933706965572	0.946790072057646	0.985598238590872	0.385901361088871	0.901195036028823	0.931390712570056	0.984198238590873	0.841611535123173	0.799191993594875	0.991798238590873	0.988198238590872	0.891343955164131	0.848592634107286	0.84004494801315	0.903796957566053	0.914192313851081	0.957996317053643	0.950596957566053	0.887146997598079	0.894995036028823	0.901943634907926	0.722778222578063
SRR7146827	1	1	1	1	1	1	1	1	1	1	1	1	1	1	1	1	1	1	1	1	1	1	1	1	1	1	1	1	1	1	1	1	1	1	1	1	1	1	1	1	1	1	1	1	1	1	1	1	1	1	1	1	1	1	1	1	1	1	1	1	1	1	1	1	1	1	0.638315315315315	0.846895095095095	0.917145345345345	0.917153753753754	0.883946946946947	0.732852852852853	0.769855455455455	0.851546946946947	0.797133733733734	0.584214614614615	0.728597597597598	0.905792192192192	0.639043843843844	0.772490490490491	0.550585263168045	0.944152152152152	0.8689001001001	0.923753753753754	0.898921121121121	0.854517517517517	0.937743343343343	0.845923923923924	0.910118718718719	0.945146946946947	0.733752152152152	0.832632632632633	0.921753753753754	0.824345345345345	0.866352152152152	0.941553753753754	0.830543343343343	0.845952152152152	0.873093693693694	0.898147747747748	0.886901701701702	0.775247647647648	0.662287452485492	0.795686872282617	0.821809284193868	0.726387987987988	0.677301701701702	0.845126515795056	0.560404604604605	0.485152152152152	0.670783748935009	0.449231289759924	0.778860075431622	0.612657057057057	0.856125525525525	0.879546946946947	0.704797188492841	0.849947747747748	0.901945345345345	0.695346546546547	0.773056856856857	0.694112327043569	0.868540940940941	0.869498098098098	0.842143943943944	0.774294694694695	0.724606206206206	0.753704704704705	0.613613613613614	0.769450650650651	0.938950550550551	0.821998129487116	0.866536336336336	0.865798798798799	0.838501554164687	0.811528928928929	0.875345545545545	0.760401801801802	0.788497297297297	0.74666966966967	0.849522522522522	0.794467603128389	0.776481281281281	0.922325525525525	0.887740940940941	0.959593193193193	0.4050996996997	0.969	0.862383183183183	0.868903903903904	0.776046846846847	0.424348348348348	0.819090255900072	0.928943743743743	0.895346946946947	0.862509509509509	0.925945345345345	0.806513313313313	0.862946946946947	0.886752152152152	0.725494894894895	0.928145345345345	0.430899687202208	0.690827705715346	0.620611811811812	0.853433563065291	0.801740923615924	0.897146946946947	0.780938138138138	0.405473556957117	0.703357377831009	0.688491691691692	0.748210893869606	0.709800600600601	0.359253453453454	0.663380580580581	0.699881881881882	0.840788588588589	0.762162162162162	0.894315207743265	0.914522722722723	0.681345358160722	0.981791991991992	0.656299299299299	0.877139339339339	0.881945745745746	0.908545345345345	0.77524964964965	0.823483123017819	0.788335335335335	0.665145945945946	0.835845045045045	0.745594394394394	0.921950550550551	0.875904704704705	0.884343343343343	0.580473702577788	0.518318318318318	0.925744344344344	0.833724302418041	0.710001522869833	0.846866161597947	0.798212670501827	0.670168124855625	0.879947747747748	0.897323923923924	0.693899299299299	0.798101701701702	0.657581981981982	0.562898180519326	0.844298098098098	0.708145345345345	0.475986186186186	0.911552552552553	0.84346986986987	0.687409009009009	0.922153753753754	0.753095895895896	0.865346946946947	0.895740940940941	0.913119519519519	0.834271871871872	0.874125525525525	0.793273473473473	0.929351751751752	0.881747747747748	0.676969415819346	0.791217002528578	0.817146946946947	0.439116916916917	0.866945345345345	0.8541001001001	0.905548148148148	0.942598398398398	0.8761001001001	0.858484284284284	0.842345145145145	0.782886086086086	0.516398806400826	0.794116220641526	0.883485885885886	0.71007904664576	0.823483883883884	0.806281881881882	0.921343743743744	0.892346946946947	0.883352152152152	0.828293293293293	0.481576176176176	0.72981981981982	0.872918718718719	0.80974054054054	0.7546	0.721654654654655	0.803846846846847	0.805046246246246	0.886545345345345	0.833146946946947	0.862534934934935	0.934353753753754	0.868346946946947	0.878731331331331	0.918746946946947	0.783743343343344	0.848346946946947	0.743301701701702	0.720290490490491	0.845871871871872	0.808602503957916	0.7482	0.716995595595596	0.741225350729901	0.595620712212823	0.729772332462916	0.503550588218322	0	0.853743943943944	0.879187387387387	0.89375015015015	0.908325525525526	0.876546946946947	0.7522	0.815445045045045	0.822846246246246	0.735503903903904	0.934750550550551	0.711011131759021	0.800509309309309	0.939746946946947	0.84813953953954	0.862282900209065	0.774524724724725	0.765709439080775	0.636587851389296	0.589356123861885	0.782351165132622	0.813646246246246	0.769545545545545	0.821146946946947	0.848336336336336	0.901596996996997	0.816252652652653	0.879152152152152	0.806345345345345	0.953598398398399	0.846891291291291	0.932745345345345	0.437707907907908	0.802098098098098	0.928943343343344	0.908942542542543	0.741508468821244	0.80994954954955	0.890949349349349	0.908746946946947	0.730489289289289	0.714875075075075	0.792961808659132	0.785337737737738	0.837336336336336	0.77534014014014	0.874743343343343	0.746645045045045	0.75310970970971	0.797042242242242	0.640286202936323
SRR7146828	1	1	1	1	1	1	1	1	1	1	1	1	1	1	1	1	1	1	1	1	1	1	1	1	1	1	1	1	1	1	1	1	1	1	1	1	1	1	1	1	1	1	1	1	1	1	1	1	1	1	1	1	1	1	1	1	1	1	1	1	1	1	1	1	1	1	0.7812	0.7574	0.3314	0.3216	0.4594	0.6346	0.8268	0.3934	0.8816	0.6606	0.896	0.8718	0.6826	0.3304	0.577662572747341	0.8646	0.3034	0.341	0.5082	0.3812	0.4958	0.3938	0.3198	0.7052	0.3346	0.608021621621622	0.3372	0.5596	0.7892	0.3438	0.4608	0.646	0.2616	0.2648	0.2972	0.8614	0.547911542308462	0.797295643363728	0.761892733841831	0.6606	0.9512	0.310532101987552	0.5242	0.9634	0.427592236894758	0.941183420104125	0.929820119072059	0.7242	0.2934	0.362	0.563337520128825	0.5872	0.7306	0.391	0.8654	0.561715802171291	0.5392	0.238	0.289	0.87	0.9328	0.7494	0.841074874874875	0.847	0.8618	0.346699559471366	0.8582	0.8668	0.297063332666533	0.2526	0.635	0.8516	0.4314	0.9046	0.3904	0.470016359262229	0.6958	0.3432	0.2556	0.9526	0.941	0.9532	0.8824	0.911	0.8842	0.805	0.877681799591002	0.3422	0.314	0.871	0.3298	0.2736	0.327	0.303	0.7352	0.3288	0.694102360944378	0.83233290529695	0.5966	0.915582679077296	0.253962179487179	0.3072	0.5104	0.919954771451484	0.914127010226589	0.63	0.709847884499699	0.6698	0.8518	0.7816	0.8024	0.8566	0.364796796796797	0.324799039423654	0.896	0.633136347269454	0.9102	0.8168	0.2426	0.349	0.383	0.693	0.710388185312563	0.8268	0.8434	0.9052	0.8052	0.2932	0.8672	0.402	0.38694236149972	0.927566366366366	0.9036	0.310593678735747	0.741581519342553	0.3076645316253	0.428712449799197	0.682854807692308	0.3952	0.3134	0.8346	0.3214	0.6474	0.929969963956748	0.2556	0.3216	0.8994	0.316	0.2932	0.4762	0.6044	0.8736	0.2496	0.2604	0.886	0.6224	0.303	0.8166	0.311	0.8018	0.661222760969746	0.522769916886276	0.438	0.6534	0.719	0.2628	0.8538	0.91	0.2938	0.8442	0.6704	0.4394	0.68672979196122	0.272399319863973	0.3206	0.666996659287583	0.6774	0.4076	0.757	0.522	0.2824	0.6806	0.9472	0.6256	0.2974	0.516	0.9428	0.822	0.8874	0.8958	0.6016	0.5802	0.4594	0.827	0.2906	0.3392	0.3306	0.5964	0.5256	0.345	0.8262	0.2852	0.46080549273021	0.9574	0.9426	0.929688776541962	0.897903212688084	0.892227395026498	0.933383506805444	0.853743943943944	0	0.8612	0.5236	0.5094	0.2668	0.9558	0.8774	0.8866	0.8872	0.8442	0.734275834338561	0.3414	0.3446	0.922	0.907296873108735	0.8698	0.916351465798045	0.884163016446049	0.959748574893875	0.855524342765402	0.9016	0.8976	0.3834	0.9292	0.9304	0.273	0.306	0.4144	0.8864	0.2822	0.5182	0.92	0.6378	0.8396	0.312	0.336699799759712	0.8962	0.2894	0.314	0.8346	0.4566	0.596292211712618	0.6416	0.8338	0.8362	0.8678	0.8572	0.2662	0.882	0.895379503602882
SRR7146829	1	1	1	1	1	1	1	1	1	1	1	1	1	1	1	1	1	1	1	1	1	1	1	1	1	1	1	1	1	1	1	1	1	1	1	1	1	1	1	1	1	1	1	1	1	1	1	1	1	1	1	1	1	1	1	1	1	1	1	1	1	1	1	1	1	1	0.7034	0.9172	0.9346	0.9722	0.7914	0.5848	0.7542	0.6292	0.836	0.6376	0.84	0.8868	0.7462	0.8416	0.71577234597632	0.8164	0.792	0.98	0.9552	0.612	0.7236	0.9394	0.8322	0.8128	0.9214	0.93036016016016	0.9626	0.5744	0.9206	0.9788	0.8882	0.828	0.873	0.776	0.9292	0.786	0.792193318663733	0.922338804457954	0.822981934965877	0.8922	0.827	0.954735916482634	0.8366	0.9432	0.832956382553021	0.882712054465358	0.935182837199754	0.6454	0.9392	0.8206	0.871291787439613	0.6712	0.5772	0.7928	0.7506	0.695615199034982	0.4056	0.927	0.745	0.8196	0.8528	0.687	0.821181781781782	0.7634	0.8282	0.776450060072087	0.841	0.864	0.842976715343069	0.8884	0.774	0.8244	0.6756	0.8048	0.7756	0.746698155573376	0.717	0.9824	0.7632	0.818	0.8722	0.956	0.8462	0.8258	0.8088	0.8908	0.936056032719837	0.8852	0.938	0.968	0.9386	0.8566	0.817	0.949	0.8954	0.959	0.839967266906762	0.849426645264848	0.8492	0.846863860785107	0.856347115384615	0.712	0.7152	0.887719165998396	0.863589893723682	0.623	0.569105113294566	0.7826	0.8406	0.6118	0.9088	0.868	0.920961561561562	0.963993396037623	0.7172	0.871784396879376	0.968	0.7986	0.7846	0.6274	0.7174	0.5814	0.819158850900263	0.595	0.7732	0.8612	0.738	0.8972	0.7818	0.7776	0.895610072747622	0.865124124124124	0.804	0.92139023804761	0.840142473441572	0.69578190552442	0.915232128514056	0.837882371794872	0.9046	0.921	0.7654	0.8764	0.9084	0.924797356828194	0.8056	0.8034	0.925	0.9588	0.9306	0.7644	0.7778	0.7762	0.855	0.6694	0.7868	0.6994	0.79	0.8118	0.8056	0.8682	0.769283870967742	0.855859112102169	0.6856	0.8098	0.6104	0.8874	0.7792	0.9326	0.9392	0.8174	0.6358	0.8264	0.796716946071501	0.909196479295859	0.8086	0.747798068021735	0.633	0.6758	0.781	0.698	0.9476	0.6224	0.9092	0.914	0.9356	0.654	0.9172	0.8016	0.8366	0.8282	0.7902	0.6668	0.7034	0.7762	0.8642	0.706	0.8994	0.8878	0.7186	0.8016	0.9214	0.94	0.821697253634895	0.9278	0.9116	0.811030940343782	0.781619032126881	0.929528658785161	0.951397758206565	0.879187387387387	0.8612	0	0.6366	0.9618	0.8098	0.9314	0.8072	0.8084	0.7438	0.9072	0.889808685162847	0.9408	0.965	0.7462	0.834391809562235	0.8242	0.781541368078176	0.713080465302848	0.796694400646857	0.667253461770018	0.8688	0.7858	0.7364	0.9394	0.9206	0.9036	0.923	0.8626	0.9646	0.9244	0.9426	0.8162	0.8448	0.758	0.7028	0.720313336003204	0.6306	0.8752	0.7016	0.9206	0.8032	0.93506150130811	0.668	0.8602	0.7628	0.8634	0.7696	0.8536	0.8208	0.926398238590872
SRR7146831	1	1	1	1	1	1	1	1	1	1	1	1	1	1	1	1	1	1	1	1	1	1	1	1	1	1	1	1	1	1	1	1	1	1	1	1	1	1	1	1	1	1	1	1	1	1	1	1	1	1	1	1	1	1	1	1	1	1	1	1	1	1	1	1	1	1	0.8154	0.7726	0.6562	0.693	0.6828	0.6346	0.8612	0.4982	0.9262	0.5458	0.9178	0.8466	0.7376	0.6156	0.555432911900462	0.5776	0.5324	0.6904	0.6764	0.4952	0.3398	0.662	0.5842	0.4388	0.6308	0.670187787787788	0.6786	0.3732	0.7342	0.6882	0.4812	0.5362	0.6672	0.5264	0.6774	0.8916	0.630195959191838	0.802604255319149	0.778138980329185	0.6262	0.9256	0.668909215017065	0.562	0.938	0.638995678271309	0.883717100520625	0.930620119072059	0.5318	0.674	0.63	0.621225120772947	0.4662	0.575	0.6238	0.7878	0.522708403699236	0.3596	0.5834	0.5608	0.936	0.9328	0.727	0.85326966966967	0.9286	0.5646	0.596320704845815	0.937	0.947	0.619987957591518	0.628	0.6704	0.9106	0.586	0.8998	0.655	0.512596311146752	0.6268	0.6938	0.538	0.6894	0.926	0.9708	0.9448	0.9728	0.9112	0.7738	0.923524335378323	0.6764	0.6806	0.8588	0.6762	0.6038	0.5604	0.6552	0.7086	0.6684	0.670481072428972	0.832021829855538	0.6168	0.94502492917847	0.6298	0.5992	0.6	0.929560545308741	0.917674353318628	0.5218	0.733156647282936	0.6838	0.8872	0.8376	0.7448	0.852	0.641572372372373	0.69219963978387	0.8928	0.665798679735947	0.8668	0.7978	0.6018	0.491	0.3642	0.4766	0.717651749949424	0.6188	0.8672	0.9704	0.5548	0.6426	0.7854	0.3888	0.595805931729155	0.900128728728729	0.6334	0.680199839967994	0.825486029264382	0.508988470776621	0.684391164658635	0.745631730769231	0.654	0.6312	0.7818	0.6228	0.6914	0.96019759711654	0.5474	0.5634	0.9428	0.6888	0.613	0.6316	0.4036	0.9566	0.6436	0.5372	0.6484	0.3422	0.5198	0.8686	0.5072	0.792	0.700393909036265	0.683775552402189	0.6032	0.643	0.624	0.6284	0.76	0.9186	0.6746	0.8734	0.5704	0.6484	0.716199070894769	0.651996439287858	0.6192	0.583538216945059	0.4856	0.4474	0.616	0.5074	0.6416	0.5802	0.9352	0.6522	0.6642	0.319	0.962	0.9016	0.946	0.9418	0.5414	0.3686	0.3572	0.5746	0.64	0.3806	0.6446	0.5972	0.4964	0.6068	0.8894	0.6852	0.602878836833602	0.9806	0.9666	0.954499898887766	0.856145912972753	0.907831227068895	0.869932586068855	0.89375015015015	0.5236	0.6366	0	0.6758	0.6418	0.9726	0.9108	0.9254	0.8732	0.7574	0.806260152794531	0.6656	0.6864	0.9336	0.926102077869679	0.8714	0.931775895765472	0.744789009225832	0.9023207600566	0.908778928356412	0.9724	0.8902	0.4942	0.9498	0.9534	0.6102	0.6426	0.6508	0.8492	0.6476	0.6658	0.8268	0.6154	0.5576	0.4868	0.55367096515819	0.8786	0.6692	0.503	0.9036	0.5894	0.640712537733951	0.4786	0.9322	0.9094	0.9526	0.905	0.6398	0.9512	0.953979503602882
SRR7146832	1	1	1	1	1	1	1	1	1	1	1	1	1	1	1	1	1	1	1	1	1	1	1	1	1	1	1	1	1	1	1	1	1	1	1	1	1	1	1	1	1	1	1	1	1	1	1	1	1	1	1	1	1	1	1	1	1	1	1	1	1	1	1	1	1	1	0.8754	0.926	0.5192	0.526	0.5326	0.7012	0.893	0.5182	0.9692	0.6852	0.978	0.9624	0.8162	0.5098	0.672356050571945	0.9142	0.5158	0.5076	0.0138	0.4802	0.5432	0.2274	0.459	0.711	0.5214	0.504922122122122	0.5256	0.6574	0.8598	0.5248	0.5806	0.6628	0.5268	0.522	0.529	0.9448	0.576318983796759	0.922704356636272	0.863149096748294	0.7508	0.9786	0.528765669544268	0.5554	0.9782	0.4855868747499	0.977587985582699	0.970364401560255	0.7602	0.4394	0.5216	0.667356843800322	0.659	0.7978	0.5002	0.9	0.677024527543225	0.6434	0.515	0.5094	0.979	0.946	0.8006	0.899912912912913	0.9552	0.9134	0.516599519423308	0.985	0.9732	0.319759591918384	0.4978	0.6956	0.9328	0.5144	0.9458	0.5034	0.5266	0.7936	0.4082	0.5136	0.9584	0.983	0.9814	0.9698	0.9924	0.967	0.8396	0.936176278118609	0.5316	0.501	0.8842	0.526	0.4918	0.5248	0.5282	0.7642	0.52	0.572035534213685	0.907937399678973	0.6646	0.947220234722784	0.5268	0.5102	0.5784	0.973172574178027	0.963931702426309	0.7146	0.768041106877882	0.7232	0.9066	0.8348	0.8474	0.9564	0.528794194194194	0.510783430058035	0.9916	0.664134786957392	0.9858	0.8472	0.5148	0.4932	0.5124	0.8294	0.970222415537123	0.9296	0.9352	0.9902	0.8616	0.5162	0.9348	0.518	0.527	0.971988388388389	0.9724	0.498794478895779	0.717815273601924	0.504983987189752	0.221984738955823	0.562126923076923	0.521	0.4588	0.8548	0.5	0.7246	0.98599759711654	0.4988	0.5178	0.9684	0.5194	0.3552	0.5812	0.6454	0.9766	0.4986	0.5168	0.7954	0.5552	0.4876	0.6844	0.5258	0.8976	0.783450891604889	0.418739752685992	0.5354	0.6126	0.7882	0.4974	0.9226	0.9698	0.527	0.8964	0.725	0.5364	0.740597010704908	0.494394478895779	0.532	0.73407526665325	0.755	0.5192	0.8212	0.5306	0.4968	0.7442	0.9618	0.633	0.4116	0.5922	0.978	0.9194	0.9716	0.982	0.67	0.5686	0.5162	0.845	0.5114	0.5014	0.5074	0.7982	0.5402	0.5098	0.8868	0.4882	0.520358642972536	0.996	0.9812	0.981699898887765	0.960903212688085	0.921428128821851	0.991798238590873	0.908325525525526	0.5094	0.9618	0.6758	0	0.5212	0.9878	0.9704	0.9758	0.9722	0.934	0.794397426618416	0.5332	0.5234	0.974	0.932780149283841	0.984	0.963484690553746	0.910970316887285	0.983548574893875	0.914348223961469	0.9868	0.9696	0.5194	0.9588	0.9678	0.5176	0.5062	0.5202	0.9594	0.5166	0.5244	0.9708	0.698	0.9218	0.518	0.464338005606728	0.9466	0.5236	0.5172	0.901	0.4312	0.674099698128396	0.7418	0.9724	0.942	0.9808	0.97	0.493	0.973	0.962979503602882
SRR7146833	1	1	1	1	1	1	1	1	1	1	1	1	1	1	1	1	1	1	1	1	1	1	1	1	1	1	1	1	1	1	1	1	1	1	1	1	1	1	1	1	1	1	1	1	1	1	1	1	1	1	1	1	1	1	1	1	1	1	1	1	1	1	1	1	1	1	0.8262	0.895	0.2452	0.2862	0.4138	0.5588	0.7702	0.357	0.8008	0.6244	0.8832	0.8968	0.6182	0.3014	0.513649006622516	0.9084	0.242	0.292	0.5194	0.3778	0.4924	0.3896	0.225	0.6944	0.3154	0.610265665665666	0.2778	0.4802	0.8218	0.2904	0.521	0.6278	0.1962	0.2002	0.257	0.7248	0.507119583916783	0.899030395136778	0.81173825772782	0.7372	0.915	0.278361855049187	0.5138	0.9512	0.416395118047219	0.938569963956748	0.928204229111065	0.6768	0.2634	0.2948	0.648532367149759	0.6378	0.7026	0.3274	0.823	0.516674628065943	0.5206	0.2954	0.2346	0.8284	0.9106	0.7182	0.840712512512513	0.7482	0.9076	0.286250540648778	0.8774	0.8344	0.288870734146829	0.2346	0.5774	0.7434	0.4178	0.891	0.3802	0.364241700080192	0.7158	0.2944	0.2	0.9432	0.9198	0.9094	0.7818	0.8028	0.75	0.7746	0.911232310838446	0.2578	0.2538	0.947	0.2496	0.2162	0.2426	0.2648	0.7086	0.2708	0.676703081232493	0.844500802568218	0.5182	0.904201456900041	0.182074038461538	0.2132	0.5092	0.916525421010425	0.892531702426308	0.59	0.71763120112292	0.6618	0.8614	0.783	0.8112	0.905	0.360169369369369	0.277593155893536	0.9362	0.623135627125425	0.9398	0.7716	0.1252	0.3526	0.3662	0.6908	0.807432004855351	0.8324	0.7804	0.8156	0.8206	0.2198	0.865	0.38	0.423378735310576	0.917587387387387	0.9598	0.215992438487698	0.762594748446583	0.269285348278623	0.454124497991968	0.69980608974359	0.4298	0.274	0.803	0.3362	0.688	0.94739759711654	0.2106	0.2908	0.9282	0.2726	0.3378	0.378	0.6016	0.731	0.1668	0.224	0.921	0.6516	0.2506	0.8156	0.2972	0.7492	0.540153876978562	0.535829677680924	0.4114	0.6274	0.719	0.237	0.8638	0.924	0.2664	0.8408	0.6536	0.3982	0.668575237325793	0.242195279055811	0.2772	0.654728919299658	0.7038	0.406	0.7626	0.4794	0.2714	0.6598	0.914	0.681	0.2626	0.536	0.7954	0.6926	0.7718	0.792	0.6054	0.5256	0.4412	0.8318	0.2064	0.388	0.2338	0.7234	0.4614	0.3288	0.8678	0.2708	0.444755411954765	0.81	0.8008	0.929888776541962	0.907396421309476	0.877959885854056	0.964598238590873	0.876546946946947	0.2668	0.8098	0.6418	0.5212	0	0.8126	0.7776	0.764	0.759	0.9264	0.764014153598713	0.2638	0.2778	0.9136	0.892267379463385	0.9176	0.878888273615635	0.832170316887284	0.926157145744896	0.866355047160345	0.7988	0.7772	0.3448	0.9252	0.9442	0.2688	0.239	0.387	0.955	0.2536	0.4864	0.9204	0.6296	0.8776	0.2936	0.297488746495795	0.923	0.1694	0.2634	0.8762	0.4648	0.66656832360636	0.6184	0.839	0.7628	0.8842	0.7612	0.2346	0.7852	0.919976461168935
SRR7146834	1	1	1	1	1	1	1	1	1	1	1	1	1	1	1	1	1	1	1	1	1	1	1	1	1	1	1	1	1	1	1	1	1	1	1	1	1	1	1	1	1	1	1	1	1	1	1	1	1	1	1	1	1	1	1	1	1	1	1	1	1	1	1	1	1	1	0.9734	0.9918	0.9854	0.9918	0.9426	0.8078	0.9496	0.9698	0.7908	0.8288	0.9464	0.9474	0.8472	0.8796	0.689402127232591	0.9916	0.9648	0.9912	0.988	0.9564	0.9888	0.927	0.984	0.9918	0.7932	0.944953153153153	0.984	0.8978	0.9534	0.9918	0.9218	0.8934	0.9288	0.9142	0.9802	0.7246	0.885978835767153	0.985923606889564	0.988789160979526	0.9918	0.8468	0.99019389680787	0.8112	0.7516	0.8933606242497	0.7522	0.909270745226853	0.8694	0.9858	0.9502	0.9918	0.975	0.9584	0.848	0.9348	0.818096743063932	0.9438	0.9896	0.8592	0.8564	0.9918	0.8792	0.755163363363363	0.7618	0.9918	0.897091870244293	0.9316	0.8884	0.984398519703941	0.9908	0.9376	0.7612	0.911	0.9906	0.9918	0.878327666399359	0.952	0.9914	0.9606	0.9912	0.7506	0.6106	0.6376	0.711	0.7154	0.7476	0.988119018404908	0.9882	0.9916	0.9918	0.9918	0.9508	0.9918	0.986	0.8514	0.9884	0.774112925170068	0.9918	0.7902	0.9918	0.931510897435898	0.9042	0.9792	0.7522	0.9918	0.844	0.985984880689794	0.9554	0.7522	0.911	0.9284	0.9918	0.986794994994995	0.9918	0.6246	0.989799599919984	0.6184	0.811	0.8836	0.9538	0.9508	0.8306	0.811952579405219	0.9526	0.7142	0.791	0.968	0.9384	0.9776	0.9362	0.808688528259653	0.753593193193193	0.99	0.931387917583517	0.961332972539587	0.962376461168935	0.991599196787148	0.935910576923077	0.9906	0.9878	0.8388	0.9734	0.8924	0.758798077693232	0.9236	0.8124	0.7522	0.9918	0.9918	0.8332	0.9528	0.6974	0.9218	0.9552	0.9888	0.9694	0.99	0.9426	0.9846	0.8834	0.768005449809657	0.99058370160146	0.9266	0.7154	0.9918	0.9802	0.9746	0.9556	0.9918	0.9854	0.9902	0.8842	0.7522	0.973196279255851	0.9918	0.904055987120145	0.9918	0.9706	0.9918	0.9916	0.9894	0.9594	0.7522	0.9912	0.9904	0.9892	0.056	0.5932	0.7288	0.79	0.9918	0.9146	0.9566	0.9918	0.9812	0.983	0.9876	0.9142	0.9198	0.923	0.9884	0.9918	0.967971243941841	0.0722	0.083	0.9918	0.868172509150061	0.87928471259682	0.777622097678142	0.7522	0.9558	0.9314	0.9726	0.9878	0.8126	0	0.765	0.7452	0.69	0.9918	0.990794772818657	0.939	0.9906	0.9786	0.985142747629615	0.9932	0.936018241042345	0.816509185720016	0.756357145744896	0.991197953040337	0.5922	0.848	0.9056	0.962	0.9824	0.9918	0.9578	0.9174	0.982	0.9906	0.9838	0.7374	0.904	0.982	0.9812	0.858239727673208	0.9318	0.9006	0.9918	0.9858	0.9048	0.949739223183739	0.9142	0.8992	0.7818	0.9482	0.8136	0.8812	0.7952	0.840879263410729
SRR7146835	1	1	1	1	1	1	1	1	1	1	1	1	1	1	1	1	1	1	1	1	1	1	1	1	1	1	1	1	1	1	1	1	1	1	1	1	1	1	1	1	1	1	1	1	1	1	1	1	1	1	1	1	1	1	1	1	1	1	1	1	1	1	1	1	1	1	0.7428	0.925	0.9566	0.9572	0.9674	0.7748	0.8692	0.9176	0.3648	0.8494	0.8322	0.8924	0.7362	0.916800000000001	0.770729961870359	0.9614	0.9566	0.9766	0.9706	0.8798	0.9308	0.9648	0.9242	0.9536	0.9584	0.958578378378378	0.9064	0.821	0.9442	0.9764	0.9368	0.9466	0.88	0.8508	0.951	0.21	0.941996719343869	0.848910233029382	0.840708229626656	0.895	0.9614	0.871123710098374	0.9526	0.9666	0.935183833533413	0.906909411293552	0.838328597823856	0.922	0.9674	0.94	0.856962962962963	0.917	0.818	0.6158	0.9372	0.741205790108565	0.835	0.9408	0.7234	0.702	0.963	0.9232	0.913946146146146	0.337	0.9582	0.827668081698038	0.8092	0.7996	0.946995839167833	0.9218	0.8896	0.2488	0.8662	0.9566	0.9154	0.766826784282278	0.8746	0.979	0.8548	0.9614	0.9418	0.89	0.4548	0.2898	0.2056	0.873	0.843334560327198	0.9722	0.9638	0.872	0.9704	0.9204	0.9598	0.959	0.955	0.9706	0.844559743897559	0.815669020866774	0.809	0.846487333063537	0.832570833333333	0.7798	0.8786	0.903594065757819	0.912635773009825	0.865	0.803207940645679	0.9416	0.7906	0.7878	0.9606	0.905	0.896716516516517	0.955184510706424	0.8362	0.956396199239848	0.9036	0.9528	0.777	0.8728	0.8712	0.67	0.586190370220514	0.8658	0.4386	0.319	0.9234	0.8902	0.9114	0.9378	0.878512926692781	0.926362562562563	0.9556	0.958795719143829	0.636577751052315	0.926381104883907	0.843266666666667	0.873259935897436	0.925	0.9616	0.9546	0.8926	0.8442	0.973369483380056	0.8832	0.9376	0.9472	0.964	0.952	0.743	0.9148	0.3196	0.8396	0.8806	0.9466	0.9246	0.933	0.7958	0.9426	0.7688	0.577637026647966	0.848234299614839	0.832	0.7988	0.8428	0.9318	0.8798	0.9436	0.9616	0.8356	0.8854	0.7736	0.856077358109473	0.915388437687538	0.853	0.817970416582814	0.8668	0.8536	0.9188	0.9426	0.9362	0.9306	0.965	0.9202	0.9432	0.8668	0.7422	0.3298	0.3036	0.221	0.9176	0.9268	0.901	0.9522	0.9376	0.9196	0.9432	0.923	0.9322	0.7816	0.8706	0.9548	0.807282067851373	0.7662	0.755	0.863673205257836	0.800576413176088	0.85	0.925744755804644	0.815445045045045	0.8774	0.8072	0.9108	0.9704	0.7776	0.765	0	0.1482	0.2284	0.9446	0.859572738238842	0.9638	0.9744	0.9678	0.867746701634053	0.896	0.82650358306189	0.831722503008424	0.857948574893875	0.837712663054385	0.2764	0.665	0.9328	0.8762	0.9606	0.9458	0.9522	0.964	0.9622	0.9536	0.9616	0.917	0.9114	0.9544	0.9282	0.821262795354425	0.9276	0.7772	0.96	0.8632	0.794	0.83191426846448	0.8154	0.7708	0.3932	0.8542	0.3382	0.7444	0.3128	0.838994395516413
SRR7146836	1	1	1	1	1	1	1	1	1	1	1	1	1	1	1	1	1	1	1	1	1	1	1	1	1	1	1	1	1	1	1	1	1	1	1	1	1	1	1	1	1	1	1	1	1	1	1	1	1	1	1	1	1	1	1	1	1	1	1	1	1	1	1	1	1	1	0.7514	0.9486	0.9588	0.9656	0.9636	0.7686	0.8732	0.935	0.2814	0.8536	0.833	0.9024	0.7398	0.9116	0.784855508729681	0.975	0.956	0.9886	0.9762	0.8838	0.9558	0.9618	0.946	0.9684	0.961	0.956180380380381	0.9316	0.8352	0.9514	0.9872	0.9466	0.9406	0.8846	0.8874	0.9602	0.1622	0.944996679335867	0.87648672745694	0.878371095945403	0.9096	0.9504	0.884329813290504	0.9596	0.9602	0.931784153661465	0.909125991189427	0.864639827550811	0.9344	0.9702	0.9412	0.873010628019324	0.9118	0.8554	0.6184	0.9352	0.753862243667069	0.8472	0.9618	0.7254	0.6788	0.9798	0.927	0.909348148148148	0.3664	0.9724	0.837471445734882	0.8022	0.7926	0.951194598919784	0.9512	0.8942	0.263	0.8704	0.971	0.9366	0.782607056936648	0.8988	0.991	0.8778	0.9754	0.9392	0.9074	0.4788	0.1948	0.2336	0.8818	0.87720654396728	0.9842	0.9728	0.9062	0.9764	0.9366	0.9754	0.973	0.9564	0.9768	0.855959743897559	0.85211974317817	0.8174	0.88108968029138	0.847174038461538	0.798	0.8744	0.905230633520449	0.929702506516944	0.8708	0.813497092440345	0.9432	0.7848	0.7836	0.9664	0.928	0.906113313313313	0.96898475085051	0.8424	0.973396799359872	0.9222	0.9562	0.775	0.8756	0.8876	0.6888	0.596468784139187	0.8844	0.3518	0.3172	0.9316	0.893	0.9374	0.9378	0.891177616116396	0.929173373373373	0.9748	0.956795879175835	0.684174223291241	0.939187830264211	0.860513253012048	0.880666346153846	0.9414	0.9718	0.9512	0.9122	0.8594	0.957969963956748	0.8892	0.946	0.9404	0.975	0.9628	0.7412	0.9244	0.2218	0.8476	0.8956	0.9638	0.9308	0.9534	0.806	0.9544	0.7796	0.57837587657784	0.881137522805595	0.8482	0.805	0.893	0.9436	0.9066	0.9414	0.9708	0.865	0.9062	0.774	0.871459462734801	0.918988637727545	0.8864	0.82544902394848	0.8826	0.8736	0.949	0.9648	0.9464	0.9402	0.967	0.9412	0.951	0.8984	0.7322	0.2876	0.3192	0.1834	0.9552	0.9356	0.9106	0.9618	0.9462	0.948	0.9562	0.9232	0.9432	0.813	0.883	0.9626	0.835118901453958	0.7438	0.7356	0.884988877654196	0.816346563643758	0.8778	0.922749079263411	0.822846246246246	0.8866	0.8084	0.9254	0.9758	0.764	0.7452	0.1482	0	0.2668	0.9612	0.866380056292722	0.9694	0.9862	0.9626	0.874541496873109	0.9052	0.839076872964169	0.853971359807461	0.868129290479078	0.853533132651013	0.2558	0.671	0.9448	0.8834	0.9498	0.9556	0.9534	0.9612	0.9666	0.9626	0.9664	0.9178	0.9228	0.9604	0.9394	0.834667601121346	0.9296	0.7784	0.9736	0.8726	0.7976	0.858635298852888	0.8166	0.7736	0.3374	0.8382	0.3706	0.7558	0.3498	0.865796957566053
SRR7146837	1	1	1	1	1	1	1	1	1	1	1	1	1	1	1	1	1	1	1	1	1	1	1	1	1	1	1	1	1	1	1	1	1	1	1	1	1	1	1	1	1	1	1	1	1	1	1	1	1	1	1	1	1	1	1	1	1	1	1	1	1	1	1	1	1	1	0.7112	0.9352	0.9488	0.9562	0.9274	0.6878	0.8534	0.8776	0.4882	0.7394	0.8118	0.8926	0.6722	0.8416	0.74640766606462	0.977	0.9428	0.9804	0.9708	0.808	0.9356	0.913	0.9068	0.9696	0.8952	0.915536336336336	0.8912	0.7702	0.9238	0.9798	0.8824	0.881	0.8762	0.9024	0.9518	0.2924	0.865993438687738	0.907615602836879	0.927755198715375	0.9332	0.8588	0.924571009837382	0.8698	0.8772	0.862184553821528	0.843750260312375	0.848890659002258	0.8086	0.963	0.91	0.918460869565217	0.882	0.7772	0.6078	0.8848	0.685434418978689	0.7958	0.9616	0.7256	0.6852	0.9508	0.844	0.853386586586587	0.339	0.9752	0.779360192230677	0.7966	0.7882	0.952994478895779	0.934	0.8856	0.2768	0.7898	0.9436	0.911	0.742594065757819	0.831	0.9814	0.8804	0.9774	0.842	0.9144	0.5112	0.3594	0.285	0.8122	0.916273619631901	0.9756	0.9672	0.9252	0.9686	0.8998	0.963	0.9576	0.87	0.9702	0.718535254101641	0.854772712680578	0.7198	0.929294374747066	0.821176602564103	0.748	0.867	0.830352846832398	0.896437858431923	0.7488	0.82522430318829	0.8922	0.6898	0.7174	0.8758	0.94	0.919574974974975	0.959784870922554	0.8684	0.938395919183836	0.931	0.8726	0.7672	0.8056	0.883	0.6242	0.603748856969452	0.8736	0.425	0.4326	0.9158	0.897	0.8788	0.9166	0.84109490766648	0.804306906906907	0.9778	0.909786117223445	0.641609941872119	0.864562369895917	0.890183935742972	0.857868269230769	0.9382	0.9708	0.8858	0.8848	0.8238	0.89217164597517	0.8354	0.8346	0.87	0.9662	0.953	0.7132	0.9254	0.3206	0.8456	0.8954	0.9624	0.8818	0.9366	0.7774	0.9562	0.773	0.61250591063915	0.925807135617271	0.8072	0.657	0.7956	0.9442	0.8542	0.9252	0.962	0.916	0.8606	0.7556	0.844227792365179	0.899784916983397	0.9306	0.76962853692896	0.9322	0.8402	0.9464	0.904	0.937	0.8638	0.8796	0.9194	0.9446	0.861	0.6702	0.342	0.4092	0.3178	0.9022	0.8478	0.8608	0.9602	0.935	0.9036	0.9448	0.8538	0.8612	0.7352	0.9208	0.9536	0.830421001615509	0.6912	0.679	0.937288776541962	0.788176331842212	0.84	0.859994555644516	0.735503903903904	0.8872	0.7438	0.8732	0.9722	0.759	0.69	0.2284	0.2668	0	0.9686	0.880306232408524	0.9072	0.9812	0.9426	0.927490700020174	0.9094	0.853177524429968	0.775735980746089	0.860462866383667	0.860552919927754	0.3404	0.6176	0.8266	0.8926	0.9382	0.926	0.9298	0.8968	0.9654	0.9484	0.9594	0.8322	0.8124	0.9616	0.9398	0.758629395274329	0.8626	0.7696	0.9728	0.9104	0.7676	0.884061863554035	0.7952	0.793	0.4138	0.8294	0.36	0.7346	0.3316	0.841785268214571
SRR7146838	1	1	1	1	1	1	1	1	1	1	1	1	1	1	1	1	1	1	1	1	1	1	1	1	1	1	1	1	1	1	1	1	1	1	1	1	1	1	1	1	1	1	1	1	1	1	1	1	1	1	1	1	1	1	1	1	1	1	1	1	1	1	1	1	1	1	0.848	0.497	0.924	0.934	0.9204	0.9272	0.9322	0.9334	0.9646	0.883	0.9562	0.6592	0.858	0.8894	0.863183624322697	0.794	0.8714	0.9418	0.9336	0.9218	0.834	0.9236	0.9008	0.8788	0.8958	0.926992192192192	0.9364	0.8298	0.5304	0.9388	0.6228	0.8616	0.9366	0.8406	0.9386	0.944	0.906795159031806	0.581749341438703	0.747209634684866	0.8018	0.9498	0.917513792411163	0.8712	0.9732	0.914393357342937	0.92993007609131	0.96404257852597	0.8496	0.9214	0.9116	0.856332367149759	0.7608	0.8622	0.9184	0.8686	0.858450824286289	0.8554	0.7126	0.867	0.9822	0.93	0.8702	0.900568168168168	0.9588	0.5198	0.912779815778935	0.9532	0.9418	0.887391278255651	0.835	0.9276	0.9326	0.9256	0.9354	0.9222	0.924387489975942	0.6702	0.9442	0.7938	0.8982	0.9654	0.9738	0.9606	0.9894	0.9612	0.913	0.931150511247444	0.9368	0.9274	0.7346	0.9254	0.867	0.873	0.9192	0.933	0.9186	0.927597679071629	0.927595505617978	0.9298	0.9406484014569	0.912570512820513	0.9318	0.8658	0.967362951082598	0.95613065971526	0.88	0.928998435933427	0.9274	0.9304	0.931	0.855	0.4776	0.931196196196196	0.93579963978387	0.8084	0.930998959791958	0.8534	0.928	0.8764	0.9234	0.8622	0.7084	0.710309852316407	0.8676	0.907	0.9872	0.8684	0.9232	0.8096	0.847	0.86932714045887	0.975588988988989	0.6176	0.930199839967993	0.896332531569453	0.912590712570056	0.932591164658634	0.913371794871795	0.896	0.885	0.872	0.927	0.907	0.98599759711654	0.912	0.8994	0.9204	0.9348	0.8776	0.9102	0.879	0.972	0.9152	0.867	0.8742	0.8268	0.8756	0.9284	0.8656	0.649	0.916184131436586	0.929175552402189	0.9258	0.9228	0.92	0.8926	0.9118	0.928	0.9186	0.901	0.9236	0.9088	0.930192082407594	0.916596639327866	0.8742	0.850315153954518	0.8542	0.7654	0.4436	0.9284	0.8888	0.892	0.9624	0.917	0.9162	0.7744	0.9812	0.927	0.965	0.9718	0.5504	0.8734	0.8636	0.8684	0.9276	0.7654	0.9298	0.5996	0.8738	0.9108	0.9228	0.9302	0.893458804523425	1	0.9872	0.975099898887765	0.902266531110208	0.931	0.908331945556445	0.934750550550551	0.8442	0.9072	0.7574	0.934	0.9264	0.9918	0.9446	0.9612	0.9686	0	0.922986409328508	0.9392	0.936	0.965	0.926503812789994	0.7248	0.952848208469055	0.92396911351785	0.93057432787548	0.931	0.9888	0.966	0.9228	0.9502	0.9722	0.8622	0.9188	0.9132	0.5528	0.9202	0.9352	0.9106	0.9164	0.7892	0.8776	0.869127432919503	0.786	0.9394	0.8732	0.9228	0.8974	0.754918212920104	0.8482	0.9212	0.9398	0.969	0.9626	0.9246	0.9604	0.920153722978383
SRR7146839	1	1	1	1	1	1	1	1	1	1	1	1	1	1	1	1	1	1	1	1	1	1	1	1	1	1	1	1	1	1	1	1	1	1	1	1	1	1	1	1	1	1	1	1	1	1	1	1	1	1	1	1	1	1	1	1	1	1	1	1	1	1	1	1	1	1	0.697034740651387	0.799580136710897	0.793019380780056	0.796921833534379	0.814282106956172	0.706468837957378	0.782550462404503	0.737214153598713	0.867495054282268	0.574478568556494	0.826476558102131	0.93718536389224	0.598614877362284	0.67833952553277	0.700884696750617	0.910595818254926	0.761330197024527	0.805545878568557	0.786200562927222	0.739447929232006	0.803606835544833	0.792200562927221	0.776074065138721	0.81529883393647	0.818734378769602	0.419598850961939	0.810945878568557	0.750414153598713	0.712174909529554	0.822145878568556	0.785467470848412	0.814145878568556	0.709607478890229	0.776936469642139	0.718207478890229	0.837708323281061	0.770843432860275	0.824362795961492	0.704604691081702	0.653381342983514	0.94832577402493	0.746297611664171	0.738249698431846	0.955970727784479	0.744265136694002	0.91002689355091	0.890926556546103	0.754773381584238	0.741397426618416	0.788007880981102	0.680474214708756	0.609642380377965	0.773614153598713	0.636038841978287	0.872535182951347	0.61178126256534	0.732552472858866	0.729138560514677	0.740374427020507	0.82183264977885	0.871429915560917	0.76292577402493	0.835758919353612	0.807637876960193	0.909795818254926	0.737719682597807	0.82644728588661	0.890662002412545	0.74934363631874	0.709608926417371	0.759690470446321	0.834083554483313	0.685583835946924	0.818802010454363	0.744199517490953	0.710170916028787	0.638537836751106	0.803400562927222	0.760288379573783	0.951152955367913	0.932532046642541	0.964973864093285	0.873374185765983	0.934196139927624	0.861780056292722	0.750394049055087	0.759272881560803	0.813898833936469	0.77609883393647	0.713637233614797	0.797698833936469	0.735926336952151	0.75449883393647	0.777937515078408	0.707133252915159	0.80889883393647	0.633873573554874	0.728928711805401	0.778002653799759	0.853052546654176	0.760009501329993	0.765414153598713	0.655171290711701	0.854206186524377	0.749876095217892	0.590226618415762	0.600751015769267	0.675959388821874	0.824950140731805	0.699764374748693	0.802388500201046	0.845521592279855	0.737313187735383	0.773667014845015	0.90086618415762	0.658781776459836	0.976329955770004	0.800497547245677	0.764145154804986	0.757996381182147	0.781011017289908	0.694996139927624	0.897888970044596	0.7954041013269	0.841471411338962	0.890430237233615	0.746132046642541	0.809314515480499	0.902264093285083	0.802086288701247	0.6913301152563	0.843127204405853	0.904983273019702	0.767270864707722	0.699666044550121	0.757555058924502	0.681774383420291	0.619770160604373	0.691409971853639	0.658200562927222	0.838894410936872	0.608928025733816	0.629796622436671	0.852735949001287	0.684313389626055	0.757019380780056	0.841639646160032	0.793740651387214	0.684643345396059	0.667264977885002	0.810540651387214	0.863981503819863	0.750737515078408	0.773824607961399	0.879849457177322	0.725321109770808	0.742914837153197	0.63972078809811	0.691737515078408	0.845669320466425	0.653542157951059	0.670288215118372	0.698385926819461	0.636882026537998	0.742619380780056	0.677009569762766	0.69376895858464	0.475183996783273	0.699612706071572	0.804153598713309	0.706185926819461	0.746632971451548	0.708129902233688	0.65609285910258	0.751740249296341	0.620813539319737	0.705130840369924	0.697975472456775	0.794069320466426	0.80141624447125	0.769924969843185	0.725012062726176	0.935921592279855	0.640049618013671	0.75412006433454	0.690593244873341	0.980194772818657	0.813777322074789	0.88207832730197	0.857772738238842	0.756005790108564	0.776407880981102	0.752346200241254	0.8304	0.748615199034982	0.752354563731403	0.788819380780056	0.753864334539606	0.790419380780056	0.647663289103337	0.43563264977885	0.673067390430237	0.691430170326733	0.994794772818657	0.976794772818657	0.844563621631269	0.779099385123095	0.845601940526941	0.926279986594825	0.711011131759021	0.734275834338561	0.889808685162847	0.806260152794531	0.794397426618416	0.764014153598713	0.990794772818657	0.859572738238842	0.866380056292722	0.880306232408524	0.922986409328508	0	0.820534378769602	0.81969883393647	0.885937273823884	0.856641219838419	0.799414877362284	0.852375430414049	0.818255651408987	0.90285884415821	0.785704204911899	0.890324326497788	0.909730277442702	0.795415199034982	0.396400321672698	0.427567269802975	0.682677925211098	0.788145878568556	0.56469883393647	0.528386409328508	0.68677716123844	0.502419380780056	0.940929955770004	0.697109207880981	0.915145637314033	0.789237153196622	0.699550840179909	0.914905910735826	0.773424607961399	0.794095697627664	0.4475876960193	0.63127511057499	0.703210002538457	0.688121109770808	0.812631684760756	0.798883876156011	0.822836509851226	0.822948693204664	0.712985926819461	0.869220828307197	0.78981979310831
SRR7146840	1	1	1	1	1	1	1	1	1	1	1	1	1	1	1	1	1	1	1	1	1	1	1	1	1	1	1	1	1	1	1	1	1	1	1	1	1	1	1	1	1	1	1	1	1	1	1	1	1	1	1	1	1	1	1	1	1	1	1	1	1	1	1	1	1	1	0.7778	0.9196	0.183	0.1834	0.4236	0.6174	0.8824	0.4384	0.9318	0.668	0.872	0.923	0.7618	0.349	0.609499418021272	0.9232	0.226	0.1932	0.5384	0.4388	0.5532	0.3772	0.2166	0.7184	0.2928	0.605807207207207	0.2746	0.626	0.8216	0.1942	0.5486	0.6222	0.2766	0.2956	0.1914	0.927	0.45330874174835	0.918304356636272	0.862949096748294	0.657	0.8098	0.150874121662317	0.412	0.8194	0.316388555422169	0.810784621545855	0.845074769041265	0.5966	0.1788	0.348	0.63854267310789	0.6548	0.7974	0.4948	0.81	0.625794209891436	0.64	0.3244	0.3738	0.8708	0.9316	0.77	0.826512512512513	0.9162	0.9154	0.389283460152183	0.985	0.9682	0.319666053210642	0.243	0.7034	0.9172	0.451	0.8394	0.4246	0.475385565356856	0.7474	0.1942	0.3052	0.967	0.8022	0.981	0.9684	0.9778	0.926	0.673	0.931776278118609	0.1894	0.181	0.9516	0.191	0.2476	0.2246	0.1916	0.7064	0.1842	0.695900200080032	0.824881219903692	0.4984	0.938904734925131	0.235597115384615	0.3872	0.5774	0.803905693664796	0.94268165229597	0.6632	0.74336551032685	0.6114	0.7612	0.7748	0.7472	0.9536	0.298803003003003	0.184399759855914	0.9834	0.657136107221444	0.9898	0.7226	0.2836	0.4244	0.4656	0.849	0.89207776653854	0.9218	0.8872	0.9812	0.7906	0.184	0.9338	0.4178	0.356877672076105	0.91478018018018	0.9862	0.127786957391478	0.84108691120465	0.316863410728583	0.479186345381526	0.682429807692308	0.4752	0.2786	0.7384	0.4004	0.6812	0.85650532639167	0.3024	0.3168	0.89	0.1834	0.3604	0.57	0.6508	0.9284	0.175	0.326	0.9308	0.6976	0.2586	0.9242	0.326	0.8862	0.712505910639151	0.581161767687006	0.5472	0.6898	0.7842	0.2538	0.9246	0.9558	0.1824	0.899	0.7176	0.503	0.655064471823874	0.232048889777956	0.3128	0.674385429663916	0.7554	0.4778	0.828	0.4986	0.1796	0.721	0.8114	0.5986	0.1852	0.6046	0.9284	0.8706	0.9476	0.9634	0.6744	0.5566	0.5044	0.8526	0.1708	0.4524	0.1878	0.7374	0.5024	0.4032	0.8872	0.2342	0.508199676898223	0.947	0.9352	0.915219413549039	0.911703212688085	0.873631227068895	0.82099679743795	0.800509309309309	0.3414	0.9408	0.6656	0.5332	0.2638	0.939	0.9638	0.9694	0.9072	0.9392	0.820534378769602	0	0.194	0.9264	0.927477788985273	0.944	0.876519218241042	0.80850348977136	0.867273620375985	0.901303873168774	0.9704	0.8258	0.3344	0.9204	0.957	0.3192	0.1618	0.4072	0.9638	0.1722	0.5182	0.7978	0.6566	0.9286	0.3378	0.384741369643572	0.8268	0.2664	0.3166	0.8954	0.5246	0.66620487019521	0.7182	0.9732	0.9282	0.975	0.9276	0.3552	0.9454	0.889779503602882
SRR7146841	1	1	1	1	1	1	1	1	1	1	1	1	1	1	1	1	1	1	1	1	1	1	1	1	1	1	1	1	1	1	1	1	1	1	1	1	1	1	1	1	1	1	1	1	1	1	1	1	1	1	1	1	1	1	1	1	1	1	1	1	1	1	1	1	1	1	0.8876	0.934	0.0598	0.037	0.4716	0.7116	0.893	0.4404	0.9774	0.759	0.9778	0.9668	0.8162	0.3846	0.671956050571945	0.9142	0.2426	0.0264	0.5266	0.4606	0.5338	0.4156	0.197	0.7028	0.3376	0.645062862862863	0.2764	0.657	0.8692	0.0248	0.584	0.6724	0.2768	0.2928	0.1552	0.9536	0.575319063812762	0.928514893617021	0.859749096748294	0.7616	0.976	0.176682031720538	0.5584	0.9818	0.471598399359744	0.979982939527433	0.973764401560255	0.7602	0.159	0.3726	0.675338808373591	0.6764	0.797	0.5154	0.899	0.679442299959791	0.646	0.319	0.3672	0.9908	0.9388	0.8122	0.895914114114114	0.9684	0.913	0.43074329195034	0.995	0.9852	0.337472374474895	0.2626	0.6964	0.9404	0.5166	0.9406	0.441	0.523095268644747	0.7944	0.1276	0.2908	0.949	0.9764	0.9808	0.9652	0.9984	0.9746	0.8372	0.941176278118609	0.1028	0.0584	0.9554	0.042	0.2844	0.2112	0.0894	0.765	0.0462	0.757306202480992	0.904744462279294	0.6726	0.937857790368272	0.277047756410256	0.3706	0.5818	0.972572574178027	0.958331702426308	0.7282	0.776828072989773	0.7308	0.923	0.8402	0.847	0.949	0.390792792792793	0.0484319391634981	0.9954	0.671338347669534	0.9892	0.8452	0.291	0.4322	0.4556	0.8516	0.976020109245398	0.9346	0.9534	0.9962	0.873	0.1216	0.9286	0.4382	0.487926245103526	0.984787987987988	0.9786	0.124228845769154	0.834882060533173	0.349896236989592	0.479988755020081	0.772068269230769	0.4648	0.2576	0.8602	0.3942	0.7372	0.995198077693232	0.3162	0.3524	0.9784	0.0392	0.3586	0.583	0.6516	0.9762	0.1738	0.3176	0.9234	0.711	0.249	0.9256	0.318	0.8996	0.784050891604889	0.583092154875329	0.5556	0.7504	0.783	0.2366	0.9318	0.9764	0.151	0.891	0.7184	0.547	0.740812845889719	0.250052610522104	0.3068	0.737928919299658	0.752	0.493	0.8162	0.5272	0.1504	0.7452	0.9624	0.691	0.1746	0.598	0.9804	0.9268	0.9786	0.991	0.667	0.5848	0.515	0.8474	0.1288	0.4376	0.087	0.7968	0.5394	0.4456	0.899	0.231	0.528680775444265	0.9978	0.987	0.974899898887765	0.968213176087841	0.919631227068895	0.996798238590873	0.939746946946947	0.3446	0.965	0.6864	0.5234	0.2778	0.9906	0.9744	0.9862	0.9812	0.936	0.81969883393647	0.194	0	0.9734	0.931785354044785	0.9786	0.962288273615635	0.904773124749298	0.977757145744896	0.915578928356412	0.994	0.9646	0.3984	0.9684	0.9738	0.3004	0.1748	0.4524	0.966	0.1798	0.4998	0.9816	0.708	0.9182	0.3254	0.437957228674409	0.9634	0.2584	0.3	0.9118	0.5894	0.706053169651842	0.746	0.9822	0.9536	0.9918	0.9816	0.3816	0.9794	0.971579503602882
SRR7146843	1	1	1	1	1	1	1	1	1	1	1	1	1	1	1	1	1	1	1	1	1	1	1	1	1	1	1	1	1	1	1	1	1	1	1	1	1	1	1	1	1	1	1	1	1	1	1	1	1	1	1	1	1	1	1	1	1	1	1	1	1	1	1	1	1	1	0.8366	0.8758	0.9492	0.974	0.7338	0.874	0.805	0.7886	0.9356	0.8088	0.84	0.948	0.7954	0.8706	0.861662251655629	0.9626	0.9098	0.9848	0.9662	0.9342	0.9118	0.9538	0.9406	0.9752	0.9516	0.933359159159159	0.9722	0.8562	0.9208	0.9828	0.8962	0.958	0.9096	0.9428	0.9098	0.952	0.74939475895179	0.907180952380952	0.7438	0.862	0.7554	0.950920658502309	0.8354	0.911	0.829556142456982	0.90896684020825	0.927545760624101	0.7854	0.9202	0.8666	0.790152657004831	0.9024	0.8332	0.9008	0.7618	0.843202412545236	0.7856	0.8928	0.9372	0.864	0.813	0.472	0.788596596596597	0.866	0.9728	0.913141609931918	0.9034	0.9224	0.890782796559312	0.885	0.8114	0.9464	0.8636	0.6986	0.7684	0.902857578187651	0.7202	0.9866	0.9362	0.9744	0.8382	0.9824	0.9584	0.975	0.9412	0.9018	0.894678527607362	0.8864	0.9436	0.9628	0.9428	0.8528	0.9248	0.9476	0.8632	0.96	0.899777030812325	0.863963081861959	0.9044	0.817362444354512	0.913559935897436	0.8428	0.8292	0.86084410585405	0.814459755363946	0.793	0.861099378383798	0.7218	0.9018	0.9304	0.8726	0.8424	0.933581381381381	0.965993516109666	0.9776	0.815572354470894	0.9852	0.7524	0.929	0.9528	0.933	0.8742	0.911892615820352	0.7086	0.8706	0.9786	0.8462	0.9682	0.8058	0.931	0.850890766648013	0.866182182182182	0.9066	0.923989717943589	0.925097694928844	0.841097998398719	0.957125301204819	0.796113461538462	0.9356	0.9694	0.7596	0.8824	0.8616	0.873193512214657	0.8888	0.897	0.862	0.9614	0.8896	0.8418	0.9746	0.8796	0.955	0.845	0.949	0.9016	0.9566	0.8846	0.9744	0.9634	0.865892887196954	0.838999026961281	0.5878	0.914	0.7556	0.8898	0.961	0.956	0.893	0.808	0.7766	0.9202	0.754437850939204	0.896386837367473	0.887	0.82785562487422	0.7386	0.8444	0.8942	0.8856	0.9528	0.7458	0.9124	0.8526	0.9422	0.8192	0.9754	0.9282	0.962	0.9682	0.85	0.8626	0.9298	0.933	0.8876	0.9206	0.9378	0.8844	0.8942	0.8858	0.9352	0.899	0.89582423263328	0.9862	0.9732	0.726839231547017	0.899003009353396	0.924128658785161	0.913396797437951	0.84813953953954	0.922	0.7462	0.9336	0.974	0.9136	0.9786	0.9678	0.9626	0.9426	0.965	0.885937273823884	0.9264	0.9734	0	0.810066411135768	0.7748	0.772932899022801	0.76	0.834557226601981	0.758075135460566	0.97	0.9068	0.931	0.9388	0.914	0.8454	0.9442	0.8516	0.962	0.867	0.961	0.9014	0.8838	0.9146	0.8838	0.849670004004806	0.9216	0.975999999999999	0.8536	0.9364	0.8816	0.946736365465888	0.8844	0.8934	0.8804	0.893	0.9242	0.9148	0.959	0.8686
SRR7146844	1	1	1	1	1	1	1	1	1	1	1	1	1	1	1	1	1	1	1	1	1	1	1	1	1	1	1	1	1	1	1	1	1	1	1	1	1	1	1	1	1	1	1	1	1	1	1	1	1	1	1	1	1	1	1	1	1	1	1	1	1	1	1	1	1	1	0.885239620738349	0.913048295339923	0.913773209602582	0.926185354044785	0.649084728666532	0.929058704861812	0.271011862013314	0.767524631833771	0.7572820254186	0.867758079483559	0.964921928585838	0.950182650796853	0.842618801694573	0.901999717571112	0.776018855474359	0.935303812789994	0.926392777889853	0.947185354044785	0.932719427072827	0.915650030260238	0.872902077869679	0.926192777889853	0.897722896913456	0.932122896913456	0.928453500100868	0.913584635674609	0.93332463183377	0.885384103288279	0.914947669961671	0.940385354044785	0.889989308049223	0.929253500100867	0.940109017550938	0.923641355658664	0.941119427072826	0.87590804922332	0.626694957712543	0.788805081349045	0.532419838309178	0.868587573128909	0.464108049223321	0.834094554262826	0.912154609642929	0.963123663506153	0.810497247113491	0.913910087303473	0.717950643238689	0.832142465200726	0.92632463183377	0.845004922332056	0.75709093372082	0.909152874722615	0.799637885818035	0.886017066774259	0.555365019164818	0.812559868508092	0.805365019164817	0.917096873108735	0.878044825499294	0.939678555577971	0.804349687310874	0.677392777889853	0.356051633638884	0.93304906193262	0.929903812789994	0.865287487611722	0.954906314303006	0.950469880976397	0.868940017577855	0.893496873108735	0.350309017550938	0.854702077869679	0.922789308049223	0.758516723824894	0.657465644543071	0.739073473734583	0.66171817631632	0.947385354044785	0.901841355658665	0.948537542868671	0.867473350817026	0.9764	0.898061206374824	0.966137542868671	0.89181956828727	0.861100342949365	0.696759246080711	0.861385354044785	0.91372463183377	0.87005253177325	0.909912487391568	0.8278921525116	0.902662174702441	0.936112487391568	0.928467379463385	0.920169739761953	0.916572761846316	0.816433486895811	0.919456969941497	0.371476527354186	0.899436637453899	0.811919427072826	0.803592777889853	0.877340517382934	0.872819704441149	0.843954609642929	0.843397028360079	0.780401452491427	0.919794512810167	0.844591042969538	0.917204922332056	0.818109784143635	0.861789568466994	0.914763140716788	0.926935807948356	0.863252416470787	0.987782650796853	0.473017066774259	0.913573693766391	0.926050030260238	0.907244825499294	0.915830946136776	0.933082898523091	0.750616098446641	0.933402219084123	0.746853903570708	0.904194512810167	0.929117692152511	0.35815412547912	0.898850030260238	0.858225732909062	0.953834245785023	0.969461206374824	0.904060578103113	0.85266399878401	0.823955634146211	0.851889259681453	0.833818677162055	0.92300665725237	0.929615331853944	0.739004922332056	0.910284728666532	0.711631430300585	0.960044569117397	0.925392777889853	0.912792777889853	0.929024773048215	0.927709017550938	0.925050030260238	0.850742465200726	0.930317692152512	0.855769255598144	0.902860439782126	0.831441355658665	0.936870849304014	0.923192777889853	0.934062174702441	0.901027476296147	0.926282993746217	0.931368004841638	0.807751875506232	0.653532072560284	0.821058704861812	0.89277716360702	0.762300342949365	0.914804922332056	0.914681258825903	0.961488965099859	0.922305547710309	0.545526487795038	0.698109017550938	0.918992777889853	0.56522759027984	0.87690941456397	0.728173693766391	0.766366521860591	0.737434415977405	0.794309501714747	0.871043090578979	0.870712487391568	0.909046560419609	0.753251765180553	0.932626507968529	0.883582368367965	0.898750655638491	0.791813596933629	0.974542747629615	0.876622271535203	0.736685132136373	0.815421303207585	0.834696873108735	0.833065644543071	0.909994512810167	0.931322896913456	0.894521161993141	0.905178898527335	0.901780149283841	0.862444825499294	0.872604922332056	0.909799717571112	0.828829211216462	0.916872584224329	0.658217658942837	0.993342747629615	0.978937542868671	0.514262087725929	0.701851949539525	0.671519338631843	0.92022130918372	0.862282900209065	0.907296873108735	0.834391809562235	0.926102077869679	0.932780149283841	0.892267379463385	0.985142747629615	0.867746701634053	0.874541496873109	0.927490700020174	0.926503812789994	0.856641219838419	0.927477788985273	0.931785354044785	0.810066411135768	0	0.845228242888844	0.582149851918683	0.421406688779015	0.631814074050785	0.275399622788492	0.851116723824894	0.929699374621747	0.920256969941497	0.862482509582409	0.955647327012306	0.872077788985273	0.927792777889853	0.864220536614888	0.955288965099859	0.914677788985273	0.921481258825903	0.936946701634053	0.924843090578979	0.883050030260238	0.840310752471253	0.81460427518065	0.944461206374824	0.935945450877547	0.826250030260238	0.831389308049223	0.893533790599153	0.675254035175441	0.877787573128909	0.910299374621747	0.923721928585838	0.944661206374824	0.833127617510591	0.905296873108735	0.855407423845067	0.712557498086426
SRR7146846	1	1	1	1	1	1	1	1	1	1	1	1	1	1	1	1	1	1	1	1	1	1	1	1	1	1	1	1	1	1	1	1	1	1	1	1	1	1	1	1	1	1	1	1	1	1	1	1	1	1	1	1	1	1	1	1	1	1	1	1	1	1	1	1	1	1	0.7168	0.505	0.9562	0.9704	0.8252	0.8718	0.8362	0.8508	0.8932	0.7714	0.706	0.7958	0.6362	0.848	0.837613806943608	0.913	0.9262	0.9904	0.9752	0.9498	0.885	0.9722	0.947	0.9806	0.968	0.94016016016016	0.9822	0.821	0.7184	0.9846	0.7208	0.9652	0.8512	0.9236	0.8538	0.9042	0.787783156631326	0.770320770010132	0.536038940184665	0.6898	0.779	0.922854286287894	0.8472	0.9114	0.817140056022409	0.876585102122547	0.935423937589817	0.7536	0.9242	0.8802	0.760440257648953	0.8946	0.8578	0.85	0.8382	0.771467551266586	0.828	0.7912	0.902	0.7552	0.6358	0.8356	0.815952552552553	0.7934	0.8262	0.897285382458951	0.7746	0.7868	0.894782596519304	0.845	0.8578	0.9036	0.8646	0.7078	0.8474	0.891871531676022	0.5486	0.989	0.8816	0.9778	0.8098	0.9764	0.9006	0.9266	0.904	0.746	0.829186503067485	0.8924	0.9486	0.6694	0.9456	0.807	0.9394	0.948	0.8426	0.9564	0.869771508603441	0.8288886035313	0.88	0.842772318899231	0.90848141025641	0.8686	0.8192	0.85962437850842	0.758200320834169	0.733	0.776744335271706	0.7182	0.846	0.8532	0.8308	0.5972	0.915372972972973	0.958378867320392	0.7914	0.801565113022604	0.8664	0.8308	0.9246	0.964	0.9458	0.7004	0.647486142019017	0.7106	0.8514	0.9188	0.8496	0.9704	0.6866	0.9338	0.773959261331841	0.834172572572573	0.7936	0.939989517903581	0.835250511124474	0.839477341873499	0.909027309236948	0.770720833333333	0.8878	0.9588	0.8222	0.8258	0.8138	0.814569963956748	0.8674	0.9184	0.6376	0.9652	0.8346	0.8382	0.9724	0.8286	0.9426	0.8542	0.9722	0.8956	0.9604	0.7904	0.9592	0.7692	0.8240167902224	0.825212608960065	0.8248	0.8758	0.8238	0.848	0.9238	0.8962	0.8504	0.8336	0.8172	0.7422	0.798885356493638	0.891588837767553	0.8732	0.770475588649628	0.8056	0.8046	0.7178	0.9016	0.9304	0.804	0.928	0.7762	0.9344	0.7302	0.9924	0.886	0.9134	0.918	0.6592	0.8842	0.9176	0.9802	0.9	0.8238	0.9438	0.6722	0.914	0.8782	0.8894	0.8372	0.892531179321486	0.9954	0.9896	0.749328210313448	0.88598625457503	0.927956216877293	0.823333226581265	0.774524724724725	0.8698	0.8242	0.8714	0.984	0.9176	0.9932	0.896	0.9052	0.9094	0.7248	0.799414877362284	0.944	0.9786	0.7748	0.845228242888844	0	0.781149511400651	0.815891616526273	0.84544786739438	0.797978246036524	0.9222	0.874	0.956	0.9206	0.9122	0.7704	0.9602	0.8478	0.7506	0.846	0.9618	0.8918	0.8392	0.8934	0.8792	0.834457989587505	0.8504	0.9276	0.8666	0.8902	0.8412	0.798797343529885	0.7074	0.7056	0.787	0.812	0.8706	0.8832	0.891	0.753666933546837
SRR7146848	1	1	1	1	1	1	1	1	1	1	1	1	1	1	1	1	1	1	1	1	1	1	1	1	1	1	1	1	1	1	1	1	1	1	1	1	1	1	1	1	1	1	1	1	1	1	1	1	1	1	1	1	1	1	1	1	1	1	1	1	1	1	1	1	1	1	0.8419667752443	0.927415309446254	0.943488273615635	0.955888273615635	0.786423127035831	0.851985016286645	0.791143648208469	0.798211726384365	0.670412703583062	0.780081107491857	0.874758957654723	0.935494136807817	0.763617589576547	0.86862996742671	0.693215033720513	0.968166449511401	0.9262332247557	0.977088273615635	0.957684690553746	0.9150667752443	0.905562866449511	0.9031667752443	0.927762866449512	0.962366449511401	0.9009667752443	0.89326468161973	0.961288273615635	0.853242671009772	0.891015309446254	0.973888273615635	0.854248534201955	0.899781107491857	0.944751465798046	0.937229641693811	0.951151465798045	0.856086970684039	0.690196467632289	0.782688798022501	0.496413391139699	0.852860586319218	0.726168403908795	0.831914042089582	0.83606319218241	0.860711726384365	0.753754188972006	0.822023561824678	0.351784342218154	0.732744951140065	0.944755048859935	0.8228332247557	0.736092424743112	0.914011726384365	0.827148534201954	0.873539413680781	0.737914332247557	0.756097259495304	0.819744951140065	0.936151465798046	0.883965146579805	0.869274918566775	0.764808794788274	0.752690228013029	0.704444468898866	0.866717263843648	0.962166449511401	0.822469129078673	0.910257654723127	0.916665472312704	0.873213038373147	0.895364495114006	0.806741368078176	0.840886970684039	0.86082996742671	0.76682345276873	0.80952345276873	0.701928765845848	0.71548990228013	0.979488273615635	0.908344951140065	0.962566449511401	0.77902996742671	0.9646	0.869755048859935	0.939198697068404	0.825925732899023	0.7518	0.412760203299961	0.8766667752443	0.933688273615635	0.8736667752443	0.938488273615635	0.789593811074918	0.921544951140065	0.955137133550488	0.880355374592834	0.954488273615635	0.865746868780086	0.786870755146109	0.842916938110749	0.414722095526347	0.887782014741502	0.825284690553746	0.808611726384365	0.782074046114584	0.843026927013493	0.773647882736156	0.806003916371491	0.749564495114007	0.834002931596091	0.672386970684039	0.85509315960912	0.823133550488599	0.876634533556358	0.945266060287638	0.925996416938111	0.861920307514272	0.989596416938111	0.640242996742671	0.911965146579805	0.9404667752443	0.930762866449512	0.913214006514658	0.865590039149892	0.753099348534202	0.84245016286645	0.641728013029316	0.889646254071661	0.940144951140065	0.827808794788273	0.897962866449512	0.786018936072868	0.881621075472867	0.959344951140065	0.878267469454803	0.810960211814526	0.821942896336613	0.841615484740264	0.597215479620814	0.925031921824104	0.960566449511401	0.59041661237785	0.926333550488599	0.634146254071661	0.744163598924573	0.9240332247557	0.879851465798046	0.843965472312704	0.951688273615635	0.939215309446254	0.837414006514658	0.950362866449512	0.77104006514658	0.915962866449512	0.835344951140065	0.970744951140065	0.919433224755701	0.9522332247557	0.896535830618893	0.954962866449511	0.935286970684039	0.767895567069585	0.618168803993051	0.821733550488599	0.843687296416938	0.799593811074919	0.936415309446254	0.936284690553746	0.948	0.943755048859935	0.275627687296417	0.770411726384365	0.887338762214984	0.607181403816029	0.884601146613688	0.739294788273616	0.710659591093444	0.748411726384365	0.789615309446254	0.898148534201954	0.880919218241042	0.934948534201954	0.778611726384365	0.856133876221498	0.878564495114006	0.922070358306189	0.811811726384365	0.92570651465798	0.819571986970684	0.658676872964169	0.765655374592834	0.855755048859935	0.811181107491856	0.9002332247557	0.961348534201955	0.900355048859935	0.9258332247557	0.926084690553746	0.815355374592834	0.8413667752443	0.866429641693811	0.8490332247557	0.941351465798046	0.569828990228013	0.940018241042345	0.930214657980456	0.283503678904431	0.398767059912864	0.348685250129138	0.694764443476605	0.765709439080775	0.916351465798045	0.781541368078176	0.931775895765472	0.963484690553746	0.878888273615635	0.936018241042345	0.82650358306189	0.839076872964169	0.853177524429968	0.952848208469055	0.852375430414049	0.876519218241042	0.962288273615635	0.772932899022801	0.582149851918683	0.781149511400651	0	0.548111177093908	0.340974961629099	0.605238674686115	0.809598697068404	0.827377524429967	0.879137459283388	0.826009446254071	0.930848859934853	0.894737133550488	0.918615309446254	0.83217328990228	0.95477003257329	0.921337133550489	0.954488273615635	0.835708143322476	0.888551791530945	0.9121664495114	0.866762866449512	0.764178170155978	0.870015635179153	0.948286970684039	0.845611726384365	0.846355048859935	0.855244951140065	0.586860235413964	0.837893485342019	0.873265472312704	0.902353745928339	0.91406319218241	0.719416286644951	0.878535830618893	0.806272638436482	0.376301692820054
SRR7146849	1	1	1	1	1	1	1	1	1	1	1	1	1	1	1	1	1	1	1	1	1	1	1	1	1	1	1	1	1	1	1	1	1	1	1	1	1	1	1	1	1	1	1	1	1	1	1	1	1	1	1	1	1	1	1	1	1	1	1	1	1	1	1	1	1	1	0.793845086241476	0.884166867228239	0.867173124749298	0.894173124749298	0.566936060970718	0.787679342158042	0.538804412354593	0.610055836341757	0.749063136782992	0.573361492178099	0.894182671480144	0.928523064580826	0.72047260328921	0.776566947452868	0.547818056723788	0.9158	0.881173124749298	0.915973124749298	0.910370316887284	0.762249659045327	0.805766385880465	0.848973124749298	0.813773124749298	0.897173124749298	0.717285118331328	0.848099362900807	0.908573124749298	0.706389009225832	0.840573124749298	0.916373124749298	0.76434055354994	0.799773124749298	0.908354592860008	0.902363578018452	0.912967509025271	0.832790453269154	0.448320991915992	0.748660382810471	0.566442804203436	0.817901243481749	0.413894825511432	0.791291142200772	0.648464981949458	0.720519935820297	0.661206480185335	0.684060182286935	0.676042292263544	0.566352426795026	0.899369193742479	0.758373124749298	0.704182580791433	0.872364139590854	0.667651905334938	0.825564139590854	0.457924588848777	0.609569520834452	0.677253028479743	0.895965824308063	0.848367509025271	0.911098355395106	0.773515764139591	0.558713598074609	0.317233840338533	0.896955074207782	0.909796068993181	0.755574479186496	0.959589891696751	0.954194384275973	0.835949219527018	0.829559647011633	0.553007781789009	0.840184837545126	0.78354055354994	0.691200080224629	0.608361331728841	0.551032707137322	0.543165824308063	0.918172563176895	0.867168632170076	0.9494	0.636309265944645	0.979797192137986	0.89816911351785	0.959994384275973	0.833194384275973	0.575303168872844	0.742213904453943	0.814373124749298	0.887573124749298	0.868347212194144	0.882773124749298	0.745314721219414	0.872373124749298	0.900368070597674	0.719572563176895	0.896773124749298	0.644794139075606	0.710894276043548	0.712175451263538	0.43274596632611	0.828373291369681	0.723366947452868	0.768159647011632	0.669519321300926	0.807894106707122	0.57202551143201	0.755747253327967	0.678222623345367	0.703635058162856	0.74576526273566	0.791252948255114	0.824796630565584	0.791992714736397	0.882351151565388	0.926394384275973	0.796032772539265	0.987794384275973	0.3316293622142	0.863167509025271	0.781649659045327	0.856964701163257	0.767202486963498	0.894431091255394	0.719074207781789	0.816594384275973	0.7980648215002	0.834853509827517	0.898170316887284	0.513752667468913	0.845370316887284	0.626343801816884	0.709360985534271	0.981196068993181	0.831348820907382	0.823354822245523	0.653932050574274	0.821799109796587	0.693566987565183	0.908570316887284	0.915373124749298	0.516076534296029	0.849966947452868	0.59420312876053	0.773612570945544	0.804370316887284	0.644685118331328	0.735404171680706	0.901773124749298	0.886173124749298	0.802914721219415	0.900566947452868	0.813769675090253	0.872367509025271	0.79876526273566	0.923794384275973	0.819766385880465	0.87977144003209	0.860991576413959	0.904363578018452	0.885167509025271	0.707949358986569	0.641485069607835	0.736563016446049	0.613422783794625	0.619458644203771	0.893973124749298	0.801683273164862	0.948397192137986	0.897572563176895	0.580226714801444	0.562458644203771	0.861261933413558	0.328317025502147	0.832950184100198	0.692699558764541	0.57746463694642	0.718141676694745	0.654556277577216	0.824569193742479	0.712190132370638	0.882173124749298	0.584655274769354	0.754439550742078	0.829693943040513	0.871573124749298	0.70736526273566	0.805909185720016	0.809994384275973	0.772884476534296	0.784192137986362	0.753772563176895	0.694573124749298	0.809973124749298	0.898772563176895	0.834373124749298	0.801569193742479	0.835770316887284	0.74457144003209	0.734546169273967	0.816168632170076	0.815756277577216	0.896170316887284	0.603204643437813	0.824709185720016	0.811706377858002	0.523719640473609	0.638739344503773	0.586646523841972	0.687059475097126	0.636587851389296	0.884163016446049	0.713080465302848	0.744789009225832	0.910970316887285	0.832170316887284	0.816509185720016	0.831722503008424	0.853971359807461	0.775735980746089	0.92396911351785	0.818255651408987	0.80850348977136	0.904773124749298	0.76	0.421406688779015	0.815891616526273	0.548111177093908	0	0.486794923907012	0.371581668889628	0.838187083834737	0.827716325711994	0.68899069394304	0.832333172884075	0.9384	0.83372202166065	0.862973124749298	0.768773124749298	0.953373044524669	0.866373124749298	0.878973124749298	0.721717689530686	0.769366947452868	0.868196068993181	0.812769755314882	0.668669230192155	0.867126995587645	0.910967509025271	0.805969755314882	0.81718146811071	0.814449578820698	0.680758326978248	0.778711351784998	0.914392137986362	0.918391576413959	0.944391576413959	0.741109586843161	0.833916967509026	0.838568551945447	0.606644079804558
SRR7146850	1	1	1	1	1	1	1	1	1	1	1	1	1	1	1	1	1	1	1	1	1	1	1	1	1	1	1	1	1	1	1	1	1	1	1	1	1	1	1	1	1	1	1	1	1	1	1	1	1	1	1	1	1	1	1	1	1	1	1	1	1	1	1	1	1	1	0.86777432787548	0.972357145744896	0.966157145744896	0.971337861330099	0.836457934101476	0.855465009096422	0.872057934101476	0.867266504952497	0.719779300586214	0.695865009096422	0.905245765110168	0.943525005053568	0.824020012128563	0.832929290479078	0.456524530279847	0.938393612290277	0.914793612290277	0.992957145744896	0.984148574893875	0.952148574893875	0.874193612290277	0.918757145744896	0.916557145744896	0.930993612290277	0.745157145744896	0.925078504823805	0.981557145744896	0.861548574893875	0.926357145744896	0.991357145744896	0.869157145744896	0.844193612290277	0.990529290479078	0.930185041439256	0.991548574893875	0.903748574893875	0.691919058968454	0.817643433771842	0.588080948296828	0.838665049524965	0.665182979583586	0.851207095554172	0.67384580553871	0.627505963210026	0.704774693382508	0.543376207503178	0.512057910339021	0.639710086921366	0.976157145744896	0.847957145744896	0.783098061675988	0.902565757024459	0.815447220537699	0.928737861330099	0.739238649686679	0.701524824173635	0.814365757024459	0.970148574893875	0.876365757024459	0.885441479684657	0.817466504952496	0.749902971497877	0.581630872837665	0.922822154841318	0.932593612290277	0.865593108334003	0.958948574893875	0.961329290479078	0.870323609900876	0.928348574893875	0.875457934101476	0.890148574893875	0.894884293511219	0.810982979583586	0.869057934101476	0.738305630703906	0.766466504952496	0.995357145744896	0.906385041439256	0.930393612290277	0.540305963210027	0.983737861330099	0.899729290479078	0.959372144734182	0.859905720638771	0.540505963210026	0.641691872498794	0.896957145744896	0.962757145744896	0.895537861330099	0.962337861330099	0.822533575904589	0.908393612290277	0.988357145744896	0.827757145744896	0.971957145744896	0.760454697342855	0.811760844729413	0.803265049524965	0.475341084127936	0.917624536432337	0.882857934101476	0.805785041439256	0.561690405872416	0.881729164515835	0.717665009096422	0.862320748317974	0.766819405700425	0.633678107944209	0.697805093996362	0.880557145744896	0.858157145744896	0.86050161744522	0.959335172560986	0.929348574893875	0.910032744369776	0.995148574893875	0.540827976551445	0.933948574893875	0.971548574893875	0.909385041439256	0.918965757024459	0.885744710234371	0.784694400646857	0.806329290479078	0.653156458459672	0.848219365271882	0.962948574893875	0.884866504952497	0.870793612290277	0.700812948535959	0.681347083894082	0.940193612290277	0.910139982312209	0.863643982802189	0.851641693383006	0.892538133126807	0.661965633795152	0.977348574893875	0.946757145744896	0.506420214271276	0.964148574893875	0.630581443298969	0.510680493972998	0.950757145744896	0.762757145744896	0.673080210228421	0.979357145744896	0.967537861330099	0.881929290479078	0.928585041439256	0.808529290479078	0.940348574893875	0.832185041439256	0.939185041439256	0.91097432787548	0.939593612290277	0.951329290479078	0.932585041439256	0.969548574893875	0.785879146846778	0.639176282173033	0.865929290479078	0.690529290479078	0.862666504952497	0.954157145744896	0.971148574893875	0.969157145744896	0.976557145744896	0.523969597736002	0.8316472205377	0.960420012128563	0.452109998788614	0.920542062728292	0.705755043460683	0.664459938662359	0.74367940165757	0.785393612290277	0.878993612290277	0.888557145744896	0.952337861330099	0.843666504952496	0.629006670709521	0.87917432787548	0.943937861330099	0.79737432787548	0.768557145744896	0.869329290479078	0.693148574893875	0.782748574893875	0.888757145744896	0.762993612290277	0.893993612290277	0.93257432787548	0.933357145744896	0.912193612290277	0.946348574893875	0.831247867394381	0.805929330907621	0.908348574893875	0.888727147766323	0.972148574893875	0.614895925893632	0.7524	0.727948574893875	0.511784961031831	0.483815635652516	0.505135974142873	0.524545611828051	0.589356123861885	0.959748574893875	0.796694400646857	0.9023207600566	0.983548574893875	0.926157145744896	0.756357145744896	0.857948574893875	0.868129290479078	0.860462866383667	0.93057432787548	0.90285884415821	0.867273620375985	0.977757145744896	0.834557226601981	0.631814074050785	0.84544786739438	0.340974961629099	0.486794923907012	0	0.683989725162581	0.829772144734182	0.850974327875481	0.869757145744896	0.855137861330099	0.954937861330099	0.927337861330099	0.945357145744896	0.842357145744896	0.979357145744896	0.957028582979584	0.968957145744896	0.564542429755407	0.904729290479078	0.882393612290277	0.838585041439256	0.737639564080899	0.86757432787548	0.987748574893875	0.835294400646857	0.889137861330099	0.876929290479078	0.631300885787008	0.8359207600566	0.924129290479078	0.957729290479078	0.950529290479078	0.774937174044876	0.943020012128563	0.838529290479078	0.501758673969699
SRR7146851	1	1	1	1	1	1	1	1	1	1	1	1	1	1	1	1	1	1	1	1	1	1	1	1	1	1	1	1	1	1	1	1	1	1	1	1	1	1	1	1	1	1	1	1	1	1	1	1	1	1	1	1	1	1	1	1	1	1	1	1	1	1	1	1	1	1	0.659838611278346	0.858663536022477	0.899578928356412	0.900348223961469	0.63416528195866	0.727310254866546	0.406893598233996	0.719776881396749	0.770325185631145	0.806389243427654	0.884108649407987	0.936973389524383	0.754528516957656	0.853052016857315	0.758980533814971	0.926978928356412	0.894254063816978	0.922948223961469	0.904548223961469	0.777346177001806	0.862576881396749	0.912548223961469	0.878948223961469	0.922778928356412	0.916778928356412	0.880697675399662	0.921378928356412	0.833230182620911	0.894578928356412	0.923578928356412	0.857578928356412	0.926978928356412	0.884824041741923	0.879955047160345	0.886030182620911	0.842370660244832	0.584026538400195	0.74178919572748	0.54361275546815	0.804030182620911	0.441824603652418	0.807701052077364	0.839697812562713	0.921465582982139	0.780266471429029	0.894823457022599	0.768629229340752	0.758691671683725	0.878223359422035	0.827378928356412	0.669701502015064	0.760854063816978	0.789774152117198	0.830787878787879	0.518905237808549	0.766793587945698	0.773552317880795	0.871654063816978	0.860355047160345	0.88141099739113	0.766304475215733	0.604352398153723	0.378419238021887	0.839774152117199	0.922578928356412	0.840651607536107	0.891848524984949	0.919451254264499	0.8375196211227	0.835333895243829	0.419114067830624	0.823776118803933	0.725908207906883	0.687524342765402	0.619512061007425	0.7096181950468	0.619037005819787	0.922748223961469	0.875357094120008	0.9544	0.836249889624724	0.974776118803933	0.889530403371463	0.908976118803933	0.869956331527192	0.815694320690347	0.703160561861248	0.832764599638772	0.882548223961469	0.856718121613486	0.889178928356412	0.782128436684728	0.869978928356412	0.896576881396749	0.875254063816978	0.911978928356412	0.830709646893074	0.739337986715024	0.866211077664058	0.419732594666463	0.849788439347628	0.773324342765403	0.716032229580574	0.828965032835779	0.799814657583931	0.786387196467991	0.624007609429309	0.703742845675296	0.809330483644391	0.662408508930363	0.846570820790689	0.789466947621914	0.850469855767869	0.889926610993688	0.776058920329119	0.774675866339232	0.971397953040337	0.431150270921132	0.897355047160345	0.803324342765402	0.883574152117199	0.837130563917319	0.905013481199217	0.69073662452338	0.900820549869557	0.775325185631146	0.835530563917319	0.911166646598435	0.421473730684327	0.889176881396749	0.804176281056768	0.89655784622672	0.947873088500903	0.870735254817369	0.759556152976645	0.791631900744356	0.782985282490589	0.745919660499545	0.883757094120008	0.910946177001806	0.695873168773831	0.850018583182822	0.661300782661047	0.931028492469109	0.876821312462372	0.877054063816978	0.890002809552478	0.894748223961469	0.865223359422035	0.775358539032711	0.916555047160345	0.829944732089103	0.882124342765403	0.795755047160345	0.910767248645394	0.877023359422035	0.894148223961469	0.854820549869557	0.914955047160345	0.904555047160345	0.733103813233477	0.607050389324921	0.755524342765402	0.830643829018663	0.710576199076861	0.869223359422035	0.892778165763596	0.966397953040337	0.874454063816978	0.578559381898455	0.653851334537427	0.84446771021473	0.518208890636161	0.82560357144678	0.715738671483042	0.721977444179601	0.702222677102147	0.757634276540236	0.857378928356412	0.855976199076862	0.885946177001806	0.708254063816978	0.925573389524383	0.818196748946418	0.879146177001806	0.734820630142484	0.980597953040337	0.812159060806743	0.779802287778447	0.806156331527192	0.793976199076861	0.817348223961469	0.878555047160345	0.917578928356412	0.841948223961469	0.875948223961469	0.881348223961469	0.827372787477423	0.854976199076861	0.857626088701585	0.782206983744732	0.863223359422035	0.664335396243837	0.995197953040337	0.977197953040337	0.517547649876111	0.689704409388015	0.684982303059101	0.888186366873953	0.782351165132622	0.855524342765402	0.667253461770018	0.908778928356412	0.914348223961469	0.866355047160345	0.991197953040337	0.837712663054385	0.853533132651013	0.860552919927754	0.931	0.785704204911899	0.901303873168774	0.915578928356412	0.758075135460566	0.275399622788492	0.797978246036524	0.605238674686115	0.371581668889628	0.683989725162581	0	0.832155649207305	0.920964519365844	0.911178928356412	0.86395701384708	0.924275135460566	0.803585149508328	0.899348223961469	0.835454063816978	0.965	0.849854063816978	0.917978928356412	0.906243748745736	0.877852016857315	0.8862	0.801578928356412	0.773149412849504	0.779478025285973	0.912555047160345	0.797378928356412	0.784745494681919	0.828052699177203	0.719382790196671	0.804215171583383	0.867251254264499	0.824848524984949	0.914651254264499	0.772759823399558	0.826794701986755	0.818947461368653	0.727173350159156
SRR7146852	1	1	1	1	1	1	1	1	1	1	1	1	1	1	1	1	1	1	1	1	1	1	1	1	1	1	1	1	1	1	1	1	1	1	1	1	1	1	1	1	1	1	1	1	1	1	1	1	1	1	1	1	1	1	1	1	1	1	1	1	1	1	1	1	1	1	0.7878	0.9728	0.9842	0.9674	0.9684	0.8176	0.894999999999999	0.9624	0.3686	0.8848	0.848	0.9094	0.7602	0.9364	0.822678025285972	0.9982	0.9784	0.9934	0.9848	0.9294	0.9932	0.9738	0.98	0.9954	0.9798	0.959583183183183	0.9586	0.8712	0.9742	0.9932	0.9756	0.9738	0.8968	0.8996	0.9716	0.2988	0.962796159231846	0.842950759878419	0.848355198715375	0.9276	0.9576	0.899640674563341	0.98	0.9606	0.939585274109644	0.932747857428915	0.819229234243482	0.9692	0.9776	0.9812	0.844560064412238	0.9344	0.9128	0.6482	0.9664	0.792645516686771	0.8986	0.9772	0.7416	0.7026	0.9874	0.9372	0.925743743743743	0.4446	0.9916	0.87527577092511	0.8222	0.8048	0.967394598919784	0.9692	0.9152	0.298	0.9238	0.9786	0.9632	0.772834963913392	0.9358	0.9932	0.907	0.9976	0.9428	0.7494	0.3784	0.3092	0.3062	0.9154	0.848734560327199	0.992	0.9812	0.9128	0.9898	0.949	0.9964	0.9942	0.9798	0.9886	0.875759743897559	0.874220545746389	0.828	0.836934277620397	0.859579487179487	0.844	0.927	0.912032076984763	0.952877481451775	0.89	0.867496571084821	0.944	0.809	0.8072	0.9688	0.9384	0.928142942942943	0.96958511106664	0.7084	0.975396199239848	0.7708	0.9658	0.8076	0.9256	0.9228	0.7248	0.629543232854542	0.9034	0.4892	0.3034	0.945	0.9156	0.9642	0.9534	0.906809960828204	0.955773773773774	0.9982	0.956596039207842	0.69779362597715	0.961788310648519	0.880407228915663	0.893292307692308	0.961	0.9884	0.9664	0.9426	0.8208	0.958972366840208	0.921	0.9798	0.945	0.9798	0.9832	0.7462	0.9404	0.3736	0.8648	0.9258	0.9806	0.9632	0.9894	0.8324	0.9762	0.7948	0.607752634742536	0.842834299614839	0.8736	0.8162	0.936	0.967	0.9412	0.9512	0.9802	0.8296	0.9414	0.79	0.874200403958796	0.93558875775155	0.8776	0.833557778224995	0.912	0.9146	0.9934	0.999	0.9524	0.963	0.9718	0.9436	0.9596	0.9322	0.5792	0.288	0.3228	0.2522	0.9846	0.966	0.942	0.9892	0.9702	0.985	0.9876	0.9356	0.9784	0.8548	0.8924	0.9674	0.809947657512116	0.5852	0.5844	0.840388877654196	0.812893208621391	0.8268	0.919752762209768	0.813646246246246	0.9016	0.8688	0.9724	0.9868	0.7988	0.5922	0.2764	0.2558	0.3404	0.9888	0.890324326497788	0.9704	0.994	0.97	0.851116723824894	0.9222	0.809598697068404	0.838187083834737	0.829772144734182	0.832155649207305	0	0.7038	0.9728	0.8884	0.9548	0.9588	0.9762	0.9762	0.9826	0.9764	0.99	0.9344	0.9504	0.9888	0.9668	0.868270244293152	0.9488	0.7888	0.9914	0.8872	0.8134	0.821912658482592	0.8614	0.7788	0.4564	0.8444	0.4268	0.7692	0.3908	0.812785268214572
SRR7146853	1	1	1	1	1	1	1	1	1	1	1	1	1	1	1	1	1	1	1	1	1	1	1	1	1	1	1	1	1	1	1	1	1	1	1	1	1	1	1	1	1	1	1	1	1	1	1	1	1	1	1	1	1	1	1	1	1	1	1	1	1	1	1	1	1	1	0.7722	0.9394	0.9302	0.9624	0.893	0.735	0.8352	0.8692	0.6754	0.7372	0.5724	0.8614	0.687	0.8694	0.791071121814168	0.9694	0.941	0.9764	0.9692	0.8806	0.9186	0.9276	0.9082	0.9536	0.914	0.915382982982983	0.9454	0.763	0.9162	0.9764	0.8906	0.9076	0.8756	0.9284	0.9496	0.629	0.823590678135627	0.947423505572442	0.937789160979526	0.5966	0.7204	0.936889379642642	0.8256	0.8108	0.718332613045218	0.66668402082499	0.839854855265859	0.7052	0.9606	0.8842	0.924757487922705	0.9354	0.8534	0.6638	0.826	0.75444173703257	0.8388	0.9562	0.7672	0.2036	0.9146	0.871	0.882190990990991	0.6586	0.9704	0.790513496195435	0.841	0.8096	0.908393438687737	0.8994	0.8638	0.6638	0.8272	0.6994	0.905	0.811423416198877	0.8506	0.978	0.8618	0.9612	0.675	0.9486	0.719	0.71	0.6364	0.764	0.939613087934561	0.949	0.9478	0.9592	0.9476	0.8852	0.951	0.9664	0.889000000000001	0.9582	0.813791356542617	0.808027608346709	0.6074	0.926019263456091	0.800544230769231	0.7616	0.8996	0.584386848436247	0.904526488871065	0.7838	0.860970082213756	0.7688	0.6816	0.8322	0.86	0.9402	0.731585585585586	0.956793035821493	0.9656	0.924597079415883	0.9748	0.8206	0.7888	0.8814	0.8624	0.7488	0.605605785959943	0.8438	0.623	0.7146	0.8266	0.8936	0.8918	0.8946	0.842729155008394	0.883780780780781	0.9792	0.890991238247649	0.828641250751654	0.866556445156125	0.917620883534137	0.850545833333334	0.94	0.9718	0.8184	0.8988	0.8836	0.860105086103324	0.876	0.8808	0.8918	0.9656	0.959	0.7596	0.918	0.6444	0.8472	0.8812	0.9686	0.9034	0.9374	0.7968	0.9484	0.7786	0.674260989781607	0.924609852017028	0.8106	0.769	0.8872	0.938	0.8916	0.9232	0.96	0.92	0.9042	0.7554	0.865566431024035	0.926193278655731	0.9398	0.821539223183739	0.9278	0.879	0.9244	0.8862	0.9552	0.8762	0.4736	0.7348	0.9406	0.9034	0.8228	0.6728	0.6658	0.687	0.9138	0.864	0.8686	0.9594	0.9014	0.9124	0.9182	0.8744	0.873	0.7884	0.9222	0.963	0.854546365105008	0.842	0.8344	0.88939271991911	0.87348296055307	0.888039054219323	0.750471737389912	0.769545545545545	0.8976	0.7858	0.8902	0.9696	0.7772	0.848	0.665	0.671	0.6176	0.966	0.909730277442702	0.8258	0.9646	0.9068	0.929699374621747	0.874	0.827377524429967	0.827716325711994	0.850974327875481	0.920964519365844	0.7038	0	0.8542	0.9174	0.9382	0.941	0.9282	0.8966	0.9628	0.9408	0.94	0.614	0.8674	0.936	0.9348	0.788069283139768	0.8368	0.7788	0.951	0.9168	0.7536	0.909086818273295	0.8174	0.8652	0.6732	0.8636	0.6164	0.7694	0.6644	0.900196957566053
SRR7146854	1	1	1	1	1	1	1	1	1	1	1	1	1	1	1	1	1	1	1	1	1	1	1	1	1	1	1	1	1	1	1	1	1	1	1	1	1	1	1	1	1	1	1	1	1	1	1	1	1	1	1	1	1	1	1	1	1	1	1	1	1	1	1	1	1	1	0.8164	0.9126	0.3756	0.4132	0.4298	0.58	0.8606	0.2448	0.9324	0.5098	0.9354	0.9302	0.7384	0.2896	0.537184105960265	0.9058	0.365	0.4106	0.5216	0.1968	0.4884	0.3482	0.3308	0.6934	0.3148	0.601615815815816	0.4	0.3834	0.8076	0.409	0.4856	0.5664	0.4004	0.3868	0.4026	0.889	0.459319583916783	0.913093819655522	0.844749096748294	0.7234	0.8612	0.398938205179683	0.4358	0.8706	0.35779543817527	0.855769963956748	0.868099979470335	0.5876	0.3954	0.3236	0.66232077294686	0.6452	0.5272	0.46	0.7982	0.50763353437877	0.4154	0.3858	0.3756	0.9426	0.9416	0.725	0.814313913913914	0.9164	0.906	0.323025070084101	0.9802	0.9614	0.367195199039808	0.35	0.6728	0.9104	0.386	0.8998	0.411	0.324840096230954	0.6928	0.4136	0.3658	0.9438	0.863	0.9766	0.9526	0.9816	0.9086	0.6974	0.927326789366053	0.398	0.3904	0.9482	0.3896	0.3446	0.3926	0.3978	0.6426	0.3928	0.60828131252501	0.827617335473515	0.545	0.935410845811412	0.360970512820513	0.3224	0.5556	0.853966319165998	0.929472789252055	0.496	0.729730058151193	0.6614	0.803	0.7518	0.759	0.9398	0.350774974974975	0.40459963978387	0.9916	0.660736907381476	0.9874	0.725	0.3482	0.178	0.4166	0.7266	0.917925551284645	0.8992	0.838	0.9836	0.8244	0.3894	0.8682	0.396	0.358926245103526	0.836528928928929	0.9624	0.344389637927586	0.826496612547605	0.207249799839872	0.48458875502008	0.690144230769231	0.452	0.3974	0.7434	0.3602	0.641	0.87559759711654	0.2888	0.2296	0.8876	0.4064	0.3934	0.5618	0.6388	0.9084	0.3826	0.3698	0.919	0.6104	0.361	0.877	0.3944	0.8808	0.699974073331998	0.579675856476789	0.4902	0.5886	0.5232	0.3772	0.773	0.9354	0.4008	0.8848	0.4484	0.5234	0.634240638254898	0.376795359071814	0.4026	0.568601126987321	0.74	0.3622	0.7792	0.2288	0.3948	0.438	0.847	0.6656	0.3826	0.5316	0.895	0.8554	0.9474	0.9446	0.599	0.469	0.4208	0.8342	0.3532	0.3318	0.3638	0.7028	0.4176	0.3554	0.889	0.406	0.43321421647819	0.9138	0.901	0.941299898887765	0.879413176087841	0.842231227068895	0.881395036028823	0.821146946946947	0.3834	0.7364	0.4942	0.5194	0.3448	0.9056	0.9328	0.9448	0.8266	0.9228	0.795415199034982	0.3344	0.3984	0.931	0.920256969941497	0.956	0.879137459283388	0.68899069394304	0.869757145744896	0.911178928356412	0.9728	0.8542	0	0.9254	0.9488	0.392	0.351	0.364	0.948	0.385	0.488	0.8562	0.5526	0.8954	0.3864	0.307707969563476	0.8618	0.4026	0.3862	0.9004	0.5292	0.652556208492654	0.6776	0.9646	0.9246	0.9658	0.8828	0.385	0.9434	0.878779503602882
SRR7146855	1	1	1	1	1	1	1	1	1	1	1	1	1	1	1	1	1	1	1	1	1	1	1	1	1	1	1	1	1	1	1	1	1	1	1	1	1	1	1	1	1	1	1	1	1	1	1	1	1	1	1	1	1	1	1	1	1	1	1	1	1	1	1	1	1	1	0.8764	0.9236	0.953	0.9412	0.9304	0.9168	0.9396	0.9496	0.8384	0.8776	0.9522	0.9486	0.8828	0.9124	0.848306602448324	0.9674	0.9282	0.9676	0.9532	0.9206	0.9686	0.9248	0.9648	0.97	0.93	0.559230630630631	0.9536	0.9294	0.7798	0.9634	0.9166	0.931	0.9506	0.9506	0.9548	0.879	0.897596279255851	0.845934143870314	0.8569588117222	0.8894	0.9214	0.869519895603293	0.9128	0.9342	0.892786074429772	0.892326471766119	0.830484951755287	0.908	0.94	0.9244	0.857478904991948	0.7608	0.9268	0.894	0.906	0.828474547647768	0.9202	0.9386	0.911	0.9288	0.9508	0.9182	0.877741741741742	0.9004	0.9594	0.891755786944333	0.9426	0.9426	0.924394438887778	0.9192	0.9406	0.8668	0.918	0.927	0.9372	0.81394707297514	0.8344	0.9666	0.9494	0.9708	0.9094	0.974	0.8588	0.9566	0.8588	0.8608	0.840550511247444	0.962	0.9428	0.7338	0.951	0.868	0.9514	0.9502	0.9198	0.9524	0.891789915966387	0.858560834670947	0.9142	0.859468555240793	0.917124679487179	0.9528	0.8978	0.838960384923817	0.911429516743533	0.8304	0.847145578504111	0.89	0.9012	0.846	0.906	0.894	0.887920920920921	0.945984870922553	0.9192	0.921595519103821	0.9898	0.8986	0.9354	0.9424	0.9492	0.9308	0.932681084361724	0.919	0.9104	0.8724	0.9218	0.9498	0.9592	0.9252	0.846050363738109	0.921972772772773	0.9708	0.91479723944789	0.871809500901984	0.902160928742994	0.87146265060241	0.83029358974359	0.886	0.835	0.911	0.9136	0.8066	0.924966119343212	0.9316	0.9256	0.8962	0.9438	0.9408	0.9012	0.9596	0.8782	0.938	0.9454	0.9552	0.9292	0.9556	0.8128	0.844	0.947	0.837335083149669	0.847937522805595	0.9082	0.8652	0.9224	0.9412	0.7594	0.2122	0.932	0.8154	0.8968	0.9174	0.81795851343163	0.832776435287057	0.8786	0.825426564701147	0.8658	0.8562	0.9472	0.957	0.8862	0.9114	0.925	0.8888	0.92	0.8924	0.9514	0.8522	0.867	0.878	0.946	0.9318	0.9196	0.9548	0.9408	0.9488	0.9632	0.8774	0.9234	0.9074	0.5854	0.9306	0.820983198707593	0.9702	0.9564	0.85865540950455	0.825599837332249	0.828369343660824	0.884146837469976	0.848336336336336	0.9292	0.9394	0.9498	0.9588	0.9252	0.962	0.8762	0.8834	0.8926	0.9502	0.396400321672698	0.9204	0.9684	0.9388	0.862482509582409	0.9206	0.826009446254071	0.832333172884075	0.855137861330099	0.86395701384708	0.8884	0.9174	0.9254	0	0.1862	0.896	0.9232	0.7176	0.525	0.9226	0.6538	0.9154	0.9162	0.9582	0.9592	0.871546415698839	0.9068	0.9378	0.9516	0.5684	0.8182	0.822129241296035	0.8884	0.8952	0.9282	0.9262	0.789	0.918	0.8452	0.800970376301041
SRR7146856	1	1	1	1	1	1	1	1	1	1	1	1	1	1	1	1	1	1	1	1	1	1	1	1	1	1	1	1	1	1	1	1	1	1	1	1	1	1	1	1	1	1	1	1	1	1	1	1	1	1	1	1	1	1	1	1	1	1	1	1	1	1	1	1	1	1	0.8836	0.9256	0.9478	0.9608	0.9712	0.9106	0.9454	0.9366	0.9308	0.8688	0.9222	0.9646	0.857	0.8704	0.935566566325507	0.9824	0.9258	0.9778	0.9604	0.9278	0.9762	0.915	0.968	0.98	0.9182	0.575215215215215	0.9448	0.8812	0.7678	0.9756	0.9018	0.92	0.9458	0.951	0.9494	0.9484	0.928195039007802	0.949544478216819	0.9356	0.9188	0.9446	0.957950411563943	0.9204	0.9464	0.938196158463385	0.939198558269924	0.9484	0.9088	0.9172	0.9086	0.927980676328502	0.7506	0.9414	0.898	0.8934	0.896143546441496	0.9334	0.9258	0.935	0.9196	0.9694	0.9262	0.953792392392392	0.916	0.981	0.895373808570284	0.9294	0.923	0.926593198639728	0.9106	0.9566	0.9608	0.9122	0.92	0.946	0.927545148356054	0.8462	0.9806	0.9558	0.9824	0.9482	0.9788	0.9488	0.9702	0.9356	0.919	0.928701022494887	0.9794	0.944	0.8144	0.9618	0.916	0.966	0.9554	0.88	0.9558	0.893790156062425	0.9114	0.9416	0.958016916228248	0.949383974358974	0.9564	0.9008	0.894271531676023	0.917388530178464	0.8448	0.898965069179868	0.9052	0.9188	0.9414	0.9032	0.934	0.939784984984985	0.970199159495697	0.971	0.912394718943789	0.9912	0.925	0.955	0.948	0.9516	0.9072	0.936628687032167	0.9116	0.9092	0.96	0.9092	0.9576	0.9606	0.9566	0.9124	0.909788788788789	0.95	0.94299375875175	0.919136059330527	0.92617614091273	0.938725301204819	0.902195192307693	0.8916	0.8374	0.9432	0.8882	0.8934	0.921392551061273	0.9184	0.9278	0.9198	0.9558	0.9218	0.9016	0.9724	0.9278	0.953	0.9586	0.963	0.9136	0.944	0.7966	0.8618	0.9636	0.896788459226608	0.921967403202919	0.9046	0.8974	0.9268	0.9112	0.7714	0.1346	0.9228	0.9374	0.922	0.9148	0.925366431024035	0.830583356671334	0.9742	0.88874135640974	0.9332	0.9112	0.9586	0.9626	0.9334	0.8952	0.95	0.8864	0.925	0.91	0.9816	0.928	0.9646	0.9552	0.9356	0.9116	0.8888	0.9644	0.9152	0.9384	0.9654	0.8884	0.908	0.9118	0.6354	0.919	0.908439418416801	0.9892	0.9784	0.92017108190091	0.916493289955267	0.9548	0.953997277822258	0.901596996996997	0.9304	0.9206	0.9534	0.9678	0.9442	0.9824	0.9606	0.9498	0.9382	0.9722	0.427567269802975	0.957	0.9738	0.914	0.955647327012306	0.9122	0.930848859934853	0.9384	0.954937861330099	0.924275135460566	0.9548	0.9382	0.9488	0.1862	0	0.8876	0.8894	0.6878	0.5146	0.9024	0.6528	0.9374	0.9182	0.9652	0.9722	0.896155306367641	0.9414	0.9488	0.9618	0.6286	0.8116	0.943115153954518	0.8662	0.9194	0.9222	0.916	0.9016	0.9252	0.9502	0.911190872698158
SRR7146857	1	1	1	1	1	1	1	1	1	1	1	1	1	1	1	1	1	1	1	1	1	1	1	1	1	1	1	1	1	1	1	1	1	1	1	1	1	1	1	1	1	1	1	1	1	1	1	1	1	1	1	1	1	1	1	1	1	1	1	1	1	1	1	1	1	1	0.7256	0.7568	0.2746	0.297	0.4394	0.644	0.851	0.3894	0.9348	0.6222	0.8306	0.895	0.615	0.2862	0.616322616897451	0.8594	0.261	0.3196	0.5124	0.427	0.4866	0.4012	0.2798	0.7054	0.3324	0.572428428428428	0.3192	0.5288	0.7562	0.314	0.4698	0.6654	0.2458	0.2868	0.2478	0.9236	0.511710902180436	0.77186990881459	0.670268727418707	0.5944	0.8752	0.283335153583618	0.435	0.941	0.413985914365746	0.94196684020825	0.938331348799014	0.6388	0.2514	0.3332	0.541465056360708	0.5642	0.7358	0.4378	0.798	0.547435303578609	0.577	0.1738	0.3328	0.8878	0.8486	0.6984	0.830299099099099	0.8774	0.8446	0.376486343612335	0.8528	0.9186	0.272456811362272	0.2258	0.658	0.9098	0.4348	0.7972	0.3788	0.448147554129912	0.5816	0.3198	0.2782	0.9502	0.8566	0.973	0.9318	0.971	0.9364	0.7994	0.826805316973415	0.286	0.2594	0.8236	0.2774	0.1656	0.2668	0.2804	0.6714	0.2736	0.652466506602641	0.764307544141252	0.6044	0.878947470659652	0.232130128205128	0.3334	0.4846	0.840212349639134	0.77012596751554	0.581	0.6688265089232	0.5476	0.8812	0.797	0.6694	0.7888	0.355783383383383	0.289179107464479	0.902	0.505321304260852	0.93	0.7776	0.3022	0.4128	0.4294	0.6476	0.868057374064333	0.777	0.8732	0.9614	0.7298	0.3136	0.7872	0.401	0.342053273642977	0.853739139139139	0.8452	0.275390678135627	0.770793425536179	0.284666773418735	0.430276305220884	0.642687820512821	0.4084	0.271	0.815	0.2556	0.56	0.894574529435322	0.2274	0.299	0.8514	0.2964	0.2116	0.4406	0.652	0.8924	0.2884	0.279	0.9046	0.6314	0.2914	0.7822	0.2992	0.8212	0.683883911039872	0.483480964930063	0.4576	0.6614	0.6842	0.1896	0.8818	0.9326	0.2192	0.808	0.6186	0.4976	0.663751565340335	0.202786317263453	0.2654	0.587595773797545	0.6518	0.3538	0.7146	0.4938	0.2508	0.6416	0.9362	0.5366	0.2528	0.4202	0.9812	0.8712	0.954	0.961	0.543	0.5568	0.4882	0.8368	0.2408	0.3428	0.2818	0.6654	0.4978	0.3648	0.814	0.2048	0.456357350565428	1	0.9866	0.864839231547017	0.848269540463603	0.846200407664085	0.853596317053643	0.816252652652653	0.273	0.9036	0.6102	0.5176	0.2688	0.9918	0.9458	0.9556	0.926	0.8622	0.682677925211098	0.3192	0.3004	0.8454	0.872077788985273	0.7704	0.894737133550488	0.83372202166065	0.927337861330099	0.803585149508328	0.9588	0.941	0.392	0.896	0.8876	0	0.2642	0.3452	0.8718	0.1978	0.465	0.900799999999999	0.6162	0.8534	0.2992	0.350911333600321	0.9016	0.2856	0.2642	0.823	0.4554	0.629768685852284	0.6656	0.8534	0.852	0.8708	0.9122	0.2856	0.9426	0.852779503602882
SRR7146858	1	1	1	1	1	1	1	1	1	1	1	1	1	1	1	1	1	1	1	1	1	1	1	1	1	1	1	1	1	1	1	1	1	1	1	1	1	1	1	1	1	1	1	1	1	1	1	1	1	1	1	1	1	1	1	1	1	1	1	1	1	1	1	1	1	1	0.8144	0.8948	0.144	0.1852	0.4492	0.6378	0.8692	0.4142	0.958	0.6884	0.9628	0.9566	0.712	0.2788	0.622524663857114	0.897	0.178	0.1794	0.5042	0.4036	0.5174	0.319	0.182	0.6964	0.2428	0.544857257257257	0.2376	0.5584	0.7528	0.1832	0.469	0.5678	0.2558	0.267	0.1766	0.919	0.52091450290058	0.902496251266464	0.843949096748294	0.7246	0.9362	0.181948885765911	0.4954	0.944	0.428990956382553	0.927575010012014	0.93124257852597	0.6914	0.149	0.2682	0.64755040257649	0.6014	0.7672	0.4562	0.7918	0.612608845999196	0.6092	0.2896	0.3536	0.9656	0.9418	0.7492	0.857113713713714	0.9116	0.8982	0.329716379655587	0.9666	0.958	0.307070814162833	0.223	0.6856	0.9192	0.44	0.9234	0.423	0.468050040096231	0.7164	0.1852	0.2718	0.9478	0.9382	0.9812	0.9678	0.9884	0.9242	0.7826	0.917726789366053	0.1884	0.1482	0.9346	0.1726	0.216	0.1954	0.1556	0.6596	0.146	0.680706202480993	0.880744462279294	0.6222	0.945582679077297	0.273248717948718	0.3514	0.5438	0.92296343223737	0.931131702426308	0.6578	0.741624423501103	0.6746	0.8618	0.8042	0.7496	0.9326	0.386000800800801	0.18599963978387	0.9866	0.646737067413483	0.9808	0.7914	0.2498	0.389	0.4346	0.7896	0.951001011531459	0.9074	0.8834	0.9904	0.833	0.1572	0.9108	0.3926	0.425326245103525	0.914788388388388	0.9432	0.132396199239848	0.817428262176789	0.291258126501201	0.454067469879518	0.723468269230769	0.437	0.2292	0.8108	0.3152	0.6582	0.940997356828194	0.2432	0.2878	0.9148	0.1734	0.3054	0.5514	0.6384	0.9366	0.1592	0.3016	0.8956	0.6392	0.1992	0.8622	0.3122	0.8854	0.733796433580445	0.565643259679708	0.5182	0.6796	0.7542	0.1626	0.9084	0.9346	0.1674	0.8714	0.6972	0.5118	0.695179196121996	0.17284224844969	0.3122	0.662872771181324	0.7324	0.4334	0.7874	0.5188	0.1472	0.6672	0.9244	0.6172	0.1632	0.5498	0.9478	0.8802	0.9478	0.9474	0.635	0.4882	0.4178	0.8292	0.1476	0.3882	0.1626	0.697	0.4304	0.3738	0.8708	0.2026	0.46693408723748	0.9648	0.9544	0.964270980788675	0.907233184221228	0.888628128821851	0.948998238590872	0.879152152152152	0.306	0.923	0.6426	0.5062	0.239	0.9578	0.9522	0.9534	0.9298	0.9188	0.788145878568556	0.1618	0.1748	0.9442	0.927792777889853	0.9602	0.918615309446254	0.862973124749298	0.945357145744896	0.899348223961469	0.9762	0.9282	0.351	0.9232	0.8894	0.2642	0	0.3518	0.9222	0.1504	0.4558	0.929	0.6346	0.8934	0.3238	0.352324789747697	0.9024	0.2304	0.2832	0.8858	0.4968	0.647770819078286	0.642	0.953	0.9282	0.9592	0.917	0.3406	0.954	0.918179503602882
SRR7146859	1	1	1	1	1	1	1	1	1	1	1	1	1	1	1	1	1	1	1	1	1	1	1	1	1	1	1	1	1	1	1	1	1	1	1	1	1	1	1	1	1	1	1	1	1	1	1	1	1	1	1	1	1	1	1	1	1	1	1	1	1	1	1	1	1	1	0.7872	0.8618	0.4296	0.4658	0.3792	0.5768	0.8232	0.3788	0.9432	0.5654	0.9142	0.9434	0.6184	0.2596	0.530324663857114	0.8974	0.3798	0.4664	0.5182	0.4162	0.4756	0.3478	0.4172	0.6966	0.3182	0.38298958958959	0.4268	0.5004	0.6074	0.4626	0.414	0.5262	0.4182	0.423	0.4184	0.92	0.425315023004601	0.897896251266464	0.750749096748294	0.6876	0.8364	0.446545834169845	0.4174	0.9	0.337995118047219	0.887982939527433	0.886199343050708	0.5836	0.4046	0.293	0.612437359098229	0.455	0.7238	0.451	0.7208	0.521280257338159	0.5616	0.3894	0.4252	0.9242	0.8938	0.6544	0.761305105105105	0.8782	0.8918	0.309484181017221	0.9282	0.9304	0.386186397279456	0.3922	0.6324	0.9098	0.3908	0.8318	0.3974	0.436673937449879	0.6018	0.4696	0.4202	0.9454	0.8342	0.9768	0.954	0.983	0.9278	0.7322	0.884726789366053	0.412	0.432	0.827	0.4222	0.3168	0.4144	0.427	0.5774	0.4284	0.628686194477791	0.839500802568218	0.5798	0.883159206798867	0.442570833333333	0.393	0.4776	0.832813311948677	0.854993543212352	0.5246	0.712429637056346	0.5886	0.811	0.75	0.732	0.8402	0.432373973973974	0.456993396037622	0.9742	0.558534346869374	0.9786	0.687	0.4192	0.4338	0.4304	0.784	0.934554885696945	0.83	0.814	0.9848	0.8006	0.4382	0.8724	0.3784	0.341326245103525	0.852789389389389	0.9118	0.377382116423285	0.814807977550611	0.356359007205765	0.474125301204819	0.642931730769231	0.355	0.3316	0.7284	0.387	0.5956	0.85899759711654	0.3794	0.3148	0.8362	0.4544	0.3882	0.4814	0.6432	0.8458	0.4382	0.3828	0.9034	0.624	0.432	0.773	0.3322	0.8754	0.700288599479062	0.493048368132982	0.4652	0.647	0.6978	0.3894	0.7564	0.7324	0.4062	0.8154	0.6224	0.4948	0.590993132700464	0.317972674534907	0.4056	0.565641940028175	0.6506	0.3662	0.743	0.468	0.4314	0.5916	0.8564	0.622	0.4304	0.4872	0.9068	0.8416	0.9466	0.9556	0.5816	0.4172	0.4176	0.8374	0.3818	0.3936	0.4186	0.6034	0.346	0.3568	0.6582	0.4094	0.448652988691438	0.9244	0.9122	0.868070980788675	0.841836193574624	0.832359885854056	0.898998238590872	0.806345345345345	0.4144	0.8626	0.6508	0.5202	0.387	0.9174	0.964	0.9612	0.8968	0.9132	0.56469883393647	0.4072	0.4524	0.8516	0.864220536614888	0.8478	0.83217328990228	0.768773124749298	0.842357145744896	0.835454063816978	0.9762	0.8966	0.364	0.7176	0.6878	0.3452	0.3518	0	0.725	0.3838	0.2962	0.886	0.5766	0.856	0.4004	0.278750020024029	0.8708	0.4416	0.3862	0.6746	0.438	0.640339987925136	0.6238	0.9164	0.887	0.923	0.8932	0.4342	0.9466	0.841579503602882
SRR7146860	1	1	1	1	1	1	1	1	1	1	1	1	1	1	1	1	1	1	1	1	1	1	1	1	1	1	1	1	1	1	1	1	1	1	1	1	1	1	1	1	1	1	1	1	1	1	1	1	1	1	1	1	1	1	1	1	1	1	1	1	1	1	1	1	1	1	0.8986	0.639	0.9474	0.9682	0.9526	0.947	0.9534	0.9612	0.9574	0.9274	0.9636	0.6676	0.8734	0.9322	0.950583624322697	0.8888	0.9466	0.9666	0.9588	0.949	0.9294	0.927	0.9642	0.973	0.9298	0.60646026026026	0.942	0.8754	0.4128	0.9628	0.6378	0.926	0.967	0.9522	0.9696	0.9586	0.942997159431886	0.61178358662614	0.836460377358491	0.8546	0.9492	0.953532864886569	0.9534	0.9664	0.946597358943577	0.972987985582699	0.960078176965715	0.9388	0.9452	0.9316	0.88869500805153	0.7804	0.9518	0.9452	0.9162	0.939518455971049	0.9454	0.8566	0.9458	0.9798	0.9556	0.9496	0.94158018018018	0.9574	0.6526	0.936796876251502	0.9582	0.9262	0.955198439687937	0.9284	0.9578	0.9604	0.9486	0.9632	0.9568	0.9545966319166	0.6886	0.9698	0.9204	0.969	0.9626	0.9802	0.9706	0.9866	0.9638	0.933	0.967	0.9672	0.9614	0.6362	0.9562	0.8864	0.9674	0.951	0.9396	0.9416	0.938595598239296	0.966995505617978	0.9564	0.959228652367463	0.965394230769231	0.9622	0.945	0.949929270248597	0.96399165831161	0.9264	0.955173410868257	0.9528	0.952	0.949	0.8776	0.5596	0.957183183183183	0.971199639783871	0.8106	0.947596879375875	0.8534	0.9558	0.943	0.9478	0.9576	0.8094	0.755387254703621	0.9552	0.947	0.9872	0.9532	0.9434	0.8668	0.927	0.901001902630106	0.967387987987988	0.8636	0.954399839967993	0.944187652836239	0.933584147317854	0.9612	0.9416	0.8718	0.8374	0.9402	0.9382	0.9348	0.97919759711654	0.9434	0.9524	0.9148	0.9662	0.9176	0.9444	0.9616	0.9734	0.9564	0.957	0.9496	0.9242	0.9596	0.8512	0.8446	0.6604	0.950992426367462	0.961351104804379	0.9506	0.9406	0.9548	0.9432	0.7868	0.4702	0.9494	0.9604	0.9632	0.9344	0.957584164815189	0.872389037807562	0.9738	0.933497685651036	0.9584	0.9098	0.6166	0.9662	0.9306	0.9176	0.9586	0.9364	0.9508	0.881	0.9714	0.959	0.9696	0.9794	0.6448	0.9316	0.9274	0.9632	0.9584	0.8576	0.958	0.6048	0.936	0.9526	0.6924	0.955	0.934458481421648	0.989	0.9774	0.979270980788675	0.956633184221228	0.954662046473706	0.903933706965572	0.953598398398399	0.8864	0.9646	0.8492	0.9594	0.955	0.982	0.9622	0.9666	0.9654	0.5528	0.528386409328508	0.9638	0.966	0.962	0.955288965099859	0.7506	0.95477003257329	0.953373044524669	0.979357145744896	0.965	0.9826	0.9628	0.948	0.525	0.5146	0.8718	0.9222	0.725	0	0.9424	0.6564	0.964	0.9366	0.9118	0.963	0.920364917901481	0.8624	0.943	0.9644	0.6866	0.8452	0.864100543368887	0.9058	0.9168	0.9618	0.9694	0.9592	0.9548	0.9552	0.928592794235389
SRR7146861	1	1	1	1	1	1	1	1	1	1	1	1	1	1	1	1	1	1	1	1	1	1	1	1	1	1	1	1	1	1	1	1	1	1	1	1	1	1	1	1	1	1	1	1	1	1	1	1	1	1	1	1	1	1	1	1	1	1	1	1	1	1	1	1	1	1	0.7438	0.796	0.167	0.1776	0.4658	0.63	0.873	0.413	0.9494	0.6492	0.8434	0.952	0.6756	0.2662	0.64951715833835	0.9084	0.1782	0.1882	0.5136	0.4128	0.5264	0.3984	0.1946	0.7022	0.3186	0.599023623623623	0.2656	0.6066	0.8146	0.1824	0.5398	0.6572	0.1706	0.2548	0.094	0.931	0.529313462692539	0.88785937183384	0.774468727418707	0.6168	0.9384	0.162315318209195	0.458	0.9442	0.442388475390156	0.937982939527433	0.947310162184356	0.6886	0.125	0.3486	0.59942576489533	0.5932	0.7688	0.4458	0.8602	0.556032891033374	0.6104	0.2254	0.351	0.86	0.9188	0.759	0.853313713713714	0.8416	0.9052	0.397918542250701	0.872	0.9288	0.306667053410682	0.2104	0.6804	0.9226	0.4102	0.8034	0.415	0.481220208500401	0.6898	0.1924	0.272	0.9502	0.942	0.9738	0.9462	0.9836	0.9458	0.7932	0.817555828220859	0.1822	0.1552	0.923	0.162	0.227	0.1886	0.1544	0.6438	0.164	0.680884833933573	0.823151203852327	0.6274	0.920316956697693	0.244841346153846	0.3576	0.5188	0.897648917401764	0.820524924804492	0.594	0.642203569280128	0.6064	0.866	0.8084	0.7838	0.8924	0.365403003003003	0.177999039423654	0.976	0.56852274454891	0.9728	0.7942	0.2726	0.3998	0.4354	0.717	0.92049095690876	0.8124	0.868	0.9794	0.7532	0.1738	0.9112	0.4242	0.385619026301063	0.844977377377377	0.903	0.155193438687738	0.805647223892564	0.307673819055244	0.4577140562249	0.667536538461538	0.4298	0.2442	0.8306	0.267	0.5866	0.875391830196235	0.1924	0.3	0.8462	0.1712	0.228	0.5112	0.647	0.9406	0.1634	0.2972	0.9064	0.6452	0.2146	0.8012	0.3024	0.8804	0.718979843718694	0.523561443340766	0.4954	0.6914	0.7298	0.1186	0.8974	0.9496	0.0742	0.86	0.6572	0.4852	0.694636760250455	0.16324124824965	0.3008	0.612515194204065	0.6954	0.432	0.7966	0.5172	0.1522	0.6686	0.9444	0.556	0.1524	0.523	0.98	0.888	0.9664	0.9686	0.6278	0.5772	0.4818	0.8308	0.1336	0.3988	0.1734	0.7284	0.5152	0.3622	0.8412	0.1142	0.488700484652666	0.9976	0.985	0.891010313447927	0.901669540463603	0.902231227068895	0.946790072057646	0.846891291291291	0.2822	0.9244	0.6476	0.5166	0.2536	0.9906	0.9536	0.9626	0.9484	0.9202	0.68677716123844	0.1722	0.1798	0.867	0.914677788985273	0.846	0.921337133550489	0.866373124749298	0.957028582979584	0.849854063816978	0.9764	0.9408	0.385	0.9226	0.9024	0.1978	0.1504	0.3838	0.9424	0	0.4948	0.935	0.5844	0.9006	0.3256	0.388921425710853	0.9366	0.2536	0.28	0.8516	0.5234	0.670508432280137	0.6834	0.8912	0.8332	0.869	0.9236	0.3166	0.9622	0.837379503602882
SRR7146862	1	1	1	1	1	1	1	1	1	1	1	1	1	1	1	1	1	1	1	1	1	1	1	1	1	1	1	1	1	1	1	1	1	1	1	1	1	1	1	1	1	1	1	1	1	1	1	1	1	1	1	1	1	1	1	1	1	1	1	1	1	1	1	1	1	1	0.8744	0.9248	0.4696	0.5262	0.5068	0.692	0.8738	0.4916	0.9606	0.7168	0.9708	0.9628	0.7954	0.485	0.647950592012844	0.9108	0.4996	0.5224	0.5256	0.494	0.5182	0.5036	0.4932	0.6946	0.496	0.26838998998999	0.5174	0.6336	0.7296	0.5174	0.5654	0.653	0.524	0.5178	0.5262	0.932	0.567919463892779	0.927104356636272	0.856949096748294	0.7626	0.9656	0.51698779361574	0.546	0.9758	0.499799839935974	0.962369963956748	0.963164401560255	0.7352	0.5118	0.4866	0.672932367149758	0.536	0.775	0.4962	0.8802	0.655251708886208	0.6202	0.5092	0.488	0.9854	0.9406	0.8076	0.887315715715716	0.953	0.9134	0.486999279134962	0.9926	0.977	0.500598439687937	0.4892	0.6846	0.9338	0.4964	0.9334	0.494	0.498691900561347	0.7326	0.5248	0.4922	0.9456	0.965	0.9826	0.9592	0.9912	0.9526	0.8136	0.940126789366053	0.511	0.4884	0.8404	0.5016	0.4856	0.5112	0.518	0.7428	0.4806	0.72210300120048	0.887500802568218	0.6538	0.930996762444355	0.516985897435898	0.4922	0.568	0.944728789093825	0.941533787848406	0.683	0.75742285943453	0.7218	0.9148	0.8302	0.6716	0.9472	0.485375375375375	0.516593396037623	0.9852	0.654934426885377	0.9878	0.8296	0.4906	0.4954	0.4908	0.8368	0.967925551284645	0.9362	0.9454	0.9898	0.8696	0.514	0.9132	0.4996	0.516	0.961788588588589	0.9786	0.503599839967994	0.834478091801964	0.485	0.509733333333333	0.765868269230769	0.446	0.3896	0.8556	0.4184	0.7274	0.98659759711654	0.4968	0.4834	0.9688	0.5264	0.5142	0.575	0.6464	0.9684	0.5052	0.5002	0.9132	0.6908	0.5068	0.79	0.3966	0.8894	0.760250891604888	0.585067707277519	0.5332	0.72	0.7668	0.4574	0.7556	0.6564	0.513	0.89	0.7022	0.5384	0.730812845889719	0.452587357471494	0.5124	0.713513946468102	0.7502	0.4856	0.8006	0.5092	0.5156	0.7214	0.9512	0.6358	0.491	0.583	0.9734	0.9202	0.9734	0.9714	0.6528	0.568	0.4996	0.842	0.491	0.4852	0.4886	0.78	0.5168	0.497	0.6314	0.5118	0.507521486268174	0.992	0.9806	0.973499898887765	0.964013176087841	0.914031227068895	0.985598238590872	0.932745345345345	0.5182	0.9426	0.6658	0.5244	0.4864	0.9838	0.9616	0.9664	0.9594	0.9352	0.502419380780056	0.5182	0.4998	0.961	0.921481258825903	0.9618	0.954488273615635	0.878973124749298	0.968957145744896	0.917978928356412	0.99	0.94	0.488	0.6538	0.6528	0.465	0.4558	0.2962	0.6564	0.4948	0	0.9746	0.6858	0.8998	0.5036	0.473789187024429	0.956	0.4692	0.5078	0.6422	0.4972	0.700439444556249	0.7256	0.9796	0.9476	0.9804	0.9596	0.5114	0.9728	0.964379503602882
SRR7146863	1	1	1	1	1	1	1	1	1	1	1	1	1	1	1	1	1	1	1	1	1	1	1	1	1	1	1	1	1	1	1	1	1	1	1	1	1	1	1	1	1	1	1	1	1	1	1	1	1	1	1	1	1	1	1	1	1	1	1	1	1	1	1	1	1	1	0.7884	0.933	0.97	0.965	0.9282	0.8276	0.9232	0.9354	0.8984	0.714	0.5062	0.9102	0.8044	0.8228	0.558731567328918	0.8886	0.8574	0.985	0.9714	0.9142	0.8874	0.9004	0.9374	0.895	0.7416	0.909332732732733	0.9672	0.851	0.9032	0.9816	0.871	0.785	0.952	0.859	0.9646	0.913	0.715754030806161	0.889975481256332	0.95199421918908	0.6314	0.5596	0.916248183095764	0.5402	0.4578	0.656273869547819	0.285232118542251	0.810801026483268	0.4966	0.9594	0.9166	0.867776811594203	0.842	0.8834	0.8934	0.73	0.752084197828709	0.8308	0.9532	0.8324	0.6502	0.7904	0.7604	0.686519319319319	0.8986	0.8844	0.868114697637165	0.9356	0.9242	0.883780876175235	0.9148	0.9394	0.9162	0.8608	0.6738	0.92	0.875842662389736	0.8414	0.987	0.8484	0.8934	0.2198	0.9662	0.9314	0.9446	0.8832	0.4506	0.942312065439673	0.9714	0.9626	0.9492	0.9738	0.8884	0.8726	0.963	0.8092	0.9696	0.695688035214086	0.780662600321027	0.5112	0.941007527316876	0.831620192307692	0.9462	0.8622	0.260317080994387	0.848103870062162	0.756	0.913703027872468	0.6794	0.4466	0.8482	0.765	0.9532	0.751212412412412	0.970398799279568	0.9702	0.785789917983597	0.9872	0.6964	0.9044	0.9324	0.8512	0.792	0.798254784543799	0.781	0.7664	0.939	0.6924	0.9294	0.9068	0.8314	0.692746950195859	0.579922722722723	0.8808	0.911986237247449	0.907562076568451	0.913551961569255	0.929101204819277	0.839434294871795	0.9632	0.9276	0.6676	0.9222	0.7352	0.587147056467761	0.9136	0.7636	0.5694	0.965	0.9428	0.8262	0.863	0.8784	0.9178	0.8454	0.8892	0.8464	0.881	0.9224	0.8746	0.9396	0.814791544780605	0.933839732414352	0.9054	0.6372	0.9458	0.9232	0.9336	0.9354	0.9616	0.935	0.9492	0.851	0.623745869521309	0.907190038007602	0.8894	0.778515717448179	0.8574	0.8426	0.8732	0.9326	0.9378	0.9268	0.336	0.707	0.937	0.8392	0.749	0.876	0.9026	0.911	0.9576	0.808	0.831199999999999	0.883	0.9452	0.871	0.9768	0.853	0.808	0.8724	0.9052	0.962	0.90798126009693	0.7334	0.7074	0.860252780586451	0.654895323302155	0.819321402364452	0.385901361088871	0.437707907907908	0.92	0.8162	0.8268	0.9708	0.9204	0.7374	0.917	0.9178	0.8322	0.9106	0.940929955770004	0.7978	0.9816	0.9014	0.936946701634053	0.8918	0.835708143322476	0.721717689530686	0.564542429755407	0.906243748745736	0.9344	0.614	0.8562	0.9154	0.9374	0.900799999999999	0.929	0.886	0.964	0.935	0.9746	0	0.8688	0.88	0.8732	0.779811613936724	0.8196	0.955	0.8786	0.9056	0.8148	0.89484314751459	0.7874	0.9228	0.92	0.9292	0.8798	0.8542	0.9104	0.759482305844676
SRR7146865	1	1	1	1	1	1	1	1	1	1	1	1	1	1	1	1	1	1	1	1	1	1	1	1	1	1	1	1	1	1	1	1	1	1	1	1	1	1	1	1	1	1	1	1	1	1	1	1	1	1	1	1	1	1	1	1	1	1	1	1	1	1	1	1	1	1	0.6604	0.8054	0.678	0.7084	0.6632	0.5372	0.8402	0.6084	0.929199999999999	0.5312	0.7596	0.9352	0.4916	0.4824	0.571849889624724	0.9044	0.6138	0.7108	0.6914	0.5834	0.6548	0.63	0.6354	0.6998	0.6172	0.627124524524524	0.6944	0.5698	0.7902	0.7082	0.5926	0.6086	0.5302	0.6522	0.5706	0.8704	0.604595639127826	0.894219858156029	0.775868727418708	0.5912	0.8932	0.694966432443284	0.5504	0.9004	0.618196558623449	0.888175010012015	0.88211989324574	0.5896	0.6454	0.617	0.651075362318841	0.6286	0.706	0.5928	0.813	0.32466779252111	0.5964	0.6148	0.661	0.8324	0.943	0.6918	0.815913713713714	0.7684	0.9014	0.572056067280737	0.445	0.905	0.671993078615723	0.6548	0.6628	0.8928	0.4942	0.51	0.6656	0.576851323175621	0.6228	0.7138	0.6496	0.9528	0.8966	0.9624	0.9382	0.9596	0.8992	0.7264	0.705914928425358	0.7086	0.6916	0.9346	0.689	0.6336	0.6898	0.6738	0.2194	0.6948	0.56948987595038	0.804020866773676	0.5926	0.936980331849454	0.679783012820513	0.616	0.6256	0.859274418604651	0.691831000601564	0.4146	0.624675115299779	0.5346	0.803	0.749	0.7414	0.8978	0.684571571571572	0.710599399639784	0.9796	0.62918475695139	0.9798	0.7438	0.6336	0.5996	0.6492	0.6664	0.920649443657698	0.6692	0.784	0.961	0.7534	0.6816	0.856	0.647	0.540896810296587	0.537425625625626	0.8932	0.63638599719944	0.800852956504309	0.589961729383507	0.684112449799197	0.636851923076923	0.67	0.689	0.7766	0.477	0.488	0.752203203844613	0.4958	0.5224	0.6898	0.6986	0.591	0.6258	0.6816	0.8762	0.6716	0.6624	0.9146	0.5678	0.6382	0.4938	0.6866	0.8638	0.685900861550792	0.657942631258869	0.5972	0.5728	0.689	0.5654	0.8322	0.9152	0.5926	0.874	0.615	0.6334	0.642165421127045	0.627984436887377	0.7074	0.295803662708794	0.7052	0.5766	0.7784	0.6426	0.6868	0.5962	0.8752	0.4354	0.6906	0.583	0.8934	0.8256	0.9274	0.9236	0.6058	0.5722	0.5772	0.8302	0.637	0.6014	0.6722	0.6818	0.5694	0.5378	0.8514	0.541	0.5921647819063	0.908	0.8976	0.919014762386249	0.843996258641724	0.847231227068895	0.901195036028823	0.802098098098098	0.6378	0.8448	0.6154	0.698	0.6296	0.904	0.9114	0.9228	0.8124	0.9164	0.697109207880981	0.6566	0.708	0.8838	0.924843090578979	0.8392	0.888551791530945	0.769366947452868	0.904729290479078	0.877852016857315	0.9504	0.8674	0.5526	0.9162	0.9182	0.6162	0.6346	0.5766	0.9366	0.5844	0.6858	0.8688	0	0.9022	0.6914	0.549135122146576	0.8746	0.687	0.6838	0.8618	0.6068	0.63853749245321	0.6386	0.872	0.7124	0.4316	0.832	0.6494	0.9164	0.749477502001602
SRR7146866	1	1	1	1	1	1	1	1	1	1	1	1	1	1	1	1	1	1	1	1	1	1	1	1	1	1	1	1	1	1	1	1	1	1	1	1	1	1	1	1	1	1	1	1	1	1	1	1	1	1	1	1	1	1	1	1	1	1	1	1	1	1	1	1	1	1	0.8894	0.8568	0.8942	0.9372	0.8752	0.906	0.8652	0.8714	0.9634	0.8212	0.9754	0.9226	0.8328	0.8608	0.794563234998997	0.1556	0.775	0.9332	0.9236	0.8942	0.4534	0.9052	0.849	0.2268	0.8766	0.917392192192192	0.928	0.7904	0.8678	0.9314	0.771	0.798	0.9346	0.781	0.9372	0.934	0.862597279455891	0.886778926038501	0.831766760337214	0.8502	0.9216	0.92334888576591	0.8402	0.9756	0.864595358143257	0.916525030036043	0.96044257852597	0.7324	0.9226	0.8472	0.884562640901771	0.6796	0.8	0.8972	0.8108	0.824526417370326	0.712	0.8256	0.8058	0.9856	0.8992	0.8004	0.832551951951952	0.946	0.349	0.872346415698839	0.9626	0.9726	0.8487825165033	0.8646	0.8688	0.9312	0.8996	0.8964	0.864	0.883920128307939	0.7854	0.9374	0.7964	0.224	0.9148	0.9814	0.958	0.9902	0.9524	0.9056	0.939326789366053	0.883	0.9154	0.9108	0.8996	0.8224	0.7912	0.9156	0.9066	0.9076	0.909597519007603	0.911951845906902	0.9118	0.8980484014569	0.907551923076923	0.8702	0.795	0.952116279069768	0.909731702426308	0.8208	0.913371846801684	0.8712	0.9224	0.9138	0.8792	0.8652	0.90998018018018	0.928393396037622	0.9512	0.879598679735947	0.8982	0.8716	0.8684	0.8926	0.57	0.7168	0.847800364151325	0.5428	0.9054	0.9906	0.3778	0.9178	0.8104	0.5474	0.880402014549525	0.962787787787788	0.6038	0.904195519103821	0.900128562838244	0.854993755004003	0.932991164658634	0.890551282051282	0.8962	0.8816	0.825	0.9144	0.8924	0.98499759711654	0.8806	0.8578	0.947	0.9344	0.8778	0.8588	0.334	0.9296	0.8992	0.7588	0.199	0.5106	0.7966	0.9186	0.7558	0.8892	0.890552033660589	0.880523940806811	0.8606	0.906	0.8638	0.8848	0.9214	0.9438	0.9258	0.8624	0.875	0.919	0.875176247222783	0.908796679335867	0.8172	0.808334956731737	0.4602	0.6934	0.688	0.8668	0.898	0.837	0.9454	0.919	0.9126	0.596	0.9722	0.9192	0.9628	0.9638	0.8256	0.586	0.6466	0.1972	0.8832	0.7016	0.8764	0.7934	0.7346	0.8924	0.9256	0.9326	0.855828109854604	0.9902	0.9788	0.937499898887765	0.868855876372509	0.904528658785161	0.931390712570056	0.928943343343344	0.8396	0.758	0.5576	0.9218	0.8776	0.982	0.9544	0.9604	0.9616	0.7892	0.915145637314033	0.9286	0.9182	0.9146	0.883050030260238	0.8934	0.9121664495114	0.868196068993181	0.882393612290277	0.8862	0.9888	0.936	0.8954	0.9582	0.9652	0.8534	0.8934	0.856	0.9118	0.9006	0.8998	0.88	0.9022	0	0.6926	0.803326952342812	0.9172	0.9318	0.7054	0.9276	0.8956	0.826651881666331	0.6896	0.961	0.947	0.975	0.9618	0.9192	0.9682	0.958779503602882
SRR7146868	1	1	1	1	1	1	1	1	1	1	1	1	1	1	1	1	1	1	1	1	1	1	1	1	1	1	1	1	1	1	1	1	1	1	1	1	1	1	1	1	1	1	1	1	1	1	1	1	1	1	1	1	1	1	1	1	1	1	1	1	1	1	1	1	1	1	0.8474	0.927	0.3166	0.339	0.3822	0.6722	0.7926	0.3468	0.9534	0.6518	0.9608	0.9436	0.7454	0.3294	0.521682520569938	0.7288	0.2042	0.3396	0.5204	0.4176	0.2912	0.4066	0.2564	0.5158	0.309	0.64386026026026	0.3378	0.5752	0.8588	0.3386	0.5444	0.5594	0.3318	0.1868	0.3336	0.9136	0.476716423284657	0.910651671732523	0.767713689281413	0.7264	0.8854	0.329955751857057	0.4892	0.9676	0.367158303321329	0.914325030036043	0.955943214945596	0.5534	0.3326	0.2846	0.647860225442834	0.462	0.657	0.4954	0.7644	0.593799034981906	0.3828	0.3224	0.2596	0.9574	0.8528	0.656	0.794297897897898	0.9268	0.7262	0.387886824189027	0.9572	0.9658	0.261255771154231	0.294	0.5966	0.9008	0.4678	0.8546	0.349	0.488415878107458	0.6882	0.3414	0.2038	0.7632	0.9022	0.9712	0.9404	0.957199999999999	0.9346	0.8214	0.934481799591002	0.2502	0.3198	0.9516	0.315	0.2588	0.1986	0.3394	0.757	0.327	0.734701960784314	0.881293739967897	0.65	0.852234318089842	0.320580128205128	0.273	0.4134	0.956531676022454	0.912791457790255	0.608	0.743036414678163	0.6308	0.8742	0.794	0.8462	0.8846	0.378987187187187	0.329993035821493	0.9546	0.609924344868974	0.9694	0.7546	0.2882	0.3902	0.2474	0.691	0.945380254905927	0.6506	0.8972	0.958	0.6672	0.3134	0.8354	0.2278	0.469049468382765	0.972383583583584	0.7924	0.313195959191838	0.798457807175787	0.258822738190553	0.460501204819277	0.718801923076923	0.4472	0.2904	0.7252	0.3852	0.7272	0.976197837404886	0.3074	0.3146	0.9702	0.3406	0.3436	0.5058	0.4486	0.9066	0.2992	0.113	0.7218	0.512	0.2112	0.9144	0.1648	0.8826	0.734381646964536	0.510840908169471	0.465	0.727	0.7002	0.2942	0.9142	0.9612	0.3382	0.794	0.6338	0.513	0.637175237325793	0.319597839567914	0.1822	0.647332501509358	0.4822	0.3596	0.6766	0.4698	0.3208	0.6558	0.9434	0.6908	0.3174	0.3344	0.9706	0.8868	0.9406	0.9512	0.5828	0.3188	0.3104	0.6586	0.2898	0.2866	0.2912	0.7682	0.3658	0.4116	0.885	0.336	0.485263974151858	0.9866	0.9686	0.890688776541961	0.843255876372509	0.898356053811659	0.984198238590873	0.908942542542543	0.312	0.7028	0.4868	0.518	0.2936	0.9812	0.9282	0.9394	0.9398	0.8776	0.789237153196622	0.3378	0.3254	0.8838	0.840310752471253	0.8792	0.866762866449512	0.812769755314882	0.838585041439256	0.801578928356412	0.9668	0.9348	0.3864	0.9592	0.9722	0.2992	0.3238	0.4004	0.963	0.3256	0.5036	0.8732	0.6914	0.6926	0	0.31801545855026	0.9268	0.3244	0.0668	0.8984	0.5702	0.681405755685249	0.52	0.961	0.9128	0.9742	0.9442	0.352	0.9396	0.964379503602882
SRR7146869	1	1	1	1	1	1	1	1	1	1	1	1	1	1	1	1	1	1	1	1	1	1	1	1	1	1	1	1	1	1	1	1	1	1	1	1	1	1	1	1	1	1	1	1	1	1	1	1	1	1	1	1	1	1	1	1	1	1	1	1	1	1	1	1	1	1	0.753877933520224	0.861752422907489	0.400357228674409	0.4321608329996	0.351908209851822	0.529101001201442	0.746898598317981	0.294807529034842	0.834065438526231	0.431336643972767	0.875489707649179	0.873555546655987	0.560858470164197	0.241827953544253	0.353393166722805	0.851525750901081	0.353277452943532	0.432560832999599	0.460137765318382	0.307747857428915	0.389491149379255	0.303884181017221	0.293663996796156	0.648742330796956	0.307839727673208	0.5179027645988	0.434747136563877	0.433036844213056	0.758538966760112	0.4477608329996	0.420167080496596	0.498829154985983	0.379269283139768	0.352277452943532	0.420327673207849	0.78823540248298	0.373482065255662	0.845553022289361	0.72935149638418	0.649103884661594	0.77998470164197	0.392205398536063	0.384191910292351	0.855670724869844	0.246162141268201	0.783139767721266	0.823025117309731	0.498674889867842	0.373076251501802	0.279045975170204	0.587017141987454	0.538879134961954	0.601612815378454	0.334102683219864	0.682685863035643	0.367446484635604	0.409189747697237	0.397723588305967	0.272232278734481	0.857872887464958	0.858500760913095	0.572022667200641	0.69205140262409	0.820881778133761	0.851129595514617	0.225670804965959	0.870485142170605	0.875511333600321	0.278844435286737	0.333918782539047	0.557299799759712	0.810476011213456	0.340302202643172	0.83047216659992	0.306261113336003	0.343732125704012	0.560623868642371	0.413502442931518	0.303488506207449	0.897743532238686	0.767940969162996	0.955385582699239	0.847268802563076	0.892513015618743	0.800452943532239	0.642410172206648	0.870952054530877	0.377073127753304	0.392757228674409	0.845467601121345	0.4093608329996	0.248102683219864	0.363478654385262	0.417921425710853	0.620249098918702	0.415557228674409	0.538843971709629	0.78794890947789	0.48500824989988	0.826611115856227	0.344392758489675	0.272180857028434	0.390018342010413	0.793300477011869	0.831248992675309	0.408115738886664	0.660243344750818	0.566276491790148	0.77503780536644	0.684526231477773	0.735737765318382	0.825038526231478	0.369651630004053	0.403722650089854	0.925724789747697	0.561679296211665	0.965773808570284	0.647971005206247	0.298486103323989	0.325299799759712	0.310926952342812	0.652981577893472	0.824869673671121	0.717604405286344	0.719590468562275	0.878665678814577	0.742293792551061	0.367704845814978	0.788856547857429	0.311287545054065	0.306007499990476	0.817588553711902	0.90671013215859	0.329910715823581	0.678421482006108	0.272362784099927	0.366579172114972	0.559754237135845	0.408337765318382	0.337635162194634	0.632387585102122	0.331919022827393	0.559614977973568	0.857228674409291	0.308495234281137	0.269995754905887	0.828855346415699	0.4221608329996	0.359663275931117	0.397486583900681	0.553735602723268	0.750050780937125	0.319097396876252	0.264191670004005	0.80226615939127	0.52740824989988	0.326444533440128	0.739452703243893	0.379489947937525	0.800720704845815	0.587946970947385	0.410766424676163	0.318178934721666	0.478550580696836	0.636647657188626	0.343132719263116	0.82793968762515	0.896378133760513	0.416936323588306	0.752040448538246	0.574615698838607	0.434088265919103	0.516843722869382	0.325093933484334	0.308372927513016	0.471542022695296	0.591190708850621	0.275421465758911	0.672727673207849	0.418666399679616	0.37134449339207	0.572647897476972	0.834483460152182	0.557881778133761	0.341287545054065	0.386942651181418	0.847639727673208	0.741247657188626	0.835867841409692	0.836270244293152	0.539844052863436	0.340205366439728	0.360263275931117	0.784140648778534	0.339925510612735	0.305026511814177	0.360558670404485	0.607145694833801	0.317270484581498	0.287080096115338	0.816720704845815	0.375335602723268	0.354859433905501	0.861039727673208	0.844630116139367	0.843687571698779	0.75928772110917	0.768993644391207	0.841611535123173	0.741508468821244	0.336699799759712	0.720313336003204	0.55367096515819	0.464338005606728	0.297488746495795	0.858239727673208	0.821262795354425	0.834667601121346	0.758629395274329	0.869127432919503	0.699550840179909	0.384741369643572	0.437957228674409	0.849670004004806	0.81460427518065	0.834457989587505	0.764178170155978	0.668669230192155	0.737639564080899	0.773149412849504	0.868270244293152	0.788069283139768	0.307707969563476	0.871546415698839	0.896155306367641	0.350911333600321	0.352324789747697	0.278750020024029	0.920364917901481	0.388921425710853	0.473789187024429	0.779811613936724	0.549135122146576	0.803326952342812	0.31801545855026	0	0.843561073287945	0.37926856227473	0.32060344413296	0.828920704845815	0.365417380857028	0.569207420004831	0.51527216659992	0.848689947937525	0.832678894673608	0.881350260312375	0.775402482979576	0.310855586704045	0.840663035642771	0.818794322602655
SRR7146871	1	1	1	1	1	1	1	1	1	1	1	1	1	1	1	1	1	1	1	1	1	1	1	1	1	1	1	1	1	1	1	1	1	1	1	1	1	1	1	1	1	1	1	1	1	1	1	1	1	1	1	1	1	1	1	1	1	1	1	1	1	1	1	1	1	1	0.5876	0.7592	0.9418	0.9508	0.9092	0.5794	0.9286	0.9226	0.9248	0.8148	0.8658	0.869	0.8258	0.878	0.868910616094722	0.9258	0.9182	0.958	0.936	0.8024	0.936	0.8842	0.953	0.9686	0.8966	0.887549349349349	0.9504	0.8688	0.8298	0.9596	0.814	0.8828	0.9474	0.9168	0.949	0.8984	0.829189957991598	0.896684093211753	0.839672822159775	0.8164	0.8108	0.935115318209195	0.81	0.8228	0.779190236094438	0.830587985582699	0.835911845616917	0.7862	0.9264	0.9086	0.881602898550724	0.786	0.9328	0.9098	0.828	0.858654684358665	0.9134	0.8722	0.9322	0.8608	0.9388	0.8772	0.878384984984985	0.8692	0.9056	0.89333608329996	0.9148	0.9074	0.90919399879976	0.83	0.9328	0.897	0.7082	0.8476	0.9278	0.898884522854852	0.805	0.9588	0.8878	0.966	0.822	0.979	0.9554	0.9218	0.908	0.8002	0.940586503067485	0.9518	0.939	0.8404	0.9478	0.8606	0.9526	0.938	0.8794	0.9438	0.853992236894758	0.859147672552167	0.8068	0.941706110886281	0.901919551282051	0.9372	0.8764	0.813161507618284	0.93772231802687	0.845	0.537124924804492	0.8018	0.7374	0.5316	0.8238	0.665	0.864190990990991	0.953799159495697	0.689	0.922598119623925	0.9404	0.8206	0.9224	0.8258	0.9354	0.8884	0.777404329354643	0.8998	0.8516	0.9588	0.8372	0.938	0.9	0.8944	0.802238276440962	0.899783183183183	0.6252	0.887389637927586	0.852245660452997	0.888160128102482	0.910899598393575	0.835061538461539	0.9084	0.9408	0.8026	0.93	0.8554	0.838309891870245	0.914	0.8872	0.8582	0.9406	0.9052	0.9112	0.9524	0.9024	0.9382	0.9242	0.9384	0.8908	0.9438	0.925	0.9536	0.8912	0.846029052294129	0.928540239205352	0.9164	0.863	0.937	0.932	0.928	0.9058	0.9392	0.938	0.9466	0.9038	0.859984245606948	0.911995919183837	0.9594	0.842725498088146	0.9298	0.8886	0.8656	0.9204	0.916	0.884	0.8082	0.831	0.9328	0.8912	0.9212	0.8528	0.934	0.9448	0.8244	0.8928	0.9112	0.9578	0.9222	0.873	0.9454	0.8068	0.8926	0.8814	0.9296	0.9342	0.882113408723748	0.938	0.9178	0.907008291203236	0.859139650264335	0.883627558092132	0.799191993594875	0.80994954954955	0.8962	0.6306	0.8786	0.9466	0.923	0.9318	0.9276	0.9296	0.8626	0.786	0.914905910735826	0.8268	0.9634	0.9216	0.944461206374824	0.8504	0.870015635179153	0.867126995587645	0.86757432787548	0.779478025285973	0.9488	0.8368	0.8618	0.9068	0.9414	0.9016	0.9024	0.8708	0.8624	0.9366	0.956	0.8196	0.8746	0.9172	0.9268	0.843561073287945	0	0.9472	0.9458	0.9284	0.841	0.783637633326625	0.862	0.897	0.8582	0.953	0.8892	0.9214	0.895	0.849555324259408
SRR7146872	1	1	1	1	1	1	1	1	1	1	1	1	1	1	1	1	1	1	1	1	1	1	1	1	1	1	1	1	1	1	1	1	1	1	1	1	1	1	1	1	1	1	1	1	1	1	1	1	1	1	1	1	1	1	1	1	1	1	1	1	1	1	1	1	1	1	0.828	0.926	0.2434	0.268	0.473	0.597	0.8188	0.4274	0.7734	0.6744	0.8736	0.8892	0.6682	0.3728	0.617380012040939	0.921	0.2516	0.2686	0.5246	0.4302	0.5488	0.4146	0.2576	0.7182	0.3436	0.598864464464464	0.27	0.5626	0.8472	0.2634	0.5988	0.6638	0.1846	0.2564	0.2428	0.7462	0.58631950390078	0.918438500506586	0.860520192693697	0.7564	0.9788	0.265583216221642	0.566	0.985	0.481397038815526	0.983787985582699	0.955404229111065	0.77	0.2542	0.3836	0.664156843800322	0.6434	0.7788	0.3424	0.8986	0.603000080418174	0.5882	0.3246	0.233	0.7928	0.9568	0.8	0.906113513513514	0.7646	0.9184	0.370057509010813	0.858	0.839	0.348071854370874	0.2696	0.6346	0.7324	0.4684	0.9482	0.4418	0.496464474739374	0.7856	0.268	0.2358	0.9678	0.9814	0.9502	0.7882	0.788	0.768	0.8322	0.932681799591002	0.2674	0.2466	0.9334	0.2628	0.289	0.266	0.2626	0.7658	0.2368	0.690503721488596	0.892075120385233	0.545	0.94558502630514	0.170482692307692	0.2682	0.5728	0.962539374498797	0.967331181070784	0.6654	0.733960818127131	0.7302	0.8628	0.7838	0.8236	0.9588	0.391192392392392	0.270799759855913	0.9668	0.66753474694939	0.9658	0.8492	0.1628	0.3844	0.4204	0.6962	0.776470847663362	0.8882	0.7654	0.7888	0.8598	0.1864	0.9238	0.4376	0.464097929490767	0.975586786786787	0.9808	0.251998119623925	0.751793866506314	0.358695756605284	0.445444176706827	0.762854807692308	0.4124	0.2392	0.867	0.3316	0.7382	0.987398077693232	0.2766	0.3646	0.9718	0.2664	0.3628	0.453	0.6084	0.7762	0.1676	0.2674	0.9126	0.706	0.2634	0.7778	0.2866	0.7394	0.634728992185935	0.593637826880195	0.4824	0.6546	0.7946	0.2116	0.8728	0.9306	0.2664	0.8962	0.7264	0.4012	0.742383154918198	0.236199439887978	0.3204	0.749725176091769	0.7648	0.5022	0.8302	0.5388	0.261	0.7542	0.9624	0.66	0.2414	0.612	0.8754	0.7208	0.7736	0.7854	0.6834	0.5996	0.51	0.8532	0.2516	0.4508	0.2632	0.7984	0.5514	0.3802	0.8774	0.2488	0.52868465266559	0.8946	0.881	0.983688776541962	0.94708645790972	0.931831227068895	0.991798238590873	0.890949349349349	0.2894	0.8752	0.6692	0.5236	0.1694	0.9006	0.7772	0.7784	0.7696	0.9394	0.773424607961399	0.2664	0.2584	0.975999999999999	0.935945450877547	0.9276	0.948286970684039	0.910967509025271	0.987748574893875	0.912555047160345	0.7888	0.7788	0.4026	0.9378	0.9488	0.2856	0.2304	0.4416	0.943	0.2536	0.4692	0.955	0.687	0.9318	0.3244	0.37926856227473	0.9472	0	0.3136	0.8826	0.4392	0.698004507949286	0.6984	0.8738	0.7416	0.893	0.7676	0.2314	0.7678	0.958176461168935
SRR7146874	1	1	1	1	1	1	1	1	1	1	1	1	1	1	1	1	1	1	1	1	1	1	1	1	1	1	1	1	1	1	1	1	1	1	1	1	1	1	1	1	1	1	1	1	1	1	1	1	1	1	1	1	1	1	1	1	1	1	1	1	1	1	1	1	1	1	0.8592	0.906	0.2922	0.315	0.3746	0.6872	0.7828	0.3286	0.9712	0.6612	0.9502	0.9606	0.7458	0.328	0.537249769215332	0.739	0.1622	0.3148	0.5164	0.4364	0.3052	0.4046	0.2382	0.5308	0.3116	0.63006026026026	0.3116	0.5684	0.8426	0.3108	0.5376	0.5636	0.2982	0.1524	0.2966	0.9456	0.448712382476495	0.906306788247214	0.739949096748294	0.7126	0.8702	0.305165669544268	0.4708	0.9752	0.377356302521008	0.928725030036043	0.968343214945597	0.5372	0.2944	0.2716	0.646138808373591	0.48	0.6404	0.4926	0.7472	0.588413671089666	0.3974	0.2948	0.273	0.965	0.8406	0.6366	0.784497897897898	0.9418	0.7384	0.382865678814578	0.9704	0.9626	0.250855731146229	0.2626	0.588	0.9316	0.483	0.8218	0.3338	0.483374017642342	0.6618	0.3164	0.1812	0.7768	0.9106	0.9806	0.9614	0.9948	0.965	0.8292	0.919176278118609	0.2238	0.2812	0.9504	0.2776	0.219	0.1526	0.2932	0.744	0.2998	0.732905962384954	0.874293739967897	0.6616	0.841255443140429	0.294172756410256	0.2636	0.4252	0.942534562951083	0.893992500501304	0.6096	0.755846320433126	0.6094	0.897	0.823	0.8326	0.864	0.38439039039039	0.306193396037623	0.9876	0.597125305061012	0.9846	0.7272	0.2688	0.418	0.261	0.6904	0.953396398948007	0.643	0.8956	0.9922	0.6786	0.2952	0.8338	0.25	0.461326245103526	0.958787987987988	0.7862	0.276792318463693	0.8168181198637	0.252611529223379	0.472525301204819	0.726219551282051	0.4352	0.2572	0.7122	0.3822	0.7148	0.971798077693232	0.2844	0.2978	0.9542	0.3014	0.3286	0.5046	0.478	0.908	0.2858	0.1074	0.7458	0.5164	0.1678	0.9118	0.1516	0.8936	0.748406892406331	0.495640908169471	0.462	0.7278	0.664	0.2572	0.918	0.9714	0.2918	0.762	0.6034	0.5224	0.617781175520097	0.281997839567914	0.159	0.638132501509358	0.4634	0.3406	0.6654	0.4588	0.2904	0.63	0.935	0.6748	0.2872	0.3324	0.9812	0.9022	0.9674	0.9786	0.564	0.3298	0.3292	0.6678	0.2566	0.281	0.2672	0.7546	0.3512	0.4082	0.8766	0.293	0.486803877221325	1	0.9838	0.859899898887765	0.853255876372509	0.905159885854056	0.988198238590872	0.908746946946947	0.314	0.7016	0.503	0.5172	0.2634	0.9918	0.96	0.9736	0.9728	0.8732	0.794095697627664	0.3166	0.3	0.8536	0.826250030260238	0.8666	0.845611726384365	0.805969755314882	0.835294400646857	0.797378928356412	0.9914	0.951	0.3862	0.9516	0.9618	0.2642	0.2832	0.3862	0.9644	0.28	0.5078	0.8786	0.6838	0.7054	0.0668	0.32060344413296	0.9458	0.3136	0	0.8916	0.5656	0.694165828134434	0.5466	0.9586	0.9278	0.9692	0.9592	0.355	0.975	0.950379503602882
SRR7146875	1	1	1	1	1	1	1	1	1	1	1	1	1	1	1	1	1	1	1	1	1	1	1	1	1	1	1	1	1	1	1	1	1	1	1	1	1	1	1	1	1	1	1	1	1	1	1	1	1	1	1	1	1	1	1	1	1	1	1	1	1	1	1	1	1	1	0.8154	0.8616	0.8994	0.886	0.9052	0.8646	0.8108	0.843	0.8534	0.7814	0.9228	0.9378	0.7764	0.8504	0.817733895243829	0.9138	0.8754	0.9108	0.8974	0.8668	0.9104	0.8928	0.899	0.917	0.9108	0.594348148148148	0.8962	0.8688	0.7556	0.9092	0.8922	0.9072	0.8682	0.8688	0.8758	0.8752	0.832190438087618	0.801117122593719	0.793997832195906	0.7864	0.9482	0.80333667938165	0.8618	0.958	0.843981192476991	0.912308450140168	0.865674358447958	0.8456	0.8642	0.8934	0.754326570048309	0.711	0.8722	0.7576	0.8764	0.772187052673905	0.8566	0.856	0.8494	0.898	0.8352	0.8614	0.842126526526527	0.8998	0.9088	0.849934401281538	0.9126	0.9154	0.856189917983597	0.8494	0.8572	0.851	0.8642	0.8894	0.8632	0.776904731355253	0.777	0.9116	0.881	0.959	0.9134	0.961	0.897	0.9552	0.8822	0.8332	0.793313292433538	0.9128	0.8832	0.5754	0.8976	0.8418	0.8462	0.861	0.8812	0.9022	0.773385914365746	0.762156340288925	0.8698	0.830220720356131	0.863922756410257	0.878	0.7726	0.835056455493184	0.826418046921997	0.789	0.7825945859234	0.8292	0.8352	0.807	0.835	0.8632	0.81313033033033	0.890184150490294	0.917	0.778593198639728	0.9864	0.8706	0.8864	0.8844	0.8852	0.844	0.919228039652033	0.8648	0.8952	0.8812	0.8368	0.8948	0.9154	0.8924	0.793413989927253	0.922363163163163	0.942	0.878793558711742	0.806616997394267	0.875571657325861	0.790155020080321	0.788888461538462	0.8086	0.7602	0.8836	0.7836	0.7518	0.934969002803364	0.861	0.8772	0.8838	0.8862	0.8558	0.7632	0.8982	0.887	0.867	0.8848	0.907	0.8578	0.8604	0.7576	0.7792	0.8934	0.756177639751553	0.775318508007298	0.8292	0.772	0.8498	0.8526	0.3694	0.6706	0.8586	0.7878	0.8204	0.8252	0.787320904867704	0.757778315663133	0.8214	0.766530126786074	0.7786	0.8016	0.8972	0.904	0.8664	0.8552	0.9172	0.796	0.8634	0.8132	0.9752	0.837	0.8744	0.8666	0.8598	0.8994	0.8684	0.8986	0.8656	0.8774	0.9062	0.8506	0.893	0.7934	0.0428	0.8544	0.78209563812601	0.9898	0.9802	0.846390899898888	0.748523058153721	0.818043456991439	0.891343955164131	0.730489289289289	0.8346	0.9206	0.9036	0.901	0.8762	0.9858	0.8632	0.8726	0.9104	0.9228	0.4475876960193	0.8954	0.9118	0.9364	0.831389308049223	0.8902	0.846355048859935	0.81718146811071	0.889137861330099	0.784745494681919	0.8872	0.9168	0.9004	0.5684	0.6286	0.823	0.8858	0.6746	0.6866	0.8516	0.6422	0.9056	0.8618	0.9276	0.8984	0.828920704845815	0.9284	0.8826	0.8916	0	0.7514	0.782690199235259	0.8128	0.865	0.8868	0.8966	0.8338	0.8482	0.8682	0.819171817453963
SRR7146877	1	1	1	1	1	1	1	1	1	1	1	1	1	1	1	1	1	1	1	1	1	1	1	1	1	1	1	1	1	1	1	1	1	1	1	1	1	1	1	1	1	1	1	1	1	1	1	1	1	1	1	1	1	1	1	1	1	1	1	1	1	1	1	1	1	1	0.6552	0.834	0.5628	0.5784	0.5728	0.4958	0.7984	0.5222	0.7724	0.47	0.7434	0.8374	0.5572	0.478	0.536103592213526	0.8842	0.519	0.5786	0.4238	0.4816	0.573	0.3832	0.5116	0.6978	0.5416	0.359880680680681	0.5726	0.4572	0.6932	0.595	0.5022	0.6032	0.4732	0.524	0.5468	0.7654	0.484982236447289	0.827572441742654	0.782328141308711	0.6234	0.8482	0.55470006022887	0.448	0.8696	0.45816862745098	0.855971886263516	0.849571176349825	0.6118	0.4606	0.5426	0.587924637681159	0.4968	0.7188	0.3612	0.7502	0.474995577000402	0.5338	0.5232	0.409	0.7524	0.9072	0.6878	0.831709709709709	0.7554	0.8794	0.441454144973969	0.801	0.7982	0.378586637327465	0.4766	0.6184	0.7572	0.4528	0.8242	0.537	0.50150713712911	0.6278	0.479	0.4874	0.9466	0.8412	0.9472	0.8076	0.8294	0.7606	0.7132	0.862710838445808	0.5944	0.5382	0.7512	0.5818	0.4746	0.568	0.5532	0.6682	0.5548	0.449099799919968	0.744666131621188	0.4412	0.905467664912991	0.428043269230769	0.4954	0.4884	0.795436888532478	0.869120753960297	0.5424	0.653693041908964	0.5668	0.7622	0.7338	0.7034	0.8746	0.51218018018018	0.561569381628977	0.931	0.579930666133227	0.9684	0.7342	0.4352	0.5012	0.5064	0.6078	0.725137446894599	0.7538	0.7166	0.8248	0.7082	0.5104	0.8566	0.5258	0.453715053161724	0.870168168168168	0.9182	0.524789197839568	0.590869312487472	0.51775292233787	0.367170281124498	0.50401858974359	0.4602	0.4276	0.7578	0.4552	0.5946	0.866574048858631	0.4736	0.525	0.8752	0.5716	0.3738	0.379	0.5862	0.7758	0.4498	0.5066	0.7582	0.466	0.5274	0.5182	0.502	0.7408	0.508528992185935	0.378496776809244	0.4174	0.434	0.7022	0.4752	0.7798	0.8202	0.541	0.8328	0.6566	0.4368	0.650323934558675	0.404773434686937	0.5688	0.601725538337694	0.681	0.4916	0.7804	0.5564	0.5164	0.6564	0.8736	0.4714	0.4284	0.4936	0.8934	0.7324	0.783	0.7916	0.6156	0.5168	0.4944	0.8264	0.5218	0.518	0.5746	0.6848	0.5334	0.4356	0.7414	0.499	0.484552827140549	0.9068	0.8944	0.87656380182002	0.824016429442863	0.835828128821851	0.848592634107286	0.714875075075075	0.4566	0.8032	0.5894	0.4312	0.4648	0.9048	0.794	0.7976	0.7676	0.8974	0.63127511057499	0.5246	0.5894	0.8816	0.893533790599153	0.8412	0.855244951140065	0.814449578820698	0.876929290479078	0.828052699177203	0.8134	0.7536	0.5292	0.8182	0.8116	0.4554	0.4968	0.438	0.8452	0.5234	0.4972	0.8148	0.6068	0.8956	0.5702	0.365417380857028	0.841	0.4392	0.5656	0.7514	0	0.591522519621654	0.5592	0.8052	0.7478	0.825	0.753	0.381	0.785	0.869576461168935
SRR7146878	1	1	1	1	1	1	1	1	1	1	1	1	1	1	1	1	1	1	1	1	1	1	1	1	1	1	1	1	1	1	1	1	1	1	1	1	1	1	1	1	1	1	1	1	1	1	1	1	1	1	1	1	1	1	1	1	1	1	1	1	1	1	1	1	1	1	0.730088951499296	0.733880418595291	0.69085691285973	0.68165691285973	0.66959613604347	0.654439404306702	0.878697685651036	0.690358341718656	0.720767921110887	0.670808573153552	0.966688951499295	0.890673093177702	0.706829422418998	0.640492573958543	0.554722482279961	0.867915516200443	0.666762084926545	0.688661903803582	0.676046045481989	0.626641054538137	0.665784544173878	0.628749084322802	0.675839806802173	0.7102107466291	0.657346226604951	0.616334748916757	0.70025691285973	0.637306299054135	0.72695081505333	0.703465647011471	0.574799356007245	0.653159951700543	0.70176832360636	0.66172215737573	0.703982048701952	0.856336365465889	0.641500930494008	0.679795481733455	0.422139666575078	0.638018192795331	0.914530489031998	0.594770411322333	0.656705051318173	0.922530489031999	0.594722855936498	0.857029965441323	0.591027416585168	0.712239404306702	0.65725103642584	0.659301308110284	0.449342809476727	0.570139102435098	0.76208645602737	0.620549607566915	0.84280945864359	0.545893910965315	0.647313423223989	0.540178144495875	0.639935882471322	0.934487703763333	0.937781283960556	0.75263441336285	0.788463005166567	0.898259005836184	0.807485570537332	0.61742527337897	0.914488951499296	0.887484322801369	0.648384416267436	0.551340350171061	0.687168323606359	0.833747595089555	0.64425763735158	0.929531374522037	0.655178305494063	0.485631040760655	0.614960796941035	0.688899698128396	0.640105936808211	0.953745099617629	0.886525498088147	0.968752586033407	0.896872730931777	0.953547595089555	0.851687703763333	0.727121754880258	0.601716079364864	0.712451921915879	0.674011994365064	0.684639243308513	0.695003260213323	0.550248379955726	0.700365828134434	0.690215737572952	0.721886818273294	0.68323570134836	0.670566314672377	0.76130758697504	0.650957456228618	0.61027557420149	0.652681601893277	0.686568323606359	0.6297096800161	0.854429620826349	0.922160668654178	0.648174522036627	0.669885191132687	0.664146347353592	0.827073455423626	0.691455987120145	0.765668464479775	0.775156168243107	0.637156375534318	0.665474994394906	0.861352948279332	0.677978703005645	0.94371426846448	0.793685570537331	0.6629096800161	0.640568323606359	0.6763433688871	0.766168283356812	0.778391676787749	0.88646150130811	0.878396981283961	0.673530489031999	0.831656510364258	0.687005755685249	0.85096043469511	0.62680201247736	0.541999343889586	0.915459069453837	0.804173113302475	0.630782868185632	0.713187083630677	0.618728994062628	0.584216075410517	0.59969757206217	0.666914670959952	0.665786154155766	0.811825679211109	0.65698953511773	0.426872207687664	0.896885842403116	0.635554598510767	0.657315033205876	0.869294304689072	0.683420728516804	0.632582773193802	0.654082229824914	0.692172066814248	0.870965787884886	0.645768323606359	0.682127148319582	0.886961682431073	0.610874340913665	0.671603622459247	0.862310525256591	0.684354598510767	0.81393547997585	0.626322832900388	0.445935895191582	0.637949607566915	0.642846005232441	0.751546347353592	0.65233089152747	0.879872730931777	0.885937613201851	0.681399517005434	0.556855141879654	0.665532622258	0.675959589454619	0.56209106437696	0.60671615103862	0.566441054538137	0.547796337291205	0.64428645602737	0.507148722076877	0.669057597102033	0.702411994365063	0.624353350774804	0.670333869993963	0.920895552425035	0.620823586234655	0.644264761521433	0.575282592070839	0.939139223183739	0.81904314751459	0.681572912054739	0.780887703763333	0.581619319782653	0.636546226604951	0.621330006037432	0.837936365465889	0.67940201247736	0.567467981485208	0.691256912859731	0.619388609378144	0.660111289997987	0.632671362447173	0.774123888106259	0.657837311330248	0.334729401448919	0.95313547997585	0.944139223183739	0.650144505641754	0.587145793959147	0.532587406781401	0.84004494801315	0.792961808659132	0.596292211712618	0.93506150130811	0.640712537733951	0.674099698128396	0.66656832360636	0.949739223183739	0.83191426846448	0.858635298852888	0.884061863554035	0.754918212920104	0.703210002538457	0.66620487019521	0.706053169651842	0.946736365465888	0.675254035175441	0.798797343529885	0.586860235413964	0.680758326978248	0.631300885787008	0.719382790196671	0.821912658482592	0.909086818273295	0.652556208492654	0.822129241296035	0.943115153954518	0.629768685852284	0.647770819078286	0.640339987925136	0.864100543368887	0.670508432280137	0.700439444556249	0.89484314751459	0.63853749245321	0.826651881666331	0.681405755685249	0.569207420004831	0.783637633326625	0.698004507949286	0.694165828134434	0.782690199235259	0.591522519621654	0	0.671434051116925	0.806244757496478	0.914902676594888	0.926702676594888	0.774648500704367	0.627192392835581	0.804634051116925	0.547741876334636
SRR7146880	1	1	1	1	1	1	1	1	1	1	1	1	1	1	1	1	1	1	1	1	1	1	1	1	1	1	1	1	1	1	1	1	1	1	1	1	1	1	1	1	1	1	1	1	1	1	1	1	1	1	1	1	1	1	1	1	1	1	1	1	1	1	1	1	1	1	0.7108	0.8254	0.7072	0.7426	0.658	0.5876	0.7796	0.6436	0.8394	0.5136	0.805	0.8914	0.5544	0.5596	0.513512743327313	0.7062	0.5536	0.7576	0.7326	0.64	0.5196	0.6704	0.6762	0.5436	0.6508	0.685353753753754	0.6992	0.5414	0.739	0.7578	0.5874	0.562	0.6676	0.5398	0.706	0.7832	0.629384876975395	0.865196149949341	0.773720192693698	0.6438	0.851	0.703709215017065	0.556	0.903	0.648177831132453	0.842708450140168	0.873139396427838	0.4604	0.7034	0.6218	0.671491787439614	0.4592	0.6454	0.556	0.7308	0.491564053075995	0.4698	0.6924	0.548	0.8408	0.7328	0.6316	0.795081081081081	0.7864	0.7	0.564111573888666	0.854	0.8434	0.639780596119224	0.658	0.6512	0.7912	0.5662	0.8576	0.6804	0.606914835605453	0.618	0.7628	0.5692	0.7434	0.881	0.937	0.8428	0.8718	0.7878	0.5632	0.856560327198364	0.7292	0.7154	0.8972	0.7276	0.6494	0.5984	0.7092	0.6276	0.7326	0.619574069627851	0.779481540930979	0.6364	0.884752165115338	0.66732467948718	0.6516	0.5436	0.849835445068164	0.766312933627431	0.5148	0.642018167234811	0.555	0.8042	0.7304	0.7508	0.8572	0.693161161161161	0.730578507104263	0.916	0.67039675935187	0.9452	0.7226	0.6026	0.6512	0.4446	0.5606	0.820290026299818	0.605	0.758	0.8654	0.567	0.6814	0.7612	0.4802	0.642608058198097	0.862964764764765	0.73	0.677592238447689	0.716007536580477	0.656948438751001	0.681517269076305	0.609615384615384	0.7026	0.683	0.7184	0.6262	0.6284	0.885772126551862	0.6138	0.6232	0.7536	0.7372	0.6858	0.567	0.5108	0.803	0.6508	0.5462	0.6952	0.4584	0.5624	0.7708	0.5738	0.8022	0.565076698056502	0.658113075207784	0.595	0.5884	0.6752	0.6562	0.8448	0.9088	0.7056	0.8102	0.6574	0.5018	0.643429852555039	0.627388397679536	0.648	0.534201972227812	0.473	0.5472	0.6736	0.7118	0.7002	0.6144	0.8816	0.6548	0.7014	0.4376	0.9036	0.7636	0.8262	0.8082	0.6744	0.4394	0.4228	0.6294	0.6574	0.558	0.707	0.6524	0.4892	0.5746	0.7976	0.6962	0.609042003231018	0.917	0.9002	0.882019817997978	0.723139162261082	0.842227395026498	0.903796957566053	0.785337737737738	0.6416	0.668	0.4786	0.7418	0.6184	0.9142	0.8154	0.8166	0.7952	0.8482	0.688121109770808	0.7182	0.746	0.8844	0.877787573128909	0.7074	0.837893485342019	0.778711351784998	0.8359207600566	0.804215171583383	0.8614	0.8174	0.6776	0.8884	0.8662	0.6656	0.642	0.6238	0.9058	0.6834	0.7256	0.7874	0.6386	0.6896	0.52	0.51527216659992	0.862	0.6984	0.5466	0.8128	0.5592	0.671434051116925	0	0.8304	0.7888	0.8414	0.7658	0.644	0.8264	0.866576461168935
SRR7146881	1	1	1	1	1	1	1	1	1	1	1	1	1	1	1	1	1	1	1	1	1	1	1	1	1	1	1	1	1	1	1	1	1	1	1	1	1	1	1	1	1	1	1	1	1	1	1	1	1	1	1	1	1	1	1	1	1	1	1	1	1	1	1	1	1	1	0.8122	0.713	0.964	0.954	0.9712	0.8426	0.8844	0.9274	0.7744	0.825	0.8306	0.832	0.7462	0.8672	0.823673168773831	0.9592	0.9204	0.9822	0.9624	0.9162	0.9576	0.9666	0.9684	0.9818	0.9744	0.939757757757758	0.9668	0.8558	0.8924	0.98	0.9374	0.9626	0.832	0.8632	0.885	0.7698	0.943192438487697	0.866562715298886	0.712171497390606	0.8246	0.9514	0.907754226059024	0.9092	0.9712	0.943985034013605	0.93573127753304	0.897902114555532	0.9336	0.9144	0.9618	0.825352979066023	0.884	0.9124	0.8014	0.945	0.756322959388822	0.8706	0.8708	0.8476	0.7838	0.9756	0.9008	0.913731931931932	0.7508	0.9456	0.865700520624749	0.7622	0.3344	0.938191038207641	0.9166	0.891	0.7832	0.8536	0.8962	0.9448	0.835016680032077	0.8014	0.9824	0.8788	0.9818	0.9326	0.9018	0.765	0.8184	0.7678	0.9068	0.837256032719836	0.9804	0.9572	0.721	0.9628	0.9128	0.963	0.9404	0.9066	0.96	0.895979591836735	0.837107865168539	0.8792	0.909906110886281	0.877085256410256	0.9048	0.8796	0.885065757818765	0.869289993984359	0.8242	0.807790615600561	0.8716	0.9074	0.877	0.9132	0.8292	0.916941341341341	0.959984630778467	0.8548	0.904184116823365	0.9114	0.9446	0.8358	0.9148	0.9056	0.7786	0.735601739834109	0.8156	0.8038	0.785	0.8694	0.927	0.9276	0.9346	0.815264465584779	0.888965365365365	0.8808	0.944392278455691	0.811044778512728	0.933161889511609	0.871024899598394	0.821896474358974	0.9028	0.9578	0.9612	0.8586	0.8222	0.898569963956748	0.8464	0.9286	0.8524	0.955	0.8824	0.7974	0.9316	0.7526	0.881	0.8978	0.965	0.893	0.9502	0.786	0.9576	0.8202	0.735094690442797	0.866134482059599	0.8494	0.849	0.9086	0.8762	0.9026	0.902	0.8868	0.8734	0.881	0.837	0.889316946071501	0.883581716343269	0.9164	0.820472730931777	0.8666	0.8476	0.9236	0.9762	0.9192	0.8962	0.9564	0.8548	0.9414	0.8154	0.8902	0.7546	0.7712	0.8008	0.8072	0.9702	0.926	0.972	0.926	0.919	0.977	0.8502	0.962	0.827	0.8778	0.8822	0.874909208400646	0.8994	0.8818	0.860812537917088	0.846782919886133	0.905862046473706	0.914192313851081	0.837336336336336	0.8338	0.8602	0.9322	0.9724	0.839	0.8992	0.7708	0.7736	0.793	0.9212	0.812631684760756	0.9732	0.9822	0.8934	0.910299374621747	0.7056	0.873265472312704	0.914392137986362	0.924129290479078	0.867251254264499	0.7788	0.8652	0.9646	0.8952	0.9194	0.8534	0.953	0.9164	0.9168	0.8912	0.9796	0.9228	0.872	0.961	0.961	0.848689947937525	0.897	0.8738	0.9586	0.865	0.8052	0.806244757496478	0.8304	0	0.7508	0.782	0.7438	0.842	0.7596	0.804579503602882
SRR7146882	1	1	1	1	1	1	1	1	1	1	1	1	1	1	1	1	1	1	1	1	1	1	1	1	1	1	1	1	1	1	1	1	1	1	1	1	1	1	1	1	1	1	1	1	1	1	1	1	1	1	1	1	1	1	1	1	1	1	1	1	1	1	1	1	1	1	0.584	0.8344	0.9388	0.9342	0.9396	0.654	0.8456	0.8876	0.423	0.7698	0.6388	0.8624	0.536	0.8018	0.827279991972707	0.9502	0.8898	0.9534	0.9312	0.8246	0.9472	0.9358	0.9398	0.951	0.945	0.909958958958959	0.9196	0.7898	0.9136	0.9514	0.9336	0.93	0.6922	0.8474	0.7998	0.2702	0.902192478495699	0.906915501519757	0.848490726615817	0.7578	0.9468	0.919145834169845	0.865	0.9606	0.908794797919168	0.954387985582699	0.921988339150072	0.889	0.891	0.932	0.872409661835749	0.815	0.869	0.6162	0.9062	0.610630237233615	0.837	0.8646	0.7272	0.5608	0.9498	0.8724	0.924393393393393	0.2328	0.944	0.840485142170605	0.6092	0.7606	0.897794358871775	0.889	0.8638	0.3436	0.7314	0.7222	0.9198	0.847406094627105	0.8492	0.9534	0.8606	0.9676	0.9502	0.9192	0.5406	0.3248	0.397	0.9048	0.721305521472393	0.948	0.9266	0.9306	0.9366	0.9098	0.9346	0.9216	0.7302	0.939	0.81054293717487	0.840331621187801	0.7814	0.93002492917847	0.805807371794872	0.7742	0.8334	0.915479230152366	0.746727010226589	0.7026	0.700202205734911	0.7466	0.763	0.7654	0.8834	0.8936	0.917792592592592	0.940398919351611	0.8644	0.876584316863373	0.9274	0.9008	0.7704	0.825	0.8704	0.5936	0.598820999393081	0.6518	0.314	0.441	0.8026	0.8694	0.922600000000001	0.9212	0.831462451035255	0.75697037037037	0.9106	0.915392678535707	0.741169372619763	0.91897614091273	0.874949397590361	0.819641987179487	0.8876	0.9352	0.9194	0.7358	0.7702	0.802001041249499	0.7878	0.8968	0.754	0.9288	0.8394	0.6904	0.9	0.35	0.8336	0.859	0.936	0.8768	0.9236	0.6036	0.929	0.7446	0.622133680625125	0.883334482059599	0.815	0.7978	0.8796	0.8164	0.8888	0.942	0.8266	0.903	0.886	0.7218	0.893132781256312	0.879989037807561	0.9326	0.691291446971222	0.8834	0.8842	0.937	0.9336	0.9206	0.8772	0.9328	0.7078	0.9172	0.8772	0.759	0.3408	0.476	0.4132	0.914	0.9372	0.8976	0.9458	0.8852	0.9196	0.9454	0.8988	0.929	0.7742	0.891	0.768	0.883785137318255	0.783	0.7708	0.895612537917088	0.866262627084181	0.9312	0.957996317053643	0.77534014014014	0.8362	0.7628	0.9094	0.942	0.7628	0.7818	0.3932	0.3374	0.4138	0.9398	0.798883876156011	0.9282	0.9536	0.8804	0.923721928585838	0.787	0.902353745928339	0.918391576413959	0.957729290479078	0.824848524984949	0.4564	0.6732	0.9246	0.9282	0.9222	0.852	0.9282	0.887	0.9618	0.8332	0.9476	0.92	0.7124	0.947	0.9128	0.832678894673608	0.8582	0.7416	0.9278	0.8868	0.7478	0.914902676594888	0.7888	0.7508	0	0.6592	0.5552	0.7216	0.5432	0.816874459567654
SRR7146883	1	1	1	1	1	1	1	1	1	1	1	1	1	1	1	1	1	1	1	1	1	1	1	1	1	1	1	1	1	1	1	1	1	1	1	1	1	1	1	1	1	1	1	1	1	1	1	1	1	1	1	1	1	1	1	1	1	1	1	1	1	1	1	1	1	1	0.7456	0.8624	0.9682	0.9666	0.974	0.8684	0.8916	0.9308	0.8318	0.8312	0.7142	0.9158	0.626	0.8326	0.880679911699779	0.9806	0.92	0.991	0.9744	0.9226	0.9784	0.971	0.9752	0.9868	0.9762	0.94595975975976	0.9604	0.8764	0.9482	0.99	0.963	0.9648	0.7594	0.9138	0.8388	0.8414	0.944592678535707	0.927660182370821	0.86890879164994	0.7956	0.9544	0.950977875928528	0.9096	0.972	0.951787194877951	0.94979519423308	0.932839827550811	0.9342	0.921	0.9616	0.90088309178744	0.9032	0.9082	0.8006	0.949	0.652886932046643	0.8822	0.8982	0.8562	0.7434	0.9822	0.9172	0.935788788788789	0.7326	0.978	0.880929114937926	0.1274	0.8446	0.943389717943589	0.9334	0.9014	0.8472	0.8416	0.5504	0.9518	0.89751050521251	0.8654	0.9924	0.9086	0.9894	0.9458	0.9512	0.846	0.8586	0.8426	0.9332	0.726689161554192	0.9904	0.9666	0.9378	0.9698	0.9356	0.9678	0.9506	0.5238	0.9756	0.907779591836735	0.874388764044944	0.8932	0.948738972076083	0.892529807692308	0.9142	0.8872	0.91350040096231	0.70855716863846	0.7354	0.811275716863846	0.7924	0.9236	0.9212	0.93	0.9062	0.948192792792793	0.96998475085051	0.9436	0.908384596919384	0.9764	0.9456	0.8708	0.9206	0.9146	0.7876	0.834770382358891	0.662	0.8024	0.8428	0.8492	0.9374	0.9538	0.9526	0.860662451035255	0.661680480480481	0.9092	0.949592678535707	0.86526859089998	0.94817742193755	0.925123694779116	0.857854807692308	0.9376	0.9658	0.9658	0.7634	0.7782	0.805176772126552	0.8318	0.93	0.7476	0.9672	0.8728	0.8324	0.943	0.8126	0.8886	0.9142	0.9814	0.9102	0.9536	0.4986	0.9634	0.8866	0.827293608495292	0.908726332860328	0.8634	0.8602	0.9132	0.8492	0.9218	0.9444	0.8628	0.9146	0.9066	0.8346	0.924728822460109	0.894589077815563	0.9572	0.619061018313544	0.9026	0.8948	0.968	0.9798	0.9408	0.9016	0.9608	0.6926	0.9526	0.895	0.9398	0.8276	0.8518	0.8382	0.942	0.9668	0.9264	0.9788	0.9316	0.9472	0.9828	0.9168	0.9626	0.817	0.9072	0.8032	0.912971243941841	0.9408	0.9348	0.897928210313448	0.884239609597397	0.9492	0.950596957566053	0.874743343343343	0.8678	0.8634	0.9526	0.9808	0.8842	0.9482	0.8542	0.8382	0.8294	0.969	0.822836509851226	0.975	0.9918	0.893	0.944661206374824	0.812	0.91406319218241	0.944391576413959	0.950529290479078	0.914651254264499	0.8444	0.8636	0.9658	0.9262	0.916	0.8708	0.9592	0.923	0.9694	0.869	0.9804	0.9292	0.4316	0.975	0.9742	0.881350260312375	0.953	0.893	0.9692	0.8966	0.825	0.926702676594888	0.8414	0.782	0.6592	0	0.797	0.8566	0.834	0.80368582866293
SRR7146884	1	1	1	1	1	1	1	1	1	1	1	1	1	1	1	1	1	1	1	1	1	1	1	1	1	1	1	1	1	1	1	1	1	1	1	1	1	1	1	1	1	1	1	1	1	1	1	1	1	1	1	1	1	1	1	1	1	1	1	1	1	1	1	1	1	1	0.7182	0.9062	0.9498	0.955	0.9226	0.7292	0.8546	0.888	0.4498	0.7672	0.8166	0.893	0.6622	0.847	0.74423299217339	0.9772	0.9106	0.9808	0.962	0.8466	0.9376	0.9248	0.927	0.9698	0.93	0.900360360360361	0.9548	0.7764	0.9086	0.9804	0.908	0.9074	0.8406	0.8862	0.9186	0.4154	0.897992638527706	0.797999189463019	0.790724126856684	0.8766	0.9116	0.875181931339089	0.8958	0.9252	0.897785194077631	0.881712294753704	0.743269267090947	0.8494	0.9294	0.893	0.782317874396135	0.867	0.8618	0.6024	0.8918	0.663431926015279	0.8164	0.9278	0.7514	0.667	0.9664	0.8612	0.876142542542543	0.4966	0.9754	0.770045494593513	0.763	0.754	0.932989557911582	0.9196	0.88	0.3864	0.7992	0.9288	0.925	0.667339695268645	0.8138	0.9822	0.8766	0.9776	0.9042	0.9238	0.5352	0.483	0.418	0.8276	0.732345603271984	0.9744	0.9568	0.8758	0.9612	0.8724	0.963	0.9482	0.8828	0.97	0.760959743897559	0.777654253611557	0.7692	0.779011331444759	0.833356730769231	0.765	0.8518	0.832509863672815	0.886439422498496	0.7538	0.771800641668338	0.876	0.7268	0.7454	0.8922	0.8854	0.895711511511512	0.95998475085051	0.8746	0.925596719343869	0.9406	0.8968	0.7706	0.855	0.8804	0.6938	0.656432449929193	0.8486	0.5604	0.4012	0.8984	0.893	0.9086	0.916	0.812704868494684	0.843767567567568	0.947	0.901592278455691	0.618686470234516	0.883351481184948	0.834482730923695	0.790430128205128	0.919	0.9662	0.9104	0.864	0.715	0.892169483380056	0.8288	0.8616	0.8644	0.9548	0.9304	0.7186	0.9258	0.4908	0.848	0.8894	0.965	0.873	0.917	0.7474	0.956	0.7716	0.584770106191144	0.773097466045003	0.7902	0.7176	0.869	0.9132	0.8712	0.9246	0.9302	0.7158	0.846	0.7184	0.791139204201171	0.879186237247449	0.8476	0.715375246528477	0.8474	0.8074	0.9428	0.9344	0.9028	0.8602	0.9134	0.9006	0.9434	0.8476	0.7918	0.4718	0.3574	0.3422	0.9058	0.8832	0.8612	0.9634	0.9034	0.9074	0.94	0.8672	0.8778	0.7682	0.8428	0.921	0.719248142164782	0.8076	0.7928	0.789201820020223	0.689386335908906	0.741950020383204	0.887146997598079	0.746645045045045	0.8572	0.7696	0.905	0.97	0.7612	0.8136	0.3382	0.3706	0.36	0.9626	0.822948693204664	0.9276	0.9816	0.9242	0.833127617510591	0.8706	0.719416286644951	0.741109586843161	0.774937174044876	0.772759823399558	0.4268	0.6164	0.8828	0.789	0.9016	0.9122	0.917	0.8932	0.9592	0.9236	0.9596	0.8798	0.832	0.9618	0.9442	0.775402482979576	0.8892	0.7676	0.9592	0.8338	0.753	0.774648500704367	0.7658	0.7438	0.5552	0.797	0	0.7342	0.3436	0.71636060848679
SRR7146886	1	1	1	1	1	1	1	1	1	1	1	1	1	1	1	1	1	1	1	1	1	1	1	1	1	1	1	1	1	1	1	1	1	1	1	1	1	1	1	1	1	1	1	1	1	1	1	1	1	1	1	1	1	1	1	1	1	1	1	1	1	1	1	1	1	1	0.7432	0.8722	0.3656	0.3558	0.463	0.5422	0.8068	0.3908	0.7448	0.6198	0.7694	0.8916	0.5686	0.3354	0.57272815572948	0.911	0.3516	0.3608	0.4912	0.3732	0.5344	0.3818	0.3376	0.7034	0.3648	0.589046846846847	0.3686	0.5278	0.8284	0.3794	0.5548	0.6516	0.278	0.323	0.344	0.727	0.522710462092418	0.795193515704154	0.815115134484143	0.7024	0.889	0.34529395703674	0.4652	0.9166	0.400986234493797	0.90836684020825	0.914328803120509	0.6576	0.3252	0.355	0.588538808373591	0.6194	0.731	0.2578	0.8194	0.540012625653398	0.5428	0.3424	0.1768	0.7524	0.8774	0.7102	0.853485085085085	0.7262	0.9084	0.328235883059672	0.828	0.8016	0.314995439087818	0.2926	0.6194	0.722	0.4358	0.8562	0.386	0.438177866880513	0.7522	0.3622	0.2816	0.9548	0.8806	0.9436	0.7656	0.7808	0.7434	0.7696	0.876461349693251	0.3784	0.3392	0.893	0.3636	0.2906	0.355	0.3476	0.7294	0.3718	0.610484513805522	0.784055858747993	0.438	0.899759206798867	0.219442628205128	0.254	0.5188	0.87012060946271	0.845654020453179	0.6146	0.678700340886304	0.6318	0.823	0.754799999999999	0.7682	0.9182	0.349992392392392	0.346582589553732	0.9504	0.554930306061212	0.9744	0.801	0.2318	0.3466	0.386	0.585	0.740515678737609	0.8056	0.7232	0.7706	0.7578	0.3184	0.859	0.4198	0.399338332400672	0.89392932932933	0.9584	0.319188197639528	0.689969613148928	0.32255420336269	0.395606425702811	0.66265	0.419	0.3422	0.8156	0.3114	0.6128	0.940790388466159	0.2936	0.3528	0.904	0.3494	0.312	0.3338	0.6032	0.7506	0.2442	0.3032	0.8878	0.649	0.3284	0.7762	0.3604	0.73	0.547571548787818	0.50567484289479	0.4126	0.5782	0.7338	0.3096	0.8608	0.9374	0.35	0.8434	0.6746	0.3388	0.672589173904262	0.291789077815563	0.3584	0.67760788891125	0.7158	0.4448	0.802	0.5238	0.322	0.7124	0.9476	0.6028	0.3222	0.5332	0.8706	0.7052	0.7634	0.7662	0.64	0.5562	0.4604	0.8306	0.3248	0.3958	0.3544	0.7432	0.5198	0.3286	0.8472	0.3216	0.465669789983845	0.8852	0.8728	0.905919716885743	0.852993086620577	0.862268650631879	0.894995036028823	0.75310970970971	0.2662	0.8536	0.6398	0.493	0.2346	0.8812	0.7444	0.7558	0.7346	0.9246	0.712985926819461	0.3552	0.3816	0.9148	0.905296873108735	0.8832	0.878535830618893	0.833916967509026	0.943020012128563	0.826794701986755	0.7692	0.7694	0.385	0.918	0.9252	0.2856	0.3406	0.4342	0.9548	0.3166	0.5114	0.8542	0.6494	0.9192	0.352	0.310855586704045	0.9214	0.2314	0.355	0.8482	0.381	0.627192392835581	0.644	0.842	0.7216	0.8566	0.7342	0	0.7508	0.874776461168935
SRR7146887	1	1	1	1	1	1	1	1	1	1	1	1	1	1	1	1	1	1	1	1	1	1	1	1	1	1	1	1	1	1	1	1	1	1	1	1	1	1	1	1	1	1	1	1	1	1	1	1	1	1	1	1	1	1	1	1	1	1	1	1	1	1	1	1	1	1	0.7236	0.9334	0.9698	0.953	0.9434	0.7572	0.8792	0.949	0.4916	0.8616	0.8396	0.8876	0.7252	0.9148	0.790255508729681	0.9756	0.9518	0.9794	0.971	0.884	0.9732	0.9522	0.9662	0.9774	0.953	0.938183383383383	0.9154	0.849	0.9302	0.9792	0.945	0.9466	0.876	0.8982	0.9514	0.4088	0.937596559311862	0.845673353596758	0.836765315134484	0.9064	0.9422	0.877431519775146	0.9536	0.9498	0.925988475390156	0.91153007609131	0.816749784438514	0.9484	0.9596	0.954	0.841020933977455	0.8944	0.87	0.6334	0.9398	0.755788017691999	0.8702	0.9502	0.7288	0.6904	0.9744	0.9156	0.899542542542542	0.4758	0.9644	0.846675530636764	0.7948	0.7784	0.952594398879776	0.9456	0.8952	0.3214	0.8618	0.9662	0.9444	0.763226303127506	0.8958	0.9796	0.8858	0.9804	0.9248	0.9132	0.5828	0.4664	0.395	0.8808	0.838456032719836	0.9776	0.9678	0.8712	0.973	0.9224	0.977	0.9718	0.9518	0.9694	0.854159743897559	0.853206420545746	0.8014	0.852741319303925	0.835167307692308	0.8182	0.871	0.884389735364876	0.941297814317225	0.8686	0.813077280930419	0.9192	0.756	0.7456	0.943	0.9072	0.908930530530531	0.957584870922553	0.8426	0.968597599519904	0.9302	0.9384	0.7874	0.883	0.9096	0.7316	0.640946105603884	0.885	0.5902	0.4456	0.9308	0.9004	0.9422	0.926	0.860579630665921	0.939367367367367	0.9716	0.934395919183837	0.414556143515735	0.925378542834267	0.849711646586345	0.861064102564102	0.9364	0.9728	0.9446	0.9282	0.8146	0.946969963956748	0.9042	0.9548	0.9194	0.964	0.9674	0.7396	0.9252	0.4596	0.8502	0.8978	0.9598	0.9408	0.9756	0.8186	0.9556	0.7734	0.600823482268083	0.847056030812893	0.8578	0.7942	0.8964	0.9516	0.9122	0.9162	0.9596	0.8374	0.9194	0.7614	0.838099454655625	0.91678723744749	0.8656	0.814970416582814	0.8808	0.8772	0.9644	0.9784	0.9392	0.9362	0.9442	0.932	0.9448	0.9144	0.7708	0.4708	0.3858	0.3662	0.9636	0.944	0.9166	0.972	0.9564	0.9626	0.974	0.897	0.9522	0.8118	0.88	0.9536	0.812839741518578	0.7892	0.7744	0.857988675429727	0.779706303375356	0.813873542600897	0.901943634907926	0.797042242242242	0.882	0.8208	0.9512	0.973	0.7852	0.7952	0.3128	0.3498	0.3316	0.9604	0.869220828307197	0.9454	0.9794	0.959	0.855407423845067	0.891	0.806272638436482	0.838568551945447	0.838529290479078	0.818947461368653	0.3908	0.6644	0.9434	0.8452	0.9502	0.9426	0.954	0.9466	0.9552	0.9622	0.9728	0.9104	0.9164	0.9682	0.9396	0.840663035642771	0.895	0.7678	0.975	0.8682	0.785	0.804634051116925	0.8264	0.7596	0.5432	0.834	0.3436	0.7508	0	0.795979183346677
SRR7146888	1	1	1	1	1	1	1	1	1	1	1	1	1	1	1	1	1	1	1	1	1	1	1	1	1	1	1	1	1	1	1	1	1	1	1	1	1	1	1	1	1	1	1	1	1	1	1	1	1	1	1	1	1	1	1	1	1	1	1	1	1	1	1	1	1	1	0.747062129703763	0.811546517213771	0.956979503602882	0.943379503602882	0.915576461168935	0.827379503602882	0.939379503602882	0.942979503602882	0.696373738991193	0.741379503602882	0.799255884707766	0.928969255404323	0.723674459567654	0.750779503602882	0.728745067095217	0.965179503602882	0.888779503602882	0.971179503602882	0.957179503602882	0.919779503602882	0.965779503602882	0.899979503602882	0.967979503602882	0.973579503602882	0.814861809447558	0.883488612711992	0.957379503602882	0.912179503602882	0.871362049639712	0.969579503602882	0.864779503602882	0.876179503602882	0.837274459567654	0.915162850280224	0.840477502001601	0.871176461168935	0.793743376377437	0.736220668530772	0.51765298228145	0.770277502001601	0.793793594875901	0.856933207678369	0.706661809447558	0.774440192153723	0.815914436230858	0.73276089834623	0.372372420621778	0.763979503602882	0.899579503602882	0.909779503602882	0.674680646288367	0.879167333867094	0.929376461168935	0.868576461168935	0.89437614091273	0.632780933230702	0.920376461168935	0.867563971176942	0.910376461168935	0.803396957566053	0.95317614091273	0.840976461168935	0.746581128766877	0.77506645316253	0.951777582065653	0.86644998818438	0.817694955964772	0.886179503602882	0.922969221546471	0.901965892714171	0.941973098478783	0.855576461168935	0.812377742193755	0.780074139311449	0.938977742193755	0.720375980014164	0.772755644515613	0.971779503602882	0.929765892714171	0.972579503602882	0.751440192153723	0.969796957566053	0.887187830264211	0.952796957566053	0.853996957566053	0.704461809447558	0.310949045534996	0.970979503602882	0.945779503602882	0.819345876701361	0.954979503602882	0.850779503602882	0.951379503602882	0.939179503602882	0.705877502001601	0.959179503602882	0.770038920291896	0.791604712341301	0.785331305044035	0.579234573413486	0.9267032215516	0.957179503602882	0.868177742193755	0.714757531767194	0.778453482657793	0.692265332265813	0.736771450446902	0.779474139311449	0.767258446757406	0.800577742193755	0.849379503602883	0.827155324259407	0.875881005104384	0.947963654093177	0.922395196156926	0.853152736231794	0.985996957566053	0.778861809447558	0.936576461168935	0.945779503602882	0.952576461168935	0.853774699759808	0.897593818530446	0.812477502001601	0.776976461168935	0.639741553242594	0.83917614091273	0.960379503602882	0.954777582065652	0.914976461168935	0.64539275516664	0.688743667606758	0.884586389111289	0.886759697816265	0.829099679824036	0.897518014411529	0.860735174484969	0.721981591683603	0.935379503602882	0.957179503602882	0.783579503602882	0.819277502001601	0.476050600480384	0.696946183298261	0.836576461168935	0.776261809447558	0.613376941553243	0.943179503602882	0.856179503602882	0.874176461168935	0.962779503602882	0.818596957566053	0.936979503602882	0.946776461168935	0.968377742193755	0.889377742193755	0.943379503602882	0.803477502001601	0.963179503602882	0.936369255404323	0.796667628633061	0.670041851441826	0.894176461168935	0.758449639711769	0.907979503602882	0.853379503602882	0.927579503602882	0.930592794235388	0.846379503602882	0.413953883106485	0.867979503602883	0.852921857485989	0.66224464119872	0.854753056295807	0.830973899119295	0.617455083003815	0.82037614091273	0.829979503602882	0.928570376301041	0.963779503602882	0.922967333867094	0.863579503602882	0.808682305844675	0.779877502001601	0.932379503602882	0.838766693354684	0.830279263410729	0.816967333867094	0.688996957566053	0.787396957566053	0.896748438751001	0.887779503602882	0.909979503602882	0.960179503602883	0.921579503602882	0.915565892714171	0.967979503602882	0.807372297838271	0.882779503602882	0.834779503602882	0.828571817453963	0.824077502001601	0.603468073327806	0.849079263410729	0.835279263410728	0.350141629987509	0.319387514891946	0.310388220890614	0.722778222578063	0.640286202936323	0.895379503602882	0.926398238590872	0.953979503602882	0.962979503602882	0.919976461168935	0.840879263410729	0.838994395516413	0.865796957566053	0.841785268214571	0.920153722978383	0.78981979310831	0.889779503602882	0.971579503602882	0.8686	0.712557498086426	0.753666933546837	0.376301692820054	0.606644079804558	0.501758673969699	0.727173350159156	0.812785268214572	0.900196957566053	0.878779503602882	0.800970376301041	0.911190872698158	0.852779503602882	0.918179503602882	0.841579503602882	0.928592794235389	0.837379503602882	0.964379503602882	0.759482305844676	0.749477502001602	0.958779503602882	0.964379503602882	0.818794322602655	0.849555324259408	0.958176461168935	0.950379503602882	0.819171817453963	0.869576461168935	0.547741876334636	0.866576461168935	0.804579503602882	0.816874459567654	0.80368582866293	0.71636060848679	0.874776461168935	0.795979183346677	0
