SampleID,ASF356,Acinetobacter,Acutalibacter,Aeromonas,Agathobaculum,Agrobacterium,Alistipes,Anaerobutyricum,Anaerosporomusa,Anaerostipes,Anaerotruncus,Aquabacterium,Arcanobacterium,Ascidiaceihabitans,Atopobium,Bacillus,Bacteroides,Barnesiella,Bifidobacterium,Bilophila,Blautia,Brevundimonas,Brochothrix,Brucella,CAG-56,CHKCI001,CHKCI002,Caecibacterium,Campylobacter,Candidatus_Actinomarina,Candidatus_Arthromitus,Caproiciproducens,Catellicoccus,Caulobacter,Cetobacterium,Chryseobacterium,Clostridioides,Clostridium,Colidextribacter,Corynebacterium,Croceibacterium,Cupriavidus,Cutibacterium,Cyanobium_PCC-6307,DTU089,Dechloromonas,Deinococcus,Delftia,Desulfovibrio,Elizabethkingia,Enterocloster,Enterococcus,Epulopiscium,Escherichia-Shigella,Exiguobacterium,Faecalibacterium,Flavobacterium,Flavonifractor,Fournierella,Fusibacter,Fusobacterium,GCA-900066575,Gemella,Genus_unassigned_0775e59cd173135c46460efc24f0c35a,Genus_unassigned_0c9e3ed50197a5f104e61cd0520fbb29,Genus_unassigned_20003ad708c4341bfb9325715e8a3a6e,Genus_unassigned_282df84e87013a21e2f3d41c9042f9d6,Genus_unassigned_569e41cdb450ced9aaf87abc387fc8f6,Genus_unassigned_5a64a6f1f4e7afd3bbbf171c5c35b46f,Genus_unassigned_6a4f354262a6fbad12de693585b4e7f1,Genus_unassigned_736f2237cf9ec2cfcaa5645263c92bca,Genus_unassigned_7b071d792fea09d90d9773096db4f8c3,Genus_unassigned_8ad1796f811039f7bae012f206c4d408,Genus_unassigned_8e450566af04da60335f56e9098b4eec,Genus_unassigned_8e7f285d81ef2b399b0301d21e6061e5,Genus_unassigned_9ccfad1833dbe06085dda16682bdb9ef,Genus_unassigned_9eb9acee9f8012d509191f395cd33680,Genus_unassigned_AM406458.1.1481,Genus_unassigned_DQ057389.1.1363,Genus_unassigned_DQ456474.1.1446,Genus_unassigned_DQ793870.1.1284,Genus_unassigned_DQ794370.1.1390,Genus_unassigned_EF025267.1.1453,Genus_unassigned_EU132593.1.1277,Genus_unassigned_EU537172.1.1382,Genus_unassigned_FJVJ01000015.3438.4940,Genus_unassigned_FN667181.1.1433,Genus_unassigned_GQ175371.1.1438,Genus_unassigned_GQ175468.1.1444,Genus_unassigned_HQ452859.1.1430,Genus_unassigned_HQ772504.1.1405,Genus_unassigned_JF145649.1.1306,Genus_unassigned_JN594631.1.1392,Genus_unassigned_JQ014317.1.1286,Genus_unassigned_JQ196333.1.1311,Genus_unassigned_KC108996.1.1244,Genus_unassigned_KC294021.1.1310,Genus_unassigned_KF003417.1.1415,Genus_unassigned_KP337928.1.1234,Genus_unassigned_KT026457.1.1220,Genus_unassigned_KX212257.1.1200,Genus_unassigned_KX225280.1.1202,Genus_unassigned_KY658480.1.1210,Genus_unassigned_MF498280.1.1204,Genus_unassigned_MH843493.1.1214,Genus_unassigned_Y18355.1.1409,Genus_unassigned_a3619e4bd3465b6a2aa9638acd081cd2,Genus_unassigned_a9f73cd1c850d7f999159ba5feabd9d6,Genus_unassigned_c51976b33e301cd0c39ff6780038cb3d,Genus_unassigned_ca53da738ef5a0dbe50fe54061231539,Genus_unassigned_cafeeea8a015957c63e8db16e70ed374,Genus_unassigned_cc71afec2b00c234459733299a21d5f5,Genus_unassigned_cf42d6ef5b5f01ff0a0a2bf5b533682e,Genus_unassigned_d27439ff64e05809b9e00cfa519cdcac,Genus_unassigned_e56acb09bca8725f6d206127a3189941,Genus_unassigned_e56b0756bf4106b0b7f14fa46e828c2a,Genus_unassigned_eb04e82f5de40a4c6ab43c4b470e4cba,Genus_unassigned_fc52caa7528d00b1f9ee139319dea276,H1,HT002,Hafnia-Obesumbacterium,Halomonas,Helicobacter,Hydrogenophilus,Incertae_Sedis,Intestinimonas,Klebsiella,Lachnospira,Lachnospiraceae_UCG-010,Lactobacillus,Lawsonella,Ligilactobacillus,Limosilactobacillus,Macrococcus,Mageeibacillus,Malacoplasma,Massiliomicrobiota,Mediterraneibacter,Megamonas,Merdibacter,Methanobrevibacter,Methylobacterium,Microbacterium,Monoglobus,Moraxella,Mycobacterium,Negativibacillus,Neorickettsia,Oceanivirga,Olsenella,Oscillibacter,Paenibacillus,Parabacteroides,Parvimonas,Pediococcus,Pedobacter,Peptoclostridium,Peptococcus,Peptoniphilus,Peribacillus,Phascolarctobacterium,Phyllobacterium,Porphyromonas,Prevotella,Prevotellaceae_Ga6A1_group,Prochlorococcus_MIT9313,Pseudoalteromonas,Pseudochrobactrum,Pseudoflavonifractor,Pseudolabrys,Pseudomonas,Psittacicella,Psychrobacillus,Pygmaiobacter,Ralstonia,Raoultella,Rhodococcus,Romboutsia,Rothia,Rubellimicrobium,Ruthenibacterium,Sarcina,Schaalia,Sedimentibacter,Sellimonas,Seongchinamella,Serratia,Shewanella,Shinella,Shuttleworthia,Sphingobacterium,Sphingomonas,Staphylococcus,Stenotrophomonas,Streptococcus,Sulfurovum,Synechococcus_CC9902,Terrisporobacter,Thomasclavelia,Tissierella,Tumebacillus,Turicibacter,Tyzzerella,UCG-005,UCG-009,Varibaculum,Veillonella,Weissella,[Clostridium]_innocuum_group,[Ruminococcus]_gnavus_group
SRR5364033,0,0,0,0,2,0,2,0,0,0,0,0,0,0,0,0,64,0,0,0,0,0,0,0,0,0,0,0,0,0,4,0,0,0,0,0,0,877,2,0,0,0,0,0,0,0,0,0,0,0,0,0,16,2648,0,51,0,0,0,0,0,0,0,0,0,0,0,0,0,0,0,0,0,0,0,0,0,8,0,0,0,17,0,0,0,0,0,0,0,0,0,0,0,0,0,0,0,0,0,0,0,0,0,0,0,103,0,0,0,0,0,0,0,0,0,0,0,0,0,0,0,0,2,0,4,8,0,0,0,3,0,286,5,0,0,0,0,0,0,0,0,0,0,0,0,0,1,0,0,0,0,0,0,0,0,0,0,0,0,0,0,0,0,0,0,0,0,0,0,0,0,0,0,55,0,0,0,0,0,0,0,0,0,0,0,0,0,0,0,0,0,0,0,0,12,0,0,0,0,0,0,0,0,1,0,0,369,0,0,0
SRR5364035,0,0,0,0,0,0,0,0,0,0,0,0,0,0,0,0,47,15,0,2,0,0,0,0,0,0,0,0,0,0,0,0,0,0,0,0,0,1852,0,0,0,0,0,0,0,0,0,0,0,0,0,0,3,2070,0,21,0,0,0,0,0,0,0,0,0,0,0,0,0,0,0,0,0,0,0,0,0,4,0,0,0,13,0,0,0,0,0,0,2,0,0,0,0,0,0,0,0,0,0,0,0,0,0,0,0,174,0,0,0,0,0,0,0,0,0,0,0,0,0,0,0,0,18,0,2,5,0,0,0,10,0,450,0,0,0,0,0,0,0,0,0,0,0,0,0,0,5,0,0,0,0,0,0,0,0,0,0,0,0,0,0,0,0,0,0,0,0,0,0,0,0,0,0,12,0,0,0,0,0,0,0,0,0,0,0,0,0,0,0,0,0,0,0,0,13,0,0,0,0,0,0,0,0,1,0,0,142,0,0,0
SRR5364037,0,0,0,0,3,0,1,0,0,0,0,0,0,0,0,0,15,6,0,1,0,0,0,0,0,0,0,0,0,0,151,0,0,0,0,0,0,38,2,0,0,0,0,0,0,0,0,0,0,0,2,0,6,1790,0,8,0,0,0,0,0,0,0,0,0,0,0,0,0,0,0,0,0,0,0,0,0,0,0,23,0,8,0,0,0,0,0,0,0,0,0,0,0,0,0,0,0,0,0,0,23,0,52,0,0,829,0,0,0,0,0,0,0,0,0,0,0,0,0,10,0,0,3,0,0,0,0,0,0,982,0,223,25,0,0,0,0,0,0,0,0,0,0,0,0,0,2,0,0,0,0,0,1,0,0,0,0,0,0,0,0,0,0,0,0,0,0,0,0,0,0,0,0,0,0,0,0,194,0,0,0,0,0,0,1,0,0,0,0,0,0,0,0,0,298,0,0,0,0,0,0,16,0,0,0,0,223,0,0,0
SRR5364039,0,0,0,0,5,0,66,0,0,0,0,0,0,0,0,0,46,69,0,32,0,0,0,0,0,0,0,0,0,0,202,0,0,0,0,0,0,0,7,0,0,0,0,0,0,0,0,0,0,0,7,0,0,41,0,0,0,0,0,0,0,0,0,0,0,0,0,0,0,0,0,0,0,0,0,0,0,4,0,0,0,81,0,0,0,0,0,0,7,0,0,0,0,0,0,0,0,0,0,0,0,0,191,0,0,71,0,0,0,0,0,0,0,0,0,0,0,0,0,37,0,0,12,0,0,3,0,0,0,3713,0,75,11,0,0,0,0,0,0,0,17,0,0,0,0,0,0,0,0,0,0,0,10,0,0,0,0,0,0,0,27,0,0,0,0,0,0,0,0,0,0,0,0,1,0,0,0,37,0,0,0,0,0,0,4,0,0,0,0,0,0,0,0,0,76,0,0,0,2,0,0,0,0,2,0,0,1,0,0,0
SRR5364041,0,0,0,0,0,0,41,0,0,0,0,0,0,0,0,0,49,71,0,7,0,0,0,0,0,0,0,0,0,0,24,0,0,0,0,0,0,3,4,0,0,0,0,0,0,0,0,0,0,0,6,0,0,24,0,11,0,0,0,0,0,0,0,0,0,0,0,0,0,0,0,0,0,0,0,0,0,0,3,0,0,46,0,0,0,0,0,0,3,0,0,0,0,0,0,0,0,0,0,0,0,0,229,0,0,1386,0,0,0,0,0,0,0,0,0,0,0,0,0,0,0,0,12,0,4,12,0,0,0,561,0,136,3,0,0,0,0,0,0,0,3,0,0,0,0,0,5,0,0,0,0,0,120,0,0,0,0,0,0,0,27,0,0,0,0,0,0,0,0,0,0,0,0,2,0,0,0,296,0,0,0,0,0,0,7,0,0,0,0,0,0,0,0,0,1833,0,0,0,0,0,0,0,0,0,0,0,2,0,0,0
SRR5364043,0,0,0,0,5,0,64,0,0,0,0,0,0,0,0,0,74,25,0,7,0,0,0,0,0,0,0,0,0,0,223,0,0,0,0,0,0,6,7,0,0,0,0,0,0,0,0,0,0,0,8,0,0,6,0,3,0,0,0,0,0,0,0,0,0,0,0,0,0,0,0,0,0,0,0,0,0,6,9,0,0,58,0,0,0,0,0,0,5,0,0,0,0,0,0,0,0,0,0,0,0,0,199,0,0,824,0,0,0,0,0,0,0,0,0,0,0,0,0,9,0,0,21,0,45,9,0,0,0,882,0,774,6,0,0,0,0,0,0,0,0,0,0,0,0,0,5,0,0,0,0,0,134,0,0,0,0,0,0,0,21,0,0,0,0,0,0,0,0,0,0,0,0,8,0,0,0,1214,0,0,0,0,0,0,2,0,0,0,0,0,0,0,0,0,150,0,0,0,9,0,0,0,0,9,0,0,4,0,0,0
SRR12148748_merged,3,0,22,0,14,0,0,0,0,129,0,0,0,0,0,0,0,0,0,0,0,0,0,0,0,4,0,0,0,0,0,0,0,0,0,0,0,15,7,0,0,0,0,0,0,0,0,0,0,0,0,0,0,58,0,13,0,17,0,0,0,8,0,0,0,0,0,0,0,96,0,0,0,0,0,0,0,0,0,0,0,0,628,0,0,0,0,1,0,11,0,0,0,0,0,0,0,0,0,0,0,0,24,0,0,0,0,0,0,0,0,0,40,0,0,0,0,0,0,0,0,0,0,0,42,0,0,0,0,1,0,0,0,2,0,0,68,0,0,8,0,0,0,0,0,0,0,0,0,0,8,0,0,0,0,0,0,0,0,0,0,0,0,0,0,0,0,0,13,0,0,0,0,0,0,0,0,2968,1,0,0,0,0,0,25,0,0,0,0,0,0,0,7,0,0,0,0,0,4,0,0,15,2,0,0,0,0,709,0,1
SRR12148807_merged,0,0,5,0,3,0,0,2,0,8,0,0,0,0,0,0,0,0,0,0,0,0,0,0,3,0,2,0,0,0,0,2,0,0,0,0,0,1330,4,0,0,0,0,0,0,0,0,0,0,0,0,0,0,957,0,59,0,8,0,0,0,6,0,0,0,0,0,0,0,11,0,0,0,0,0,0,0,0,0,0,0,0,141,0,0,0,0,10,0,5,0,0,0,0,0,0,0,0,0,0,0,0,224,0,0,0,0,0,0,0,0,0,6,0,0,0,0,0,0,6,0,0,0,0,17,0,0,0,0,2,0,0,0,0,0,0,9,0,0,0,0,0,0,0,0,0,11,0,0,0,1,0,0,0,2,0,0,0,0,0,0,0,0,0,0,0,0,0,0,0,0,0,0,0,0,0,0,1333,0,0,0,0,0,0,5,0,0,0,0,3,0,0,6,0,0,0,0,1,1,0,0,3,0,0,0,0,0,2,0,0
SRR12148808_merged,0,0,4,0,0,0,0,0,0,0,0,0,0,0,0,0,0,0,0,0,0,0,0,0,0,0,1,0,0,0,0,0,0,0,0,0,0,1756,0,0,0,0,0,0,0,0,0,0,0,0,0,0,0,2013,0,3,0,0,0,0,0,0,0,0,0,0,0,0,0,0,0,0,0,0,0,0,0,0,0,0,0,0,8,0,0,0,0,0,0,0,0,0,0,0,0,0,0,0,0,0,0,0,1057,0,0,0,0,0,0,0,0,0,0,0,0,0,0,0,0,36,0,0,0,0,0,0,0,0,0,0,0,0,0,0,0,0,1,0,0,0,0,0,0,0,0,0,0,0,0,0,0,0,0,0,0,0,0,0,0,0,0,0,0,0,0,0,0,0,0,0,0,0,0,0,0,0,0,0,0,0,0,0,0,0,0,0,0,0,0,0,0,0,0,0,0,0,0,91,9,0,0,0,0,0,0,0,0,11,0,1
SRR12148809_merged,12,0,77,0,37,0,0,22,0,86,3,0,0,0,0,0,0,0,0,0,0,0,0,0,68,1,23,0,0,0,0,5,0,0,0,0,0,13,29,0,0,0,0,0,1,0,0,0,0,0,32,0,0,732,0,383,0,45,0,0,0,75,0,0,0,0,0,0,0,76,0,0,0,0,0,0,0,0,0,0,0,0,1637,0,0,0,0,48,0,24,0,0,0,0,0,0,0,0,0,0,0,0,1,0,0,0,0,0,0,0,0,0,38,0,0,0,0,0,0,0,0,0,0,0,165,0,0,0,0,1,0,0,0,0,0,0,120,0,0,6,0,0,0,3,0,0,75,0,0,0,24,0,0,0,0,0,0,0,0,0,0,0,0,0,0,0,0,0,0,0,0,0,0,0,0,0,0,931,0,0,0,0,0,0,39,0,0,0,0,60,0,0,14,0,0,0,0,0,1,0,0,0,0,0,0,0,0,0,0,0
SRR12148810_merged,0,0,0,0,0,0,0,1,0,1,0,0,0,0,0,0,0,0,0,0,0,0,0,0,0,0,0,0,0,0,0,0,0,0,0,0,0,639,0,0,0,0,0,0,0,0,0,0,0,0,0,0,0,2170,0,3,0,0,0,0,0,0,0,0,0,0,0,0,0,0,0,0,0,0,0,0,0,0,0,0,0,0,9,0,0,0,0,0,0,0,0,0,0,0,0,0,0,0,0,0,0,0,2153,0,0,0,0,0,0,0,0,0,0,0,0,0,0,0,0,12,0,0,0,0,2,0,0,0,0,0,0,0,0,0,0,0,2,0,0,0,0,0,0,0,0,0,1,0,0,0,0,0,0,0,0,0,0,0,0,0,0,0,0,0,0,0,0,0,0,0,0,0,0,0,0,0,0,0,0,0,0,0,0,0,2,0,0,0,0,0,0,0,0,0,0,0,0,4,1,0,0,0,0,0,0,0,0,0,0,0
SRR12148811_merged,0,0,1,0,2,0,0,0,0,2,0,0,0,0,0,0,0,0,0,0,0,0,0,0,1,0,0,0,0,0,0,2,0,0,0,1,2,1927,1,0,0,0,0,0,0,0,0,0,0,0,0,0,0,790,0,31,0,1,0,0,0,1,0,0,0,0,0,0,0,3,0,0,0,0,0,0,0,0,0,0,0,0,137,0,0,0,0,0,0,0,0,0,0,0,0,0,1,0,0,0,0,3,3,0,2,0,0,0,0,0,0,0,0,0,0,0,0,0,0,0,0,0,0,0,6,0,0,0,0,3,0,0,0,0,0,0,6,0,0,0,0,0,0,0,0,0,4,0,0,0,0,0,0,0,0,0,0,0,0,0,0,0,0,0,0,0,0,0,0,0,0,0,0,0,0,0,0,319,0,0,0,0,0,0,6,0,0,0,0,3,6,0,0,0,0,0,0,3,167,0,0,0,0,0,0,0,0,2,4,0
SRR12148812_merged,0,0,0,0,4,0,0,0,0,0,0,0,0,0,0,0,0,0,0,0,0,0,0,0,0,0,0,0,0,0,0,1,0,0,0,9,0,1908,1,0,0,0,0,0,0,0,0,0,0,0,0,0,0,885,0,6,0,0,0,0,0,0,0,0,0,0,0,0,0,1,0,0,0,0,0,0,0,0,0,0,0,0,17,0,0,0,0,0,0,0,0,0,0,0,0,0,0,0,0,0,0,5,0,0,0,0,0,0,0,0,0,0,0,0,0,0,0,0,0,0,0,0,0,0,1,0,0,0,0,8,0,0,0,0,0,0,1,0,0,0,0,0,0,0,0,0,0,0,0,0,0,0,0,0,0,0,0,0,0,0,0,0,0,0,0,0,0,0,0,0,0,0,0,0,0,0,0,705,0,0,0,0,0,0,1,0,0,0,0,0,8,0,0,0,0,0,0,9,0,0,0,0,0,0,0,0,0,1,0,0
SRR12148813_merged,3,0,1,0,16,0,0,3,0,15,0,0,0,0,0,0,0,0,0,0,0,0,0,0,0,0,6,0,0,0,0,0,0,0,0,10,0,2115,12,0,0,0,0,0,0,0,0,0,0,0,7,0,0,397,0,202,0,3,0,0,0,6,0,0,0,0,0,0,0,40,0,0,0,0,0,0,0,0,0,0,0,0,192,0,0,0,0,2,0,2,0,0,0,0,0,0,1,0,0,0,0,9,1,0,2,0,0,0,0,0,0,0,10,0,0,0,0,0,0,0,0,0,0,0,106,0,0,0,0,9,0,0,0,0,0,0,18,0,0,2,0,0,0,0,0,0,4,0,0,0,0,0,0,0,0,0,0,0,0,0,0,0,0,0,0,0,0,0,0,0,1,0,0,0,0,0,0,123,0,0,2,0,0,0,11,0,0,0,0,0,39,0,0,0,0,0,0,0,4,0,0,0,0,0,0,0,0,0,0,0
SRR12148814_merged,0,0,31,0,72,0,0,4,0,14,0,0,0,0,0,0,0,0,0,0,0,0,0,0,4,0,8,0,0,0,0,1,0,0,0,0,0,9,4,0,0,0,0,0,1,0,0,0,0,0,10,0,0,106,0,704,0,5,0,0,0,2,0,0,0,0,0,0,0,92,0,0,0,0,0,0,0,0,0,0,0,0,478,0,0,0,0,5,0,6,0,0,0,0,0,0,0,0,0,0,0,0,69,0,0,0,0,0,0,0,0,0,7,0,0,0,0,0,0,0,0,0,0,0,18,0,0,0,0,2,0,0,0,0,0,0,106,0,0,13,0,0,0,8,0,0,8,0,0,0,7,0,0,0,0,0,0,0,0,0,0,0,0,0,0,0,0,0,0,0,0,0,0,0,0,0,0,2966,0,0,0,0,0,0,14,0,0,0,0,1,0,0,8,0,0,0,0,0,2,0,0,0,0,0,0,0,0,97,0,0
SRR12148815_merged,2,0,17,0,81,0,0,0,0,44,0,0,0,0,0,0,0,0,0,0,0,0,0,0,0,0,7,0,0,0,0,0,0,0,0,0,8,10,57,0,0,0,0,0,0,0,0,0,0,0,236,0,0,658,0,0,0,30,0,0,0,0,0,0,0,0,0,0,0,50,0,0,0,0,0,0,0,0,0,0,0,0,1691,0,0,0,0,0,0,0,0,0,0,0,0,0,0,0,0,0,0,1,0,0,0,0,0,0,0,0,0,0,0,0,0,0,0,0,0,0,0,0,0,0,21,0,0,0,0,5,0,0,0,1,0,0,107,0,0,5,0,0,4,2,0,0,1,0,0,0,5,0,0,0,0,0,0,0,0,0,0,0,0,0,0,0,0,0,0,0,0,0,0,0,0,0,0,312,0,0,0,0,0,0,45,0,0,0,0,3,0,0,11,0,0,0,0,0,853,0,0,0,0,0,0,0,0,1,4,0
SRR12148817_merged,0,0,0,0,0,0,0,0,0,0,0,0,0,0,0,0,0,0,0,0,0,0,0,0,0,0,2,0,0,0,0,0,0,0,0,0,0,2377,0,0,0,0,0,0,2,0,0,0,0,0,0,0,0,2019,0,0,0,0,0,0,0,0,0,0,0,0,0,0,0,0,0,0,0,0,0,0,0,0,0,0,0,0,14,0,0,1,0,0,0,0,0,0,0,0,0,0,0,0,0,0,0,0,0,0,0,0,0,0,0,0,0,0,0,0,0,0,0,0,0,0,0,0,0,0,0,0,0,0,0,3,0,0,0,3,0,0,2,0,0,7,0,0,0,0,0,0,0,0,0,0,0,0,0,0,0,0,0,0,0,0,0,0,0,0,0,0,0,0,0,0,0,0,0,0,0,0,0,33,0,0,0,0,0,0,3,0,0,0,0,0,2,0,1,0,0,0,0,0,3,0,0,0,0,0,0,0,0,0,0,0
SRR12148818_merged,0,0,0,0,0,0,0,0,0,3,0,0,0,0,0,0,0,0,0,0,0,0,0,0,0,0,0,0,0,0,0,0,0,0,0,0,0,2180,0,0,0,0,0,0,1,0,0,0,0,0,0,0,0,1844,0,0,0,0,0,0,0,0,0,0,0,0,0,0,0,2,0,0,0,0,0,0,0,0,0,0,0,0,21,0,0,0,0,0,0,0,0,0,0,0,0,0,0,0,0,0,0,0,0,0,0,0,0,0,0,0,0,0,0,0,0,0,0,0,0,0,0,0,0,0,7,0,0,0,0,0,0,0,0,0,0,0,8,0,0,1,0,0,2,0,0,0,1,0,0,0,0,0,0,0,0,0,0,0,0,0,0,0,0,0,0,0,0,0,0,0,0,0,0,0,0,0,0,28,0,0,0,0,0,0,0,0,0,0,0,1,13,0,0,0,0,0,0,0,4,0,0,0,0,0,0,0,0,0,0,0
SRR12148819_merged,39,0,27,0,35,0,0,20,0,805,5,0,0,0,0,0,0,0,0,0,0,0,0,0,2,17,16,0,0,0,0,0,0,0,0,0,0,46,30,0,0,0,0,0,0,0,0,0,0,0,6,0,0,102,0,0,0,55,0,0,0,0,0,0,0,0,0,0,0,221,0,0,0,0,0,0,0,0,0,0,0,0,2805,0,0,0,0,0,0,28,0,0,0,0,0,0,0,0,0,0,0,0,0,0,1,0,0,0,0,0,0,0,3,0,0,0,0,0,0,0,0,0,0,0,130,0,0,0,0,0,0,0,0,0,0,0,52,0,0,17,0,0,0,0,0,0,59,0,0,0,16,0,0,0,0,0,0,0,0,0,0,0,0,0,0,0,0,0,0,0,0,0,0,0,0,0,0,288,0,0,0,0,0,0,73,0,0,0,0,28,0,0,1,0,0,0,0,0,44,0,0,0,24,0,0,0,0,0,0,0
SRR12148820_merged,1,0,10,0,5,0,0,2,0,11,0,0,0,0,0,0,0,0,0,0,0,0,0,0,0,1,7,0,0,0,0,0,0,0,0,0,0,2705,1,0,0,0,0,0,0,0,0,0,0,0,0,0,0,1362,0,0,0,2,0,0,0,0,0,0,0,0,0,0,0,26,0,0,0,0,0,0,0,0,0,0,0,0,170,0,0,0,0,0,0,9,0,0,0,0,0,0,0,0,0,0,0,0,0,0,0,0,0,0,0,0,0,0,0,0,0,0,0,0,0,0,0,0,0,0,44,0,0,0,0,0,0,0,0,0,0,0,7,0,0,2,0,0,3,0,0,0,7,0,0,0,2,0,0,0,0,0,0,0,0,0,0,0,0,0,0,0,0,0,0,0,0,0,0,0,0,0,0,29,0,0,0,0,0,0,6,0,0,0,0,2,8,0,0,0,0,0,0,0,0,0,0,0,0,0,0,0,0,0,0,0
SRR12148821_merged,0,0,53,0,51,0,0,7,0,1,2,0,0,0,0,0,0,0,0,0,0,0,0,0,0,17,0,0,0,0,0,0,0,0,0,0,0,13,4,0,0,0,0,0,0,0,0,0,0,0,2,0,0,177,0,0,0,31,0,0,0,0,0,0,0,0,0,0,0,141,0,0,0,0,0,0,0,0,0,0,0,0,3084,0,0,0,0,0,0,0,0,0,0,0,0,0,0,0,0,0,0,0,0,0,11,0,0,0,0,0,0,0,0,0,0,0,0,0,0,0,0,0,0,0,13,2,0,0,0,4,0,0,0,6,0,0,28,0,0,0,0,0,18,5,0,0,0,0,0,0,4,0,0,0,0,0,0,0,0,0,0,0,0,0,0,0,0,0,0,0,0,0,0,0,0,0,0,889,0,0,0,0,0,0,10,0,0,0,0,0,0,0,15,0,0,0,0,0,8,0,0,0,0,0,0,0,0,6,1,14
SRR12148822_merged,1,0,1,0,0,0,0,0,0,2,0,0,0,0,0,0,0,0,0,0,0,0,0,0,0,0,0,0,0,0,0,0,0,0,0,0,0,2532,0,0,0,0,0,0,0,0,0,0,0,0,1,0,0,2036,0,0,0,0,0,0,0,0,0,0,0,0,0,0,0,0,0,0,0,0,0,0,0,0,0,0,0,0,19,0,0,0,0,0,0,0,0,0,0,0,0,0,0,0,0,0,0,0,0,0,0,0,0,0,0,0,0,0,2,0,0,0,0,0,0,0,0,0,0,0,2,0,0,0,0,0,0,0,0,0,0,0,2,0,0,7,0,0,6,0,0,0,0,0,0,0,0,0,0,0,1,0,0,0,0,0,0,0,0,0,0,0,0,0,0,0,0,0,0,0,0,0,0,2,0,0,0,0,0,0,1,0,0,0,0,0,7,0,0,0,0,0,0,0,7,0,0,0,0,0,0,0,0,0,1,0
SRR12148823_merged,3,0,3,0,10,0,0,4,0,22,1,0,0,0,0,0,0,0,0,0,0,0,0,0,0,3,2,0,0,0,0,0,0,0,0,1,0,78,6,0,0,0,0,0,0,0,0,0,0,0,7,0,0,2918,0,15,0,1,0,0,0,0,0,0,0,0,0,0,0,67,0,0,0,0,0,0,0,0,0,0,0,0,318,0,0,0,0,0,0,0,0,0,0,0,0,0,0,0,0,0,0,4,2,0,3,0,0,0,0,0,0,0,0,0,0,0,0,0,0,0,0,0,0,0,23,1,0,0,0,5,0,0,0,1,0,0,16,0,0,2,0,0,30,1,0,0,4,0,0,0,0,0,0,0,0,0,0,0,0,0,0,0,0,0,0,0,0,0,0,0,0,0,0,0,0,0,0,627,12,0,0,0,0,0,8,0,0,0,0,4,9,0,0,0,0,0,0,0,0,0,0,0,0,0,0,0,0,427,0,0
SRR12148824_merged,0,0,4,0,0,0,0,2,0,0,0,0,0,0,0,0,0,0,0,0,0,0,0,0,0,0,4,0,0,0,0,0,0,0,0,0,1,1656,0,0,0,0,0,0,0,0,0,0,0,0,0,0,708,2201,0,0,0,3,0,0,0,0,0,0,0,0,0,0,0,30,0,0,0,0,0,0,0,0,0,0,0,0,70,0,0,0,0,0,0,0,0,0,0,0,0,0,0,0,0,0,0,0,0,0,0,0,0,0,0,0,0,0,0,0,0,0,0,0,0,0,0,0,0,0,8,0,0,0,0,0,0,0,0,0,0,0,23,0,0,1,0,0,0,0,0,0,0,0,0,0,1,0,0,0,0,0,0,0,0,0,0,0,0,0,0,0,0,0,0,0,0,0,0,0,0,0,0,2,0,0,0,0,0,0,9,0,0,0,0,0,0,0,0,0,0,0,0,260,15,0,0,0,0,0,0,0,0,0,0,0
SRR12148825_merged,2,0,71,0,11,0,0,24,0,182,0,0,0,0,0,0,0,0,0,0,0,0,0,0,6,2,31,0,0,0,0,8,0,0,0,0,1,47,50,0,0,0,0,0,9,0,0,0,0,0,18,0,2,495,0,378,0,21,0,0,0,8,0,0,0,0,0,0,0,79,0,0,0,0,0,0,0,0,0,0,0,0,679,0,0,0,0,0,0,26,0,0,0,0,0,0,0,0,0,0,0,0,0,0,0,0,0,0,0,0,0,0,18,0,0,0,0,0,0,0,0,0,0,0,111,0,0,0,0,6,0,0,0,2,0,0,57,0,0,18,0,0,3,0,0,0,0,0,0,0,5,0,0,0,1,0,0,0,0,0,0,0,0,0,0,0,0,0,41,0,0,0,0,0,0,0,0,1950,0,0,0,0,0,0,53,0,0,0,0,4,0,0,13,0,0,0,0,5,12,3,0,4,1,0,0,0,0,1,5,0
SRR12148826_merged,13,0,203,0,80,0,0,15,25,19,19,0,0,0,0,0,0,0,0,0,0,0,0,0,25,83,202,0,0,0,0,66,0,0,0,0,11,49,17,0,0,0,0,0,2,0,0,0,0,0,19,0,0,467,0,1,0,33,0,0,0,37,0,0,0,0,0,0,0,132,0,0,0,0,0,0,0,0,0,0,0,0,1407,0,0,1,29,0,0,94,0,0,0,0,0,0,0,0,0,0,0,0,67,0,0,0,0,0,0,0,0,0,95,0,0,0,0,0,0,35,0,0,0,0,322,0,0,0,0,0,0,0,0,0,0,0,376,0,0,113,0,0,0,0,0,0,0,0,0,0,58,0,0,0,0,0,0,0,0,0,0,0,0,0,0,0,0,0,35,0,0,0,0,0,0,0,0,2,0,0,6,0,0,40,58,0,0,0,0,25,0,0,1,0,0,0,0,11,28,287,0,0,18,0,0,0,0,323,34,0
SRR12148828_merged,8,0,60,0,21,0,0,10,0,25,3,0,0,0,0,0,0,0,0,0,0,0,0,0,30,7,8,0,0,0,0,7,0,0,0,0,4,79,43,0,0,0,0,0,1,0,0,0,0,0,33,0,7,2058,0,532,0,12,0,0,0,20,0,0,0,0,0,0,0,133,0,0,0,0,0,0,0,0,0,0,0,0,841,0,0,1,0,0,0,19,0,0,0,0,0,0,0,0,0,0,0,0,0,0,0,0,0,0,0,0,0,0,77,0,0,0,0,0,0,0,0,0,0,0,70,0,0,0,0,1,0,0,0,0,0,0,206,0,0,29,0,0,8,3,0,0,0,0,0,0,12,0,0,0,0,0,0,0,0,0,0,0,0,0,0,0,0,0,14,0,0,0,0,0,0,0,0,394,0,0,0,0,0,0,39,0,0,0,0,0,0,0,2,0,0,0,0,27,11,5,0,0,3,0,0,0,0,2,3,0
SRR12148829_merged,6,0,21,0,32,0,0,3,2,93,5,0,0,0,0,0,0,0,0,0,0,0,0,0,20,14,29,0,0,0,0,6,0,0,0,0,1,9,25,0,0,0,0,0,4,0,0,0,0,0,7,0,11,2610,0,2,0,34,3,0,0,20,0,0,0,0,0,0,0,260,0,0,0,0,0,0,0,0,0,0,0,0,979,0,0,2,0,0,0,29,0,0,0,0,0,0,0,0,0,0,0,0,3,0,0,0,0,0,0,0,0,0,21,0,0,0,0,0,0,0,0,0,0,0,104,0,0,0,0,0,0,0,0,0,0,0,66,0,0,24,0,0,2,4,0,0,0,0,0,0,35,0,0,0,0,0,0,0,0,0,0,0,0,0,0,0,0,0,25,0,0,0,0,0,0,0,0,323,0,0,0,0,0,0,38,0,0,0,0,2,0,0,1,0,0,0,0,12,17,4,0,0,4,0,0,0,0,1,5,0
SRR12148830_merged,11,0,37,0,20,0,0,9,0,156,2,0,0,0,0,0,0,0,0,0,0,0,0,0,0,4,30,0,0,0,0,11,0,0,0,0,0,686,30,0,0,0,0,0,12,0,0,0,0,0,1,0,0,985,0,0,0,46,18,0,0,6,0,0,0,0,0,0,0,131,0,0,0,0,0,0,0,0,0,0,0,0,795,0,0,0,0,14,0,19,0,0,0,0,0,0,0,0,0,0,0,0,211,0,2,0,0,0,0,0,0,0,39,0,0,0,0,0,0,116,0,0,0,0,130,0,0,0,0,0,0,0,0,0,0,0,13,0,0,31,0,0,0,3,0,0,0,0,0,0,29,0,0,0,57,0,0,0,0,0,0,0,0,0,0,0,0,0,4,0,0,0,0,0,0,0,0,70,0,0,0,0,0,0,35,0,0,0,0,34,0,0,0,0,0,0,0,2,7,0,0,0,1,0,0,0,0,1078,8,0
SRR12148831_merged,34,0,66,0,87,0,0,6,0,211,15,0,0,0,0,0,0,0,0,0,0,0,0,0,68,14,26,0,0,0,0,6,0,0,0,0,0,0,49,0,0,0,0,0,7,0,0,0,0,0,9,0,3,273,0,5,0,72,0,0,0,57,0,0,0,0,0,0,0,653,0,0,0,0,0,0,0,0,0,0,0,0,2375,0,0,2,0,0,0,153,0,0,0,0,0,0,0,0,0,0,0,0,0,0,0,0,0,0,0,0,0,0,45,0,0,0,0,0,0,0,0,0,0,0,297,0,0,0,0,0,0,0,0,0,0,0,79,0,0,80,0,0,0,10,0,0,0,0,0,0,49,0,0,0,0,0,0,0,0,0,0,0,0,0,0,0,0,0,116,0,0,0,0,0,0,0,0,0,0,0,0,0,0,0,93,0,0,0,0,0,0,0,0,0,0,0,0,0,24,3,0,0,4,0,0,0,0,0,8,0
SRR12148832_merged,0,0,29,0,0,0,0,1,2,2,2,0,0,0,0,0,0,0,0,0,0,0,0,0,1,3,22,0,0,0,0,4,0,0,0,0,6,1258,3,0,0,0,0,0,5,0,0,0,0,0,74,0,208,1967,0,0,0,302,4,0,0,5,0,0,0,0,0,0,0,24,0,0,0,0,0,0,0,0,0,0,0,0,349,0,0,0,0,11,0,7,0,0,0,0,0,0,0,0,0,0,0,0,0,0,0,0,0,0,0,0,0,0,2,0,0,0,0,0,0,2,0,0,0,0,22,0,0,0,0,0,0,0,0,0,0,0,39,0,0,71,0,0,0,3,0,0,0,0,0,0,1,0,0,0,0,0,0,0,0,0,0,0,0,0,0,0,0,0,6,0,0,0,0,0,0,0,0,0,0,0,0,0,0,0,38,0,0,0,0,0,1,0,1,0,0,0,0,210,205,11,0,0,0,0,0,0,0,2,79,0
SRR12148833_merged,2,0,12,0,13,0,0,3,0,13,18,0,0,0,0,0,0,0,0,0,0,0,0,0,6,2,4,0,0,0,0,0,0,0,0,0,0,77,8,0,0,0,0,0,0,0,0,0,0,0,0,0,16,4331,0,0,0,11,0,0,0,1,0,0,0,0,0,0,0,29,0,0,0,0,0,0,0,0,0,0,0,0,166,0,0,0,0,3,0,0,0,0,0,0,0,0,0,0,0,0,0,4,0,0,0,0,0,0,0,0,0,0,20,0,0,0,0,0,0,0,0,0,0,0,12,0,0,0,0,0,0,0,0,0,0,0,23,0,0,16,0,0,2,3,0,0,0,0,0,0,5,0,0,0,0,0,0,0,0,0,0,0,0,0,0,0,0,0,0,0,1,0,0,0,0,0,0,163,0,0,4,0,0,0,7,0,0,0,0,7,0,0,0,0,0,0,0,0,4,0,0,0,0,0,0,0,0,11,0,0
SRR12148834_merged,1,0,18,0,19,0,0,0,0,14,0,0,0,0,0,0,0,0,0,0,0,0,0,0,3,0,66,0,0,0,0,8,0,0,0,0,41,2233,5,0,0,0,0,0,0,0,0,0,0,0,26,0,0,1327,0,0,0,15,0,0,0,0,0,0,0,0,0,0,0,114,0,0,0,0,0,0,0,0,0,0,0,0,385,0,0,0,0,0,0,10,0,0,0,0,0,0,0,0,0,0,0,18,1,0,0,0,0,0,0,0,0,0,0,0,0,0,0,0,0,0,0,0,0,0,35,0,0,0,0,0,0,0,0,0,0,0,66,0,0,30,0,0,0,0,0,0,0,0,0,0,5,4,0,0,0,0,0,0,0,0,0,0,0,0,0,0,0,0,2,0,2,0,0,0,0,0,0,60,0,0,1,0,0,0,77,0,0,0,0,5,16,0,1,0,0,0,0,0,50,0,0,0,0,0,0,0,0,0,34,0
SRR12148835_merged,1,0,12,0,16,0,0,2,0,33,1,0,0,0,0,0,0,0,0,0,0,0,0,0,1,2,14,0,0,0,0,5,0,0,0,5,14,727,8,0,0,0,0,0,2,0,0,0,0,0,12,0,13,1734,0,0,0,11,0,0,0,22,0,0,0,0,0,0,0,53,0,0,0,0,0,0,0,0,0,0,0,0,397,0,0,0,0,21,0,19,0,0,0,0,0,0,0,0,0,0,0,14,0,0,1,0,0,0,0,0,0,0,2,0,0,0,0,0,0,0,0,0,0,0,136,0,0,0,0,5,0,0,0,0,0,0,32,0,0,18,0,0,0,2,0,0,27,0,0,0,10,29,0,0,0,0,0,0,0,0,0,0,0,0,0,0,0,0,2,0,14,0,0,0,0,0,0,0,0,0,7,0,0,0,13,0,0,0,0,8,55,0,13,0,0,0,0,0,73,1,0,0,0,0,0,0,0,0,10,4
SRR12148836_merged,6,0,5,0,11,0,0,5,0,43,4,0,0,0,0,0,0,0,0,0,0,0,0,0,17,2,12,0,0,0,0,1,0,0,0,0,0,1009,4,0,0,0,0,0,1,0,0,0,0,0,6,0,461,2566,0,0,0,22,0,0,0,0,0,0,0,0,0,0,0,27,0,0,0,0,0,0,0,0,0,0,0,0,283,0,0,0,0,0,0,7,0,0,0,0,0,0,0,0,0,0,0,0,0,0,0,0,0,0,0,0,0,0,17,0,0,0,0,0,0,0,0,0,0,0,24,0,0,1,0,0,0,0,0,0,0,0,18,0,0,1,0,0,0,2,0,0,20,0,0,0,15,0,0,0,2,0,0,0,0,0,0,0,0,0,0,0,0,0,0,0,0,0,0,0,0,0,0,0,0,0,0,0,0,0,11,0,0,0,0,11,0,0,0,0,0,0,0,369,13,0,0,0,0,0,0,0,0,0,4,0
SRR12148837_merged,82,0,68,0,70,0,0,47,0,267,24,0,0,0,0,0,0,0,0,0,0,0,0,0,61,9,178,0,0,0,0,41,0,0,0,0,1,9,68,0,0,0,0,0,15,0,0,0,0,0,13,0,49,464,0,0,0,136,0,0,0,4,0,0,0,0,0,0,0,273,0,0,0,0,0,0,0,0,0,0,0,0,1464,0,0,2,0,0,0,145,0,0,0,0,0,0,0,0,0,0,0,2,0,0,2,0,0,0,0,0,0,0,350,0,0,0,0,0,0,0,0,0,0,0,322,0,0,8,0,2,0,0,0,3,0,0,101,0,0,31,0,0,0,14,0,0,143,0,0,0,101,0,0,0,13,0,0,0,0,0,0,0,0,0,0,0,0,0,13,0,0,0,0,0,0,0,0,2,0,0,7,0,0,0,40,0,0,0,0,51,0,0,2,0,0,0,0,0,9,0,0,0,3,0,0,0,0,0,33,0
SRR12148839_merged,0,0,1,0,0,0,0,0,0,3,0,0,0,0,0,0,0,0,0,0,0,0,0,0,0,0,10,0,0,0,0,0,0,0,0,0,3,930,1,0,0,0,0,0,0,0,0,0,0,0,0,0,0,1603,0,0,0,0,0,0,0,0,0,0,0,0,0,0,0,5,0,0,0,0,0,0,0,0,0,0,0,0,99,0,0,0,0,0,0,2,0,0,0,0,0,0,0,0,0,0,0,0,1749,0,0,0,0,0,0,0,0,0,1,0,0,0,0,0,0,0,0,0,0,0,6,0,0,0,0,0,0,0,0,1,0,0,20,0,0,18,0,0,0,0,0,0,0,0,0,0,0,0,0,0,0,0,0,0,0,0,0,0,0,0,0,0,0,0,0,0,0,0,0,0,0,0,0,18,0,0,11,0,0,0,0,0,0,0,0,1,1,0,5,0,0,0,0,0,154,0,0,0,0,0,0,0,0,0,17,0
SRR12148840_merged,4,0,31,0,24,0,0,6,0,35,5,0,0,0,0,0,0,0,0,0,0,0,0,0,7,1,9,0,0,0,0,0,0,0,0,0,7,246,11,0,0,0,0,0,3,0,0,0,0,0,2,0,2,1295,0,0,0,7,0,0,0,7,0,0,0,0,0,0,0,94,0,0,0,0,0,0,0,0,0,0,0,0,290,0,0,0,0,4,0,11,0,0,0,0,0,0,0,0,0,0,0,0,0,0,3,0,0,0,0,0,0,0,260,0,0,0,0,0,0,0,0,0,0,0,52,0,0,0,0,8,0,0,0,6,0,0,79,0,0,13,0,0,0,0,0,0,15,0,0,0,5,0,0,0,0,0,0,0,0,0,0,0,0,0,0,0,0,0,0,0,0,0,0,0,0,0,0,1940,0,0,0,0,0,0,32,0,0,0,0,11,0,0,8,0,0,0,0,0,27,0,0,30,2,0,0,0,0,2,7,0
SRR12148841_merged,14,0,10,0,40,0,0,36,0,58,3,0,0,0,0,0,0,0,0,0,0,0,0,0,7,6,22,0,0,0,0,1,0,0,0,0,1,85,26,0,0,0,0,0,0,0,0,0,0,0,12,0,3,795,0,0,0,52,0,0,0,0,0,0,0,0,0,0,0,221,0,0,0,0,0,0,0,0,0,0,0,0,972,0,0,0,0,2,0,33,0,0,0,0,0,0,0,0,0,0,0,0,5,0,0,0,0,0,0,0,0,0,9,0,0,0,0,0,0,0,0,0,0,0,94,0,0,10,0,28,0,0,0,0,0,0,41,0,0,5,0,0,4,2,0,0,31,0,0,0,12,0,0,0,0,0,0,0,0,0,0,0,0,0,0,0,0,0,3,0,0,0,0,0,0,0,0,1663,0,0,1,0,0,0,25,0,0,0,0,13,0,0,18,0,0,0,0,0,7,0,0,55,0,0,0,0,0,95,2,0
SRR12148845_merged,3,0,67,0,61,0,0,4,0,321,4,0,0,0,0,0,0,0,0,0,0,0,0,0,5,12,24,0,0,0,0,8,0,0,0,0,0,103,24,0,0,0,0,0,4,0,0,0,0,0,10,0,0,467,0,9,0,25,0,0,0,16,0,0,0,0,0,0,0,328,0,0,0,0,0,0,0,0,0,0,0,0,1101,0,0,1,0,2,0,21,0,0,0,0,0,0,0,0,0,0,0,0,221,0,0,0,0,0,0,0,0,0,60,0,0,0,0,0,0,193,0,0,0,0,196,1,0,0,0,0,0,0,0,0,0,0,159,0,0,27,0,0,0,1,0,0,0,0,0,0,27,0,0,0,0,0,0,0,0,0,0,0,0,0,0,0,0,0,62,0,0,0,0,0,0,0,0,690,0,0,0,0,0,0,56,0,0,0,0,3,0,0,0,0,0,0,0,0,12,0,0,6,15,0,0,0,0,557,0,0
SRR12148846_merged,29,0,50,0,165,0,0,18,0,144,8,0,0,0,0,0,0,0,0,0,0,0,0,0,6,3,8,0,0,0,0,10,0,0,0,0,0,19,39,0,0,0,0,0,4,0,0,0,0,0,36,0,0,823,0,1,0,7,0,0,0,49,0,0,0,0,0,0,0,206,0,0,0,0,0,0,0,0,0,0,0,0,1399,0,0,0,0,71,0,11,0,0,0,0,0,0,0,0,0,0,0,0,11,0,0,0,0,0,0,0,0,0,37,0,0,0,0,0,0,3,0,0,0,0,128,4,0,0,0,3,0,0,0,1,0,0,364,0,0,22,0,0,0,4,0,0,0,0,0,0,13,0,0,0,0,0,0,0,0,0,0,0,0,0,0,0,0,0,12,0,0,0,0,0,0,0,0,542,0,0,5,0,0,0,40,0,0,0,0,0,0,0,4,0,0,0,0,0,11,0,0,336,9,0,0,0,0,169,2,0
SRR12148847_merged,26,0,141,0,200,0,0,10,0,275,12,0,0,0,0,0,0,0,0,0,0,0,0,0,26,20,25,0,0,0,0,16,0,0,0,0,0,16,40,0,0,0,0,0,3,0,0,0,0,0,20,0,0,45,0,9,0,9,0,0,0,12,0,0,0,0,0,0,0,548,0,0,0,0,0,0,0,0,0,0,0,0,2229,0,0,1,0,88,0,24,0,0,0,0,0,0,0,0,0,0,0,0,10,0,0,0,0,0,0,0,0,0,96,0,0,0,0,0,0,15,0,0,0,0,303,0,0,0,0,0,0,0,0,3,0,0,361,0,0,19,0,0,0,2,0,0,0,0,0,0,53,0,0,0,0,0,0,0,0,0,0,0,0,0,0,0,0,0,31,0,0,0,0,0,0,0,0,108,0,0,5,0,0,0,74,0,0,0,0,32,0,0,2,0,0,0,0,1,7,0,0,0,23,0,1,0,0,11,5,0
SRR12148848_merged,0,0,11,0,15,0,0,0,0,109,0,0,0,0,0,0,0,0,0,0,0,0,0,0,0,0,2,0,0,0,0,0,0,0,0,0,22,1271,18,0,0,0,0,0,1,0,0,0,0,0,8,0,228,1449,0,29,0,14,0,0,0,8,0,0,0,0,0,0,0,72,0,0,0,0,0,0,0,0,0,0,0,0,661,0,0,0,0,6,0,6,0,0,0,0,0,0,0,0,0,0,0,0,58,0,0,0,0,0,0,0,0,0,15,0,0,0,0,0,0,141,0,0,0,0,41,0,0,0,0,0,0,0,0,0,0,0,83,0,0,17,0,0,0,2,0,0,0,0,0,0,10,0,0,0,0,0,0,0,0,0,0,0,0,0,0,0,0,0,9,0,0,0,0,0,0,0,0,80,0,0,0,0,0,0,22,0,0,0,0,3,0,0,0,0,0,0,0,0,310,0,0,7,0,0,0,0,0,247,4,14
SRR12148849_merged,1,0,22,0,68,0,0,21,0,142,7,0,0,0,0,0,0,0,0,0,0,0,0,0,1,4,9,0,0,0,0,0,0,0,0,0,0,1,33,0,0,0,0,0,1,0,0,0,0,0,20,0,0,36,0,556,0,50,0,0,0,7,0,0,0,0,0,0,0,285,0,0,0,0,0,0,0,0,0,0,0,0,1109,0,0,0,0,0,0,39,0,0,0,0,0,0,4,0,0,0,0,0,26,0,3,0,0,0,0,0,0,0,3,0,0,0,0,0,0,0,0,0,0,0,66,0,0,0,0,6,0,0,0,5,0,0,21,0,0,10,0,0,9,3,0,0,1,0,0,0,16,0,0,0,0,0,0,0,0,0,0,0,0,0,0,0,0,0,0,0,0,0,0,0,0,0,0,141,0,0,0,0,0,0,32,0,0,0,0,68,0,0,3,0,0,0,0,0,2,0,0,0,3,0,12,0,0,718,0,0
SRR12148850_merged,1,0,13,0,3,0,0,5,0,46,3,0,0,0,0,0,0,0,0,0,0,0,0,0,0,7,2,0,0,0,0,0,0,0,0,0,0,4,0,0,0,0,0,0,0,0,0,0,0,0,2,0,0,36,0,78,0,2,0,0,0,0,0,0,0,0,0,0,0,33,0,0,0,0,0,0,0,0,0,0,0,0,407,0,0,3,0,2,0,3,0,0,0,0,0,0,0,0,0,0,0,0,65,0,11,0,0,0,0,0,0,0,13,0,0,0,0,0,0,21,0,0,0,0,22,0,0,0,0,19,0,0,0,13,0,0,16,0,0,4,0,0,5,0,0,0,0,0,0,0,0,0,0,0,0,0,0,0,0,0,0,0,0,0,0,0,0,0,0,0,0,0,0,0,0,0,0,1301,0,0,0,0,0,0,13,0,0,0,0,3,0,0,14,0,0,0,0,2,5,0,0,0,0,0,1,0,0,344,2,0
SRR12148851_merged,12,0,100,0,95,0,0,68,0,297,0,0,0,0,0,0,0,0,0,0,0,0,0,0,0,30,49,0,0,0,0,4,0,0,0,0,0,12,65,0,0,0,0,0,7,0,0,0,0,0,22,0,0,866,0,505,0,24,0,0,0,3,0,0,0,0,0,0,0,146,0,0,0,0,0,0,0,0,0,0,0,0,1992,0,0,0,0,1,0,34,0,0,0,0,0,0,0,0,0,0,0,0,128,0,0,0,0,0,0,0,0,0,5,0,0,0,0,0,0,66,0,0,0,0,61,2,0,0,0,1,0,0,0,1,0,0,61,0,0,19,0,0,0,4,0,0,0,0,0,0,34,0,0,0,0,0,0,0,0,0,0,0,0,0,0,0,0,0,0,0,0,0,0,0,0,0,0,11,0,0,0,0,0,0,66,0,0,0,0,76,0,0,3,0,0,0,0,0,2,0,0,0,0,0,14,0,0,4,10,0
SRR12148852_merged,7,0,130,0,84,0,0,0,0,54,13,0,0,0,0,0,0,0,0,0,0,0,0,0,3,10,34,0,0,0,0,24,0,0,0,0,0,82,73,0,0,0,0,0,18,0,0,0,0,0,32,0,1,136,0,1071,0,31,0,0,0,38,0,0,0,0,0,0,0,419,0,0,0,0,0,0,0,0,0,0,0,0,1562,0,0,0,0,1,0,34,0,0,0,0,0,0,8,0,0,0,0,14,84,0,3,0,0,0,0,0,0,0,192,0,0,0,0,0,0,9,0,0,0,0,116,0,0,0,0,0,0,0,0,7,0,0,119,0,0,87,0,0,0,0,0,0,0,0,0,0,10,0,0,0,0,0,0,0,0,0,0,0,0,0,0,0,0,0,0,0,1,0,0,0,0,0,0,30,0,0,13,0,0,0,65,0,0,0,0,36,0,0,2,0,0,0,0,0,102,0,0,0,5,0,6,0,0,12,5,0
SRR12148853_merged,19,0,15,0,15,0,0,9,0,64,4,0,0,0,0,0,0,0,0,0,0,0,0,0,14,2,10,0,0,0,0,0,0,0,0,0,0,74,7,0,0,0,0,0,1,0,0,0,0,0,16,0,0,146,0,321,0,14,0,0,0,3,0,0,0,0,0,0,0,110,0,0,0,0,0,0,0,0,0,0,0,0,1078,0,0,0,0,0,0,9,0,0,0,0,0,0,0,0,0,0,0,0,1113,0,9,0,0,0,0,0,0,0,2,0,0,0,0,0,0,70,0,0,0,0,42,1,0,0,0,1,0,0,0,6,0,0,45,0,0,4,0,0,0,1,0,0,0,0,0,0,5,0,0,0,0,0,0,0,0,0,0,0,0,0,0,0,0,0,0,0,0,0,0,0,0,0,0,382,0,0,0,0,0,0,10,0,0,0,0,55,0,0,5,0,0,0,0,0,9,0,0,3,2,0,22,0,0,966,1,0
SRR12148854_merged,20,0,40,0,48,0,0,8,0,203,30,0,0,0,0,0,0,0,0,0,0,0,0,0,1,10,22,0,0,0,0,16,0,0,0,0,7,8,21,0,0,0,0,0,8,0,0,0,0,0,113,0,18,23,0,125,0,20,0,0,0,50,0,0,0,0,0,0,0,223,0,0,0,0,0,0,0,0,0,0,0,0,1674,0,0,0,0,153,0,10,0,0,0,0,0,0,0,0,0,0,0,0,1044,0,0,0,0,0,0,0,0,0,140,0,0,0,0,0,0,240,0,0,0,0,188,0,0,0,0,0,0,0,0,0,0,0,219,0,0,65,0,0,0,0,0,0,0,0,0,0,38,0,0,0,0,0,0,0,0,0,0,0,0,0,0,0,0,0,0,0,0,0,0,0,0,0,0,7,0,0,16,0,0,0,95,0,0,0,0,40,0,0,0,0,0,0,0,0,20,0,0,0,3,0,10,0,0,0,8,2
SRR12148855_merged,7,0,12,0,18,0,0,6,0,19,6,0,0,0,0,0,0,0,0,0,0,0,0,0,0,6,11,0,0,0,0,2,0,0,0,0,0,151,6,0,0,0,0,0,2,0,0,0,0,0,8,0,0,325,0,207,0,4,0,0,0,1,0,0,0,0,0,0,0,71,0,0,0,0,0,0,0,0,0,0,0,0,459,0,0,0,0,5,0,4,0,0,0,0,0,0,0,0,0,0,0,0,706,0,0,0,0,0,0,0,0,0,25,0,0,0,0,0,0,89,0,0,0,0,28,0,0,0,0,0,0,0,0,9,0,0,49,0,0,9,0,0,0,0,0,0,0,0,0,0,7,0,0,0,0,0,0,0,0,0,0,0,0,0,0,0,0,0,0,0,0,0,0,0,0,0,0,1677,0,0,1,0,0,0,10,0,0,0,0,21,0,0,1,0,0,0,0,0,8,0,0,4,0,0,2,0,0,728,3,0
SRR12148856_merged,0,0,15,0,0,0,0,35,0,120,0,0,0,0,0,0,0,0,0,0,0,0,0,0,5,0,31,0,0,0,0,0,0,0,0,0,0,0,2,0,0,0,0,0,0,0,0,0,0,0,0,0,0,8,0,42,0,0,0,0,0,0,0,0,0,0,0,0,0,65,0,0,0,0,0,0,0,0,0,0,0,0,2701,0,0,0,0,0,0,0,0,0,0,0,0,0,0,0,0,0,0,0,1388,0,0,0,0,0,0,0,0,0,0,0,0,0,0,0,0,338,0,0,0,0,3,0,0,0,0,0,0,0,0,0,0,0,143,0,0,0,0,0,0,4,0,0,0,0,0,0,0,0,0,0,0,0,0,0,0,0,0,0,0,0,0,0,0,0,0,0,0,0,0,0,0,0,0,7,0,0,0,0,0,0,15,0,0,0,0,7,0,0,0,0,0,0,0,0,11,0,0,0,0,0,0,0,0,17,0,0
SRR4409218,0,0,0,468,0,0,0,0,0,0,0,0,0,0,0,0,0,0,1,0,0,0,5,0,0,0,0,0,0,0,0,0,0,0,0,0,0,17,0,0,0,0,0,0,0,0,0,0,0,0,0,0,0,6,0,0,0,0,0,0,1,0,0,0,0,0,0,0,0,0,0,0,0,0,0,0,0,0,0,0,1,0,0,0,0,0,0,0,0,0,0,2,0,0,0,109,0,111,8,3950,0,0,0,0,0,0,0,1,0,0,0,0,0,0,0,0,0,0,0,0,4,0,17,0,0,0,0,0,0,2,1,0,0,0,0,2,0,0,0,0,0,0,0,0,0,0,0,0,0,0,0,0,0,0,0,0,0,0,0,0,0,0,0,0,0,0,3,0,0,0,279,0,2,0,0,0,9,0,0,0,0,0,0,0,0,0,0,1,0,0,0,0,0,0,0,0,0,0,0,0,0,0,0,0,0,0,0,0,0,0
SRR4409219,0,4,0,34,0,0,0,0,0,0,0,0,0,0,0,0,1,0,0,0,0,0,7,5,0,0,0,0,0,0,0,0,0,0,0,0,0,18,0,0,0,2,7,0,0,0,0,0,0,0,0,0,0,23,14,1,0,0,0,0,323,0,0,0,0,0,0,0,0,0,0,0,0,0,0,0,0,0,0,0,6,0,0,0,0,0,0,0,0,0,4,1,0,0,0,24,0,31,83,53,0,0,0,5,0,0,0,0,0,0,0,0,0,0,0,0,0,0,0,0,0,0,3926,0,0,29,0,0,0,0,3,5,0,0,0,1,0,0,0,0,0,4,0,0,0,0,0,0,0,0,0,0,0,0,0,0,5,0,0,0,0,0,0,0,3,0,1,0,0,0,283,0,0,0,0,0,71,0,0,0,0,0,0,0,0,0,0,0,0,0,0,0,1,4,0,0,0,0,0,0,0,0,0,0,0,0,0,0,0,0
SRR4409220,0,27,0,383,0,2,0,0,0,0,0,0,0,0,0,0,37,0,2,0,0,0,11,6,0,0,0,0,2,0,0,0,0,0,0,0,0,46,0,12,0,4,21,6,0,0,8,0,34,0,0,0,0,110,0,0,0,0,31,0,21,0,0,0,0,4,0,0,0,0,0,0,0,0,0,0,0,0,0,0,22,0,0,3,0,0,0,0,0,0,0,19,0,10,0,64,0,67,154,950,0,0,0,0,0,0,0,1,0,0,0,0,0,0,0,0,0,0,0,0,0,0,1278,1,11,87,0,0,0,39,4,6,1,0,0,3,0,0,0,0,0,25,0,0,0,0,0,0,0,0,0,0,0,0,0,0,30,0,0,4,0,5,0,0,6,2,10,0,0,0,774,0,1,0,0,16,547,0,0,0,0,0,0,0,0,0,0,18,5,0,0,10,0,0,2,0,0,0,0,0,0,0,0,0,0,0,0,0,0,0
SRR4409221,0,39,0,757,0,18,0,0,0,0,0,16,0,0,0,0,0,0,6,0,0,0,0,0,0,0,0,0,0,5,0,0,0,0,0,0,0,25,0,60,0,23,21,8,0,0,0,13,0,0,0,0,0,42,0,0,0,0,0,0,63,0,0,0,0,0,0,46,0,0,0,0,0,0,0,0,0,0,0,0,0,0,0,0,11,0,0,0,0,0,3,40,0,82,9,0,0,0,793,298,0,0,0,22,0,0,1,0,0,0,0,0,0,0,0,0,0,0,0,0,0,0,5,44,12,0,28,0,0,1,16,3,0,0,0,0,0,9,0,0,0,6,0,0,0,0,0,0,0,0,0,0,0,0,0,0,13,0,0,9,0,0,0,0,0,19,0,5,0,0,108,0,0,0,0,29,2151,0,0,0,0,0,0,0,0,0,0,59,0,0,0,11,0,8,6,0,27,0,0,0,0,0,0,0,0,0,0,0,0,0
SRR4409222,0,24,0,223,0,9,0,0,0,0,0,3,0,0,0,4,13,0,0,0,18,0,0,10,0,0,0,173,7,7,0,0,0,16,0,0,0,57,0,46,0,11,51,16,0,23,6,0,0,0,0,0,0,414,0,51,0,0,0,0,24,0,0,0,0,6,0,16,0,0,0,7,0,0,0,0,0,0,0,0,0,0,0,8,6,0,0,0,0,0,38,30,8,14,4,0,0,0,276,80,0,0,0,60,0,0,0,0,0,0,0,0,0,0,10,0,0,1,0,0,0,0,32,0,63,0,0,0,0,70,16,7,3,0,0,0,0,4,0,0,0,20,0,0,0,21,0,0,0,0,0,0,0,0,0,0,13,0,0,0,0,23,0,0,0,12,1,0,0,0,1476,0,0,0,80,10,987,12,0,8,0,5,0,0,0,4,6,25,0,0,0,6,23,7,45,10,62,0,0,0,0,0,0,0,0,0,0,0,0,0
SRR4409223,0,36,0,301,0,0,0,0,0,0,0,7,0,11,0,4,0,0,0,0,0,0,0,12,0,0,0,137,6,0,0,0,0,4,0,0,0,0,0,4,25,15,77,19,0,0,0,0,0,0,0,0,0,535,0,9,0,0,0,0,0,0,0,0,0,11,0,10,0,0,0,0,0,0,0,0,0,0,0,0,0,0,0,0,0,0,0,0,0,0,0,48,7,13,0,0,0,0,303,50,0,0,0,119,0,0,0,0,0,0,0,0,0,0,0,0,0,21,0,0,0,13,41,0,54,0,0,0,0,11,2,2,0,0,0,0,0,0,0,0,0,40,0,0,0,0,0,0,0,0,0,0,0,0,0,0,0,0,0,2,0,34,0,0,0,0,0,6,0,20,1459,0,0,0,11,11,1146,0,0,90,0,5,0,0,0,26,0,6,6,0,0,17,20,16,6,17,17,0,0,0,0,0,0,0,0,0,0,0,0,0
SRR4409224,0,14,0,315,0,0,0,0,0,0,0,0,0,0,0,0,0,0,4,0,0,0,29,4,0,0,0,0,0,0,0,0,0,0,0,0,0,1506,0,2,0,6,13,0,0,0,0,6,0,0,0,2,0,102,0,3,0,0,1,0,0,0,0,0,0,0,0,4,0,0,0,0,0,0,0,0,0,0,0,0,2,0,0,0,1,0,0,0,0,0,0,21,0,2,0,44,0,59,114,127,0,0,0,7,0,0,5,4,0,0,0,0,0,0,0,0,0,0,0,0,0,0,1189,0,0,5,0,0,0,36,0,133,8,0,0,5,0,0,3,0,0,1,0,0,0,1,0,8,0,0,0,0,0,0,0,0,0,0,0,0,0,0,0,0,0,0,11,2,0,0,670,0,12,0,0,4,430,0,0,0,0,0,0,0,0,0,0,18,0,0,0,5,0,4,1,0,0,0,0,0,0,0,0,0,0,0,0,0,0,0
SRR4409225,0,14,0,75,0,0,0,0,0,0,0,0,0,0,0,0,0,0,0,0,6,0,0,0,0,0,0,2093,248,0,0,0,0,0,0,0,0,6,0,0,0,3,5,0,0,4,0,0,0,0,0,0,0,201,0,9,0,0,0,0,0,0,0,0,0,0,0,2,0,0,0,3,0,0,0,0,0,0,0,0,0,0,0,0,0,0,0,0,0,0,0,12,0,0,0,19,0,373,103,30,0,0,0,16,0,0,0,0,0,0,0,0,0,0,0,0,0,0,0,0,0,0,862,0,3,0,0,0,0,17,6,0,0,0,0,0,0,0,0,0,0,0,0,0,0,0,0,0,0,16,0,0,0,0,0,0,0,0,0,0,0,350,0,0,0,0,3,0,0,0,101,0,0,0,22,0,339,3,0,3,0,19,0,0,0,0,0,0,0,0,0,3,0,0,3,0,0,0,0,0,0,0,0,0,0,0,0,0,0,0
SRR4409226,0,5,0,68,0,0,0,0,0,0,0,0,0,0,0,0,1,0,1,0,13,0,7,0,0,0,0,0,0,0,0,0,0,0,0,0,0,15,0,2,0,1,2,0,0,0,0,0,0,0,0,0,0,26,0,31,0,0,0,0,59,0,0,0,0,0,0,0,0,0,0,0,0,0,0,0,0,0,0,0,0,0,0,0,0,0,0,0,0,0,13,1,0,0,0,3379,0,97,62,162,0,0,0,12,0,0,0,59,0,0,0,0,0,0,1,0,0,0,0,0,28,0,416,0,11,5,0,0,0,3,0,7,2,0,0,47,0,0,0,0,0,3,0,0,0,0,0,0,0,0,0,0,0,0,0,0,1,0,0,0,0,0,0,0,6,0,0,0,0,0,371,0,0,0,0,0,53,0,0,0,0,0,0,0,0,0,0,10,0,0,0,0,0,0,0,0,0,0,0,0,0,0,0,0,0,0,0,0,0,0
SRR4409227,0,49,0,315,0,1,0,0,0,0,0,0,0,0,0,8,0,0,0,0,0,0,0,22,0,0,0,0,0,0,0,0,0,0,0,0,0,15,0,3,0,31,27,0,0,0,0,43,0,0,0,18,0,990,0,0,0,0,0,0,0,0,0,0,0,0,0,22,0,0,0,0,0,0,0,0,0,0,0,0,0,0,0,0,0,0,0,0,0,0,0,17,0,112,0,0,0,0,814,137,0,0,0,0,0,0,17,0,0,0,0,0,0,0,0,0,0,0,0,0,0,0,0,0,0,0,46,0,0,2,12,0,0,0,0,0,0,0,0,0,0,17,0,0,0,0,0,0,0,0,0,0,0,0,0,0,0,0,0,0,0,5,0,0,0,0,0,8,0,0,2009,0,0,0,0,0,37,0,0,0,0,0,0,0,0,0,9,65,0,0,0,35,0,0,1,0,0,0,0,0,0,0,0,0,0,0,0,0,0,0
SRR4409228,0,15,0,48,0,0,0,0,0,0,0,0,0,0,0,0,12,0,95,0,0,0,19,4,0,0,0,0,0,0,0,0,0,0,0,0,0,53,0,2,0,0,1,3,0,0,0,0,0,0,0,0,0,16,0,7,0,0,0,0,24,0,0,0,0,3,0,0,0,0,0,2,0,0,0,0,0,0,0,0,3,0,0,0,0,0,0,0,0,0,7,5,3,0,0,90,0,102,17,151,0,0,0,0,0,0,0,0,0,0,0,18,0,0,0,0,0,0,0,0,2,0,45,0,2,3,0,0,0,16,0,12,5,0,0,0,0,0,0,0,0,0,0,0,0,0,0,1,0,0,0,0,0,0,0,0,1,0,0,0,0,0,0,0,1,0,0,0,0,0,4130,0,0,0,9,0,24,2,0,0,0,0,0,0,0,0,0,3,0,0,0,3,3,0,2,6,0,0,0,0,0,0,0,0,0,0,0,0,0,0
SRR4409229,0,9,0,60,0,0,0,0,0,0,0,0,0,1,0,0,0,0,4,0,0,0,10,0,0,0,0,1,0,0,0,0,0,0,0,0,0,36,0,0,3,0,0,0,0,0,0,0,1,0,0,0,0,21,0,2,0,0,0,0,1,0,0,0,0,4,0,0,0,0,0,0,0,0,0,0,0,0,0,0,2,0,0,0,0,0,0,0,0,0,0,14,0,4,0,90,0,89,22,111,0,0,0,4,0,0,0,0,0,0,0,0,0,0,0,0,0,4,0,0,1,3,59,0,9,3,0,0,0,4,0,4,0,0,0,0,0,0,0,0,0,1,0,0,0,0,0,0,0,0,0,0,0,0,0,0,0,0,0,0,0,0,0,0,0,0,0,0,0,3,4354,0,2,0,1,0,25,0,0,4,0,0,0,0,0,0,0,1,2,0,0,4,0,4,0,2,0,0,0,0,0,0,0,0,0,0,0,0,0,0
SRR4409230,0,2,0,28,0,0,0,0,0,0,0,0,0,0,0,0,0,0,0,0,0,0,5,0,0,0,0,271,29,0,0,0,0,0,0,0,0,46,0,0,0,0,0,0,0,0,0,0,0,0,0,0,0,7,0,1,0,0,0,0,9,0,0,0,0,0,0,0,0,0,0,0,0,0,0,0,0,0,0,0,2,0,0,0,0,0,0,0,0,0,0,2,0,0,0,163,0,3401,8,130,0,0,0,0,0,0,0,0,0,0,0,0,0,0,0,0,0,0,0,0,0,0,576,0,0,2,0,0,0,3,0,4,0,0,0,0,0,0,0,0,0,0,0,0,0,0,0,0,0,1,0,0,0,0,0,0,0,0,0,0,0,15,0,0,0,0,1,0,0,0,266,0,5,0,1,0,14,2,0,0,0,0,0,0,0,0,0,0,0,0,0,0,0,0,1,0,0,0,0,0,0,0,0,0,0,0,0,0,0,0
SRR4409231,0,2,0,23,0,0,0,0,0,0,0,0,0,0,0,0,0,0,7,0,0,0,14,3,0,0,0,0,0,0,0,0,0,0,0,0,0,46,0,0,0,0,0,0,0,0,0,0,3,0,0,0,0,250,0,0,0,0,0,0,9,0,0,0,0,0,0,0,0,0,0,0,0,0,0,0,0,0,0,0,0,0,0,0,0,0,0,0,0,0,0,1,0,3,0,74,0,116,4,126,0,0,0,0,0,0,0,0,0,0,0,18,0,0,0,0,0,0,0,0,1,0,14,0,0,2,0,0,0,0,0,2,5,0,0,0,0,0,0,0,0,0,0,0,0,0,0,1,0,0,0,0,0,0,0,0,0,0,0,0,0,0,0,0,0,0,2,0,0,0,4242,0,4,0,0,0,4,0,0,0,0,15,0,0,0,0,0,0,0,0,0,0,0,0,0,0,0,0,0,0,0,0,0,0,0,0,0,0,0,0
SRR4409232,0,0,0,11,0,0,0,0,0,0,0,0,0,0,0,1,0,0,106,0,0,0,2135,0,0,0,0,0,0,0,0,0,0,0,0,0,0,26,0,0,0,0,0,0,0,0,0,0,0,0,0,0,0,0,1,0,0,0,3,0,5,0,0,0,0,0,0,0,0,0,0,0,0,0,0,0,0,0,0,0,48,0,0,0,0,0,0,0,0,0,0,2,0,0,0,37,0,29,4,47,0,0,0,0,0,0,0,0,0,0,0,0,0,0,0,0,0,0,0,0,0,0,26,0,0,7,0,0,0,4,0,13,0,0,0,0,0,0,12,0,0,0,0,0,0,0,0,2,0,0,0,0,0,0,0,0,2,0,0,0,0,0,0,0,0,0,0,0,0,0,2344,0,31,0,0,0,5,0,0,0,0,0,0,0,0,0,0,0,0,0,0,0,0,0,0,0,0,0,0,0,0,0,0,0,0,0,0,0,0,0
SRR7146574,0,0,0,0,0,0,0,0,0,0,0,0,11,0,349,0,33,0,0,0,0,12,0,0,0,0,0,25,505,0,11,0,0,0,0,0,0,10,0,0,0,0,0,0,0,0,0,0,16,2,0,0,0,31,0,0,178,0,0,0,14,0,0,229,5,0,0,0,0,0,4,0,880,0,12,0,0,0,0,0,0,0,0,0,0,0,0,0,0,0,0,0,0,0,0,0,0,0,0,0,0,0,0,0,0,0,0,0,6,29,867,0,0,36,0,459,0,0,0,0,0,5,0,0,90,0,0,0,35,0,0,0,0,0,7,0,0,0,89,0,0,0,0,0,0,0,0,0,6,0,0,0,0,206,0,0,9,14,11,0,0,0,88,4,0,0,0,0,0,0,26,0,0,0,0,0,0,0,0,0,0,0,0,0,0,0,0,0,0,0,4,0,7,0,669,0,0,0,0,0,0,0,0,0,0,6,0,0,0,0
SRR7146575,0,0,0,0,0,0,0,0,0,0,0,0,0,0,0,0,868,0,0,0,0,9,0,0,0,0,0,0,309,0,0,0,0,0,0,0,0,0,104,0,0,0,0,0,0,0,0,0,56,0,0,0,0,0,0,145,93,0,148,0,0,0,0,479,0,0,96,0,0,0,0,0,4,0,81,41,25,0,0,0,0,0,0,0,0,0,0,0,0,0,0,0,0,0,0,0,0,0,0,0,0,0,0,0,0,0,0,0,0,309,483,0,0,40,0,0,0,0,0,0,0,0,29,0,56,0,0,0,314,0,0,0,0,0,0,0,0,0,0,0,0,0,0,0,0,0,0,0,0,0,0,0,89,53,0,0,30,19,0,0,52,0,0,0,736,0,0,0,0,0,4,8,0,0,0,0,0,0,0,0,0,0,0,0,0,0,0,0,0,0,0,0,0,0,26,0,0,0,262,0,0,0,0,32,0,0,0,0,0,0
SRR7146576,0,0,0,0,0,0,0,0,0,0,0,0,0,0,0,0,29,0,0,0,0,0,0,0,0,0,0,22,4544,0,0,0,0,0,2,0,0,0,3,0,0,0,0,0,0,0,0,0,0,0,0,0,0,0,0,0,18,0,0,90,2,0,0,0,0,0,0,0,0,0,0,0,0,0,8,1,4,0,0,0,0,0,0,0,0,0,0,0,0,0,0,0,0,0,0,0,0,0,0,0,0,0,0,0,0,0,0,0,0,0,27,0,0,84,0,0,16,0,0,0,0,4,0,0,1,0,0,0,0,0,0,0,0,0,8,0,0,0,0,0,0,0,0,0,0,0,0,0,0,0,0,0,0,2,0,1,0,2,4,0,0,0,32,0,0,0,0,0,0,0,4,89,0,0,0,0,0,0,0,0,0,0,0,0,0,0,0,0,0,0,3,0,0,0,0,0,0,0,0,0,0,0,0,0,0,0,0,0,0,0
SRR7146577,0,0,0,0,0,0,0,0,0,0,0,0,0,0,0,0,0,0,0,0,0,9,0,0,0,0,0,57,4782,0,0,0,0,0,0,0,0,0,0,0,0,0,0,0,0,0,0,0,0,0,0,0,0,0,0,0,89,0,0,0,0,0,0,0,0,0,0,0,0,0,4,0,0,0,0,0,3,0,0,0,0,0,0,0,0,0,0,0,0,0,0,0,0,0,0,0,0,0,0,0,0,0,0,0,0,0,0,0,0,0,11,0,0,0,0,0,0,0,0,0,0,3,0,0,0,0,0,0,0,0,0,0,0,0,0,0,0,0,0,0,0,0,0,0,0,0,0,0,0,0,0,0,0,0,0,0,0,0,0,0,0,0,0,0,0,0,0,0,0,0,5,0,0,0,0,0,0,0,0,0,0,0,0,0,0,0,0,0,0,0,6,0,26,5,0,0,0,0,0,0,0,0,0,0,0,0,0,0,0,0
SRR7146578,0,0,0,0,0,0,0,0,0,0,0,0,0,0,0,0,0,0,0,0,0,3,0,0,0,0,0,0,2573,0,0,0,0,0,0,0,0,0,0,0,0,0,0,0,0,0,0,0,0,0,0,0,0,0,0,0,33,0,0,0,0,0,0,0,4,0,0,0,26,0,0,0,6,0,263,0,30,0,0,0,0,0,0,0,0,0,0,0,0,0,0,0,0,0,0,0,0,0,0,0,0,0,0,0,0,0,0,0,0,0,0,0,0,0,0,0,0,0,0,0,0,0,404,0,19,0,0,0,0,0,0,0,0,0,0,0,0,0,0,0,0,0,0,0,0,0,0,0,0,0,0,0,0,0,0,0,0,0,0,0,0,0,220,0,0,0,0,0,0,0,0,1419,0,0,0,0,0,0,0,0,0,0,0,0,0,0,0,0,0,0,0,0,0,0,0,0,0,0,0,0,0,0,0,0,0,0,0,0,0,0
SRR7146580,0,0,0,0,0,0,0,0,0,0,0,0,0,0,0,0,0,0,0,0,0,0,0,0,0,0,0,11,1375,0,0,0,0,0,0,0,0,369,0,0,0,0,0,0,0,0,0,0,0,0,0,0,0,11,0,0,5,0,0,0,25,0,20,13,2,0,0,0,0,0,0,0,1260,0,0,0,0,0,0,0,0,0,0,0,0,0,0,0,0,0,0,0,0,0,0,0,0,0,0,0,0,0,0,0,0,0,0,0,0,0,333,0,0,93,0,255,0,0,0,0,0,0,0,0,33,0,0,0,0,0,0,0,0,0,0,0,0,0,0,0,0,0,0,0,0,0,0,0,72,0,0,0,0,19,0,0,0,0,4,0,0,0,354,3,0,0,0,0,0,0,0,10,0,0,0,0,0,0,0,0,0,0,0,0,0,0,0,0,0,0,0,0,11,0,187,0,0,0,0,0,0,0,0,0,0,0,535,0,0,0
SRR7146581,0,0,0,0,0,0,0,0,0,0,0,0,0,0,0,0,0,0,0,0,0,2,0,0,0,0,0,18,432,0,0,0,0,0,0,0,0,0,0,0,0,0,0,0,0,0,0,0,0,0,0,0,0,0,0,0,18,0,0,0,2,0,0,0,13,0,0,0,11,0,0,0,19,17,0,1,24,0,0,0,0,0,0,0,0,0,0,0,0,0,0,0,0,0,0,0,0,0,0,0,0,0,0,0,0,0,0,0,0,0,75,0,0,72,0,0,512,0,0,0,0,0,0,0,14,0,0,0,0,0,0,0,0,0,10,0,0,0,0,0,0,0,0,0,0,0,0,0,0,0,0,0,0,0,0,0,0,3,0,0,0,0,49,83,0,0,0,0,0,0,3,3277,0,0,0,0,0,0,38,0,0,0,0,0,0,0,0,0,0,0,0,0,0,0,139,0,0,0,0,0,0,0,0,0,0,40,128,0,0,0
SRR7146582,0,0,0,0,0,0,0,0,0,0,0,0,2,0,0,0,1,0,0,0,0,0,0,0,0,0,0,42,2683,0,0,0,0,0,0,0,0,0,0,0,0,0,0,0,0,0,0,0,0,0,0,0,0,0,0,0,2,0,0,0,10,0,6,0,2,0,0,0,14,0,0,0,0,4,0,2,0,0,0,0,0,0,0,0,0,0,0,0,0,0,0,0,0,0,0,0,0,0,0,0,0,0,0,0,0,0,0,0,0,0,122,0,0,850,0,98,156,0,0,0,0,0,1,0,9,0,0,0,0,0,0,0,0,0,0,0,0,0,0,0,0,0,0,0,0,0,0,0,0,0,0,0,0,0,0,0,0,0,0,0,0,0,7,0,0,0,0,0,0,0,0,862,0,0,0,0,0,0,9,0,0,0,0,0,0,0,0,0,0,0,0,0,1,0,32,0,0,0,0,0,0,0,0,0,0,2,83,0,0,0
SRR7146583,0,0,0,0,0,0,0,0,0,0,0,0,0,0,0,0,7,0,0,0,0,113,0,0,0,0,0,0,91,0,0,0,6,0,14,0,0,0,0,0,0,0,0,0,0,0,0,0,0,0,0,0,0,0,0,0,949,0,0,0,0,0,19,0,0,0,0,0,161,0,41,0,30,41,0,0,10,0,0,0,0,0,0,0,0,0,0,0,0,0,0,0,0,0,0,0,0,0,0,0,0,0,0,0,0,0,0,0,3,0,13,0,0,18,0,103,0,0,0,0,0,138,0,0,11,0,0,0,0,0,15,0,0,0,0,0,0,0,0,0,0,40,0,0,0,0,0,0,0,0,0,0,0,0,0,0,4,0,0,0,0,0,72,133,0,0,0,0,0,0,51,3,0,0,0,0,0,0,408,0,0,0,27,0,0,0,0,0,0,0,4,0,61,111,382,0,0,0,0,0,0,0,0,0,0,0,1921,0,0,0
SRR7146584,0,0,0,0,0,0,0,0,0,0,0,0,1,0,0,0,1,0,0,0,0,2,0,0,0,0,0,383,1071,0,53,0,79,0,78,0,0,38,0,0,0,0,0,0,0,0,0,0,0,0,0,0,0,4,0,0,25,0,0,7,203,0,4,2,42,0,0,0,0,0,0,0,25,1,6,0,3,0,0,0,0,0,0,0,0,0,0,0,0,0,0,0,0,0,0,0,0,0,0,0,0,0,0,0,0,0,0,0,0,0,408,0,0,640,0,236,182,0,0,0,0,3,0,0,51,0,0,0,0,0,0,0,0,0,3,0,0,0,9,0,0,0,0,0,2,0,0,0,137,0,0,0,0,0,0,0,0,1,0,0,0,0,643,28,0,0,0,0,0,0,0,253,0,0,0,0,0,0,18,0,0,0,1,0,0,0,0,0,0,0,0,0,26,2,185,0,0,0,0,0,1,0,0,0,0,0,143,0,0,0
SRR7146585,0,0,0,0,0,0,0,0,0,0,0,0,12,0,0,0,0,0,0,0,0,0,0,0,0,0,0,0,42,0,0,0,25,0,0,0,0,27,0,0,0,0,0,0,0,0,0,0,0,0,0,0,0,0,0,0,35,0,0,0,0,0,0,0,30,0,0,0,3,0,0,0,18,154,238,0,0,0,0,0,0,0,0,0,0,0,0,0,0,0,0,0,0,0,0,0,0,0,0,0,0,0,0,0,0,0,0,0,0,0,988,0,0,8,0,1289,0,0,0,0,0,0,4,0,757,0,0,0,0,0,0,0,0,0,0,0,0,0,0,0,0,0,0,0,0,0,0,0,0,0,0,0,0,750,0,0,0,0,0,0,0,0,0,0,0,0,0,0,0,0,0,53,0,0,0,0,0,0,94,0,0,0,0,0,0,0,0,0,0,0,0,0,11,0,210,0,0,0,0,0,0,0,0,0,0,28,224,0,0,0
SRR7146587,0,0,0,0,0,0,0,0,0,0,0,0,0,0,0,0,3909,0,0,0,0,4,0,0,0,0,0,0,149,0,0,0,0,0,0,0,0,0,11,0,0,0,0,0,0,0,0,0,0,0,0,0,0,0,0,0,37,0,0,0,0,0,0,0,3,0,0,0,18,0,0,0,43,0,0,0,12,0,0,0,0,0,0,0,0,0,0,0,0,0,0,0,0,0,0,0,0,0,0,0,0,0,0,0,0,0,0,0,0,42,10,0,0,0,0,170,0,0,0,0,0,7,0,0,0,0,0,0,0,0,3,0,0,0,0,0,0,0,0,0,0,15,0,0,0,0,0,0,0,0,0,0,0,0,0,0,0,1,0,0,0,0,9,37,8,0,0,0,0,0,10,0,0,0,0,0,0,0,69,0,0,0,0,0,0,0,0,0,0,0,5,0,6,3,34,0,0,0,211,0,2,0,0,0,0,0,172,0,0,0
SRR7146588,0,0,0,0,0,0,0,0,0,0,0,0,0,0,0,0,112,0,0,0,0,0,0,0,0,0,0,20,781,0,0,0,0,0,9,0,0,0,0,0,0,0,0,0,0,0,0,0,7,0,0,0,0,0,0,9,100,0,0,9,21,0,26,41,91,0,0,0,21,0,0,0,46,29,152,6,18,0,0,0,0,0,0,0,0,0,0,0,0,0,0,0,0,0,0,0,0,0,0,0,0,0,0,0,0,0,0,0,0,27,1156,0,0,75,0,0,221,0,0,0,0,0,12,0,240,0,0,0,0,0,8,0,0,0,21,0,0,0,0,0,0,0,0,0,0,0,0,0,9,0,0,0,0,223,0,0,0,16,5,0,0,0,261,38,0,0,0,0,0,0,0,295,0,0,0,0,0,0,111,0,0,0,2,0,0,0,0,0,0,0,0,0,40,18,279,0,0,0,31,0,0,0,0,7,0,15,392,0,0,0
SRR7146589,0,0,0,0,0,0,0,0,0,0,0,0,0,0,0,0,0,0,0,0,0,0,0,0,0,0,0,32,2933,0,1,0,0,0,0,0,0,0,0,0,0,0,0,0,0,0,0,0,0,0,0,0,0,0,0,0,46,0,0,12,181,0,17,0,0,0,0,0,15,0,0,0,24,0,0,0,1,0,0,0,0,0,0,0,0,0,0,0,0,0,0,0,0,0,0,0,0,0,0,0,0,0,0,0,0,0,0,0,0,0,566,0,0,71,0,0,11,0,0,0,0,0,0,0,396,0,0,0,0,0,0,0,0,0,0,0,0,0,0,0,0,0,0,0,9,0,0,0,18,0,0,0,0,8,0,0,0,0,0,0,0,0,468,13,0,0,0,0,0,0,0,89,0,0,0,0,0,0,4,0,0,0,0,0,0,0,0,0,0,0,0,0,23,0,19,0,0,0,0,0,0,0,0,0,0,4,39,0,0,0
SRR7146590,0,0,0,0,0,0,0,0,0,0,0,0,0,0,0,0,8,0,0,0,0,29,0,0,0,0,0,0,1530,0,66,0,0,0,0,0,0,0,0,0,0,0,0,0,0,0,0,0,0,0,0,0,0,0,0,0,322,0,0,0,332,0,0,16,172,0,0,0,147,0,0,0,0,15,0,0,0,0,0,0,0,0,0,0,0,0,0,0,0,0,0,0,0,0,0,0,0,0,0,0,0,0,0,0,0,0,0,0,0,0,38,0,0,129,0,69,0,0,0,0,0,0,7,0,11,0,0,0,0,0,0,0,0,0,0,0,0,0,0,0,0,0,0,0,0,0,0,0,0,0,0,0,0,0,0,0,0,0,0,0,0,0,1406,28,0,0,0,0,0,0,27,362,0,0,0,0,0,0,25,0,0,0,0,0,0,0,0,0,0,0,23,0,0,13,62,0,0,0,0,0,0,0,0,0,0,3,143,0,0,0
SRR7146591,0,0,0,0,0,0,0,0,0,0,0,0,0,0,0,0,272,0,0,0,0,0,0,0,0,0,0,4,370,0,0,0,0,0,0,0,0,8,5,0,0,0,0,0,0,0,0,0,0,0,0,0,0,0,0,0,3,0,0,0,4091,0,0,7,0,0,0,0,0,0,0,0,0,0,0,0,0,0,0,0,0,0,0,0,0,0,0,0,0,0,0,0,0,0,0,0,0,0,0,0,0,0,0,0,0,0,0,0,0,20,13,0,0,22,0,0,0,0,0,0,0,0,54,0,0,0,0,0,0,0,0,0,0,0,0,0,0,0,7,0,0,0,0,0,0,0,0,0,0,0,0,0,40,0,0,0,0,0,0,0,0,0,0,0,58,0,0,0,0,0,0,19,0,0,0,0,0,0,0,0,0,0,0,0,0,0,0,0,0,0,0,0,0,0,1,0,0,0,3,0,0,0,0,2,0,0,1,0,0,0
SRR7146592,0,0,0,0,0,0,0,0,0,0,0,0,0,0,12,0,12,0,0,0,0,2,0,0,0,0,0,3,3720,0,0,0,0,0,10,0,0,32,1,0,0,0,0,0,0,0,0,0,0,0,0,0,0,0,0,0,1,0,0,25,677,0,0,0,0,0,2,0,1,0,0,0,0,0,0,0,0,0,0,0,0,0,0,0,0,0,0,0,0,0,0,0,0,0,0,0,0,0,0,0,0,0,0,0,0,0,0,0,0,0,288,0,0,39,0,2,0,0,0,0,0,0,6,0,0,0,0,0,0,0,0,0,0,0,0,0,0,0,7,0,0,0,0,0,0,0,0,0,0,0,0,0,0,2,0,0,0,0,0,0,2,0,133,0,11,0,0,0,0,0,1,1,0,0,0,0,0,0,0,0,0,0,0,0,0,0,0,0,0,0,0,0,0,0,9,0,0,0,0,0,0,0,0,0,0,0,1,0,0,0
SRR7146593,0,0,0,0,0,0,0,0,0,0,0,0,0,0,0,0,0,0,0,0,0,0,0,0,0,0,0,131,4825,0,0,0,0,0,0,0,0,0,0,0,0,0,0,0,0,0,0,0,0,0,0,0,0,0,0,0,1,0,0,4,7,0,0,0,0,0,0,0,0,0,0,0,0,0,0,0,0,0,0,0,0,0,0,0,0,0,0,0,0,0,0,0,0,0,0,0,0,0,0,0,0,0,0,0,0,0,0,0,0,0,11,0,0,6,0,2,0,0,0,0,0,0,0,0,6,0,0,0,0,0,0,0,0,0,0,0,0,0,0,0,0,0,0,0,0,0,0,0,1,0,0,0,0,1,0,0,0,0,0,0,0,0,2,0,0,0,0,0,0,0,1,0,0,0,0,0,0,0,0,0,0,0,0,0,0,0,0,0,0,0,0,0,0,1,0,0,0,0,0,0,0,0,0,0,0,0,1,0,0,0
SRR7146595,0,0,0,0,0,0,0,0,0,0,0,0,0,0,0,0,7,0,0,0,0,0,0,0,0,0,0,2534,2279,0,0,0,0,0,0,0,0,0,0,0,0,0,0,0,0,0,0,0,0,0,0,0,0,0,0,0,0,0,0,24,18,0,0,0,0,0,0,0,0,0,0,0,29,0,0,0,0,0,0,0,0,0,0,0,0,0,0,0,0,0,0,0,0,0,0,0,0,0,0,0,0,0,0,0,0,0,0,0,0,0,67,0,0,1,0,7,0,0,0,0,0,0,2,0,0,0,0,0,0,0,0,0,0,0,0,0,0,0,0,0,0,0,0,0,0,0,0,0,0,0,0,0,2,0,0,0,0,0,0,0,0,0,19,0,0,0,0,0,0,0,0,11,0,0,0,0,0,0,0,0,0,0,0,0,0,0,0,0,0,0,0,0,0,0,0,0,0,0,0,0,0,0,0,0,0,0,0,0,0,0
SRR7146596,0,0,0,0,0,0,0,0,0,0,0,0,0,0,0,0,10,0,0,0,0,8,0,0,0,0,0,185,2625,0,0,0,0,0,2,0,0,0,0,0,0,0,0,0,0,0,0,0,0,0,0,0,0,0,0,0,55,0,0,0,19,0,2,2,0,0,45,0,11,0,0,0,538,2,0,0,0,0,0,0,0,0,0,0,0,0,0,0,0,0,0,0,0,0,0,0,0,0,0,0,0,0,0,0,0,0,0,0,0,0,90,0,0,1135,0,16,0,0,2,0,0,3,4,0,4,0,0,0,0,0,0,0,0,0,0,0,0,0,15,0,0,0,0,0,0,0,0,0,0,0,0,0,0,7,0,0,0,0,0,0,0,0,97,14,0,0,0,0,0,0,0,12,0,0,0,0,0,0,18,0,0,0,0,0,0,0,0,0,0,0,0,0,0,4,22,0,0,0,0,0,0,0,0,0,0,0,53,0,0,0
SRR7146598,0,0,0,0,0,0,0,0,0,0,0,0,0,0,0,0,119,0,0,0,0,0,0,0,0,0,0,8,2223,0,0,0,0,0,0,0,0,0,7,0,0,0,0,0,0,0,0,0,0,2,0,0,0,0,0,2,4,0,0,0,1936,0,0,8,0,0,31,0,8,0,0,0,4,0,0,0,0,0,0,0,0,0,0,0,0,0,0,0,0,0,0,0,0,0,0,0,0,0,0,0,0,0,0,0,0,0,0,0,0,5,6,0,0,211,0,1,0,0,0,0,0,0,0,0,1,0,0,0,1,0,0,0,0,0,0,0,0,0,12,0,0,0,0,0,0,0,0,0,0,0,0,0,2,2,0,0,0,0,0,0,12,0,0,0,44,0,0,0,0,0,0,332,0,0,0,0,0,0,0,0,0,0,0,0,0,0,0,0,0,0,0,0,0,0,3,0,0,0,0,0,0,0,0,9,0,0,7,0,0,0
SRR7146599,0,0,0,0,0,0,0,0,0,0,0,0,0,0,4,0,14,0,0,0,0,0,0,0,0,0,0,1444,2826,0,0,0,0,0,12,0,0,0,0,0,0,0,0,0,0,0,0,0,0,0,0,0,0,0,0,0,0,0,0,26,53,0,0,0,1,0,0,0,0,0,0,0,0,0,7,0,0,0,0,0,0,0,0,0,0,0,0,0,0,0,0,0,0,0,0,0,0,0,0,0,0,0,0,0,0,0,0,0,0,0,51,0,0,5,0,9,0,0,0,0,0,0,19,0,186,0,0,0,0,0,0,0,0,0,0,0,0,0,0,0,0,0,0,0,0,0,0,0,0,0,0,0,0,6,0,0,0,0,0,0,2,0,314,3,4,0,0,0,0,0,0,4,0,0,0,0,0,0,3,0,0,0,0,0,0,0,0,0,0,0,0,0,0,0,0,0,0,0,0,0,0,0,0,0,0,0,7,0,0,0
SRR7146601,0,0,0,0,0,0,0,0,0,0,0,0,0,0,0,0,1,0,0,0,0,0,0,0,0,0,0,341,3888,0,0,0,0,0,0,0,0,0,0,0,0,0,0,0,0,0,0,0,0,0,0,0,0,0,0,0,13,0,0,0,177,0,0,0,0,0,0,0,0,0,0,0,3,1,0,0,0,0,0,0,0,0,0,0,0,0,0,0,0,0,0,0,0,0,0,0,0,0,0,0,0,0,0,0,0,0,0,0,0,0,13,0,0,306,0,0,0,0,0,0,0,0,4,0,0,0,0,0,0,0,0,0,0,0,0,0,0,0,0,0,0,0,0,0,0,0,0,0,0,0,0,0,0,0,0,0,0,0,0,0,0,0,5,5,0,0,0,0,0,0,1,198,0,0,0,0,0,0,8,0,0,0,0,0,0,0,0,0,0,0,0,0,0,0,7,0,0,0,0,0,0,0,0,0,0,0,29,0,0,0
SRR7146602,0,0,0,0,0,0,0,0,0,0,0,0,0,0,0,0,1,0,0,0,0,0,0,0,0,0,0,0,1401,0,0,0,0,0,0,0,0,3,0,0,0,0,0,0,0,0,0,0,0,0,0,0,0,0,0,0,0,0,0,0,3456,0,0,0,0,0,0,0,0,0,0,0,0,23,0,0,0,0,0,0,0,0,0,0,0,0,0,0,0,0,0,0,0,0,0,0,0,0,0,0,0,0,0,0,0,0,0,0,0,0,4,0,0,50,0,2,0,0,0,0,0,0,0,0,0,0,0,0,0,0,0,0,0,0,0,0,0,0,0,0,0,0,0,0,0,0,0,0,0,0,0,0,0,0,0,0,0,0,2,0,0,0,0,0,1,0,0,0,0,0,0,57,0,0,0,0,0,0,0,0,0,0,0,0,0,0,0,0,0,0,0,0,0,0,0,0,0,0,0,0,0,0,0,0,0,0,0,0,0,0
SRR7146603,0,0,0,0,0,0,0,0,0,0,0,0,0,0,5,0,24,0,0,0,0,0,0,0,0,0,0,4,3213,0,0,0,0,0,0,0,0,0,3,0,0,0,0,0,0,0,0,0,0,0,0,0,0,0,0,0,7,0,0,30,166,0,0,0,0,0,0,0,0,0,0,0,0,0,2,0,0,0,0,0,0,0,0,0,0,0,0,0,0,0,0,0,0,0,0,0,0,0,0,0,0,0,0,0,0,0,0,0,0,3,10,0,0,31,0,8,0,0,0,0,0,0,0,0,441,0,0,0,0,0,0,0,0,0,0,0,0,0,0,0,0,0,0,0,0,0,0,0,19,0,0,0,1,9,0,0,0,0,0,0,3,0,993,0,6,0,0,0,0,0,0,22,0,0,0,0,0,0,0,0,0,0,0,0,0,0,0,0,0,0,0,0,0,0,0,0,0,0,0,0,0,0,0,0,0,0,0,0,0,0
SRR7146604,0,0,0,0,0,0,0,0,0,0,0,0,0,0,0,0,12,0,0,0,0,7,0,0,0,0,0,697,1665,0,0,0,47,0,1685,0,0,0,0,0,0,0,0,0,0,0,0,0,0,0,0,0,0,0,0,0,43,0,0,377,19,0,0,0,0,0,8,0,5,0,5,0,6,0,0,0,0,0,0,0,0,0,0,0,0,0,0,0,0,0,0,0,0,0,0,0,0,0,0,0,0,0,0,0,0,0,0,0,10,0,114,0,0,0,0,6,0,0,0,0,0,2,0,0,18,0,0,0,0,0,0,0,0,0,0,0,0,0,0,0,0,1,0,0,0,0,0,0,5,0,0,0,0,11,0,0,0,0,0,0,0,0,229,0,0,0,0,0,0,0,8,0,0,0,0,0,0,0,0,0,0,0,0,0,0,0,0,0,0,0,6,0,8,0,0,0,0,0,0,0,0,0,0,0,0,1,0,0,0,0
SRR7146605,0,0,0,0,0,0,0,0,0,0,0,0,0,0,2,0,1,0,0,0,0,1,0,0,0,0,0,0,3580,0,0,0,0,0,0,0,0,0,0,0,0,0,0,0,0,0,0,0,0,0,0,0,0,0,0,0,11,0,0,6,8,0,0,0,16,0,0,0,0,0,0,0,0,1092,0,3,0,0,0,0,0,0,0,0,0,0,0,0,0,0,0,0,0,0,0,0,0,0,0,0,0,0,0,0,0,0,0,0,0,0,36,0,0,2,0,0,54,0,0,0,0,0,0,0,141,0,0,0,0,0,0,0,0,0,4,0,0,0,0,0,0,0,0,0,0,0,0,0,0,0,0,0,0,0,0,0,0,1,0,0,0,0,33,0,0,0,0,0,0,0,0,0,0,0,0,0,0,0,0,0,0,0,0,0,0,0,0,0,0,0,0,0,3,0,0,0,0,0,0,0,0,0,0,0,0,0,6,0,0,0
SRR7146606,0,0,0,0,0,0,0,0,0,0,0,0,0,0,0,0,309,0,0,0,0,3,0,0,0,0,0,0,1605,0,0,0,0,0,0,0,0,0,0,0,0,0,0,0,0,0,0,0,0,0,0,0,0,0,0,0,6,0,0,0,203,0,1,4,0,0,0,0,13,0,0,0,12,4,0,0,0,0,0,0,0,0,0,0,0,0,0,0,0,0,0,0,0,0,0,0,0,0,0,0,0,0,0,0,0,0,0,0,0,0,184,0,0,1070,0,149,0,0,0,0,0,0,0,0,545,0,0,0,0,0,0,0,0,0,0,0,0,0,0,0,0,0,0,0,0,0,0,0,0,0,0,0,0,61,0,0,0,0,0,0,0,0,99,44,10,0,0,0,0,0,0,206,0,0,0,0,0,0,48,0,0,0,1,0,0,0,0,0,0,0,0,0,0,0,89,0,0,0,0,0,0,0,0,0,0,0,334,0,0,0
SRR7146607,0,0,0,0,0,0,0,0,0,0,0,0,0,0,0,0,1611,0,0,0,0,0,0,0,0,0,0,0,604,0,0,0,6,0,637,0,0,0,29,0,0,0,0,0,0,0,0,0,0,0,0,0,0,0,0,18,39,0,24,0,41,0,0,54,0,0,0,0,0,0,0,0,0,0,28,0,0,0,0,0,0,0,0,0,0,0,0,0,0,0,0,0,0,0,0,0,0,0,0,0,0,0,0,0,0,0,0,0,0,83,104,0,0,18,0,35,0,0,0,0,0,4,0,0,233,0,0,0,67,0,0,0,0,0,0,0,0,0,0,0,0,0,0,0,0,0,0,0,17,0,0,0,162,35,0,0,0,0,0,0,0,0,192,0,88,0,0,0,0,0,0,7,0,0,0,0,0,0,0,0,0,0,0,0,0,0,0,0,0,0,0,0,0,0,0,0,0,0,84,0,0,0,0,780,0,0,0,0,0,0
SRR7146608,0,0,0,0,0,0,0,0,0,0,0,0,0,0,0,0,4,0,0,0,0,0,0,0,0,0,0,27,4902,0,0,0,0,0,13,0,0,0,0,0,0,0,0,0,0,0,0,0,0,0,0,0,0,0,0,0,3,0,0,12,12,0,0,0,0,0,0,0,0,0,0,0,0,0,0,0,0,0,0,0,0,0,0,0,0,0,0,0,0,0,0,0,0,0,0,0,0,0,0,0,0,0,0,0,0,0,0,0,0,0,17,0,0,0,0,0,0,0,0,0,0,0,0,0,0,0,0,0,0,0,0,0,0,0,0,0,0,0,0,0,0,0,0,0,0,0,0,0,0,0,0,0,0,2,0,0,0,0,0,0,0,0,0,0,0,0,0,0,0,0,4,4,0,0,0,0,0,0,0,0,0,0,0,0,0,0,0,0,0,0,0,0,0,0,0,0,0,0,0,0,0,0,0,0,0,0,0,0,0,0
SRR7146610,0,0,0,0,0,0,0,0,0,0,0,0,0,0,58,0,1067,0,0,0,0,0,0,0,0,0,0,45,1952,0,0,0,0,0,0,0,0,0,11,0,0,0,0,0,0,0,0,0,0,0,0,0,0,0,0,5,1,0,0,0,59,0,0,62,0,0,222,0,0,0,0,0,0,0,199,0,0,0,0,0,0,0,0,0,0,0,0,0,0,0,0,0,0,0,0,0,0,0,0,0,0,0,0,0,0,0,0,0,0,31,60,0,0,68,0,18,0,0,0,0,0,0,0,0,281,0,0,0,6,0,0,0,0,0,0,0,0,0,15,0,0,0,0,0,0,0,0,0,0,0,0,0,2,72,0,0,5,4,0,0,8,0,347,3,177,0,0,0,0,0,0,192,0,0,0,0,0,0,0,0,0,0,0,0,0,0,0,0,0,0,0,0,0,0,0,0,0,0,18,0,0,0,0,12,0,0,0,0,0,0
SRR7146611,0,0,0,0,0,0,0,0,0,0,0,0,0,0,0,0,35,0,0,0,0,0,0,0,0,0,0,0,1591,0,0,0,0,0,0,0,0,0,0,0,0,0,0,0,0,0,0,0,0,0,0,0,0,0,0,0,0,0,0,1,541,0,0,0,0,0,3,0,0,0,0,0,3,2,33,0,0,0,0,0,0,0,0,0,0,0,0,0,0,0,0,0,0,0,0,0,0,0,0,0,0,0,0,0,0,0,0,0,0,0,31,0,0,65,0,28,0,0,0,0,0,0,0,0,2155,0,0,0,0,0,0,0,0,0,0,0,0,0,5,0,0,0,0,0,0,0,0,0,0,0,0,0,0,0,0,0,0,0,0,0,0,0,460,0,9,0,0,0,0,0,0,2,0,0,0,0,0,0,0,0,0,0,0,0,0,0,0,0,0,0,0,0,0,0,4,0,0,0,0,0,0,0,0,0,0,0,32,0,0,0
SRR7146612,0,0,0,0,0,0,0,0,0,0,0,0,0,0,0,0,0,0,0,0,0,0,0,0,0,0,0,0,3597,0,0,0,0,0,0,0,0,0,0,0,0,0,0,0,0,0,0,0,0,0,0,0,0,0,0,0,3,0,0,0,0,0,19,0,0,0,0,0,27,0,0,0,20,59,0,25,0,0,0,0,0,0,0,0,0,0,0,0,0,0,0,0,0,0,0,0,0,0,0,0,0,0,0,0,0,0,0,0,0,0,802,0,0,6,0,0,0,0,0,0,0,9,0,0,0,0,0,0,0,0,0,0,0,0,38,0,0,0,0,0,0,0,0,0,0,0,0,0,0,0,0,0,0,0,0,0,0,0,0,0,0,0,11,21,0,0,0,0,0,0,0,0,0,0,0,0,0,0,35,0,0,0,7,0,0,0,0,0,0,0,0,0,15,0,69,0,0,0,0,0,0,0,0,0,0,0,237,0,0,0
SRR7146613,0,0,0,0,0,0,0,0,0,0,0,0,0,0,0,0,11,0,0,0,0,0,0,0,0,0,0,0,3480,0,0,0,0,0,0,0,0,0,0,0,0,0,0,0,0,0,0,0,0,0,0,0,0,0,0,0,33,0,0,0,698,0,10,91,2,0,0,0,314,0,0,0,28,4,0,0,0,0,0,0,0,0,0,0,0,0,0,0,0,0,0,0,0,0,0,0,0,0,0,0,0,0,0,0,0,0,0,0,0,0,153,0,0,9,0,0,0,0,0,0,0,0,0,0,0,0,0,0,0,0,0,0,0,0,0,0,0,0,36,0,0,0,0,0,0,0,0,0,0,0,0,0,0,0,0,0,0,0,0,0,0,0,0,4,0,0,0,0,0,0,6,18,0,0,0,0,0,0,7,0,0,0,0,0,0,0,0,0,0,0,0,0,0,0,36,0,0,0,0,0,0,0,0,0,0,0,60,0,0,0
SRR7146614,0,0,0,0,0,0,0,0,0,0,0,0,0,0,0,0,0,0,0,0,0,0,0,0,0,0,0,0,4207,0,0,0,0,0,0,0,0,0,0,0,0,0,0,0,0,0,0,0,0,0,0,0,0,0,0,0,12,0,0,0,0,0,0,0,0,0,0,0,18,0,0,0,13,10,0,1,0,0,0,0,0,0,0,0,0,0,0,0,0,0,0,0,0,0,0,0,0,0,0,0,0,0,0,0,0,0,0,0,0,0,640,0,0,2,0,4,0,0,0,0,0,0,0,0,3,0,0,0,0,0,0,0,0,0,0,0,0,0,0,0,0,0,0,0,0,0,0,0,0,0,0,0,0,0,0,0,0,0,0,0,0,0,1,5,0,0,0,0,0,0,0,0,0,0,0,0,0,0,10,0,0,0,0,0,0,0,0,0,0,0,0,0,0,1,42,0,0,0,0,0,0,0,0,0,0,0,31,0,0,0
SRR7146615,0,0,0,0,0,0,0,0,0,0,0,0,0,0,0,0,0,0,0,0,0,9,0,0,0,0,0,0,195,0,0,0,0,0,0,0,0,0,0,0,0,0,0,0,0,0,0,0,0,0,0,0,0,0,0,0,276,0,0,0,0,0,43,0,0,0,0,0,403,0,0,0,167,165,0,0,0,0,0,0,0,0,0,0,0,0,0,0,0,0,0,0,0,0,0,0,0,0,0,0,0,0,0,0,0,0,0,0,25,0,33,0,0,167,0,0,0,0,0,0,0,27,0,0,0,0,0,0,0,0,0,0,0,0,0,0,0,0,0,0,0,0,0,0,39,0,0,0,0,0,0,0,0,0,0,0,0,0,0,0,0,0,107,598,0,0,0,0,0,0,36,18,0,0,0,0,0,0,306,0,0,0,0,0,0,0,0,0,0,0,0,0,0,11,701,0,0,0,0,0,0,0,0,0,0,0,1674,0,0,0
SRR7146616,0,0,0,0,0,0,0,0,0,0,0,0,0,0,0,0,3,0,0,0,0,4,0,0,0,0,0,13,2010,0,0,0,0,0,0,0,0,0,0,0,0,0,0,0,0,0,0,0,0,4,0,0,0,0,0,0,72,0,0,0,63,0,0,0,47,0,2,0,0,0,0,0,0,0,53,0,162,0,0,0,0,0,0,0,0,0,0,0,0,0,0,0,0,0,0,0,0,0,0,0,0,0,0,0,0,0,0,0,1,0,102,0,0,0,0,218,31,0,0,0,0,0,0,0,177,0,0,0,0,0,0,0,0,0,3,0,0,0,0,0,0,0,0,0,0,0,0,0,9,0,0,0,0,24,0,0,0,10,0,0,0,0,529,0,0,0,0,0,0,0,3,1401,0,0,0,0,0,0,0,0,0,0,0,0,0,0,0,0,0,0,2,0,2,1,0,0,0,0,0,0,0,0,0,0,0,53,0,0,0,0
SRR7146617,0,0,0,0,0,0,0,0,0,0,0,0,380,0,0,0,1989,0,0,0,0,80,0,0,0,0,0,0,336,0,354,0,0,0,0,0,0,0,0,0,0,0,0,0,0,0,0,0,0,8,0,0,0,0,0,3,637,0,0,0,0,0,0,4,13,0,0,0,5,0,7,0,0,0,0,0,0,0,0,0,0,0,0,0,0,0,0,0,0,0,0,0,0,0,0,0,0,0,0,0,0,0,0,0,0,0,0,0,0,15,79,0,0,0,0,0,0,0,0,0,0,31,148,0,5,0,0,0,0,0,3,0,0,0,0,0,0,0,0,0,0,0,0,0,0,0,0,0,0,0,0,0,162,272,0,8,0,31,0,0,0,0,4,0,181,0,0,0,0,0,62,0,0,0,0,0,0,0,0,0,0,0,0,0,0,0,0,0,0,0,19,0,14,40,0,0,0,0,0,0,0,0,0,25,0,0,20,0,0,0
SRR7146618,0,0,0,0,0,0,0,0,0,0,0,0,0,0,0,0,359,0,0,0,0,57,0,0,0,0,0,0,624,0,24,0,0,0,0,0,0,0,97,0,0,0,0,0,0,0,0,0,72,0,0,0,0,0,0,110,1506,0,66,0,0,0,0,151,0,0,0,0,15,0,0,0,25,0,0,0,0,0,0,0,0,0,0,0,0,0,0,0,0,0,0,0,0,0,0,0,0,0,0,0,0,0,0,0,0,0,0,0,3,401,388,0,0,0,0,0,0,0,0,0,0,0,0,0,0,0,0,0,0,0,0,0,0,0,0,0,0,0,46,0,0,0,0,0,0,0,0,0,0,0,0,0,0,0,0,0,0,0,0,0,0,0,0,0,14,0,0,0,0,0,89,827,0,0,0,0,0,0,0,0,0,0,0,0,0,0,0,0,0,0,22,0,0,8,0,0,0,0,78,0,0,0,0,0,0,0,0,0,0,0
SRR7146619,0,0,0,0,0,0,0,0,0,0,0,0,0,0,0,0,529,0,0,0,0,12,0,0,0,0,0,17,1142,0,0,0,0,0,0,0,0,0,0,0,0,0,0,0,0,0,0,0,0,0,0,0,0,0,0,0,278,0,0,0,128,0,0,8,20,0,84,0,0,0,0,0,29,0,0,0,201,0,0,0,0,0,0,0,0,0,0,0,0,0,0,0,0,0,0,0,0,0,0,0,0,0,0,0,0,0,0,0,0,0,781,0,0,0,0,1661,0,0,0,0,0,2,0,0,63,0,0,0,8,0,0,0,0,0,0,0,0,0,0,0,0,0,0,0,0,0,0,0,0,0,0,0,0,0,0,0,0,0,0,0,0,0,0,0,0,0,0,0,0,0,10,0,0,0,0,0,0,0,0,0,0,0,0,0,0,0,0,0,0,0,1,0,0,11,15,0,0,0,0,0,0,0,0,0,0,0,0,0,0,0
SRR7146620,0,0,0,0,0,0,0,0,0,0,0,0,0,0,0,0,40,0,0,0,0,0,0,0,0,0,0,13,29,0,7,0,0,0,0,0,0,0,0,0,0,0,0,0,0,0,0,0,13,0,0,0,0,0,0,0,82,0,0,0,0,0,0,0,17,0,0,0,24,0,0,0,0,0,189,0,0,0,0,0,0,0,0,0,0,0,0,0,0,0,0,0,0,0,0,0,0,0,0,0,0,0,0,0,0,0,0,0,0,0,34,0,0,0,0,864,0,0,0,0,0,0,0,0,143,0,0,0,0,0,0,0,0,0,0,0,0,0,0,0,0,0,0,0,0,0,0,0,0,0,0,0,10,223,0,0,7,33,0,0,0,0,713,0,0,0,0,0,0,0,3,2476,0,0,0,0,0,0,0,0,0,0,0,0,0,0,0,0,0,0,0,0,0,2,0,0,0,0,0,0,0,0,0,0,0,78,0,0,0,0
SRR7146622,0,0,0,0,0,0,0,0,0,0,0,0,0,0,0,0,25,0,0,0,0,32,0,0,0,0,0,16,4040,0,0,0,0,0,0,0,0,0,0,0,0,0,0,0,0,0,0,0,13,0,0,0,0,0,0,0,428,0,0,0,15,0,0,0,94,0,0,0,0,0,0,0,3,0,15,0,19,0,0,0,0,0,0,0,0,0,0,0,0,0,0,0,0,0,0,0,0,0,0,0,0,0,0,0,0,0,0,0,12,0,11,0,0,0,0,31,0,0,0,0,0,11,0,0,46,0,0,0,4,0,0,0,0,0,0,0,0,0,0,0,0,0,0,0,0,0,0,0,0,0,0,0,0,0,0,7,6,0,0,0,0,0,0,0,11,0,0,0,0,0,33,16,0,0,0,0,0,0,0,0,0,0,0,0,0,0,0,0,0,0,9,0,7,0,0,0,0,0,0,0,0,0,0,0,0,69,8,0,0,0
SRR7146623,0,0,0,0,0,0,0,0,0,0,0,0,0,0,0,0,7,0,0,0,0,0,0,0,0,0,0,4,2114,0,1,0,0,0,0,0,0,0,0,0,0,0,0,0,0,0,0,0,0,0,0,0,0,0,0,0,4,0,0,0,323,0,0,0,35,0,11,0,2,0,0,0,0,0,6,0,24,0,0,0,0,0,0,0,0,0,0,0,0,0,0,0,0,0,0,0,0,0,0,0,0,0,0,0,0,0,0,0,0,0,361,0,0,23,0,380,0,0,0,0,0,0,18,0,223,0,0,0,0,0,0,0,0,0,1,0,0,0,0,0,0,0,0,0,0,0,0,0,193,0,0,0,0,261,0,0,0,13,2,0,0,0,901,0,0,0,0,0,0,0,0,52,0,0,0,0,0,0,0,0,0,0,0,0,0,0,0,0,0,0,0,0,0,0,0,0,0,0,0,0,0,0,0,0,0,41,0,0,0,0
SRR7146624,0,0,0,0,0,0,0,0,0,0,0,0,0,0,0,0,0,0,0,0,0,12,0,0,0,0,0,37,38,0,12,0,0,0,0,0,0,0,0,0,0,0,0,0,0,0,0,0,0,0,0,0,0,0,0,0,59,0,0,0,3,0,0,0,18,0,0,0,6,0,2,0,0,0,41,0,0,0,0,0,0,0,0,0,0,0,0,0,0,0,0,0,0,0,0,0,0,0,0,0,0,0,0,0,0,0,0,0,0,0,0,0,0,0,0,545,0,0,2,0,0,0,0,0,408,0,0,0,0,0,0,0,0,0,3,0,0,0,0,0,0,0,0,0,0,0,0,0,0,0,0,0,0,121,0,0,0,5,0,0,0,0,3642,0,0,0,0,0,0,0,2,23,0,0,0,0,0,0,0,0,0,0,0,0,0,0,0,0,0,0,0,0,0,3,0,0,0,0,0,0,0,0,0,0,0,18,0,0,0,0
SRR7146625,0,0,0,0,0,0,0,0,0,0,0,0,34,0,0,0,2,0,0,0,0,8,0,0,0,0,0,160,2517,0,63,0,0,0,0,0,0,0,0,0,0,0,0,0,0,0,0,0,0,0,0,0,0,0,0,0,112,0,0,0,52,0,0,0,21,0,0,0,0,0,2,0,17,0,27,0,66,0,0,0,0,0,0,0,0,0,0,0,0,0,0,0,0,0,0,0,0,0,0,0,0,0,0,0,0,0,0,0,1,0,39,0,0,0,0,767,0,0,0,0,0,2,4,0,72,0,0,0,0,0,0,0,0,0,0,0,0,0,0,0,0,0,0,0,0,0,0,0,0,0,0,0,0,0,0,0,0,45,0,0,0,0,492,0,0,0,0,0,0,0,3,431,0,0,0,0,0,0,0,0,0,0,0,0,0,0,0,0,0,0,8,0,2,0,0,0,0,0,0,0,0,0,0,0,0,51,0,0,0,0
SRR7146626,0,0,0,0,0,0,0,0,0,0,0,0,0,0,0,0,0,0,0,0,0,25,0,0,0,0,0,0,49,0,191,0,0,0,0,0,0,0,0,0,0,0,0,0,0,0,0,0,0,0,0,0,0,0,0,0,212,0,0,0,241,0,0,0,15,0,0,0,0,0,3,0,0,0,0,0,32,0,0,0,0,0,0,0,0,0,0,0,0,0,0,0,0,0,0,0,0,0,0,0,0,0,0,0,0,0,0,0,0,0,1,0,0,54,0,1155,0,0,0,0,0,0,0,0,880,0,0,0,0,0,0,0,0,0,0,0,0,0,0,0,0,5,0,0,0,0,0,0,0,0,0,0,0,67,0,0,0,28,0,0,0,0,1979,0,0,0,0,0,0,0,16,21,0,0,0,0,0,0,0,0,0,0,0,0,0,0,0,0,0,0,0,0,0,5,0,0,0,0,0,0,0,0,0,0,0,15,0,0,0,0
SRR7146627,0,0,0,0,0,0,0,0,0,0,0,0,0,0,0,0,23,0,0,0,0,188,0,0,0,0,0,0,120,0,4,0,0,0,0,0,0,0,0,0,0,0,0,0,0,0,0,0,0,0,0,0,0,0,0,0,3330,0,0,0,0,0,0,0,29,0,0,0,30,0,15,0,0,0,0,0,0,0,0,0,0,0,0,0,0,0,0,0,0,0,0,0,0,0,0,0,0,0,0,0,0,0,0,0,0,0,0,0,25,0,0,0,0,0,0,289,0,0,0,0,0,3,0,0,30,0,0,0,0,0,0,0,0,0,0,0,0,0,0,0,0,2,0,0,0,0,0,0,0,0,0,0,0,18,0,33,0,0,0,0,0,0,348,0,0,0,0,0,0,0,231,0,0,0,0,0,0,0,0,0,0,0,0,0,0,0,0,0,0,0,85,0,0,30,14,0,0,0,0,0,0,0,0,0,0,0,24,0,0,0
SRR7146628,0,0,0,0,0,0,0,0,0,0,0,0,30,0,0,0,17,0,0,0,0,2,0,0,0,0,0,3,1094,0,0,0,0,0,0,0,0,0,0,0,0,0,0,0,0,0,0,0,0,0,0,0,0,0,0,0,26,0,0,0,645,0,0,0,125,0,0,0,0,0,1,0,0,0,231,1,85,0,0,0,0,0,0,0,0,0,0,0,0,0,0,0,0,0,0,0,0,0,0,0,0,0,0,0,0,0,0,0,0,0,202,0,0,283,0,694,0,0,0,0,0,0,5,0,171,0,0,0,0,0,0,0,0,0,17,0,0,0,0,0,0,0,0,0,0,0,0,0,0,0,0,0,0,254,0,0,0,8,0,0,0,0,612,0,2,0,0,0,0,0,3,425,0,0,0,0,0,0,0,0,0,0,0,0,0,0,0,0,0,0,0,0,0,0,0,0,0,0,0,0,0,0,0,0,0,64,0,0,0,0
SRR7146629,0,0,0,0,0,0,0,0,0,0,0,0,0,0,0,0,3,0,0,0,0,2,0,0,0,0,0,417,4129,0,0,0,0,0,1,0,0,0,0,0,0,0,0,0,0,0,0,0,0,2,0,0,0,0,0,4,40,0,0,27,6,0,1,2,0,0,0,0,0,0,1,0,0,0,0,0,0,0,0,0,0,0,0,0,0,0,0,0,0,0,0,0,0,0,0,0,0,0,0,0,0,0,0,0,0,0,0,0,0,14,257,0,0,6,0,0,0,0,0,0,0,0,0,0,16,0,0,0,1,0,4,0,0,0,0,0,0,0,11,0,0,0,0,0,0,0,0,0,0,0,0,0,0,0,0,0,0,0,2,0,0,0,29,0,6,0,0,0,0,0,1,0,0,0,0,0,0,0,0,0,0,0,0,0,0,0,0,0,0,0,0,0,7,6,0,0,0,0,5,0,0,0,0,0,0,0,0,0,0,0
SRR7146630,0,0,0,0,0,0,0,0,0,0,0,0,0,0,38,0,6,0,0,0,0,0,0,0,0,0,0,0,3028,0,0,0,0,0,0,0,0,0,0,0,0,0,0,0,0,0,0,0,0,0,0,0,0,0,0,0,2,0,0,0,92,0,0,0,0,0,0,0,0,0,0,0,0,0,20,0,0,0,0,0,0,0,0,0,0,0,0,0,0,0,0,0,0,0,0,0,0,0,0,0,0,0,0,0,0,0,0,0,0,0,96,0,0,135,0,0,8,0,0,0,0,0,0,0,945,0,0,0,0,0,0,0,0,0,0,0,0,0,0,0,0,0,0,0,0,0,0,0,0,0,0,0,0,0,0,0,0,0,0,0,0,0,206,0,1,0,0,0,0,0,0,421,0,0,0,0,0,0,0,0,0,0,0,0,0,0,0,0,0,0,0,0,0,0,0,0,0,0,0,0,0,0,0,0,0,0,2,0,0,0
SRR7146631,0,0,0,0,0,0,0,0,0,0,0,0,0,0,0,0,282,0,0,0,0,22,0,0,0,0,0,0,1586,0,90,0,0,0,0,0,0,0,0,0,0,0,0,0,0,0,0,0,22,0,0,0,0,0,0,3,766,0,0,0,0,0,0,9,54,0,0,0,0,0,10,0,61,0,0,0,620,0,0,0,0,0,0,0,0,0,0,0,0,0,0,0,0,0,0,0,0,0,0,0,0,0,0,0,0,0,0,0,13,77,229,0,0,5,0,0,0,0,0,0,0,4,570,0,317,0,0,0,0,0,0,0,0,0,29,0,0,0,0,0,0,0,0,0,0,0,0,0,0,0,0,0,0,0,0,6,0,0,0,0,0,0,0,0,1,0,0,0,0,0,50,14,0,0,0,0,0,0,0,0,0,0,0,0,0,0,0,0,0,0,22,0,9,68,0,0,0,0,3,0,0,0,0,15,0,11,0,0,0,0
SRR7146632,0,0,0,0,0,0,0,0,0,0,0,0,0,0,115,0,110,0,0,0,0,10,0,0,0,0,0,44,1553,0,0,0,13,0,661,0,0,5,0,0,0,0,0,0,0,0,0,0,0,0,0,0,0,0,0,0,60,0,0,0,912,0,0,0,0,0,0,0,0,0,0,0,518,0,0,0,0,0,0,0,0,0,0,0,0,0,0,0,0,0,0,0,0,0,0,0,0,0,0,0,0,0,0,0,0,0,0,0,0,0,223,0,0,7,0,11,0,0,0,0,0,6,0,0,68,0,0,0,0,0,24,0,0,0,0,0,0,0,422,0,0,0,0,0,0,0,0,0,0,0,0,0,0,22,0,0,0,0,2,0,0,0,84,0,0,0,0,0,0,0,8,0,0,0,0,0,0,0,0,0,0,0,0,0,0,0,0,0,0,0,0,0,112,0,10,0,0,0,0,0,0,0,0,0,0,0,0,0,0,0
SRR7146633,0,0,0,0,0,0,0,0,0,0,0,0,0,0,0,0,22,0,0,0,0,5,0,0,0,0,0,6,904,0,0,0,0,0,3,0,0,0,0,0,0,0,0,0,0,0,0,0,0,0,0,0,0,0,0,0,85,0,0,0,257,0,0,0,0,0,1,0,55,0,0,0,0,1544,0,0,0,0,0,0,0,0,0,0,0,0,0,0,0,0,0,0,0,0,0,0,0,0,0,0,0,0,0,0,0,0,0,0,0,0,64,0,0,1254,0,0,0,0,0,0,0,0,41,0,4,0,0,0,0,0,0,0,0,0,0,0,0,0,40,0,0,0,0,0,6,0,0,0,0,0,0,0,0,9,0,0,3,2,0,0,0,0,32,4,0,0,0,0,0,0,0,550,0,0,0,0,0,0,12,0,0,0,0,0,0,0,0,0,0,0,0,0,18,0,0,0,0,0,0,0,0,0,0,0,0,13,66,0,0,0
SRR7146635,0,0,0,0,0,0,0,0,0,0,0,0,0,0,7,0,17,0,0,0,0,14,0,0,0,0,0,107,2330,0,0,0,0,0,0,0,0,0,0,0,0,0,0,0,0,0,0,0,0,0,0,0,0,0,0,0,139,0,0,0,19,0,10,0,3,0,0,0,65,0,0,0,0,133,0,6,43,0,0,0,0,0,0,0,0,0,0,0,0,0,0,0,0,0,0,0,0,0,0,0,0,0,0,0,0,0,0,0,0,0,201,0,0,125,0,0,260,0,0,0,0,0,24,0,15,0,0,0,0,0,0,0,0,0,0,0,0,0,0,0,0,0,0,0,0,0,0,0,0,0,0,0,0,21,0,0,0,16,4,0,0,0,89,99,0,0,0,0,0,0,13,33,0,0,0,0,0,0,323,0,0,0,0,0,0,0,0,0,0,0,0,0,21,7,324,0,0,0,0,0,0,0,0,0,0,0,532,0,0,0
SRR7146636,0,0,0,0,0,0,0,0,0,0,0,0,0,0,8,0,40,0,0,0,0,0,0,0,0,0,0,0,395,0,0,0,0,0,0,0,0,0,0,0,0,0,0,0,0,0,0,0,0,0,0,0,0,0,0,0,11,0,0,0,216,0,0,0,0,0,12,0,5,0,0,0,5,0,40,14,0,0,0,0,0,0,0,0,0,0,0,0,0,0,0,0,0,0,0,0,0,0,0,0,0,0,0,0,0,0,0,0,0,0,76,0,0,54,0,261,0,0,0,0,0,4,0,0,1222,0,0,0,0,0,3,0,0,0,8,0,0,0,0,0,0,0,0,0,0,0,0,0,0,0,0,0,0,424,0,0,0,24,8,0,3,0,249,8,12,0,0,0,0,0,0,1843,0,0,0,0,0,0,0,0,0,0,0,0,0,0,0,0,0,0,0,0,13,0,10,0,0,0,0,0,0,0,0,0,0,9,23,0,0,0
SRR7146637,0,0,0,0,0,0,0,0,0,0,0,0,0,0,0,0,28,0,0,0,0,44,0,0,0,0,0,16,1474,0,0,0,0,0,7,0,0,0,5,0,0,0,0,0,0,0,0,0,0,0,0,0,0,0,0,0,363,0,0,0,280,0,12,8,7,0,0,0,45,0,0,0,13,64,0,0,0,0,0,0,0,0,0,0,0,0,0,0,0,0,0,0,0,0,0,0,0,0,0,0,0,0,0,0,0,0,0,0,0,9,1064,0,0,346,0,49,0,0,0,0,0,0,4,0,9,0,0,0,3,0,0,0,0,0,0,0,0,0,4,0,0,2,0,0,0,0,0,0,2,0,0,0,0,0,0,0,0,0,0,0,0,0,531,21,0,0,0,0,0,0,31,129,0,0,0,0,0,0,29,0,0,0,0,0,0,0,0,0,0,0,7,0,29,20,64,0,0,0,0,0,0,0,0,0,0,7,248,0,0,0
SRR7146638,0,0,0,0,0,0,0,0,0,0,0,0,0,0,0,0,32,0,0,0,0,5,0,0,0,0,0,0,1665,0,41,0,0,0,14,0,0,0,0,0,0,0,0,0,0,0,0,0,0,0,0,0,0,0,0,0,92,0,0,0,720,0,21,3,0,0,1,0,57,0,0,0,92,20,0,0,0,0,0,0,0,0,0,0,0,0,0,0,0,0,0,0,0,0,0,0,0,0,0,0,0,0,0,0,0,0,0,0,0,0,80,0,0,1052,0,0,0,0,0,0,0,0,310,0,4,0,0,0,0,0,0,0,0,0,0,0,0,0,0,0,0,0,0,0,5,0,0,0,0,0,0,0,2,8,0,0,0,0,0,0,3,0,41,0,0,0,0,0,0,0,7,484,0,0,0,0,0,0,15,0,0,0,0,0,0,0,0,0,0,0,0,0,20,0,63,0,0,0,0,0,0,0,0,3,0,24,116,0,0,0
SRR7146639,0,0,0,0,0,0,0,0,0,0,0,0,0,0,0,0,348,0,0,0,0,6,0,0,0,0,0,35,3315,0,0,0,25,0,0,0,0,0,11,0,0,0,0,0,0,0,0,0,6,0,0,0,0,0,0,0,44,0,19,1,33,0,3,120,0,0,44,0,0,0,0,0,6,0,8,0,0,0,0,0,0,0,0,0,0,0,0,0,0,0,0,0,0,0,0,0,0,0,0,0,0,0,0,0,0,0,0,0,0,13,358,0,0,7,0,0,0,0,0,0,0,0,0,0,6,0,0,0,2,0,0,0,0,0,0,0,0,0,464,0,0,0,0,0,0,0,0,0,0,0,0,0,5,0,0,0,0,0,0,0,27,0,4,0,39,0,0,0,0,0,7,26,0,0,0,0,0,0,0,0,0,0,0,0,0,0,0,0,0,0,0,0,5,0,7,0,0,0,0,0,0,0,0,0,0,2,4,0,0,0
SRR7146640,0,0,0,0,0,0,0,0,0,0,0,0,14,0,0,0,0,0,0,0,0,3,0,0,0,0,0,32,3002,0,0,0,0,0,20,0,0,0,0,0,0,0,0,0,0,0,0,0,0,0,0,0,0,0,0,0,165,0,0,35,492,0,0,0,0,0,0,0,23,0,0,0,15,37,0,0,0,0,0,0,0,0,0,0,0,0,0,0,0,0,0,0,0,0,0,0,0,0,0,0,0,0,0,0,0,0,0,0,0,0,20,0,0,20,0,0,3,0,0,0,0,0,22,0,12,0,0,0,0,0,0,0,0,0,0,0,0,0,0,0,0,0,0,0,0,0,0,0,0,0,0,0,0,4,0,0,0,0,0,0,0,0,52,54,0,0,0,0,0,0,12,64,0,0,0,0,0,0,120,0,0,0,0,0,0,0,0,0,0,0,3,0,12,10,191,0,0,0,0,0,0,0,0,0,0,0,563,0,0,0
SRR7146641,0,0,0,0,0,0,0,0,0,0,0,0,0,0,0,0,0,0,0,0,0,13,0,0,0,0,0,0,29,0,6,0,0,0,0,0,0,0,0,0,0,0,0,0,0,0,0,0,0,0,0,0,0,0,0,0,105,0,0,0,0,0,93,0,13,0,0,0,46,0,0,0,70,25,0,9,49,0,0,0,0,0,0,0,0,0,0,0,0,0,0,0,0,0,0,0,0,0,0,0,0,0,0,0,0,0,0,0,0,0,628,0,0,0,0,2587,0,0,0,0,0,12,0,0,78,0,0,0,0,0,0,0,0,0,0,0,0,0,0,0,0,12,0,0,0,0,0,0,0,0,0,0,0,0,0,0,0,15,0,0,0,0,27,236,0,0,0,0,0,0,50,0,0,0,0,0,0,0,119,0,0,0,0,0,0,0,0,0,0,0,0,0,0,7,267,0,0,0,0,0,4,0,0,0,0,0,500,0,0,0
SRR7146642,0,0,0,0,0,0,0,0,0,0,0,0,0,0,0,0,0,0,0,0,0,0,0,0,0,0,0,41,206,0,0,0,0,0,0,0,0,0,0,0,0,0,0,0,0,0,0,0,0,0,0,0,0,0,0,0,35,0,0,0,7,0,0,0,291,0,0,0,0,0,0,0,0,0,1784,0,354,0,0,0,0,0,0,0,0,0,0,0,0,0,0,0,0,0,0,0,0,0,0,0,0,0,0,0,0,0,0,0,0,0,5,0,0,0,0,0,634,0,0,0,0,0,29,0,74,0,0,0,2,0,0,0,0,0,0,0,0,0,0,0,0,0,0,0,0,0,0,0,0,0,0,0,0,766,0,0,0,54,0,0,0,0,0,0,0,0,0,0,0,0,0,696,0,0,0,0,0,0,0,0,0,0,0,0,0,0,0,0,0,0,0,0,0,0,0,0,0,0,0,0,0,0,0,0,0,22,0,0,0,0
SRR7146643,0,0,0,0,0,0,0,0,0,0,0,0,0,0,0,0,23,0,0,0,0,2,0,0,0,0,0,86,812,0,0,0,0,0,0,0,0,0,0,0,0,0,0,0,0,0,0,0,0,0,0,0,0,0,0,0,3,0,0,0,327,0,0,0,0,0,0,0,112,0,0,0,0,5,0,0,9,0,0,0,0,0,0,0,0,0,0,0,0,0,0,0,0,0,0,0,0,0,0,0,0,0,0,0,0,0,0,0,0,0,192,0,0,3,0,0,0,0,0,0,0,0,1422,0,57,0,0,0,0,0,0,0,0,0,0,0,0,0,0,0,0,0,0,0,0,0,0,0,0,0,0,0,0,232,0,0,0,6,0,0,0,0,393,13,0,0,0,0,0,0,4,1242,0,0,0,0,0,0,0,0,0,0,0,0,0,0,0,0,0,0,0,0,0,0,12,0,0,0,0,0,0,0,0,0,0,0,45,0,0,0
SRR7146644,0,0,0,0,0,0,0,0,0,0,0,0,0,0,0,0,49,0,0,0,0,11,0,0,0,0,0,4,417,0,14,0,0,0,0,0,0,0,0,0,0,0,0,0,0,0,0,0,0,0,0,0,0,0,0,0,219,0,0,0,65,0,0,0,0,0,107,0,1,0,6,0,7,0,38,0,9,0,0,0,0,0,0,0,0,0,0,0,0,0,0,0,0,0,0,0,0,0,0,0,0,0,0,0,0,0,0,0,1,0,7,0,0,0,0,0,48,0,0,0,0,4,8,0,112,0,0,0,0,0,0,0,0,0,0,0,0,0,0,0,0,1,0,0,0,0,0,0,0,0,0,0,0,2,0,0,0,8,0,0,0,0,1181,0,0,0,0,0,0,0,11,2624,0,0,0,0,0,0,0,0,0,0,0,0,0,0,0,0,0,0,3,0,24,0,0,0,0,0,0,0,3,0,0,0,0,11,0,0,0,0
SRR7146645,0,0,0,0,0,0,0,0,0,0,0,0,0,0,0,0,0,0,0,0,0,0,0,0,0,0,0,0,139,0,0,0,0,0,0,0,0,0,0,0,0,0,0,0,0,0,0,0,0,0,0,0,0,0,0,0,51,0,0,0,0,0,14,0,0,0,0,0,231,0,0,0,233,471,0,0,0,0,0,0,0,0,0,0,0,0,0,0,0,0,0,0,0,0,0,0,0,0,0,0,0,0,0,0,0,0,0,0,0,0,677,0,0,39,0,12,0,0,0,0,0,0,66,0,60,0,0,0,0,0,0,0,0,0,0,0,0,0,0,0,0,0,0,0,0,0,0,0,0,0,0,0,0,0,0,0,0,0,0,0,0,0,148,661,0,0,0,0,0,0,45,0,0,0,0,0,0,0,140,0,0,0,75,0,0,0,0,0,0,0,12,0,0,104,554,0,0,0,0,0,0,0,0,0,0,22,1246,0,0,0
SRR7146646,0,0,0,0,0,0,0,0,0,0,0,0,0,0,0,0,1614,0,0,0,0,4,0,0,0,0,0,0,389,0,0,0,0,0,0,0,0,0,0,0,0,0,0,0,0,0,0,0,10,0,0,0,0,0,0,23,30,0,0,0,2496,0,0,12,0,0,0,0,0,0,0,0,0,0,4,0,0,0,0,0,0,0,0,0,0,0,0,0,0,0,0,0,0,0,0,0,0,0,0,0,0,0,0,0,0,0,0,0,0,36,11,0,0,0,0,0,0,0,0,0,0,0,0,0,12,0,0,0,13,0,4,0,0,0,0,0,0,0,210,0,0,0,0,0,0,0,0,0,0,0,0,0,34,0,0,0,0,0,0,0,31,0,0,0,19,0,0,0,0,0,0,13,0,0,0,0,0,0,0,0,0,0,0,0,0,0,0,0,0,0,4,0,0,0,0,0,0,0,0,0,0,0,0,31,0,0,0,0,0,0
SRR7146648,0,0,0,0,0,0,0,0,0,0,0,0,0,0,9,0,1,0,0,0,0,24,0,0,0,0,0,0,2733,0,0,0,0,0,0,0,0,0,0,0,0,0,0,0,0,0,0,0,0,0,0,0,0,0,0,0,133,0,0,0,82,0,0,0,0,0,0,0,0,0,4,0,15,8,1,0,0,0,0,0,0,0,0,0,0,0,0,0,0,0,0,0,0,0,0,0,0,0,0,0,0,0,0,0,0,0,0,0,8,0,98,0,0,236,0,2,0,0,0,0,0,2,6,0,886,0,0,0,0,0,0,0,0,0,0,0,0,0,0,0,0,0,0,0,0,0,0,0,0,0,0,0,0,0,0,0,0,0,0,0,0,0,245,26,0,0,0,0,0,0,10,134,0,0,0,0,0,0,15,0,0,0,0,0,0,0,0,0,0,0,9,0,0,6,96,0,0,0,0,0,0,0,0,0,0,0,205,0,0,0
SRR7146649,0,0,0,0,0,0,0,0,0,0,0,0,0,0,0,0,145,0,0,0,0,14,0,0,0,0,0,0,6,0,0,0,0,0,0,0,0,0,0,0,0,0,0,0,0,0,0,0,0,0,0,0,0,0,0,0,118,0,0,0,0,0,7,1,0,0,10,0,46,0,0,0,145,13,0,0,0,0,0,0,0,0,0,0,0,0,0,0,0,0,0,0,0,0,0,0,0,0,0,0,0,0,0,0,0,0,0,0,1,0,3741,0,0,2,0,0,0,0,0,0,0,56,0,0,4,0,0,0,0,0,0,0,0,0,0,0,0,0,0,0,0,18,0,0,5,0,0,0,0,0,0,0,0,0,0,0,0,0,0,0,0,0,9,31,0,0,0,0,0,0,16,0,0,0,0,0,0,0,74,0,0,0,6,0,0,0,0,0,0,0,6,0,54,12,206,0,0,0,0,0,12,0,0,0,0,0,242,0,0,0
SRR7146650,0,0,0,0,0,0,0,0,0,0,0,0,0,0,0,0,0,0,0,0,0,6,0,0,0,0,0,0,52,0,0,0,0,0,4,0,0,0,0,0,0,0,0,0,0,0,0,0,0,5,0,0,0,0,0,0,87,0,70,0,0,0,9,11,0,0,0,0,101,0,0,0,21,51,0,0,0,0,0,0,0,0,0,0,0,0,0,0,0,0,0,0,0,0,0,0,0,0,0,0,0,0,0,0,0,0,0,0,0,252,210,0,0,6,0,0,0,0,0,0,0,1,0,0,0,0,0,0,0,0,2,0,0,0,0,0,0,0,5,0,0,0,0,0,0,0,0,0,0,0,0,0,0,0,0,0,58,0,0,0,0,0,44,2,2,0,0,0,0,0,6,3,0,0,0,0,0,0,36,0,0,0,2,0,0,0,0,0,0,0,0,0,14,9,236,0,0,0,3325,0,0,0,0,9,0,0,361,0,0,0
SRR7146651,0,0,0,0,0,0,0,0,0,0,0,0,0,0,0,0,2,0,0,0,0,3,0,0,0,0,0,1000,3190,0,3,0,0,0,0,0,0,0,0,0,0,0,0,0,0,0,0,0,0,0,0,0,0,0,0,0,80,0,0,0,216,0,0,0,12,0,0,0,0,0,3,0,9,0,0,13,25,0,0,0,0,0,0,0,0,0,0,0,0,0,0,0,0,0,0,0,0,0,0,0,0,0,0,0,0,0,0,0,0,0,118,0,0,0,0,80,0,0,0,0,0,0,0,0,12,0,0,0,0,0,0,0,0,0,0,0,0,0,0,0,0,0,0,0,0,0,0,0,0,0,0,0,0,0,0,0,0,2,0,0,0,0,37,0,0,0,0,0,0,0,1,182,0,0,0,0,0,0,0,0,0,0,0,0,0,0,0,0,0,0,1,0,0,3,4,0,0,0,0,0,0,0,0,0,0,3,0,0,0,0
SRR7146653,0,0,0,0,0,0,0,0,0,0,0,0,0,0,0,0,45,0,0,0,0,4,0,0,0,0,0,135,3577,0,103,0,31,0,0,0,0,28,0,0,0,0,0,0,0,0,0,0,8,0,0,0,0,0,0,0,84,0,0,0,8,0,0,263,5,0,0,0,0,0,0,0,27,0,0,0,21,0,0,0,0,0,0,0,0,0,0,0,0,0,0,0,0,0,0,0,0,0,0,0,0,0,0,0,0,0,0,0,0,3,141,0,0,54,0,110,0,0,0,0,0,0,0,0,12,0,0,0,11,0,0,0,0,0,0,0,0,0,122,0,0,0,0,0,0,0,0,0,0,0,0,0,0,48,0,0,0,9,0,0,6,0,5,0,0,0,0,0,0,0,0,110,0,0,0,0,0,0,0,0,0,0,0,0,0,0,0,0,0,0,1,0,0,2,5,0,0,0,17,0,0,0,0,0,0,5,0,0,0,0
SRR7146654,0,0,0,0,0,0,0,0,0,0,0,0,0,0,0,0,0,0,0,0,0,0,0,0,0,0,0,10,1411,0,0,0,0,0,0,0,0,0,0,0,0,0,0,0,0,0,0,0,0,0,0,0,0,0,0,0,25,0,0,0,14,0,6,0,7,0,0,0,54,0,0,0,18,0,0,11,4,0,0,0,0,0,0,0,0,0,0,0,0,0,0,0,0,0,0,0,0,0,0,0,0,0,0,0,0,0,0,0,0,0,59,0,0,39,0,0,90,0,0,0,0,0,6,0,7,0,0,0,0,0,0,0,0,0,1,0,0,0,0,0,0,0,0,0,2,0,0,0,0,0,0,0,0,2,0,1,0,30,0,0,0,0,29,39,0,0,0,0,0,0,2,2885,0,0,0,0,0,0,17,0,0,0,4,0,0,0,0,0,0,0,0,0,4,2,70,0,0,0,0,0,0,0,0,0,0,1,150,0,0,0
SRR7146655,0,0,0,0,0,0,0,0,0,0,0,0,44,0,0,0,0,0,0,0,0,14,0,0,0,0,0,0,258,0,0,0,0,0,0,0,0,14,0,0,0,0,0,0,0,0,0,0,0,0,0,0,0,0,0,0,362,0,0,0,0,0,110,0,0,0,0,0,199,0,4,0,136,92,0,0,0,0,0,0,0,0,0,0,0,0,0,0,0,0,0,0,0,0,0,0,0,0,0,0,0,0,0,0,0,0,0,0,0,0,34,0,0,0,0,0,0,0,0,0,0,39,0,0,0,0,0,0,0,0,0,0,0,0,0,0,0,0,0,0,0,0,0,0,2,0,0,0,9,0,0,0,0,0,0,0,0,0,0,0,0,0,98,863,0,0,0,0,0,0,4,23,0,0,0,0,0,0,281,0,0,0,0,0,0,0,0,0,0,0,15,0,0,0,1208,0,0,0,0,0,0,0,0,0,0,0,1191,0,0,0
SRR7146656,0,0,0,0,0,0,0,0,0,0,0,0,0,0,0,0,5,0,0,0,0,0,0,0,0,0,0,12,2344,0,24,0,0,0,0,0,0,259,0,0,0,0,0,0,0,0,0,0,0,0,0,0,0,45,0,0,7,0,0,0,42,0,13,3,0,0,0,0,19,0,0,0,777,15,0,0,0,0,0,0,0,0,0,0,0,0,0,0,0,0,0,0,0,0,0,0,0,0,0,0,0,0,0,0,0,0,0,0,0,0,467,0,0,178,0,104,0,0,0,0,0,0,15,0,29,0,0,0,0,0,0,0,0,0,0,0,0,0,0,0,0,0,0,0,0,0,0,0,141,0,0,0,0,12,0,0,0,0,0,0,0,0,294,12,0,0,0,0,0,0,0,15,0,0,0,0,0,0,41,0,0,0,1,0,0,0,0,0,0,0,0,0,0,0,58,0,0,0,0,0,0,0,0,0,0,4,64,0,0,0
SRR7146657,0,0,0,0,0,0,0,0,0,0,0,0,90,0,0,0,3,0,0,0,0,7,0,0,0,0,0,0,217,0,0,0,0,0,1,0,0,0,0,0,0,0,0,0,0,0,0,0,0,0,0,0,0,0,0,0,38,0,0,0,0,0,0,0,29,0,0,0,0,0,4,0,0,0,0,10,0,0,0,0,0,0,0,0,0,0,0,0,0,0,0,0,0,0,0,0,0,0,0,0,0,0,0,0,0,0,0,0,0,3,2133,0,0,24,0,1138,0,0,0,0,0,4,3,0,151,0,0,0,0,0,1,0,0,0,43,0,0,0,0,0,0,2,0,0,0,0,0,0,0,0,0,0,0,128,0,0,0,51,0,0,0,0,0,1,4,0,0,0,0,0,5,884,0,0,0,0,0,0,0,0,0,0,0,0,0,0,0,0,0,0,0,0,3,4,0,0,0,0,6,0,0,0,0,0,0,8,5,0,0,0
SRR7146658,0,0,0,0,0,0,0,0,0,0,0,0,5,0,0,0,0,0,0,0,0,4,0,0,0,0,0,109,2690,0,0,0,0,0,7,0,0,39,0,0,0,0,0,0,0,0,0,0,0,0,0,0,0,12,0,0,89,0,0,0,6,0,0,16,6,0,0,0,0,0,2,0,14,0,0,0,26,0,0,0,0,0,0,0,0,0,0,0,0,0,0,0,0,0,0,0,0,0,0,0,0,0,0,0,0,0,0,0,0,0,39,0,0,109,0,0,0,0,0,0,0,1,188,0,5,0,0,0,0,0,0,0,0,0,0,0,0,0,11,0,0,0,0,0,0,0,0,0,0,0,0,0,0,26,0,0,0,0,0,0,0,0,0,0,0,0,0,0,0,0,2,1294,0,0,0,0,0,0,0,0,0,0,0,0,0,0,0,0,0,0,0,0,4,0,38,0,0,0,0,0,0,0,0,0,0,258,0,0,0,0
SRR7146659,0,0,0,0,0,0,0,0,0,0,0,0,0,0,0,0,7,0,0,0,0,92,0,0,0,0,0,0,2296,0,6,0,0,0,0,0,0,0,0,0,0,0,0,0,0,0,0,0,0,16,0,0,0,0,0,0,686,0,0,0,0,0,50,0,10,0,0,0,195,0,20,0,0,0,0,0,54,0,0,0,0,0,0,0,0,0,0,0,0,0,0,0,0,0,0,0,0,0,0,0,0,0,0,0,0,0,0,0,13,0,87,0,0,733,0,0,9,0,0,0,0,34,0,0,34,0,0,0,0,0,0,0,0,0,0,0,0,0,0,0,0,13,0,0,24,0,0,0,0,0,0,0,0,35,0,0,0,16,0,0,0,0,207,0,0,0,0,0,0,0,47,159,0,0,0,0,0,0,0,0,0,0,0,0,0,0,0,0,0,0,15,0,19,25,0,0,0,0,0,0,9,0,0,0,0,13,64,0,0,0
SRR7146660,0,0,0,0,0,0,0,0,0,0,0,0,0,0,0,0,728,0,0,0,0,19,0,0,0,0,0,37,867,0,0,0,14,0,190,0,0,0,28,0,0,0,0,0,0,0,0,0,0,0,0,0,0,0,0,0,149,0,30,32,129,0,0,143,60,0,17,0,5,0,10,0,0,0,27,0,7,0,0,0,0,0,0,0,0,0,0,0,0,0,0,0,0,0,0,0,0,0,0,0,0,0,0,0,0,0,0,0,6,38,368,0,0,295,0,17,0,0,0,0,0,5,13,0,93,0,0,0,13,0,0,0,0,0,4,0,0,0,0,0,0,0,0,0,0,0,0,0,0,0,0,0,0,0,0,0,38,0,0,0,5,0,194,0,54,0,0,0,0,0,16,1091,0,0,0,0,0,0,0,0,0,0,0,0,0,0,0,0,0,0,13,0,7,7,0,0,0,0,103,0,0,0,0,34,0,94,0,0,0,0
SRR7146661,0,0,0,0,0,0,0,0,0,0,0,0,0,0,0,0,0,0,0,0,0,0,0,0,0,0,0,647,4327,0,0,0,1,0,7,0,0,0,0,0,0,0,0,0,0,0,0,0,0,0,0,0,0,0,0,0,3,0,0,0,0,0,0,0,0,0,0,0,0,0,0,0,0,0,0,0,0,0,0,0,0,0,0,0,0,0,0,0,0,0,0,0,0,0,0,0,0,0,0,0,0,0,0,0,0,0,0,0,0,0,10,0,0,0,0,0,0,0,0,0,0,0,0,0,0,0,0,0,0,0,0,0,0,0,0,0,0,0,0,0,0,0,0,0,0,0,0,0,0,0,0,0,0,0,0,0,0,0,0,0,0,0,0,0,0,0,0,0,0,0,0,0,0,0,0,0,0,0,0,0,0,0,0,0,0,0,0,0,0,0,0,0,0,0,1,0,0,0,0,0,0,0,0,0,0,2,2,0,0,0
SRR7146662,0,0,0,0,0,0,0,0,0,0,0,0,16,0,0,0,11,0,0,0,0,0,0,0,0,0,0,24,3419,0,0,0,0,0,0,0,0,0,0,0,0,0,0,0,0,0,0,0,0,0,0,0,0,0,0,48,34,0,0,0,472,0,0,148,5,0,8,0,0,0,0,0,33,19,7,0,0,0,0,0,0,0,0,0,0,0,0,0,0,0,0,0,0,0,0,0,0,0,0,0,0,0,0,0,0,0,0,0,0,21,40,0,0,68,0,0,0,0,0,0,0,0,9,0,7,0,0,0,7,0,0,0,0,0,0,0,0,0,2,0,0,0,0,0,0,0,0,0,0,0,0,0,0,8,0,0,0,10,0,0,0,0,10,7,0,0,0,0,0,0,0,122,0,0,0,0,0,0,67,0,0,0,1,0,0,0,0,0,0,0,0,0,7,0,111,0,0,0,0,0,0,0,0,122,0,0,137,0,0,0
SRR7146663,0,0,0,0,0,0,0,0,0,0,0,0,0,0,0,0,2,0,0,0,0,0,0,0,0,0,0,9,155,0,0,0,0,0,0,0,0,0,0,0,0,0,0,0,0,0,0,0,0,0,0,0,0,0,0,0,0,0,0,0,4713,0,0,0,0,0,0,0,0,0,0,0,0,0,0,0,0,0,0,0,0,0,0,0,0,0,0,0,0,0,0,0,0,0,0,0,0,0,0,0,0,0,0,0,0,0,0,0,0,7,2,0,0,33,0,0,0,0,0,0,0,0,5,0,0,0,0,0,0,0,0,0,0,0,0,0,0,0,3,0,0,0,0,0,0,0,0,0,0,0,0,0,0,0,0,0,0,0,0,0,0,0,0,0,5,0,0,0,0,0,0,62,0,0,0,0,0,0,0,0,0,0,0,0,0,0,0,0,0,0,0,0,0,0,0,0,0,0,0,0,0,0,0,1,0,0,3,0,0,0
SRR7146665,0,0,0,0,0,0,0,0,0,0,0,0,0,0,0,0,68,0,0,0,0,10,0,0,0,0,0,0,37,0,32,0,0,0,0,0,0,0,0,0,0,0,0,0,0,0,0,0,0,0,0,0,0,0,0,0,172,0,0,0,0,0,2,0,12,0,0,0,0,0,2,0,0,0,0,3,115,0,0,0,0,0,0,0,0,0,0,0,0,0,0,0,0,0,0,0,0,0,0,0,0,0,0,0,0,0,0,0,0,0,14,0,0,0,0,1014,0,0,2,0,0,2,5,0,305,0,0,0,0,0,0,0,0,0,43,0,0,0,0,0,0,0,0,0,0,0,0,0,9,0,0,0,0,628,0,0,0,0,0,0,0,0,2087,0,0,0,0,0,0,0,0,348,0,0,0,0,0,0,0,0,0,0,0,0,0,0,0,0,0,0,2,0,0,3,0,0,0,0,2,0,0,0,0,0,0,73,10,0,0,0
SRR7146666,0,0,0,0,0,0,0,0,0,0,0,0,0,0,0,0,0,0,0,0,0,0,0,0,0,0,0,0,66,0,0,0,0,0,0,0,0,0,0,0,0,0,0,0,0,0,0,0,0,0,0,0,0,0,0,0,23,0,0,0,22,0,0,0,0,0,0,0,4742,0,0,0,0,0,0,0,0,0,0,0,0,0,0,0,0,0,0,0,0,0,0,0,0,0,0,0,0,0,0,0,0,0,0,0,0,0,0,0,0,0,0,0,0,0,0,0,0,0,0,0,0,0,0,0,0,0,0,0,0,0,0,0,0,0,0,0,0,0,0,0,0,0,0,0,0,0,0,0,0,0,0,0,0,0,0,0,0,0,0,0,0,0,5,0,0,0,0,0,0,0,0,0,0,0,0,0,0,0,0,0,0,0,0,0,0,0,0,0,0,0,0,0,36,2,59,0,0,0,0,0,0,0,0,0,0,0,45,0,0,0
SRR7146667,0,0,0,0,0,0,0,0,0,0,0,0,0,0,0,0,6,0,0,0,0,32,0,0,0,0,0,0,82,0,0,0,0,0,0,0,0,0,0,0,0,0,0,0,0,0,0,0,0,0,0,0,0,0,0,0,239,0,0,0,19,0,22,0,0,0,0,0,973,0,0,0,59,43,0,0,0,0,0,0,0,0,0,0,0,0,0,0,0,0,0,0,0,0,0,0,0,0,0,0,0,0,0,0,0,0,0,0,0,0,9,0,0,27,0,0,0,0,0,0,0,7,0,0,19,0,0,0,0,0,2,0,0,0,0,0,0,0,0,0,0,6,0,0,0,0,0,0,0,0,0,0,0,0,0,0,0,0,0,0,0,0,13,319,0,0,0,0,0,0,98,54,0,0,0,0,0,0,88,0,0,0,17,0,0,0,0,0,0,0,0,0,1510,7,255,0,0,0,0,0,0,0,0,0,0,0,1094,0,0,0
SRR7146668,0,0,0,0,0,0,0,0,0,0,0,0,0,0,0,0,0,0,0,0,0,0,0,0,0,0,0,0,0,0,0,0,0,0,0,0,0,0,0,0,0,0,0,0,0,0,0,0,0,0,0,0,0,0,0,0,118,0,0,0,0,0,26,0,0,0,0,0,561,0,0,0,287,67,0,0,0,0,0,0,0,0,0,0,0,0,0,0,0,0,0,0,0,0,0,0,0,0,0,0,0,0,0,0,0,0,0,0,0,0,0,0,0,0,0,0,0,0,0,0,0,0,0,0,30,0,0,0,0,0,0,0,0,0,0,0,0,0,0,0,0,0,0,0,27,0,0,0,0,0,0,0,0,0,0,0,0,0,0,0,0,0,57,439,0,0,0,0,0,0,15,0,0,0,0,0,0,0,482,0,0,0,64,0,0,0,0,0,0,0,0,0,27,0,767,0,0,0,0,0,0,0,0,0,0,0,2033,0,0,0
SRR7146671,0,0,0,0,0,0,0,0,0,0,0,0,0,0,0,0,0,0,0,0,0,42,0,0,0,0,0,0,90,0,0,0,0,0,0,0,0,0,0,0,0,0,0,0,0,0,0,0,0,0,0,0,0,0,0,0,341,0,0,0,39,0,68,0,0,0,0,0,378,0,0,0,97,696,0,0,0,0,0,0,0,0,0,0,0,0,0,0,0,0,0,0,0,0,0,0,0,0,0,0,0,0,0,0,0,0,0,0,0,0,5,0,0,78,0,61,0,0,0,0,0,0,0,0,33,0,0,0,0,0,0,0,0,0,0,0,0,0,0,0,0,16,0,0,0,0,0,0,0,0,0,0,0,39,0,0,0,0,0,0,0,0,159,381,0,0,0,0,0,0,0,0,0,0,0,0,0,0,583,0,0,0,28,0,0,0,0,0,0,0,0,0,44,14,576,0,0,0,0,0,0,0,0,0,0,0,1232,0,0,0
SRR7146672,0,0,0,0,0,0,0,0,0,0,0,0,0,0,0,0,0,0,0,0,0,22,0,0,0,0,0,0,733,0,0,0,0,0,7,0,0,0,0,0,0,0,0,0,0,0,0,0,0,0,0,0,0,0,0,0,247,0,0,0,0,0,0,0,150,0,0,0,0,0,0,0,0,0,709,0,0,0,0,0,0,0,0,0,0,0,0,0,0,0,0,0,0,0,0,0,0,0,0,0,0,0,0,0,0,0,0,0,0,0,32,0,0,119,0,502,0,0,0,0,0,5,0,0,288,0,0,0,0,0,5,0,0,0,11,0,0,0,0,0,0,6,0,0,0,0,0,0,0,0,0,0,0,27,0,6,0,0,4,0,0,0,1910,0,0,0,0,0,0,0,30,57,0,0,0,0,0,0,0,0,0,0,0,0,0,0,0,0,0,0,3,0,0,34,20,0,0,0,0,0,0,0,0,0,0,50,23,0,0,0
SRR7146674,0,0,0,0,0,0,0,0,0,0,0,0,0,0,0,0,0,0,0,0,0,491,0,0,0,0,0,0,272,0,0,0,0,0,0,0,0,0,0,0,0,0,0,0,0,0,0,0,0,20,0,0,0,0,0,0,2381,0,0,0,0,0,0,0,16,0,0,0,0,0,69,0,0,0,0,0,0,0,0,0,0,0,0,0,0,0,0,0,0,0,0,0,0,0,0,0,0,0,0,0,0,0,0,0,0,0,0,0,37,0,1093,0,0,11,0,0,0,0,0,0,0,54,0,0,0,0,0,0,0,0,0,0,0,0,0,0,0,0,0,0,0,0,0,0,0,0,0,0,0,0,0,0,0,27,0,12,0,106,0,0,0,0,0,0,0,0,0,0,0,0,184,0,0,0,0,0,0,0,0,0,0,0,0,0,0,0,0,0,0,0,27,0,11,58,3,0,0,0,0,0,0,0,0,0,0,0,18,0,0,0
SRR7146675,0,0,0,0,0,0,0,0,0,0,0,0,0,0,0,0,0,0,0,0,0,0,0,0,0,0,0,18,4393,0,0,0,0,0,0,0,0,0,0,0,0,0,0,0,0,0,0,0,0,0,0,0,0,0,0,0,1,0,0,0,0,0,0,0,26,0,0,0,4,0,0,0,3,0,26,0,0,0,0,0,0,0,0,0,0,0,0,0,0,0,0,0,0,0,0,0,0,0,0,0,0,0,0,0,0,0,0,0,0,0,4,0,0,0,0,19,0,0,0,0,0,0,22,0,5,0,0,0,0,0,0,0,0,0,0,0,0,0,0,0,0,0,0,0,0,0,0,0,0,0,0,0,0,21,0,0,0,3,0,0,0,0,3,0,0,0,0,0,0,0,0,441,0,0,0,0,0,0,0,0,0,0,0,0,0,0,0,0,0,0,0,0,0,0,0,0,0,0,0,0,0,0,0,0,0,0,11,0,0,0
SRR7146676,0,0,0,0,0,0,0,0,0,0,0,0,0,0,0,0,0,0,0,0,0,2,0,0,0,0,0,108,4541,0,0,0,2,0,0,0,0,0,0,0,0,0,0,0,0,0,0,0,0,0,0,0,0,0,0,0,59,0,0,96,15,0,0,0,0,0,0,0,1,0,0,0,0,0,0,0,0,0,0,0,0,0,0,0,0,0,0,0,0,0,0,0,0,0,0,0,0,0,0,0,0,0,0,0,0,0,0,0,0,0,75,0,0,2,0,10,0,0,0,0,0,2,5,0,1,0,0,0,0,0,1,0,0,0,0,0,0,0,0,0,0,0,0,0,0,0,0,0,0,0,0,0,0,0,0,0,0,1,0,0,0,0,0,0,0,0,0,0,0,0,2,76,0,0,0,0,0,0,0,0,0,0,0,0,0,0,0,0,0,0,1,0,0,0,0,0,0,0,0,0,0,0,0,0,0,0,0,0,0,0
SRR7146677,0,0,0,0,0,0,0,0,0,0,0,0,0,0,0,0,382,0,0,0,0,63,0,0,0,0,0,359,185,0,0,0,898,0,548,0,0,0,226,0,0,0,0,0,0,0,0,0,0,0,0,0,0,0,0,33,311,0,344,5,0,0,0,144,13,0,0,0,0,0,6,0,0,0,0,0,0,0,0,0,0,0,0,0,0,0,0,0,0,0,0,0,0,0,0,0,0,0,0,0,0,0,0,0,0,0,0,0,16,321,26,0,0,0,0,0,0,0,0,0,0,15,0,0,46,0,0,0,151,0,0,0,0,0,0,0,0,0,0,0,0,8,0,0,0,0,0,0,0,0,0,0,41,5,0,0,13,0,0,0,9,0,0,0,69,0,0,0,0,0,42,0,0,0,0,0,0,0,0,0,0,0,0,0,0,0,0,0,0,0,17,0,45,39,0,0,0,0,159,0,0,0,0,461,0,0,0,0,0,0
SRR7146678,0,0,0,0,0,0,0,0,0,0,0,0,1,0,0,0,19,0,0,0,0,3,0,0,0,0,0,17,4690,0,0,0,0,0,10,0,0,0,0,0,0,0,0,0,0,0,0,0,0,0,0,0,0,0,0,0,14,0,0,1,5,0,0,0,0,0,0,0,0,0,2,0,0,0,0,0,0,0,0,0,0,0,0,0,0,0,0,0,0,0,0,0,0,0,0,0,0,0,0,0,0,0,0,0,0,0,0,0,0,1,58,0,0,27,0,0,0,0,0,0,0,0,0,0,0,0,0,0,0,0,0,0,0,0,0,0,0,0,0,0,0,2,0,0,0,0,0,0,0,0,0,0,0,0,0,0,0,0,0,0,0,0,0,0,0,0,0,0,0,0,0,133,0,0,0,0,0,0,0,0,0,0,0,0,0,0,0,0,0,0,0,0,14,2,0,0,0,0,0,0,0,0,0,1,0,0,0,0,0,0
SRR7146679,0,0,0,0,0,0,0,0,0,0,0,0,0,0,0,0,274,0,0,0,0,76,0,0,0,0,0,145,3454,0,0,0,6,0,45,0,0,0,0,0,0,0,0,0,0,0,0,0,0,0,0,0,0,0,0,0,103,0,0,0,39,0,0,0,3,0,0,0,0,0,0,0,0,0,0,7,0,0,0,0,0,0,0,0,0,0,0,0,0,0,0,0,0,0,0,0,0,0,0,0,0,0,0,0,0,0,0,0,0,0,106,0,0,21,0,0,0,0,0,0,0,6,0,0,41,0,0,0,0,0,0,0,0,0,0,0,0,0,0,0,0,15,0,0,0,0,0,0,0,0,0,0,0,48,0,0,0,17,0,0,0,0,205,0,0,0,0,0,0,0,4,334,0,0,0,0,0,0,0,0,0,0,0,0,0,0,0,0,0,0,8,0,0,43,0,0,0,0,0,0,0,0,0,0,0,0,0,0,0,0
SRR7146680,0,0,0,0,0,0,0,0,0,0,0,0,0,0,0,0,0,0,0,0,0,0,0,0,0,0,0,0,3847,0,0,0,0,0,0,0,0,0,0,0,0,0,0,0,0,0,0,0,0,0,0,0,0,0,0,0,15,0,0,0,578,0,0,0,0,0,0,0,0,0,0,0,3,0,0,0,6,0,0,0,0,0,0,0,0,0,0,0,0,0,0,0,0,0,0,0,0,0,0,0,0,0,0,0,0,0,0,0,0,0,94,0,0,0,0,0,243,0,0,0,0,0,5,0,4,0,0,0,0,0,0,0,0,0,0,0,0,0,0,0,0,0,0,0,0,0,0,0,0,0,0,0,0,53,0,0,0,2,0,0,0,0,0,0,0,0,0,0,0,0,0,150,0,0,0,0,0,0,0,0,0,0,0,0,0,0,0,0,0,0,0,0,0,0,0,0,0,0,0,0,0,0,0,0,0,0,0,0,0,0
SRR7146683,0,0,0,0,0,0,0,0,0,0,0,0,3,0,0,0,60,0,0,0,0,4,0,0,0,0,0,0,4517,0,0,0,0,0,0,0,0,0,0,0,0,0,0,0,0,0,0,0,0,0,0,0,0,0,0,0,4,0,0,0,18,0,2,2,4,0,0,0,8,0,0,0,0,0,0,0,0,0,0,0,0,0,0,0,0,0,0,0,0,0,0,0,0,0,0,0,0,0,0,0,0,0,0,0,0,0,0,0,0,5,128,0,0,23,0,0,116,0,0,0,0,0,0,0,11,0,0,0,0,0,0,0,0,0,0,0,0,0,0,0,0,0,0,0,0,0,0,0,6,0,0,0,2,45,0,0,0,13,4,0,7,0,2,0,6,0,0,0,0,0,0,0,0,0,0,0,0,0,0,0,0,0,0,0,0,0,0,0,0,0,0,0,0,0,0,0,0,0,0,0,0,0,0,0,0,4,6,0,0,0
SRR7146684,0,0,0,0,0,0,0,0,0,0,0,0,0,0,0,0,0,0,0,0,0,0,0,0,0,0,0,0,1111,0,4,0,0,0,0,0,0,0,0,0,0,0,0,0,0,0,0,0,0,0,0,0,0,0,0,0,0,0,0,0,0,0,0,0,0,0,0,0,0,0,0,0,0,0,0,0,0,0,0,0,0,0,0,0,0,0,0,0,0,0,0,0,0,0,0,0,0,0,0,0,0,0,0,0,0,0,0,0,0,4,2284,0,0,86,0,77,0,0,0,0,0,3,0,0,583,0,0,0,0,0,0,0,0,0,2,0,0,0,2,0,0,0,0,0,0,0,0,0,24,0,0,0,0,62,0,0,0,0,2,0,3,0,691,0,7,0,0,0,0,0,0,42,0,0,0,0,0,0,0,0,0,0,0,0,0,0,0,0,0,0,0,0,0,0,0,0,0,0,0,0,0,0,0,0,0,2,11,0,0,0
SRR7146685,0,0,0,0,0,0,0,0,0,0,0,0,0,0,1,0,45,0,0,0,0,3,0,0,0,0,0,10,4623,0,0,0,0,0,16,0,0,0,0,0,0,0,0,0,0,0,0,0,0,0,0,0,0,0,0,0,23,0,8,115,13,0,0,0,0,0,0,0,0,0,0,0,0,0,0,0,0,0,0,0,0,0,0,0,0,0,0,0,0,0,0,0,0,0,0,0,0,0,0,0,0,0,0,0,0,0,0,0,0,0,24,0,0,5,0,4,0,0,0,0,0,0,0,0,22,0,0,0,0,0,0,0,0,0,0,0,0,0,0,0,0,1,0,0,0,0,0,0,5,0,0,0,0,0,0,0,0,0,0,0,0,0,17,0,8,0,0,0,0,0,3,49,0,0,0,0,0,0,0,0,0,0,0,0,0,0,0,0,0,0,0,0,0,1,0,0,0,0,3,0,0,0,0,1,0,0,0,0,0,0
SRR7146686,0,0,0,0,0,0,0,0,0,0,0,0,0,0,0,0,14,0,0,0,0,3,0,0,0,0,0,894,1158,0,0,0,46,0,40,0,0,36,0,0,0,0,0,0,0,0,0,0,0,0,0,0,0,0,0,0,33,0,0,0,0,0,0,0,7,0,2,0,0,0,0,0,48,0,0,0,23,0,0,0,0,0,0,0,0,0,0,0,0,0,0,0,0,0,0,0,0,0,0,0,0,0,0,0,0,0,0,0,0,0,196,0,0,306,0,0,410,0,0,0,0,0,1,0,29,0,0,0,0,0,0,0,0,0,4,0,0,0,0,0,0,0,0,0,0,0,0,0,0,0,0,0,1,210,0,0,0,21,0,0,0,0,1083,0,0,0,0,0,0,0,4,14,0,0,0,0,0,0,0,0,0,0,0,0,0,0,0,0,0,0,0,0,0,0,410,0,0,0,0,0,0,0,0,0,0,0,5,0,0,0
SRR7146687,0,0,0,0,0,0,0,0,0,0,0,0,0,0,0,0,0,0,0,0,0,44,0,0,0,0,0,0,398,0,1163,0,0,0,0,0,0,0,0,0,0,0,0,0,0,0,0,0,0,0,0,0,0,0,0,0,468,0,0,0,0,0,0,7,19,0,0,0,0,0,0,0,11,0,0,289,12,0,0,0,0,0,0,0,0,0,0,0,0,0,0,0,0,0,0,0,0,0,0,0,0,0,0,0,0,0,0,0,9,0,301,0,0,191,0,375,0,0,5,0,0,9,0,0,0,0,0,0,0,0,11,0,0,0,0,0,0,0,0,0,0,0,0,0,0,0,0,0,0,0,0,0,0,408,0,0,0,1012,19,0,0,0,0,0,0,0,0,0,0,0,17,68,0,0,0,0,0,0,0,0,0,0,0,0,0,0,0,0,0,0,15,0,0,13,97,0,0,0,0,0,0,0,0,0,0,23,0,0,0,0
SRR7146688,0,0,0,0,0,0,0,0,0,0,0,0,0,0,0,0,15,0,0,0,0,5,0,0,0,0,0,0,1609,0,4,0,0,0,0,0,0,0,0,0,0,0,0,0,0,0,0,0,0,0,0,0,0,0,0,0,50,0,0,0,0,0,0,4,2,0,6,0,55,0,0,0,17,32,0,5,88,0,0,0,0,0,0,0,0,0,0,0,0,0,0,0,0,0,0,0,0,0,0,0,0,0,0,0,0,0,0,0,0,0,14,0,0,46,0,668,0,0,0,0,0,0,0,0,568,0,0,0,0,0,36,0,0,0,0,0,0,0,0,0,0,0,0,0,0,0,0,0,0,0,0,0,0,573,0,0,0,0,0,0,0,0,571,9,0,0,0,0,0,0,0,9,0,0,0,0,0,0,56,0,0,0,0,0,0,0,0,0,0,0,0,0,0,0,166,0,0,0,0,0,0,0,0,0,0,19,373,0,0,0
SRR7146690,0,0,0,0,0,0,0,0,0,0,0,0,645,0,0,0,0,0,0,0,0,209,0,0,0,0,0,18,208,0,0,0,0,0,28,0,0,0,0,0,0,0,0,0,0,0,0,0,0,0,0,0,0,0,0,0,1417,0,0,0,5,0,0,6,366,0,0,0,0,0,9,0,0,0,0,0,34,0,0,0,0,0,0,0,0,0,0,0,0,0,0,0,0,0,0,0,0,0,0,0,0,0,0,0,0,0,0,0,0,0,16,0,0,16,0,0,0,0,10,0,0,8,0,0,0,0,0,0,0,0,0,0,0,0,0,0,0,0,0,0,0,0,0,0,0,0,0,0,0,0,0,0,0,0,0,57,0,0,0,0,0,0,0,0,0,0,0,0,0,0,111,1610,0,0,0,0,0,0,0,0,0,0,0,0,0,0,0,0,0,0,69,0,0,77,10,0,0,0,0,0,10,0,0,0,0,3,0,0,0,0
SRR7146691,0,0,0,0,0,0,0,0,0,0,0,0,0,0,0,0,0,0,0,0,0,9,0,0,0,0,0,0,3551,0,0,0,0,0,0,0,0,3,0,0,0,0,0,0,0,0,0,0,0,0,0,0,0,0,0,0,122,0,0,0,0,0,0,7,0,0,0,0,0,0,3,0,18,0,0,9,18,0,0,0,0,0,0,0,0,0,0,0,0,0,0,0,0,0,0,0,0,0,0,0,0,0,0,0,0,0,0,0,0,0,41,0,0,0,0,166,0,0,0,0,0,4,19,0,18,0,0,0,6,0,0,0,0,0,0,0,0,0,80,0,0,1,0,0,0,0,0,0,0,0,0,0,0,301,0,0,0,10,0,0,0,0,0,128,0,0,0,0,0,0,18,44,0,0,0,0,0,0,30,0,0,0,0,0,0,0,0,0,0,0,0,0,5,4,97,0,0,0,0,0,2,0,0,0,0,0,278,0,0,0
SRR7146692,0,0,0,0,0,0,0,0,0,0,0,0,0,0,0,0,0,0,0,0,0,0,0,0,0,0,0,60,3024,0,0,0,0,0,0,0,0,0,0,0,0,0,0,0,0,0,0,0,0,0,0,0,0,0,0,0,4,0,0,0,18,0,10,0,2,0,0,0,13,0,0,0,21,7,0,1,0,0,0,0,0,0,0,0,0,0,0,0,0,0,0,0,0,0,0,0,0,0,0,0,0,0,0,0,0,0,0,0,0,0,61,0,0,308,0,15,30,0,0,0,0,0,4,0,5,0,0,0,0,0,0,0,0,0,0,0,0,0,0,0,0,0,0,0,0,0,0,0,0,0,0,0,0,0,0,0,0,0,2,0,0,0,3,306,0,0,0,0,0,0,0,632,0,0,0,0,0,0,40,0,0,0,0,0,0,0,0,0,0,0,0,0,0,0,42,0,0,0,0,0,0,0,0,0,0,3,389,0,0,0
SRR7146693,0,0,0,0,0,0,0,0,0,0,0,0,8,0,0,0,2,0,0,0,0,23,0,0,0,0,0,26,1955,0,16,0,0,0,9,0,0,846,0,0,0,0,0,0,0,0,0,0,0,0,0,0,0,292,0,0,136,0,0,8,335,0,0,0,1,0,3,0,0,0,3,0,214,0,0,0,11,0,0,0,0,0,0,0,0,0,0,0,0,0,0,0,0,0,0,0,0,0,0,0,0,0,0,0,0,0,0,0,4,0,216,0,0,48,0,0,223,0,4,0,0,8,12,0,19,0,0,0,2,0,0,0,0,0,0,0,0,0,1,0,0,0,0,0,0,0,0,0,0,0,0,0,0,6,0,1,0,5,4,0,0,0,58,5,0,0,0,0,0,0,36,400,0,0,0,0,0,0,0,0,0,0,0,0,0,0,0,0,0,0,0,0,8,3,45,0,0,0,0,0,0,0,0,0,0,4,0,0,0,0
SRR7146694,0,0,0,0,0,0,0,0,0,0,0,0,0,0,0,0,6,0,0,0,0,13,0,0,0,0,0,0,57,0,0,0,9,0,63,0,0,0,0,0,0,0,0,0,0,0,0,0,2,0,0,0,0,0,0,0,308,0,0,0,0,0,0,0,11,0,0,0,0,0,24,0,0,0,0,26,40,0,0,0,0,0,0,0,0,0,0,0,0,0,0,0,0,0,0,0,0,0,0,0,0,0,0,0,0,0,0,0,0,0,170,0,0,13,0,1450,0,0,3,0,0,0,13,0,65,0,0,0,0,0,0,0,0,0,0,0,0,0,0,0,0,0,0,0,0,0,0,0,0,0,0,0,0,364,0,0,0,33,30,0,0,0,2077,0,6,0,0,0,0,0,6,79,0,0,0,0,0,0,0,0,0,0,0,0,0,0,0,0,0,0,10,0,6,15,6,0,0,0,0,0,0,0,0,0,0,83,0,0,0,0
SRR7146696,0,0,0,0,0,0,0,0,0,0,0,0,36,0,0,0,0,0,0,0,0,4,0,0,0,0,0,6,125,0,0,0,0,0,2,0,0,0,0,0,0,0,0,0,0,0,0,0,0,0,0,0,0,0,0,0,173,0,0,0,0,0,0,0,21,0,0,0,0,0,0,0,0,0,0,14,0,0,0,0,0,0,0,0,0,0,0,0,0,0,0,0,0,0,0,0,0,0,0,0,0,0,0,0,0,0,0,0,1,3,1223,0,0,113,0,0,887,0,0,0,0,4,0,0,95,0,0,0,0,0,0,0,0,0,55,0,0,0,0,0,0,2,0,0,0,0,0,0,1482,0,0,0,0,426,0,0,0,9,13,0,0,0,0,0,0,0,0,0,0,0,2,267,0,0,0,0,0,0,0,0,0,0,0,0,0,0,0,0,0,0,7,0,5,7,0,0,0,0,0,0,0,0,0,0,0,5,0,0,0,0
SRR7146697,0,0,0,0,0,0,0,0,0,0,0,0,0,0,0,0,0,0,0,0,0,5,0,0,0,0,0,82,1232,0,23,0,109,0,94,0,0,30,0,0,0,0,0,0,0,0,0,0,0,0,0,0,0,1,0,0,51,0,0,0,215,0,2,3,28,0,0,0,9,0,0,0,13,13,2,0,0,0,0,0,0,0,0,0,0,0,0,0,0,0,0,0,0,0,0,0,0,0,0,0,0,0,0,0,0,0,0,0,0,0,830,0,0,619,0,88,51,0,0,0,0,0,0,0,38,0,0,0,0,0,28,0,0,0,5,0,0,0,5,0,0,3,0,0,0,0,0,0,60,0,0,0,0,0,0,0,0,6,0,0,0,0,574,0,0,0,0,0,0,0,4,339,0,0,0,0,0,0,30,0,0,0,0,0,0,0,0,0,0,0,0,0,178,6,73,0,0,0,0,0,0,0,0,0,0,0,151,0,0,0
SRR7146698,0,0,0,0,0,0,0,0,0,0,0,0,0,0,0,0,0,0,0,0,0,55,0,0,0,0,0,19,1037,0,0,0,0,0,0,0,0,0,0,0,0,0,0,0,0,0,0,0,0,2,0,0,0,13,0,0,343,0,0,16,0,0,0,0,3,0,0,0,0,0,8,0,2271,0,0,29,12,0,0,0,0,0,0,0,0,0,0,0,0,0,0,0,0,0,0,0,0,0,0,0,0,0,0,0,0,0,0,0,5,0,590,0,0,115,0,79,0,0,0,0,0,0,0,0,60,0,0,0,0,0,0,0,0,0,17,0,0,0,0,0,0,0,0,0,0,0,0,0,3,0,0,0,0,0,0,0,0,14,0,0,0,0,29,0,0,0,0,0,0,0,36,25,0,0,0,0,0,0,0,0,0,0,0,0,0,0,0,0,0,0,18,0,3,15,170,0,0,0,0,0,0,0,0,0,0,0,0,0,0,0
SRR7146699,0,0,0,0,0,0,0,0,0,0,0,0,0,0,0,0,14,0,0,0,0,8,0,0,0,0,0,52,1246,0,0,0,0,0,0,0,0,0,0,0,0,0,0,0,0,0,0,0,0,0,0,0,0,0,0,0,91,0,0,0,0,0,0,0,13,0,0,0,0,0,3,0,36,0,0,14,52,0,0,0,0,0,0,0,0,0,0,0,0,0,0,0,0,0,0,0,0,0,0,0,0,0,0,0,0,0,0,0,0,0,817,0,0,0,0,591,0,0,0,0,0,0,12,0,2,0,0,0,0,0,0,0,0,0,0,0,0,0,0,0,0,2,0,0,0,0,0,0,622,0,0,0,0,540,0,0,0,40,0,0,0,0,182,0,0,0,0,0,0,0,21,625,0,0,0,0,0,0,0,0,0,0,0,0,0,0,0,0,0,0,0,0,4,5,8,0,0,0,0,0,0,0,0,0,0,0,0,0,0,0
SRR7146700,0,0,0,0,0,0,0,0,0,0,0,0,0,0,0,0,0,0,0,0,0,9,0,0,0,0,0,43,342,0,205,0,0,0,0,0,0,0,0,0,0,0,0,0,0,0,0,0,0,0,0,0,0,3,0,0,32,0,0,0,0,0,0,0,27,0,0,0,0,0,6,0,250,0,0,37,105,0,0,0,0,0,0,0,0,0,0,0,0,0,0,0,0,0,0,0,0,0,0,0,0,0,0,0,0,0,0,0,0,0,148,0,0,15,0,722,0,0,0,0,0,0,0,0,67,0,0,0,0,0,0,0,0,0,0,0,0,0,0,0,0,0,0,0,0,0,0,0,0,0,0,0,0,0,0,0,0,28,0,0,0,0,2182,0,0,0,0,0,0,0,0,5,0,0,0,0,0,0,0,0,0,0,0,0,0,0,0,0,0,0,0,0,11,3,735,0,0,0,0,0,0,0,0,0,0,25,0,0,0,0
SRR7146701,0,0,0,0,0,0,0,0,0,0,0,0,0,0,0,0,0,0,0,0,0,10,0,0,0,0,0,21,719,0,184,0,15,0,15,0,0,9,0,0,0,0,0,0,0,0,0,0,0,9,0,0,0,41,0,0,319,0,0,1,0,0,0,0,816,0,0,0,2,0,0,0,1733,0,0,0,45,0,0,0,0,0,0,0,0,0,0,0,0,0,0,0,0,0,0,0,0,0,0,0,0,0,0,0,0,0,0,0,0,0,56,0,0,0,0,0,0,0,0,0,0,0,19,0,34,0,0,0,0,0,0,0,0,0,3,0,0,0,0,0,0,0,0,0,0,0,0,0,0,0,0,0,0,0,0,0,0,0,0,0,0,0,402,0,0,0,0,0,0,0,26,44,0,0,0,0,0,0,0,0,0,0,0,0,0,0,0,0,0,0,9,0,0,0,450,0,0,0,0,0,3,0,0,0,0,15,0,0,0,0
SRR7146702,0,0,0,0,0,0,0,0,0,0,0,0,0,0,0,0,377,0,0,0,0,1,0,0,0,0,0,13,665,0,0,0,0,0,0,0,0,0,0,0,0,0,0,0,0,0,0,0,0,0,0,0,0,1,0,0,44,0,0,2565,0,0,0,0,17,0,0,0,0,0,0,0,0,0,0,0,131,0,0,0,0,0,0,0,0,0,0,0,0,0,0,0,0,0,0,0,0,0,0,0,0,0,0,0,0,0,0,0,0,0,212,0,0,0,0,134,0,0,6,0,0,3,0,0,36,0,0,0,6,0,0,0,0,0,0,0,0,0,0,0,0,2,0,0,0,0,0,0,0,0,0,0,0,277,0,0,0,0,28,0,0,0,317,0,0,0,0,0,0,0,2,20,0,0,0,0,0,0,0,0,0,0,0,0,0,0,0,0,0,0,1,0,3,0,0,0,0,0,0,0,0,0,0,0,0,139,0,0,0,0
SRR7146703,0,0,0,0,0,0,0,0,0,0,0,0,12,0,0,0,1522,0,0,0,0,13,0,0,0,0,0,0,175,0,0,0,0,0,0,0,0,0,247,0,0,0,0,0,0,0,0,0,0,0,0,0,0,0,0,425,264,0,0,0,0,0,0,1042,0,0,0,0,0,0,0,0,0,0,13,0,0,0,0,0,0,0,0,0,0,0,0,0,0,0,0,0,0,0,0,0,0,0,0,0,0,0,0,0,0,0,0,0,11,112,244,0,0,0,0,0,0,0,0,0,0,0,0,0,8,0,0,0,124,0,0,0,0,0,0,0,0,0,0,0,0,7,0,0,0,0,0,0,0,0,0,0,0,0,0,0,0,31,0,0,0,0,0,0,90,0,0,0,0,0,14,382,0,0,0,0,0,0,0,0,0,0,0,0,0,0,0,0,0,0,0,0,0,9,0,0,0,0,11,0,0,0,0,244,0,0,0,0,0,0
SRR7146704,0,0,0,0,0,0,0,0,0,0,0,0,123,0,0,0,0,0,0,0,0,28,0,0,0,0,0,3,2962,0,12,0,5,0,38,0,0,0,0,0,0,0,0,0,0,0,0,0,0,0,0,0,0,0,0,0,255,0,0,0,0,0,0,1,7,0,5,0,0,0,12,0,0,0,0,0,411,0,0,0,0,0,0,0,0,0,0,0,0,0,0,0,0,0,0,0,0,0,0,0,0,0,0,0,0,0,0,0,1,8,8,0,0,88,0,877,0,0,0,0,0,0,5,0,1,0,0,0,0,0,0,0,0,0,20,0,0,0,0,0,0,0,0,0,0,0,0,0,1,0,0,0,0,0,0,0,0,0,0,0,0,0,18,0,0,0,0,0,0,0,27,59,0,0,0,0,0,0,0,0,0,0,0,0,0,0,0,0,0,0,0,0,2,9,0,0,0,0,0,0,0,0,0,0,0,2,7,0,0,0
SRR7146705,0,0,0,0,0,0,0,0,0,0,0,0,0,0,0,0,0,0,0,0,0,2,0,0,0,0,0,135,4676,0,0,0,0,0,0,0,0,0,0,0,0,0,0,0,0,0,0,0,0,0,0,0,0,0,0,0,117,0,0,0,1,0,0,0,0,0,0,0,0,0,0,0,0,0,0,0,0,0,0,0,0,0,0,0,0,0,0,0,0,0,0,0,0,0,0,0,0,0,0,0,0,0,0,0,0,0,0,0,0,0,2,0,0,0,0,0,0,0,0,0,0,0,0,0,0,0,0,0,0,0,0,0,0,0,0,0,0,0,0,0,0,0,0,0,0,0,0,0,0,0,0,0,0,0,0,4,0,0,0,0,0,0,0,0,0,0,0,0,0,0,3,52,0,0,0,0,0,0,0,0,0,0,0,0,0,0,0,0,0,0,2,0,0,2,0,0,0,0,0,0,1,0,0,0,0,0,0,0,0,0
SRR7146707,0,0,0,0,0,0,0,0,0,0,0,0,0,0,0,0,690,0,0,0,0,33,0,0,0,0,0,0,21,0,116,0,24,0,15,0,0,0,0,0,0,0,0,0,0,0,0,0,23,0,0,0,0,82,0,0,283,0,0,0,0,0,0,0,0,0,0,0,2181,0,0,0,1311,0,12,0,0,0,0,0,0,0,0,0,0,0,0,0,0,0,0,0,0,0,0,0,0,0,0,0,0,0,0,0,0,0,0,0,0,0,0,0,0,0,0,0,0,0,8,0,0,0,2,0,0,0,0,0,0,0,0,0,0,0,0,0,0,0,0,0,0,0,0,0,0,0,0,0,0,0,0,0,0,0,0,0,0,0,0,0,0,0,0,0,166,0,0,0,0,0,9,0,0,0,0,0,0,0,0,0,0,0,0,0,0,0,0,0,0,0,0,0,4,0,11,0,0,0,0,0,0,0,0,9,0,0,0,0,0,0
SRR7146710,0,0,0,0,0,0,0,0,0,0,0,0,37,0,0,0,0,0,0,0,0,4,0,0,0,0,0,78,1541,0,4,0,0,0,66,0,0,0,0,0,0,0,0,0,0,0,0,0,0,0,0,0,0,0,0,0,24,0,0,0,0,0,0,0,6,0,1,0,0,0,0,0,0,0,0,36,0,0,0,0,0,0,0,0,0,0,0,0,0,0,0,0,0,0,0,0,0,0,0,0,0,0,0,0,0,0,0,0,0,0,334,0,0,22,0,0,1450,0,0,0,0,0,0,0,246,0,0,0,0,0,0,0,0,0,0,0,0,0,0,0,0,0,0,0,0,0,0,0,0,0,0,0,0,741,0,0,0,31,0,0,0,0,10,0,0,0,0,0,0,0,3,321,0,0,0,0,0,0,0,0,0,0,0,0,0,0,0,0,0,0,3,0,2,5,12,0,0,0,0,0,0,0,0,0,0,22,0,0,0,0
SRR7146711,0,0,0,0,0,0,0,0,0,0,0,0,0,0,0,0,682,0,0,0,0,0,0,0,0,0,0,0,51,0,0,0,0,0,0,0,0,0,0,0,0,0,0,0,0,0,0,0,0,0,0,0,0,0,0,0,0,0,0,0,0,0,0,0,0,0,258,0,3909,0,0,0,89,0,0,0,0,0,0,0,0,0,0,0,0,0,0,0,0,0,0,0,0,0,0,0,0,0,0,0,0,0,0,0,0,0,0,0,0,0,0,0,0,0,0,0,0,0,0,0,0,0,0,0,0,0,0,0,0,0,0,0,0,0,0,0,0,0,0,0,0,0,0,0,0,0,0,0,0,0,0,0,0,0,0,0,0,0,0,0,0,0,0,0,0,0,0,0,0,0,0,0,0,0,0,0,0,0,0,0,0,0,0,0,0,0,0,0,0,0,0,0,0,0,0,0,0,0,0,0,0,0,0,0,0,0,11,0,0,0
SRR7146713,0,0,0,0,0,0,0,0,0,0,0,0,0,0,0,0,7,0,0,0,0,11,0,0,0,0,0,0,694,0,0,0,0,0,0,0,0,0,0,0,0,0,0,0,0,0,0,0,0,0,0,0,0,0,0,0,57,0,0,0,0,0,0,0,449,0,0,0,5,0,0,0,0,0,0,0,24,0,0,0,0,0,0,0,0,0,0,0,0,0,0,0,0,0,0,0,0,0,0,0,0,0,0,0,0,0,0,0,0,1,112,0,0,23,0,298,0,0,0,0,0,0,0,0,36,0,0,0,0,0,0,0,0,0,1,0,0,0,0,0,0,0,0,0,0,0,0,0,102,0,0,0,0,39,0,0,0,12,0,0,0,0,899,0,0,0,0,0,0,0,8,2213,0,0,0,0,0,0,0,0,0,0,0,0,0,0,0,0,0,0,0,0,0,0,0,0,0,0,0,0,0,0,0,0,0,9,0,0,0,0
SRR7146714,0,0,0,0,0,0,0,0,0,0,0,0,2,0,0,0,25,0,0,0,0,8,0,0,0,0,0,11,3454,0,0,0,0,0,0,0,0,0,0,0,0,0,0,0,0,0,0,0,85,10,0,0,0,0,0,0,18,0,0,0,136,0,18,0,0,0,0,0,171,0,0,0,31,43,0,0,0,0,0,0,0,0,0,0,0,0,0,0,0,0,0,0,0,0,0,0,0,0,0,0,0,0,0,0,0,0,0,0,0,0,43,0,0,109,0,0,2,0,0,0,0,0,101,0,0,0,0,0,0,0,4,0,0,0,0,0,0,0,0,0,0,0,0,0,0,0,0,0,0,0,0,0,0,0,0,0,0,0,0,0,0,0,92,40,28,0,0,0,0,0,3,39,0,0,0,0,0,0,154,0,0,0,0,0,0,0,0,0,0,0,0,0,0,0,132,0,0,0,0,0,0,0,0,4,0,0,237,0,0,0
SRR7146716,0,0,0,0,0,0,0,0,0,0,0,0,0,0,0,0,24,0,0,0,0,3,0,0,0,0,0,126,2775,0,0,0,0,0,0,0,0,0,0,0,0,0,0,0,0,0,0,0,0,0,0,0,0,0,0,0,22,0,0,0,15,0,5,0,0,0,51,0,9,0,0,0,494,6,0,0,0,0,0,0,0,0,0,0,0,0,0,0,0,0,0,0,0,0,0,0,0,0,0,0,0,0,0,0,0,0,0,0,0,0,44,0,0,1135,0,7,0,0,2,0,0,0,4,0,0,0,0,0,0,0,0,0,0,0,0,0,0,0,14,0,0,0,0,0,0,0,0,0,0,0,0,0,0,6,0,1,0,0,0,0,0,0,61,12,0,0,0,0,0,0,0,8,0,0,0,0,0,0,31,0,0,0,0,0,0,0,0,0,0,0,1,0,0,0,41,0,0,0,0,0,0,0,0,0,0,0,103,0,0,0
SRR7146717,0,0,0,0,0,0,0,0,0,0,0,0,3,0,0,0,13,0,0,0,0,0,0,0,0,0,0,39,2598,0,0,0,0,0,0,0,0,0,0,0,0,0,0,0,0,0,0,0,0,0,0,0,0,0,0,0,40,0,0,0,1615,0,8,0,0,0,9,0,70,0,0,0,13,33,0,0,0,0,0,0,0,0,0,0,0,0,0,0,0,0,0,0,0,0,0,0,0,0,0,0,0,0,0,0,0,0,0,0,0,0,42,0,0,125,0,20,0,0,0,0,0,2,52,0,0,0,0,0,0,0,0,0,0,0,0,0,0,0,5,0,0,5,0,0,0,0,0,0,0,0,0,0,0,5,0,0,0,0,0,0,0,0,0,10,11,0,0,0,0,0,0,98,0,0,0,0,0,0,49,0,0,0,0,0,0,0,0,0,0,0,0,0,0,0,10,0,0,0,0,0,5,0,0,0,0,3,117,0,0,0
SRR7146718,0,0,0,0,0,0,0,0,0,0,0,0,8,0,0,0,682,0,0,0,0,6,0,0,0,0,0,62,658,0,0,0,0,0,0,0,0,0,0,0,0,0,0,0,0,0,0,0,75,9,0,0,0,18,0,0,50,0,0,21,710,0,4,0,5,0,70,0,31,0,0,0,45,55,0,0,0,0,0,0,0,0,0,0,0,0,0,0,0,0,0,0,0,0,0,0,0,0,0,0,0,0,0,0,0,0,0,0,0,0,459,0,0,562,0,0,0,0,0,0,0,0,11,0,17,0,0,0,0,0,0,0,0,0,0,0,0,0,5,0,0,0,0,0,0,0,0,0,0,0,0,0,0,244,0,0,0,0,0,0,0,0,21,94,41,0,0,0,0,0,10,0,0,0,0,0,0,0,77,0,0,0,0,0,0,0,0,0,0,0,0,0,14,0,212,0,0,0,0,0,0,0,0,0,0,3,721,0,0,0
SRR7146719,0,0,0,0,0,0,0,0,0,0,0,0,0,0,0,0,596,0,0,0,0,39,0,0,0,0,0,0,35,0,0,0,0,0,0,0,0,0,63,0,0,0,0,0,0,0,0,0,0,0,0,0,0,0,0,87,117,0,211,0,24,0,39,84,0,0,577,0,88,0,0,0,62,53,32,0,0,0,0,0,0,0,0,0,0,0,0,0,0,0,0,0,0,0,0,0,0,0,0,0,0,0,0,0,0,0,0,0,0,106,73,0,0,23,0,539,0,0,0,0,0,15,0,0,22,0,0,0,0,0,11,0,0,0,0,0,0,0,117,0,0,0,0,0,0,0,0,0,0,0,0,0,0,51,0,0,0,0,18,0,90,0,18,214,208,0,0,0,0,0,9,43,0,0,0,0,0,0,176,0,0,0,11,0,0,0,0,0,0,0,4,0,3,16,248,0,0,0,22,0,0,0,0,9,0,0,790,0,0,0
SRR7146720,0,0,0,0,0,0,0,0,0,0,0,0,7,0,0,0,7,0,0,0,0,29,0,0,0,0,0,55,203,0,0,0,0,0,0,0,0,0,0,0,0,0,0,0,0,0,0,0,8,0,0,0,0,0,0,16,95,0,0,0,1776,0,0,0,4,0,0,0,0,0,3,0,11,2,0,6,0,0,0,0,0,0,0,0,0,0,0,0,0,0,0,0,0,0,0,0,0,0,0,0,0,0,0,0,0,0,0,0,0,0,1272,0,0,4,0,116,0,0,0,0,0,10,7,0,16,0,0,0,1,0,0,0,0,0,0,0,0,0,9,0,0,0,0,0,0,0,0,0,0,0,0,0,0,144,0,0,0,5,14,0,5,0,0,18,5,0,0,0,0,0,9,818,0,0,0,0,0,0,62,0,0,0,0,0,0,0,0,0,0,0,2,0,0,12,57,0,0,0,0,0,0,0,0,16,0,0,176,0,0,0
SRR7146721,0,0,0,0,0,0,0,0,0,0,0,0,0,0,0,0,17,0,0,0,0,4,0,0,0,0,0,66,147,0,0,0,0,0,0,0,0,0,0,0,0,0,0,0,0,0,0,0,0,0,0,0,0,0,0,0,34,0,0,0,195,0,36,0,0,0,2,0,43,0,0,0,11,143,0,0,1,0,0,0,0,0,0,0,0,0,0,0,0,0,0,0,0,0,0,0,0,0,0,0,0,0,0,0,0,0,0,0,0,0,332,0,0,17,0,101,0,0,0,0,0,0,0,0,32,0,0,0,0,0,0,0,0,0,0,0,0,0,0,0,0,0,0,0,0,0,0,0,0,0,0,0,0,2,0,3,0,0,0,0,0,0,565,357,0,0,0,0,0,0,6,23,0,0,0,0,0,0,225,0,0,0,0,0,0,0,0,0,0,0,0,0,20,0,438,0,0,0,0,0,0,0,0,0,0,0,2180,0,0,0
SRR7146723,0,0,0,0,0,0,0,0,0,0,0,0,0,0,0,0,0,0,0,0,0,205,0,0,0,0,0,0,0,0,0,0,0,0,0,0,0,0,0,0,0,0,0,0,0,0,0,0,0,0,0,0,0,0,0,0,1343,0,0,0,11,0,58,0,0,0,0,0,189,0,5,0,111,150,0,0,0,0,0,0,0,0,0,0,0,0,0,0,0,0,0,0,0,0,0,0,0,0,0,0,0,0,0,0,0,0,0,0,7,0,0,0,0,0,0,0,0,0,0,0,0,22,0,0,18,0,0,0,0,0,0,0,0,0,0,0,0,0,0,0,0,27,0,0,0,0,0,0,0,0,0,0,0,0,0,0,0,5,0,0,0,0,36,186,0,0,0,0,0,0,122,0,0,0,0,0,0,0,296,0,0,0,0,0,0,0,0,0,0,0,13,0,90,241,483,0,0,0,0,0,44,0,0,0,0,0,1338,0,0,0
SRR7146724,0,0,0,0,0,0,0,0,0,0,0,0,12,0,0,0,2,0,0,0,0,11,0,0,0,0,0,74,523,0,0,0,0,0,0,0,0,0,0,0,0,0,0,0,0,0,0,0,0,0,0,0,0,5,0,0,41,0,0,0,2692,0,5,0,0,0,0,0,7,0,0,0,0,1,0,20,0,0,0,0,0,0,0,0,0,0,0,0,0,0,0,0,0,0,0,0,0,0,0,0,0,0,0,0,0,0,0,0,0,1,503,0,0,1,0,456,0,0,0,0,0,0,0,0,8,0,0,0,0,0,1,0,0,0,4,0,0,0,0,0,0,0,0,0,0,0,0,0,26,0,0,0,0,296,0,1,0,73,9,0,0,0,47,1,0,0,0,0,0,0,14,50,0,0,0,0,0,0,10,0,0,0,0,0,0,0,0,0,0,0,0,0,0,8,39,0,0,0,0,0,0,0,0,0,0,0,59,0,0,0
SRR7146725,0,0,0,0,0,0,0,0,0,0,0,0,0,0,0,0,0,0,0,0,0,0,0,0,0,0,0,21,4325,0,0,0,0,0,10,0,0,0,0,0,0,0,0,0,0,0,0,0,0,0,0,0,0,0,0,0,2,0,0,0,60,0,8,0,44,0,0,0,0,0,0,0,8,0,25,0,0,0,0,0,0,0,0,0,0,0,0,0,0,0,0,0,0,0,0,0,0,0,0,0,0,0,0,0,0,0,0,0,0,0,32,0,0,4,0,14,0,0,0,0,0,0,0,0,46,0,0,0,0,0,0,0,0,0,0,0,0,0,0,0,0,0,0,0,0,0,0,0,5,0,0,0,0,13,0,0,0,0,0,0,0,0,28,110,0,0,0,0,0,0,2,0,0,0,0,0,0,0,18,0,0,0,0,0,0,0,0,0,0,0,0,0,0,0,17,0,0,0,0,0,0,0,0,0,0,0,208,0,0,0
SRR7146726,0,0,0,0,0,0,0,0,0,0,0,0,0,0,0,0,388,0,0,0,0,3,0,0,0,0,0,43,249,0,0,0,0,0,0,0,0,0,0,0,0,0,0,0,0,0,0,0,0,0,0,0,0,0,0,0,29,0,21,12,0,0,4,14,3,0,0,0,10,0,0,0,0,5,503,0,19,0,0,0,0,0,0,0,0,0,0,0,0,0,0,0,0,0,0,0,0,0,0,0,0,0,0,0,0,0,0,0,0,20,0,0,0,274,0,0,0,0,0,0,0,0,23,0,0,0,0,0,4,0,0,0,0,0,0,0,0,0,128,0,0,0,0,0,0,0,0,0,0,0,0,0,0,223,0,0,0,0,0,0,14,0,6,12,0,0,0,0,0,0,0,2893,0,0,0,0,0,0,16,0,0,0,0,0,0,0,0,0,0,0,0,0,0,0,27,0,0,0,4,0,0,0,0,0,0,14,39,0,0,0
SRR7146727,0,0,0,0,0,0,0,0,0,0,0,0,0,0,0,0,86,0,0,0,0,0,0,0,0,0,0,23,2679,0,0,0,0,0,0,0,0,0,0,0,0,0,0,0,0,0,0,0,0,0,0,0,0,0,0,0,36,0,0,0,1665,0,3,7,0,0,11,0,32,0,0,0,3,0,0,0,0,0,0,0,0,0,0,0,0,0,0,0,0,0,0,0,0,0,0,0,0,0,0,0,0,0,0,0,0,0,0,0,1,0,24,0,0,0,0,0,1,0,0,0,0,0,0,0,45,0,0,0,0,0,0,0,0,0,0,0,0,0,1,0,0,0,0,0,7,0,0,0,3,0,0,0,0,5,0,0,0,0,0,0,7,0,187,6,7,0,0,0,0,0,4,118,0,0,0,0,0,0,0,0,0,0,0,0,0,0,0,0,0,0,0,0,4,0,7,0,0,0,3,0,0,0,0,0,0,0,25,0,0,0
SRR7146728,0,0,0,0,0,0,0,0,0,0,0,0,0,0,0,0,90,0,0,0,0,13,0,0,0,0,0,0,909,0,8,0,0,0,0,0,0,0,0,0,0,0,0,0,0,0,0,0,7,0,0,0,0,0,0,6,95,0,0,0,0,0,2,12,5,0,5,0,2,0,0,0,0,0,0,0,23,0,0,0,0,0,0,0,0,0,0,0,0,0,0,0,0,0,0,0,0,0,0,0,0,0,0,0,0,0,0,0,0,0,126,0,0,0,0,70,0,0,6,0,0,0,0,0,49,0,0,0,0,0,0,0,0,0,0,0,0,0,0,0,0,0,0,0,0,0,0,0,0,0,0,0,0,0,0,4,0,0,0,0,0,0,300,12,0,0,0,0,0,0,17,0,0,0,0,0,0,0,0,0,0,0,0,0,0,0,0,0,0,0,0,0,0,5,0,0,0,0,0,0,0,0,0,0,0,8,13,0,0,0
SRR7146729,0,0,0,0,0,0,0,0,0,0,0,0,0,0,0,0,4,0,0,0,0,14,0,0,0,0,0,7,34,0,0,0,0,0,0,0,0,0,0,0,0,0,0,0,0,0,0,0,0,0,0,0,0,1,0,0,73,0,0,4,9,0,0,0,13,0,4,0,0,0,4,0,19,0,0,0,0,0,0,0,0,0,0,0,0,0,0,0,0,0,0,0,0,0,0,0,0,0,0,0,0,0,0,0,0,0,0,0,3,0,1497,0,0,299,0,0,0,0,0,0,0,0,0,0,43,0,0,0,0,0,0,0,0,0,0,0,0,0,0,0,0,0,0,0,0,0,0,0,0,0,0,0,0,165,0,0,0,0,0,0,0,0,2756,0,0,0,0,0,0,0,9,6,0,0,0,0,0,0,0,0,0,0,0,0,0,0,0,0,0,0,0,0,2,0,7,0,0,0,0,0,0,0,0,0,0,22,0,0,0,0
SRR7146730,0,0,0,0,0,0,0,0,0,0,0,0,0,0,0,0,394,0,0,0,0,0,0,0,0,0,0,0,61,0,0,0,0,0,0,0,0,0,24,0,0,0,0,0,0,0,0,0,8,0,0,0,0,0,0,0,0,0,0,0,1443,0,0,2114,0,0,15,0,5,0,0,0,0,0,0,0,0,0,0,0,0,0,0,0,0,0,0,0,0,0,0,0,0,0,0,0,0,0,0,0,0,0,0,0,0,0,0,0,0,22,361,0,0,8,0,0,11,0,0,0,0,0,0,0,14,0,0,0,14,0,0,0,0,0,0,0,0,0,444,0,0,0,0,0,0,0,0,0,0,0,0,0,1,0,0,0,7,0,0,0,8,0,0,0,0,0,0,0,0,0,0,10,0,0,0,0,0,0,0,0,0,0,0,0,0,0,0,0,0,0,0,0,0,0,0,0,0,0,32,0,0,0,0,0,0,0,4,0,0,0
SRR7146731,0,0,0,0,0,0,0,0,0,0,0,0,0,0,0,0,0,0,0,0,0,7,0,0,0,0,0,134,4274,0,0,0,0,0,0,0,0,0,0,0,0,0,0,0,0,0,0,0,0,0,0,0,0,0,0,0,41,0,0,0,4,0,0,0,0,0,0,0,47,0,0,0,0,0,0,0,13,0,0,0,0,0,0,0,0,0,0,0,0,0,0,0,0,0,0,0,0,0,0,0,0,0,0,0,0,0,0,0,0,0,91,0,0,0,0,0,0,0,0,0,0,0,11,0,17,0,0,0,0,0,0,0,0,0,0,0,0,0,0,0,0,0,0,0,0,0,0,0,0,0,0,0,0,0,0,1,0,0,0,0,0,0,255,0,0,0,0,0,0,0,4,97,0,0,0,0,0,0,0,0,0,0,0,0,0,0,0,0,0,0,0,0,0,3,0,0,0,0,0,0,0,0,0,0,0,0,0,0,0,0
SRR7146732,0,0,0,0,0,0,0,0,0,0,0,0,106,0,0,0,19,0,0,0,0,0,0,0,0,0,0,638,679,0,0,0,0,0,0,0,0,0,0,0,0,0,0,0,0,0,0,0,0,0,0,0,0,0,0,0,266,0,23,42,0,0,15,93,193,0,5,0,17,0,0,0,229,0,0,0,50,0,0,0,0,0,0,0,0,0,0,0,0,0,0,0,0,0,0,0,0,0,0,0,0,0,0,0,0,0,0,0,0,0,94,0,0,0,0,0,0,0,0,0,0,0,0,0,22,0,0,0,0,0,0,0,0,0,5,0,0,0,41,0,0,2,0,0,0,0,0,0,0,0,0,0,0,0,0,5,0,0,0,0,0,0,9,20,0,0,0,0,0,0,46,88,0,0,0,0,0,0,48,0,0,0,0,0,0,0,0,0,0,0,0,0,89,16,2038,0,0,0,0,0,0,0,0,0,0,0,91,0,0,0
SRR7146733,0,0,0,0,0,0,0,0,0,0,0,0,0,0,0,0,23,0,0,0,0,7,0,0,0,0,0,100,3146,0,0,0,0,0,0,0,0,0,0,0,0,0,0,0,0,0,0,0,0,0,0,0,0,2,0,0,54,0,25,0,0,0,0,17,0,0,16,0,0,0,4,0,0,0,3,0,20,0,0,0,0,0,0,0,0,0,0,0,0,0,0,0,0,0,0,0,0,0,0,0,0,0,0,0,0,0,0,0,0,33,68,0,0,764,0,10,0,0,0,0,0,3,0,0,26,0,0,0,8,0,0,0,0,0,4,0,0,0,0,0,0,0,0,0,0,0,0,0,0,0,0,0,8,20,0,1,0,5,0,0,0,0,147,0,0,0,0,0,0,0,9,459,0,0,0,0,0,0,0,0,0,0,0,0,0,0,0,0,0,0,0,0,3,5,0,0,0,0,3,0,0,0,0,1,0,2,0,0,0,0
SRR7146734,0,0,0,0,0,0,0,0,0,0,0,0,0,0,0,0,0,0,0,0,0,35,0,0,0,0,0,1502,2493,0,0,0,0,0,0,0,0,0,0,0,0,0,0,0,0,0,0,0,0,8,0,0,0,5,0,0,352,0,0,72,11,0,1,0,12,0,0,0,0,0,0,0,109,0,0,0,81,0,0,0,0,0,0,0,0,0,0,0,0,0,0,0,0,0,0,0,0,0,0,0,0,0,0,0,0,0,0,0,0,0,79,0,0,0,0,0,0,0,0,0,0,5,0,0,14,0,0,0,0,0,0,0,0,0,0,0,0,0,0,0,0,0,0,0,0,0,0,0,0,0,0,0,0,0,0,7,0,4,0,0,0,0,0,0,0,0,0,0,0,0,15,0,0,0,0,0,0,0,0,0,0,0,0,0,0,0,0,0,0,0,18,0,0,39,118,0,0,0,0,0,0,0,0,0,0,0,0,0,0,0
SRR7146735,0,0,0,0,0,0,0,0,0,0,0,0,0,0,0,0,0,0,0,0,0,81,0,0,0,0,0,1065,1035,0,100,0,0,0,0,0,0,0,0,0,0,0,0,0,0,0,0,0,0,0,0,0,0,0,0,0,261,0,0,0,0,0,0,0,947,0,0,0,0,0,7,0,50,0,73,0,0,0,0,0,0,0,0,0,0,0,0,0,0,0,0,0,0,0,0,0,0,0,0,0,0,0,0,0,0,0,0,0,0,0,396,0,0,0,0,108,0,0,0,0,0,5,118,0,113,0,0,0,0,0,0,0,0,0,1,0,0,0,0,0,0,0,0,0,0,0,0,0,0,0,0,0,0,0,0,0,0,36,7,0,0,0,274,0,0,0,0,0,0,0,49,152,0,0,0,0,0,0,0,0,0,0,0,0,0,0,0,0,0,0,18,0,15,27,37,0,0,0,0,0,0,0,0,0,0,12,5,0,0,0
SRR7146736,0,0,0,0,0,0,0,0,0,0,0,0,0,0,0,0,82,0,0,0,0,0,0,0,0,0,0,0,2607,0,0,0,0,0,349,0,0,1404,0,0,0,0,0,0,0,0,0,0,0,0,0,0,0,0,0,26,3,0,0,0,46,0,0,40,0,0,0,0,0,0,0,0,48,0,0,0,0,0,0,0,0,0,0,0,0,0,0,0,0,0,0,0,0,0,0,0,0,0,0,0,0,0,0,0,0,0,0,0,0,0,136,0,0,0,0,0,18,0,0,0,0,0,47,0,3,0,0,0,0,0,0,0,0,0,2,0,0,0,0,0,0,0,0,0,0,0,0,0,0,0,0,0,0,0,0,0,0,2,0,0,6,0,5,0,2,0,0,0,0,0,0,32,0,0,0,0,0,0,0,0,0,0,0,0,0,0,0,0,0,0,0,0,0,0,138,0,0,0,0,0,0,0,0,3,0,0,1,0,0,0
SRR7146738,0,0,0,0,0,0,0,0,0,0,0,0,0,0,0,0,23,0,0,0,0,0,0,0,0,0,0,314,3596,0,0,0,39,0,570,0,0,0,2,0,0,0,0,0,0,0,0,0,0,0,0,0,0,0,0,0,5,0,0,52,235,0,0,1,0,0,0,0,5,0,0,0,0,3,0,0,0,0,0,0,0,0,0,0,0,0,0,0,0,0,0,0,0,0,0,0,0,0,0,0,0,0,0,0,0,0,0,0,0,8,63,0,0,2,0,0,59,0,0,0,0,0,0,0,0,0,0,0,0,0,0,0,0,0,0,0,0,0,0,0,0,0,0,0,0,0,0,0,0,0,0,0,0,0,0,0,0,0,0,0,0,0,2,3,4,0,0,0,0,0,2,2,0,0,0,0,0,0,0,0,0,0,0,0,0,0,0,0,0,0,0,0,0,0,0,0,0,0,0,0,0,0,0,0,0,0,10,0,0,0
SRR7146739,0,0,0,0,0,0,0,0,0,0,0,0,0,0,0,0,2,0,0,0,0,0,0,0,0,0,0,56,574,0,0,0,0,0,0,0,0,0,0,0,0,0,0,0,0,0,0,0,0,0,0,0,0,0,0,0,6,0,0,0,227,0,0,0,1660,0,0,0,6,0,0,0,0,0,102,1,0,0,0,0,0,0,0,0,0,0,0,0,0,0,0,0,0,0,0,0,0,0,0,0,0,0,0,0,0,0,0,0,0,0,54,0,0,0,0,355,0,0,0,0,0,2,47,0,137,0,0,0,0,0,0,0,0,0,0,0,0,0,0,0,0,0,0,0,0,0,0,0,0,0,0,0,0,30,0,0,0,18,1,0,0,0,734,0,0,0,0,0,0,0,0,947,0,0,0,0,0,0,0,0,0,0,0,0,0,0,0,0,0,0,0,0,13,1,0,0,0,0,0,0,0,0,0,0,0,2,25,0,0,0
SRR7146740,0,0,0,0,0,0,0,0,0,0,0,0,0,0,0,0,0,0,0,0,0,0,0,0,0,0,0,83,2908,0,0,0,0,0,78,0,0,10,0,0,0,0,0,0,0,0,0,0,0,0,0,0,0,0,0,0,92,0,0,339,18,0,1,0,0,0,0,0,10,0,0,0,12,8,0,0,0,0,0,0,0,0,0,0,0,0,0,0,0,0,0,0,0,0,0,0,0,0,0,0,0,0,0,0,0,0,0,0,0,0,858,0,0,155,0,0,220,0,0,0,0,4,0,0,8,0,0,0,0,0,0,0,0,0,0,0,0,0,0,0,0,0,0,0,0,0,0,0,0,0,0,0,0,43,0,0,0,0,0,0,0,0,23,3,0,0,0,0,0,0,0,9,0,0,0,0,0,0,25,0,0,0,3,0,0,0,0,0,0,0,2,0,5,0,25,0,0,0,0,0,0,0,0,0,0,5,53,0,0,0
SRR7146741,0,0,0,0,0,0,0,0,0,0,0,0,0,0,6,0,43,0,0,0,0,48,0,0,0,0,0,44,1246,0,0,0,0,0,0,0,0,0,0,0,0,0,0,0,0,0,0,0,0,0,0,0,0,0,0,0,970,0,0,0,14,0,0,4,30,0,34,0,0,0,69,0,0,10,0,69,0,0,0,0,0,0,0,0,0,0,0,0,0,0,0,0,0,0,0,0,0,0,0,0,0,0,0,0,0,0,0,0,0,0,769,0,0,28,0,0,0,0,0,0,0,35,0,0,59,0,0,0,0,0,61,0,0,0,35,0,0,0,37,0,0,0,0,0,0,0,0,0,0,0,0,0,0,499,0,27,0,48,23,0,0,0,497,0,0,0,0,0,0,0,116,11,0,0,0,0,0,0,0,0,0,0,0,0,0,0,0,0,0,0,36,0,29,103,0,0,0,0,0,0,0,0,0,0,0,0,0,0,0,0
SRR7146743,0,0,0,0,0,0,0,0,0,0,0,0,0,0,0,0,0,0,0,0,0,7,0,0,0,0,0,0,8,0,203,0,0,0,0,0,0,0,0,0,0,0,0,0,0,0,0,0,0,0,0,0,0,0,0,0,97,0,0,0,0,0,0,0,1987,0,0,0,0,0,0,0,0,0,0,1,1,0,0,0,0,0,0,0,0,0,0,0,0,0,0,0,0,0,0,0,0,0,0,0,0,0,0,0,0,0,0,0,0,0,809,0,0,2,0,366,0,0,0,0,0,0,0,0,17,0,0,0,0,0,0,0,0,0,0,0,0,0,0,0,0,0,0,0,0,0,0,0,0,0,0,0,0,0,0,0,0,0,0,0,0,0,1483,0,0,0,0,0,0,0,11,0,0,0,0,0,0,0,0,0,0,0,0,0,0,0,0,0,0,0,0,0,0,2,0,0,0,0,0,0,0,0,0,0,0,0,0,0,0,0
SRR7146744,0,0,0,0,0,0,0,0,0,0,0,0,0,0,0,0,36,0,0,0,0,0,0,0,0,0,0,107,3348,0,0,0,0,0,0,0,0,0,0,0,0,0,0,0,0,0,0,0,0,0,0,0,0,0,0,0,14,0,0,4,86,0,19,0,0,0,46,0,115,0,0,0,0,0,0,0,0,0,0,0,0,0,0,0,0,0,0,0,0,0,0,0,0,0,0,0,0,0,0,0,0,0,0,0,0,0,0,0,0,0,534,0,0,428,0,0,0,0,0,0,0,0,0,0,17,0,0,0,0,0,0,0,0,0,0,0,0,0,0,0,0,0,0,0,8,0,0,0,0,0,0,0,0,0,0,0,0,0,0,0,0,0,103,15,0,0,0,0,0,0,0,4,0,0,0,0,0,0,11,0,0,0,0,0,0,0,0,0,0,0,0,0,0,2,22,0,0,0,0,0,0,0,0,0,0,0,81,0,0,0
SRR7146745,0,0,0,0,0,0,0,0,0,0,0,0,0,0,0,0,19,0,0,0,0,0,0,0,0,0,0,11,3127,0,0,0,0,0,0,0,0,0,0,0,0,0,0,0,0,0,0,0,0,0,0,0,0,0,0,0,0,0,0,0,165,0,0,0,6,0,0,0,0,0,0,0,0,0,0,0,0,0,0,0,0,0,0,0,0,0,0,0,0,0,0,0,0,0,0,0,0,0,0,0,0,0,0,0,0,0,0,0,0,0,253,0,0,398,0,13,0,0,0,0,0,0,22,0,2,0,0,0,0,0,0,0,0,0,4,0,0,0,0,0,0,0,0,0,0,0,0,0,0,0,0,0,0,0,0,0,0,0,0,0,0,0,897,0,0,0,0,0,0,0,0,83,0,0,0,0,0,0,0,0,0,0,0,0,0,0,0,0,0,0,0,0,0,0,0,0,0,0,0,0,0,0,0,0,0,0,0,0,0,0
SRR7146746,0,0,0,0,0,0,0,0,0,0,0,0,23,0,0,0,87,0,0,0,0,7,0,0,0,0,0,6,86,0,4,0,0,0,0,0,0,0,0,0,0,0,0,0,0,0,0,0,0,0,0,0,0,0,0,0,129,0,0,0,0,0,0,4,0,0,0,0,0,0,10,0,0,0,604,0,77,0,0,0,0,0,0,0,0,0,0,0,0,0,0,0,0,0,0,0,0,0,0,0,0,0,0,0,0,0,0,0,0,0,1007,0,0,5,0,0,0,0,7,0,0,0,13,0,214,0,0,0,8,0,0,0,0,0,5,0,0,0,0,0,0,0,0,0,0,0,0,0,0,0,0,0,44,0,0,0,0,92,0,0,0,0,2509,0,0,0,0,0,0,0,12,0,0,0,0,0,0,0,0,0,0,0,0,0,0,0,0,0,0,0,8,0,0,7,0,0,0,0,32,0,0,0,0,0,0,0,0,0,0,0
SRR7146747,0,0,0,0,0,0,0,0,0,0,0,0,0,0,0,0,0,0,0,0,0,8,0,0,0,0,0,62,4771,0,0,0,0,0,0,0,0,0,0,0,0,0,0,0,0,0,0,0,0,0,0,0,0,0,0,0,64,0,0,0,0,0,0,0,0,0,0,0,0,0,0,0,0,0,0,0,0,0,0,0,0,0,0,0,0,0,0,0,0,0,0,0,0,0,0,0,0,0,0,0,0,0,0,0,0,0,0,0,3,0,70,0,0,0,0,0,0,0,0,0,0,0,11,0,0,0,0,0,0,0,0,0,0,0,0,0,0,0,0,0,0,0,0,0,0,0,0,0,0,0,0,0,0,0,0,0,0,0,0,0,0,0,0,0,0,0,0,0,0,0,1,0,0,0,0,0,0,0,0,0,0,0,0,0,0,0,0,0,0,0,0,0,0,10,0,0,0,0,0,0,0,0,0,0,0,0,0,0,0,0
SRR7146748,0,0,0,0,0,0,0,0,0,0,0,0,0,0,0,0,212,0,0,0,0,7,0,0,0,0,0,846,3146,0,0,0,0,0,2,0,0,0,0,0,0,0,0,0,0,0,0,0,0,0,0,0,0,5,0,0,23,0,0,0,53,0,0,0,10,0,1,0,0,0,0,0,0,0,0,3,6,0,0,0,0,0,0,0,0,0,0,0,0,0,0,0,0,0,0,0,0,0,0,0,0,0,0,0,0,0,0,0,1,0,519,0,0,24,0,7,0,0,0,0,0,3,0,0,3,0,0,0,0,0,0,0,0,0,0,0,0,0,0,0,0,0,0,0,0,0,0,0,18,0,0,0,0,57,0,0,0,2,16,0,0,0,0,0,0,0,0,0,0,0,3,4,0,0,0,0,0,0,0,0,0,0,0,0,0,0,0,0,0,0,0,0,23,5,0,0,0,0,0,0,0,0,0,0,0,1,0,0,0,0
SRR7146749,0,0,0,0,0,0,0,0,0,0,0,0,28,0,0,0,0,0,0,0,0,4,0,0,0,0,0,26,1955,0,0,0,0,0,32,0,0,0,0,0,0,0,0,0,0,0,0,0,0,0,0,0,0,0,0,0,80,0,0,0,81,0,35,0,0,0,0,0,150,0,0,0,37,34,0,12,0,0,0,0,0,0,0,0,0,0,0,0,0,0,0,0,0,0,0,0,0,0,0,0,0,0,0,0,0,0,0,0,0,0,193,0,0,0,0,0,755,0,0,0,0,0,7,0,89,0,0,0,0,0,11,0,0,0,0,0,0,0,0,0,0,0,0,0,0,0,0,0,0,0,0,0,0,301,0,0,0,10,0,0,0,0,65,62,0,0,0,0,0,0,8,272,0,0,0,0,0,0,50,0,0,0,0,0,0,0,0,0,0,0,0,0,36,0,127,0,0,0,0,0,0,0,0,0,0,20,520,0,0,0
SRR7146750,0,0,0,0,0,0,0,0,0,0,0,0,0,0,0,0,0,0,0,0,0,0,0,0,0,0,0,12,1675,0,4,0,0,0,0,0,0,0,0,0,0,0,0,0,0,0,0,0,0,0,0,0,0,0,0,0,16,0,0,15,2971,0,0,0,1,0,0,0,9,0,0,0,11,0,0,0,5,0,0,0,0,0,0,0,0,0,0,0,0,0,0,0,0,0,0,0,0,0,0,0,0,0,0,0,0,0,0,0,0,0,0,0,0,10,0,9,0,0,0,0,0,0,0,0,0,0,0,0,0,0,0,0,0,0,0,0,0,0,0,0,0,0,0,0,0,0,0,0,0,0,0,0,0,0,0,0,0,0,0,0,0,0,31,9,0,0,0,0,0,0,0,8,0,0,0,0,0,0,7,0,0,0,0,0,0,0,0,0,0,0,0,0,0,2,57,0,0,0,0,0,0,0,0,0,0,2,146,0,0,0
SRR7146751,0,0,0,0,0,0,0,0,0,0,0,0,0,0,0,0,0,0,0,0,0,2,0,0,0,0,0,0,38,0,0,0,0,0,0,0,0,0,0,0,0,0,0,0,0,0,0,0,0,0,0,0,0,0,0,0,248,0,0,0,0,0,172,0,0,0,0,0,244,0,0,0,45,311,0,0,0,0,0,0,0,0,0,0,0,0,0,0,0,0,0,0,0,0,0,0,0,0,0,0,0,0,0,0,0,0,0,0,13,0,137,0,0,0,0,0,0,0,0,0,0,1,0,0,26,0,0,0,0,0,17,0,0,0,0,0,0,0,0,0,0,0,0,0,0,0,0,0,0,0,0,0,0,0,0,0,0,0,0,0,0,0,289,334,0,0,0,0,0,0,86,292,0,0,0,0,0,0,161,0,0,0,50,0,0,0,0,0,0,0,0,0,51,7,522,0,0,0,0,0,0,0,0,0,0,0,1954,0,0,0
SRR7146753,0,0,0,0,0,0,0,0,0,0,0,0,3,0,0,0,2,0,0,0,0,6,0,0,0,0,0,120,4025,0,0,0,0,0,0,0,0,0,0,0,0,0,0,0,0,0,0,0,0,0,0,0,0,0,0,0,106,0,0,0,81,0,0,0,1,0,0,0,16,0,2,0,10,14,0,0,0,0,0,0,0,0,0,0,0,0,0,0,0,0,0,0,0,0,0,0,0,0,0,0,0,0,0,0,0,0,0,0,0,0,12,0,0,20,0,0,17,0,0,0,0,2,10,0,10,0,0,0,0,0,0,0,0,0,0,0,0,0,4,0,0,0,0,0,0,0,0,0,0,0,0,0,0,3,0,0,0,0,0,0,0,0,34,50,0,0,0,0,0,0,3,38,0,0,0,0,0,0,45,0,0,0,0,0,0,0,0,0,0,0,0,0,0,5,84,0,0,0,0,0,0,0,0,0,0,0,277,0,0,0
SRR7146754,0,0,0,0,0,0,0,0,0,0,0,0,0,0,10,0,10,0,0,0,0,5,0,0,0,0,0,5,3300,0,0,0,0,0,0,0,0,0,0,0,0,0,0,0,0,0,0,0,0,0,0,0,0,7,0,0,16,0,0,0,552,0,3,12,0,0,6,0,42,0,3,0,74,4,0,0,0,0,0,0,0,0,0,0,0,0,0,0,0,0,0,0,0,0,0,0,0,0,0,0,0,0,0,0,0,0,0,0,0,0,57,0,0,24,0,28,0,0,0,0,0,6,88,0,2,0,0,0,0,0,0,0,0,0,0,0,0,0,0,0,0,3,0,0,0,0,0,0,0,0,0,0,0,12,0,0,0,2,0,0,0,0,8,8,0,0,0,0,0,0,4,483,0,0,0,0,0,0,21,0,0,0,2,0,0,0,0,0,0,0,1,0,0,1,79,0,0,0,0,0,0,0,0,0,0,0,122,0,0,0
SRR7146755,0,0,0,0,0,0,0,0,0,0,0,0,0,0,0,0,39,0,0,0,0,0,0,0,0,0,0,638,322,0,0,0,0,0,48,0,0,0,0,0,0,0,0,0,0,0,0,0,0,0,0,0,0,62,0,0,2,0,0,0,3613,0,0,0,0,0,0,0,7,0,0,0,58,2,0,0,0,0,0,0,0,0,0,0,0,0,0,0,0,0,0,0,0,0,0,0,0,0,0,0,0,0,0,0,0,0,0,0,0,0,3,0,0,20,0,9,0,0,0,0,0,0,145,0,5,0,0,0,0,0,0,0,0,0,0,0,0,0,0,0,0,0,0,0,0,0,0,0,0,0,0,0,0,13,0,0,0,2,0,0,2,0,3,0,2,0,0,0,0,0,0,0,0,0,0,0,0,0,0,0,0,0,0,0,0,0,0,0,0,0,0,0,0,0,0,0,0,0,0,0,0,0,0,0,0,0,5,0,0,0
SRR7146756,0,0,0,0,0,0,0,0,0,0,0,0,0,0,0,0,102,0,0,0,0,2,0,0,0,0,0,755,1365,0,0,0,0,0,0,0,0,0,0,0,0,0,0,0,0,0,0,0,0,0,0,0,0,21,0,0,2,0,0,0,1789,0,0,1,0,0,2,0,0,0,2,0,0,0,0,0,3,0,0,0,0,0,0,0,0,0,0,0,0,0,0,0,0,0,0,0,0,0,0,0,0,0,0,0,0,0,0,0,0,21,267,0,0,326,0,28,0,0,0,0,0,6,22,0,0,0,0,0,1,0,0,0,0,0,0,0,0,0,81,0,0,0,0,0,0,0,0,0,4,0,0,0,0,3,0,0,0,0,0,0,7,0,95,7,12,0,0,0,0,0,2,17,0,0,0,0,0,0,0,0,0,0,0,0,0,0,0,0,0,0,0,0,15,0,28,0,0,0,0,0,0,0,0,0,0,4,10,0,0,0
SRR7146757,0,0,0,0,0,0,0,0,0,0,0,0,0,0,47,0,4,0,0,0,0,0,0,0,0,0,0,185,3691,0,0,0,0,0,0,0,0,0,0,0,0,0,0,0,0,0,0,0,0,0,0,0,0,0,0,0,6,0,0,0,630,0,0,0,0,0,7,0,0,0,0,0,0,0,0,0,0,0,0,0,0,0,0,0,0,0,0,0,0,0,0,0,0,0,0,0,0,0,0,0,0,0,0,0,0,0,0,0,0,0,139,0,0,178,0,0,83,0,0,0,0,0,0,0,2,0,0,0,0,0,0,0,0,0,0,0,0,0,0,0,0,1,0,0,0,0,0,0,0,0,0,0,0,0,0,1,0,4,0,0,0,0,0,3,0,0,0,0,0,0,2,4,0,0,0,0,0,0,2,0,0,0,0,0,0,0,0,0,0,0,0,0,0,0,5,0,0,0,0,0,0,0,0,0,0,0,6,0,0,0
SRR7146758,0,0,0,0,0,0,0,0,0,0,0,0,0,0,0,0,1,0,0,0,0,4,0,0,0,0,0,1209,264,0,0,0,0,0,503,0,0,0,0,0,0,0,0,0,0,0,0,0,0,0,0,0,0,0,0,0,140,0,0,128,0,0,12,0,0,0,0,0,15,0,0,0,19,56,0,0,0,0,0,0,0,0,0,0,0,0,0,0,0,0,0,0,0,0,0,0,0,0,0,0,0,0,0,0,0,0,0,0,0,0,1851,0,0,188,0,6,0,0,0,0,0,5,0,0,0,0,0,0,0,0,0,0,0,0,3,0,0,0,0,0,0,0,0,0,0,0,0,0,0,0,0,0,0,15,0,0,0,0,0,0,0,0,46,142,0,0,0,0,0,0,0,14,0,0,0,0,0,0,64,0,0,0,0,0,0,0,0,0,0,0,0,0,12,0,150,0,0,0,0,0,0,0,0,0,0,3,150,0,0,0
SRR7146759,0,0,0,0,0,0,0,0,0,0,0,0,0,0,0,0,5,0,0,0,0,2,0,0,0,0,0,0,3344,0,0,0,3,0,597,0,0,0,1,0,0,0,0,0,0,0,0,0,0,0,0,0,0,1,0,0,14,0,0,0,831,0,0,0,0,0,11,0,10,0,0,0,6,9,0,0,0,0,0,0,0,0,0,0,0,0,0,0,0,0,0,0,0,0,0,0,0,0,0,0,0,0,0,0,0,0,0,0,0,3,16,0,0,9,0,0,0,0,0,0,0,0,0,0,0,0,0,0,0,0,0,0,0,0,0,0,0,0,25,0,0,0,0,0,0,0,0,0,0,0,0,0,0,0,0,0,0,0,0,0,4,0,4,4,0,0,0,0,0,0,0,25,0,0,0,0,0,0,14,0,0,0,0,0,0,0,0,0,0,0,0,0,0,2,38,0,0,0,0,0,0,0,0,4,0,0,18,0,0,0
SRR7146761,0,0,0,0,0,0,0,0,0,0,0,0,0,0,0,0,3246,0,0,0,0,0,0,0,0,0,0,0,484,0,0,0,0,0,0,0,0,0,0,0,0,0,0,0,0,0,0,0,0,0,0,0,0,0,0,11,81,0,0,0,0,0,0,0,0,0,0,0,106,0,0,0,25,0,0,0,0,0,0,0,0,0,0,0,0,0,0,0,0,0,0,0,0,0,0,0,0,0,0,0,0,0,0,0,0,0,0,0,0,111,0,0,0,36,0,29,0,0,0,0,0,0,0,0,10,0,0,0,0,0,2,0,0,0,0,0,0,0,0,0,0,0,0,0,0,0,0,0,0,0,0,0,0,0,0,0,0,2,0,0,0,0,0,112,0,0,0,0,0,0,0,11,0,0,0,0,0,0,83,0,0,0,0,0,0,0,0,0,0,0,0,0,7,0,207,0,0,0,34,0,0,0,0,0,0,0,403,0,0,0
SRR7146762,0,0,0,0,0,0,0,0,0,0,0,0,0,0,0,0,11,0,0,0,0,28,0,0,0,0,0,0,968,0,507,0,0,0,0,0,0,0,0,0,0,0,0,0,0,0,0,0,0,0,0,0,0,0,0,0,451,0,0,0,28,0,59,0,9,0,0,0,289,0,0,0,70,24,0,158,0,0,0,0,0,0,0,0,0,0,0,0,0,0,0,0,0,0,0,0,0,0,0,0,0,0,0,0,0,0,0,0,0,0,192,0,0,106,0,277,0,0,0,0,0,0,0,0,35,0,0,0,0,0,7,0,0,0,0,0,0,0,0,0,0,0,0,0,14,0,0,0,13,0,0,0,0,139,0,0,0,387,0,0,0,0,107,102,0,0,0,0,0,0,10,94,0,0,0,0,0,0,24,0,0,0,6,0,0,0,0,0,0,0,8,0,27,17,206,0,0,0,0,0,0,0,0,5,0,18,595,0,0,0
SRR7146763,0,0,0,0,0,0,0,0,0,0,0,0,16,0,0,0,6,0,0,0,0,112,0,0,0,0,0,863,1954,0,3,0,0,0,0,0,0,0,0,0,0,0,0,0,0,0,0,0,0,10,0,0,0,0,0,0,926,0,0,0,0,0,6,0,83,0,0,0,0,0,23,0,0,0,0,0,0,0,0,0,0,0,0,0,0,0,0,0,0,0,0,0,0,0,0,0,0,0,0,0,0,0,0,0,0,0,0,0,5,0,219,0,0,3,0,0,0,0,0,0,0,15,19,0,41,0,0,0,0,0,0,0,0,0,5,0,0,0,0,0,0,0,0,0,0,0,0,0,0,0,0,0,0,0,0,0,0,0,0,0,0,0,0,0,0,0,0,0,0,0,153,384,0,0,0,0,0,0,0,0,0,0,0,0,0,0,0,0,0,0,25,0,0,35,14,0,0,0,0,0,0,0,0,0,0,13,0,0,0,0
SRR7146764,0,0,0,0,0,0,0,0,0,0,0,0,0,0,0,0,1,0,0,0,0,11,0,0,0,0,0,114,2113,0,0,0,4,0,6,0,0,10,0,0,0,0,0,0,0,0,0,0,0,0,0,0,0,0,0,0,132,0,0,4,0,0,14,7,11,0,0,0,27,0,0,0,14,12,0,0,15,0,0,0,0,0,0,0,0,0,0,0,0,0,0,0,0,0,0,0,0,0,0,0,0,0,0,0,0,0,0,0,0,0,162,0,0,223,0,22,0,0,0,0,0,0,1239,0,12,0,0,0,0,0,1,0,0,0,0,0,0,0,0,0,0,0,0,0,0,0,0,0,0,0,0,0,0,45,0,0,0,0,0,0,0,0,34,30,0,0,0,0,0,0,5,402,0,0,0,0,0,0,19,0,0,0,0,0,0,0,0,0,0,0,2,0,10,6,65,0,0,0,0,0,0,0,0,0,0,0,228,0,0,0
SRR7146765,0,0,0,0,0,0,0,0,0,0,0,0,0,0,0,0,10,0,0,0,0,14,0,0,0,0,0,668,1176,0,0,0,31,0,22,0,0,14,0,0,0,0,0,0,0,0,0,0,0,0,0,0,0,0,0,0,129,0,0,0,0,0,15,0,9,0,4,0,31,0,0,0,28,0,0,0,23,0,0,0,0,0,0,0,0,0,0,0,0,0,0,0,0,0,0,0,0,0,0,0,0,0,0,0,0,0,0,0,0,0,92,0,0,351,0,0,284,0,0,0,0,0,6,0,34,0,0,0,0,0,2,0,0,0,0,0,0,0,0,0,0,0,0,0,0,0,0,0,0,0,0,0,0,121,0,0,0,7,0,0,0,0,1311,17,2,0,0,0,0,0,3,27,0,0,0,0,0,0,22,0,0,0,0,0,0,0,0,0,0,0,0,0,77,1,358,0,0,0,0,0,0,0,0,0,0,0,111,0,0,0
SRR7146766,0,0,0,0,0,0,0,0,0,0,0,0,0,0,0,0,29,0,0,0,0,8,0,0,0,0,0,16,991,0,0,0,0,0,0,0,0,0,0,0,0,0,0,0,0,0,0,0,0,0,0,0,0,0,0,0,135,0,0,0,1,0,0,2,0,0,0,0,0,0,0,0,0,1418,0,0,0,0,0,0,0,0,0,0,0,0,0,0,0,0,0,0,0,0,0,0,0,0,0,0,0,0,0,0,0,0,0,0,0,0,168,0,0,1270,0,0,0,0,0,0,0,0,125,0,3,0,0,0,0,0,0,0,0,0,0,0,0,0,0,0,0,0,0,0,0,0,0,0,0,0,0,0,0,39,0,0,4,2,0,0,0,0,0,0,0,0,0,0,0,0,0,748,0,0,0,0,0,0,0,0,0,0,0,0,0,0,0,0,0,0,4,0,4,0,0,0,0,0,9,0,0,0,0,0,0,24,0,0,0,0
SRR7146767,0,0,0,0,0,0,0,0,0,0,0,0,0,0,0,0,25,0,0,0,0,0,0,0,0,0,0,103,3671,0,15,0,4,0,24,0,0,0,0,0,0,0,0,0,0,0,0,0,0,0,0,0,0,0,0,0,42,0,0,224,129,0,2,3,0,0,8,0,0,0,0,0,1,4,0,0,0,0,0,0,0,0,0,0,0,0,0,0,0,0,0,0,0,0,0,0,0,0,0,0,0,0,0,0,0,0,0,0,0,4,549,0,0,36,0,0,0,0,0,0,0,0,5,0,0,0,0,0,0,0,0,0,0,0,0,0,0,0,2,0,0,0,0,0,0,0,0,0,0,0,0,0,2,9,0,0,1,0,0,0,0,0,4,15,15,0,0,0,0,0,1,30,0,0,0,0,0,0,12,0,0,0,1,0,0,0,0,0,0,0,0,0,2,0,17,0,0,0,0,0,0,0,0,3,0,0,37,0,0,0
SRR7146769,0,0,0,0,0,0,0,0,0,0,0,0,0,0,0,0,0,0,0,0,0,0,0,0,0,0,0,0,312,0,0,0,2719,0,773,0,0,0,0,0,0,0,0,0,0,0,0,0,0,0,0,0,0,0,0,0,91,0,0,0,10,0,7,42,0,0,0,0,0,0,0,0,28,9,0,5,0,0,0,0,0,0,0,0,0,0,0,0,0,0,0,0,0,0,0,0,0,0,0,0,0,0,0,0,0,0,0,0,0,22,60,0,0,710,0,0,0,0,0,0,0,4,0,0,0,0,0,0,2,0,0,0,0,0,0,0,0,0,0,0,0,0,0,0,0,0,0,0,0,0,0,0,0,0,0,0,0,0,6,0,0,0,6,3,0,0,0,0,0,0,6,0,0,0,0,0,0,0,35,0,0,0,0,0,0,0,0,0,0,0,0,0,0,7,39,0,0,0,0,0,0,0,0,34,0,0,70,0,0,0
SRR7146770,0,0,0,0,0,0,0,0,0,0,0,0,0,0,0,0,70,0,0,0,0,0,0,0,0,0,0,16,78,0,0,0,101,0,4126,0,0,0,8,0,0,0,0,0,0,0,0,0,0,0,0,0,0,0,0,0,19,0,48,0,0,0,13,27,0,0,0,0,13,0,0,0,0,8,0,0,3,0,0,0,0,0,0,0,0,0,0,0,0,0,0,0,0,0,0,0,0,0,0,0,0,0,0,0,0,0,0,0,0,67,26,0,0,38,0,13,0,0,4,0,0,0,0,0,28,0,0,0,22,0,0,0,0,0,0,0,0,0,0,0,0,0,0,0,0,0,0,0,0,0,0,0,1,0,0,0,0,0,0,0,0,0,101,6,44,0,0,0,0,0,1,0,0,0,0,0,0,0,8,0,0,0,0,0,0,0,0,0,0,0,0,0,0,0,22,0,0,0,33,0,0,0,0,8,0,0,48,0,0,0
SRR7146772,0,0,0,0,0,0,0,0,0,0,0,0,0,0,0,0,19,0,0,0,0,7,0,0,0,0,0,18,4199,0,0,0,45,0,0,0,0,0,7,0,0,0,0,0,0,0,0,0,2,0,0,0,0,0,0,0,67,0,15,0,0,0,0,1,0,0,0,0,0,0,0,0,0,0,0,0,0,0,0,0,0,0,0,0,0,0,0,0,0,0,0,0,0,0,0,0,0,0,0,0,0,0,0,0,0,0,0,0,0,4,553,0,0,8,0,0,0,0,0,0,0,0,0,0,3,0,0,0,2,0,0,0,0,0,0,0,0,0,0,0,0,0,0,0,0,0,0,0,0,0,0,0,3,1,0,0,0,0,0,0,0,0,0,0,20,0,0,0,0,0,6,15,0,0,0,0,0,0,0,0,0,0,0,0,0,0,0,0,0,0,1,0,0,1,0,0,0,0,0,0,0,0,0,0,0,3,0,0,0,0
SRR7146773,0,0,0,0,0,0,0,0,0,0,0,0,0,0,0,0,32,0,0,0,0,414,0,0,0,0,0,0,448,0,0,0,0,0,0,0,0,0,0,0,0,0,0,0,0,0,0,0,0,0,0,0,0,0,0,0,2408,0,0,0,95,0,0,0,0,0,0,0,32,0,6,0,0,0,0,0,0,0,0,0,0,0,0,0,0,0,0,0,0,0,0,0,0,0,0,0,0,0,0,0,0,0,0,0,0,0,0,0,0,0,102,0,0,0,0,0,0,0,0,0,0,63,0,0,0,0,0,0,0,0,13,0,0,0,0,0,0,0,0,0,0,0,0,0,0,0,0,0,0,0,0,0,0,0,0,58,0,21,0,0,0,0,0,0,0,0,0,0,0,0,303,718,0,0,0,0,0,0,0,0,0,0,0,0,0,0,0,0,0,0,50,0,186,51,0,0,0,0,0,0,0,0,0,0,0,0,0,0,0,0
SRR7146774,0,0,0,0,0,0,0,0,0,0,0,0,2,0,0,0,3,0,0,0,0,10,0,0,0,0,0,0,1322,0,0,0,0,0,0,0,0,0,0,0,0,0,0,0,0,0,0,0,0,5,0,0,0,0,0,0,239,0,0,0,6,0,0,0,0,0,0,0,0,0,0,0,0,0,0,0,0,0,0,0,0,0,0,0,0,0,0,0,0,0,0,0,0,0,0,0,0,0,0,0,0,0,0,0,0,0,0,0,0,0,227,0,0,2162,0,0,0,0,0,0,0,3,0,0,5,0,0,0,0,0,0,0,0,0,0,0,0,0,0,0,0,0,0,0,0,0,0,0,0,0,0,0,5,3,0,0,0,0,0,0,0,0,0,0,0,0,0,0,0,0,26,928,0,0,0,0,0,0,0,0,0,0,0,0,0,0,0,0,0,0,5,0,16,2,0,0,0,0,0,0,0,0,0,0,0,23,8,0,0,0
SRR7146775,0,0,0,0,0,0,0,0,0,0,0,0,0,0,0,0,19,0,0,0,0,3,0,0,0,0,0,8,2218,0,8,0,0,0,0,0,0,0,0,0,0,0,0,0,0,0,0,0,0,0,0,0,0,0,0,0,22,0,0,0,15,0,2,0,20,0,0,0,28,0,0,0,75,76,654,0,81,0,0,0,0,0,0,0,0,0,0,0,0,0,0,0,0,0,0,0,0,0,0,0,0,0,0,0,0,0,0,0,0,0,169,0,0,12,0,0,0,0,0,0,0,0,0,0,550,0,0,0,6,0,0,0,0,0,0,0,0,0,0,0,0,0,0,0,0,0,0,0,0,0,0,0,0,0,0,0,0,30,46,0,0,0,41,93,0,0,0,0,0,0,3,0,0,0,0,0,0,0,126,0,0,0,12,0,0,0,0,0,0,0,0,0,88,9,92,0,0,0,0,0,0,0,0,0,0,59,435,0,0,0
SRR7146776,0,0,0,0,0,0,0,0,0,0,0,0,0,0,0,0,0,0,0,0,0,66,0,0,0,0,0,4,1202,0,62,0,0,0,0,0,0,0,0,0,0,0,0,0,0,0,0,0,0,0,0,0,0,0,0,0,464,0,0,0,0,0,0,0,27,0,0,0,0,0,4,0,8,0,4,0,0,0,0,0,0,0,0,0,0,0,0,0,0,0,0,0,0,0,0,0,0,0,0,0,0,0,0,0,0,0,0,0,6,0,114,0,0,0,0,87,0,0,0,0,0,2,8,0,59,0,0,0,0,0,0,0,0,0,3,0,0,0,0,0,0,4,0,0,0,0,0,0,1,0,0,0,0,16,0,15,0,6,0,0,0,0,1408,0,0,0,0,0,0,0,46,1257,0,0,0,0,0,0,0,0,0,0,0,0,0,0,0,0,0,0,14,0,0,19,11,0,0,0,0,0,0,0,0,0,0,34,0,0,0,0
SRR7146777,0,0,0,0,0,0,0,0,0,0,0,0,0,0,2,0,9,0,0,0,0,12,0,0,0,0,0,123,3669,0,0,0,21,0,251,0,0,0,0,0,0,0,0,0,0,0,0,0,0,0,0,0,0,3,0,0,165,0,0,10,49,0,0,0,0,0,0,0,4,0,0,0,0,0,0,7,5,0,0,0,0,0,0,0,0,0,0,0,0,0,0,0,0,0,0,0,0,0,0,0,0,0,0,0,0,0,0,0,9,4,234,0,0,20,0,0,13,0,0,0,0,12,0,0,105,0,0,0,0,0,0,0,0,0,0,0,0,0,0,0,0,0,0,0,0,0,0,0,0,0,0,0,0,71,0,3,0,25,23,0,0,0,89,0,0,0,0,0,0,0,23,5,0,0,0,0,0,0,0,0,0,0,0,0,0,0,0,0,0,0,2,0,9,10,0,0,0,0,0,0,0,0,0,8,0,4,0,0,0,0
SRR7146778,0,0,0,0,0,0,0,0,0,0,0,0,0,0,0,0,0,0,0,0,0,81,0,0,0,0,0,0,3378,0,0,0,0,0,0,0,0,0,0,0,0,0,0,0,0,0,0,0,0,29,0,0,0,0,0,0,533,0,0,0,367,0,0,0,0,0,0,0,0,0,0,0,5,0,0,0,0,0,0,0,0,0,0,0,0,0,0,0,0,0,0,0,0,0,0,0,0,0,0,0,0,0,0,0,0,0,0,0,14,0,0,0,0,0,0,0,0,0,0,0,0,15,0,0,0,0,0,0,0,0,6,0,0,0,0,0,0,0,0,0,0,0,0,0,0,0,0,0,0,0,0,0,0,0,0,41,0,0,0,0,0,0,0,0,0,0,0,0,0,0,18,444,0,0,0,0,0,0,0,0,0,0,0,0,0,0,0,0,0,0,32,0,0,30,7,0,0,0,0,0,0,0,0,0,0,0,0,0,0,0
SRR7146780,0,0,0,0,0,0,0,0,0,0,0,0,0,0,0,0,55,0,0,0,0,39,0,0,0,0,0,43,1179,0,0,0,9,0,3,0,0,0,0,0,0,0,0,0,0,0,0,0,0,0,0,0,0,0,0,0,549,0,0,0,308,0,0,0,9,0,0,0,0,0,7,0,0,87,0,0,9,0,0,0,0,0,0,0,0,0,0,0,0,0,0,0,0,0,0,0,0,0,0,0,0,0,0,0,0,0,0,0,1,8,1527,0,0,325,0,98,0,0,0,0,0,0,0,0,13,0,0,0,2,0,0,0,0,0,0,0,0,0,0,0,0,7,0,0,0,0,0,0,0,0,0,0,0,0,0,0,0,0,0,0,0,0,436,0,0,0,0,0,0,0,34,170,0,0,0,0,0,0,0,0,0,0,0,0,0,0,0,0,0,0,12,0,27,12,0,0,0,0,0,0,0,0,0,0,0,0,0,0,0,0
SRR7146781,0,0,0,0,0,0,0,0,0,0,0,0,9,0,0,0,24,0,0,0,0,22,0,0,0,0,0,0,1141,0,0,0,0,0,0,0,0,0,0,0,0,0,0,0,0,0,0,0,0,0,0,0,0,2,0,0,393,0,0,0,2034,0,0,12,0,0,6,0,0,0,5,0,0,0,0,0,0,0,0,0,0,0,0,0,0,0,0,0,0,0,0,0,0,0,0,0,0,0,0,0,0,0,0,0,0,0,0,0,0,0,234,0,0,6,0,0,9,0,0,0,0,20,398,0,3,0,0,0,0,0,0,0,0,0,0,0,0,0,28,0,0,16,0,0,0,0,0,0,0,0,0,0,0,0,0,0,0,24,24,0,0,0,0,0,0,0,0,0,0,0,51,518,0,0,0,0,0,0,0,0,0,0,0,0,0,0,0,0,0,0,0,0,3,0,0,0,0,0,1,0,3,0,0,0,0,14,0,0,0,0
SRR7146782,0,0,0,0,0,0,0,0,0,0,0,0,0,0,0,0,222,0,0,0,0,27,0,0,0,0,0,0,2433,0,0,0,0,0,0,0,0,0,0,0,0,0,0,0,0,0,0,0,10,0,0,0,0,0,0,0,292,0,24,0,412,0,0,6,0,0,9,0,0,0,13,0,0,0,3,0,0,0,0,0,0,0,0,0,0,0,0,0,0,0,0,0,0,0,0,0,0,0,0,0,0,0,0,0,0,0,0,0,0,0,214,0,0,498,0,0,15,0,0,0,0,17,30,0,1,0,0,0,0,0,0,0,0,0,0,0,0,0,269,0,0,0,0,0,0,0,0,0,0,0,0,0,0,20,0,0,0,0,9,0,0,0,106,0,0,0,0,0,0,0,29,301,0,0,0,0,0,0,0,0,0,0,0,0,0,0,0,0,0,0,16,0,0,16,0,0,0,0,3,0,0,0,0,0,0,5,0,0,0,0
SRR7146783,0,0,0,0,0,0,0,0,0,0,0,0,0,0,0,0,1950,0,0,0,0,0,0,0,0,0,0,0,817,0,0,0,0,0,0,0,0,0,31,0,0,0,0,0,0,0,0,0,63,0,0,0,0,0,0,33,31,0,0,0,488,0,0,85,0,0,0,0,0,0,0,0,0,0,9,5,0,0,0,0,0,0,0,0,0,0,0,0,0,0,0,0,0,0,0,0,0,0,0,0,0,0,0,0,0,0,0,0,1,115,51,0,0,119,0,0,0,0,0,0,0,0,47,0,38,0,0,0,0,0,0,0,0,0,0,0,0,0,340,0,0,0,0,0,0,0,0,0,0,0,0,0,40,19,0,0,0,0,4,0,387,0,0,0,0,0,0,0,0,0,0,284,0,0,0,0,0,0,0,0,0,0,0,0,0,0,0,0,0,0,0,0,2,0,0,0,0,0,0,0,0,0,0,41,0,0,0,0,0,0
SRR7146784,0,0,0,0,0,0,0,0,0,0,0,0,0,0,0,0,3,0,0,0,0,0,0,0,0,0,0,0,2276,0,0,0,0,0,0,0,0,0,0,0,0,0,0,0,0,0,0,0,0,0,0,0,0,0,0,1,2,0,0,0,10,0,0,0,0,0,5,0,0,0,0,0,1,0,0,0,0,0,0,0,0,0,0,0,0,0,0,0,0,0,0,0,0,0,0,0,0,0,0,0,0,0,0,0,0,0,0,0,0,5,42,0,0,2060,0,177,0,0,0,0,0,0,13,0,0,0,0,0,0,0,0,0,0,0,0,0,0,0,17,0,0,0,0,0,0,0,0,0,0,0,0,0,0,0,0,0,0,0,0,0,1,0,1,0,0,0,0,0,0,0,1,344,0,0,0,0,0,0,0,0,0,0,0,0,0,0,0,0,0,0,0,0,0,1,0,0,0,0,0,0,0,0,0,0,0,40,0,0,0,0
SRR7146785,0,0,0,0,0,0,0,0,0,0,0,0,0,0,0,0,106,0,0,0,0,5,0,0,0,0,0,128,4169,0,0,0,0,0,0,0,0,0,0,0,0,0,0,0,0,0,0,0,0,0,0,0,0,0,0,8,106,0,0,6,62,0,3,0,0,0,0,0,4,0,3,0,0,0,1,0,0,0,0,0,0,0,0,0,0,0,0,0,0,0,0,0,0,0,0,0,0,0,0,0,0,0,0,0,0,0,0,0,0,2,44,0,0,4,0,11,0,0,0,0,0,2,0,0,14,0,0,0,7,0,23,0,0,0,0,0,0,0,0,0,0,1,0,0,0,0,0,0,0,0,0,0,4,24,0,2,0,0,0,0,0,0,5,0,0,0,0,0,0,0,6,8,0,0,0,0,0,0,1,0,0,0,0,0,0,0,0,0,0,0,1,0,228,0,0,0,0,0,0,0,0,0,0,12,0,0,0,0,0,0
SRR7146786,0,0,0,0,0,0,0,0,0,0,0,0,4,0,0,0,44,0,0,0,0,4,0,0,0,0,0,36,1163,0,0,0,0,0,3,0,0,2,7,0,0,0,0,0,0,0,0,0,1,0,0,0,0,0,0,2,45,0,0,1,3,0,0,22,1,0,4,0,0,0,2,0,0,0,8,0,0,0,0,0,0,0,0,0,0,0,0,0,0,0,0,0,0,0,0,0,0,0,0,0,0,0,0,0,0,0,0,0,0,7,283,0,0,2112,0,12,38,0,0,0,0,2,0,0,68,0,0,0,1,0,1,0,0,0,0,0,0,0,72,0,0,0,0,0,0,0,0,0,4,0,0,0,0,5,0,2,0,0,0,0,8,0,161,1,4,0,0,0,0,0,6,845,0,0,0,0,0,0,0,0,0,0,0,0,0,0,0,0,0,0,4,0,2,2,0,0,0,0,0,0,0,0,0,7,0,1,0,0,0,0
SRR7146787,0,0,0,0,0,0,0,0,0,0,0,0,0,0,0,0,7,0,0,0,0,1,0,0,0,0,0,0,110,0,0,0,0,0,0,0,0,0,0,0,0,0,0,0,0,0,0,0,0,0,0,0,0,0,0,0,23,0,0,0,0,0,0,2,43,0,0,0,0,0,0,0,20,0,0,0,223,0,0,0,0,0,0,0,0,0,0,0,0,0,0,0,0,0,0,0,0,0,0,0,0,0,0,0,0,0,0,0,0,0,82,0,0,0,0,2073,0,0,0,0,0,0,0,0,0,0,0,0,0,0,0,0,0,0,0,0,0,0,0,0,0,0,0,0,0,0,0,0,0,0,0,0,0,0,0,0,0,0,0,0,0,0,2060,0,0,0,0,0,0,0,3,90,0,0,0,0,0,0,0,0,0,0,0,0,0,0,0,0,0,0,0,0,0,0,4,0,0,0,0,0,0,0,0,0,0,259,0,0,0,0
SRR7146788,0,0,0,0,0,0,0,0,0,0,0,0,58,0,0,0,40,0,0,0,0,7,0,0,0,0,0,308,1426,0,0,0,0,0,62,0,0,0,0,0,0,0,0,0,0,0,0,0,0,9,0,0,0,1,0,0,167,0,0,281,26,0,0,2,23,0,0,0,3,0,6,0,8,0,0,13,54,0,0,0,0,0,0,0,0,0,0,0,0,0,0,0,0,0,0,0,0,0,0,0,0,0,0,0,0,0,0,0,1,2,1294,0,0,0,0,1000,0,0,0,0,0,9,0,0,42,0,0,0,1,0,2,0,0,0,0,0,0,0,0,0,0,0,0,0,0,0,0,0,0,0,0,0,0,55,0,0,0,15,0,0,0,0,0,0,6,0,0,0,0,0,13,6,0,0,0,0,0,0,0,0,0,0,0,0,0,0,0,0,0,0,1,0,5,16,3,0,0,0,0,0,0,0,0,0,0,35,0,0,0,0
SRR7146789,0,0,0,0,0,0,0,0,0,0,0,0,0,0,0,0,4,0,0,0,0,11,0,0,0,0,0,542,3965,0,0,0,0,0,34,0,0,0,0,0,0,0,0,0,0,0,0,0,0,0,0,0,0,0,0,0,98,0,0,66,34,0,0,0,0,0,0,0,5,0,0,0,0,0,0,0,0,0,0,0,0,0,0,0,0,0,0,0,0,0,0,0,0,0,0,0,0,0,0,0,0,0,0,0,0,0,0,0,0,6,35,0,0,1,0,45,0,0,0,0,0,0,19,0,0,0,0,0,0,0,5,0,0,0,0,0,0,0,0,0,0,0,0,0,0,0,0,0,0,0,0,0,0,14,0,0,0,0,0,0,3,0,0,0,3,0,0,0,0,0,8,51,0,0,0,0,0,0,0,0,0,0,0,0,0,0,0,0,0,0,0,0,35,4,10,0,0,0,0,0,0,0,0,0,0,0,2,0,0,0
SRR7146790,0,0,0,0,0,0,0,0,0,0,0,0,9,0,0,0,312,0,0,0,0,14,0,0,0,0,0,59,1886,0,2,0,0,0,0,0,0,0,0,0,0,0,0,0,0,0,0,0,2,0,0,0,0,0,0,0,229,0,0,0,1152,0,0,28,0,0,3,0,0,0,0,0,3,0,0,0,0,0,0,0,0,0,0,0,0,0,0,0,0,0,0,0,0,0,0,0,0,0,0,0,0,0,0,0,0,0,0,0,0,9,248,0,0,275,0,0,0,0,7,0,0,2,1,0,2,0,0,0,0,0,0,0,0,0,0,0,0,0,0,0,0,0,0,0,0,0,0,0,0,0,0,0,0,67,0,4,0,0,0,0,0,0,13,0,5,0,0,0,0,0,17,412,0,0,0,0,0,0,0,0,0,0,0,0,0,0,0,0,0,0,18,0,12,6,0,0,0,0,192,0,0,0,0,0,0,11,0,0,0,0
SRR7146792,0,0,0,0,0,0,0,0,0,0,0,0,0,0,0,0,0,0,0,0,0,0,0,0,0,0,0,0,90,0,0,0,0,0,0,0,0,0,0,0,0,0,0,0,0,0,0,0,0,0,0,0,0,0,0,0,4,0,0,0,0,0,683,0,0,0,0,0,1762,0,0,0,0,0,0,0,0,0,0,0,0,0,0,0,0,0,0,0,0,0,0,0,0,0,0,0,0,0,0,0,0,0,0,0,0,0,0,0,0,0,0,0,0,0,0,0,0,0,0,0,0,0,0,0,189,0,0,0,0,0,0,0,0,0,0,0,0,0,0,0,0,0,0,0,334,0,0,0,0,0,0,0,0,0,0,0,0,0,0,0,0,0,1133,96,0,0,0,0,0,0,0,0,0,0,0,0,0,0,0,0,0,0,0,0,0,0,0,0,0,0,0,0,0,0,0,0,0,0,0,0,0,0,0,0,0,0,709,0,0,0
SRR7146794,0,0,0,0,0,0,0,0,0,0,0,0,0,0,0,0,0,0,0,0,0,45,0,0,0,0,0,0,320,0,0,0,0,0,0,0,0,7,0,0,0,0,0,0,0,0,0,0,0,0,0,0,0,0,0,0,222,0,0,0,0,0,107,0,0,0,0,0,729,0,0,0,169,0,0,0,0,0,0,0,0,0,0,0,0,0,0,0,0,0,0,0,0,0,0,0,0,0,0,0,0,0,0,0,0,0,0,0,0,0,120,0,0,0,0,0,0,0,0,0,0,0,16,0,95,0,0,0,0,0,0,0,0,0,0,0,0,0,0,0,0,0,0,0,24,0,0,0,0,0,0,0,0,0,0,11,0,0,0,0,0,0,294,291,0,0,0,0,0,0,19,29,0,0,0,0,0,0,150,0,0,0,117,0,0,0,0,0,0,0,0,0,96,0,636,0,0,0,0,0,0,0,0,0,0,0,1503,0,0,0
SRR7146797,0,0,0,0,0,0,0,0,0,0,0,0,0,0,0,0,0,0,0,0,0,80,0,0,0,0,0,0,77,0,0,0,0,0,0,0,0,0,0,0,0,0,0,0,0,0,0,0,0,0,0,0,0,0,0,0,1169,0,0,0,60,0,39,0,0,0,0,0,346,0,5,0,72,132,0,0,0,0,0,0,0,0,0,0,0,0,0,0,0,0,0,0,0,0,0,0,0,0,0,0,0,0,0,0,0,0,0,0,4,0,0,0,0,0,0,0,0,0,0,0,0,31,0,0,59,0,0,0,0,0,0,0,0,0,0,0,0,0,0,0,0,0,0,0,0,0,0,0,0,0,0,0,0,0,0,0,0,0,0,0,0,0,127,681,0,0,0,0,0,0,6,0,0,0,0,0,0,0,540,0,0,0,0,0,0,0,0,0,0,0,16,0,5,47,707,0,0,0,0,0,0,0,0,0,0,0,797,0,0,0
SRR7146798,0,0,0,0,0,0,0,0,0,0,0,0,0,0,0,0,0,0,0,0,0,66,0,0,0,0,0,0,0,0,0,0,0,0,0,0,0,0,0,0,0,0,0,0,0,0,0,0,0,14,0,0,0,0,0,0,776,0,0,0,60,0,46,0,0,0,0,0,140,0,0,0,86,130,0,0,0,0,0,0,0,0,0,0,0,0,0,0,0,0,0,0,0,0,0,0,0,0,0,0,0,0,0,0,0,0,0,0,0,0,17,0,0,77,0,0,65,0,0,0,0,12,0,0,0,0,0,0,0,0,0,0,0,0,0,0,0,0,0,0,0,13,0,0,0,0,0,0,0,0,0,0,0,0,0,0,0,0,0,0,0,0,120,171,0,0,0,0,0,0,22,4,0,0,0,0,0,0,570,0,0,0,0,0,0,0,0,0,0,0,0,0,30,0,1014,0,0,0,0,0,0,0,0,0,0,0,1567,0,0,0
SRR7146800,0,0,0,0,0,0,0,0,0,0,0,0,3,0,0,0,1388,0,0,0,0,6,0,0,0,0,0,37,1551,0,0,0,0,0,0,0,0,0,6,0,0,0,0,0,0,0,0,0,0,0,0,0,0,0,0,7,36,0,0,0,15,0,0,340,0,0,0,0,0,0,0,0,0,0,0,0,0,0,0,0,0,0,0,0,0,0,0,0,0,0,0,0,0,0,0,0,0,0,0,0,0,0,0,0,0,0,0,0,0,57,143,0,0,302,0,0,36,0,0,0,0,2,0,0,2,0,0,0,0,0,0,0,0,0,0,0,0,0,0,0,0,0,0,0,0,0,0,0,0,0,0,0,0,0,0,0,0,0,0,0,0,0,0,0,29,0,0,0,0,0,4,473,0,0,0,0,0,0,0,0,0,0,0,0,0,0,0,0,0,0,0,0,0,0,0,0,0,0,521,0,0,0,0,15,0,27,0,0,0,0
SRR7146802,0,0,0,0,0,0,0,0,0,0,0,0,0,0,23,0,2,0,0,0,0,0,0,0,0,0,0,127,1920,0,0,0,0,0,0,0,0,0,0,0,0,0,0,0,0,0,0,0,0,0,0,0,0,0,0,3,0,0,0,26,1371,0,0,2,0,0,0,0,0,0,0,0,2,46,0,0,0,0,0,0,0,0,0,0,0,0,0,0,0,0,0,0,0,0,0,0,0,0,0,0,0,0,0,0,0,0,0,0,0,0,26,0,0,223,0,0,6,0,0,0,0,0,17,0,327,0,0,0,0,0,0,0,0,0,0,0,0,0,0,0,0,0,0,0,0,0,0,0,0,0,0,0,0,0,0,0,0,0,0,0,0,0,383,0,0,0,0,0,0,0,0,492,0,0,0,0,0,0,0,0,0,0,0,0,0,0,0,0,0,0,0,0,0,0,1,0,0,0,0,0,0,0,0,0,0,0,3,0,0,0
SRR7146803,0,0,0,0,0,0,0,0,0,0,0,0,0,0,3,0,0,0,0,0,0,0,0,0,0,0,0,28,2279,0,185,0,0,0,0,0,0,0,0,0,0,0,0,0,0,0,0,0,0,0,0,0,0,0,0,0,44,0,0,25,1276,0,7,11,0,0,0,0,4,0,0,0,0,36,1,1,0,0,0,0,0,0,0,0,0,0,0,0,0,0,0,0,0,0,0,0,0,0,0,0,0,0,0,0,0,0,0,0,0,8,106,0,0,296,0,0,0,0,0,0,0,0,0,0,423,0,0,0,0,0,0,0,0,0,0,0,0,0,0,0,0,0,0,0,0,0,0,0,0,0,0,0,0,0,0,0,0,0,0,0,0,0,131,18,0,0,0,0,0,0,0,53,0,0,0,0,0,0,11,0,0,0,0,0,0,0,0,0,0,0,0,0,0,0,36,0,0,0,2,0,0,0,0,0,0,0,16,0,0,0
SRR7146804,0,0,0,0,0,0,0,0,0,0,0,0,0,0,0,0,0,0,0,0,0,2,0,0,0,0,0,12,699,0,0,0,0,0,0,0,0,0,0,0,0,0,0,0,0,0,0,0,0,0,0,0,0,0,0,0,20,0,0,1,3930,0,0,0,0,0,0,0,0,0,0,0,0,0,0,2,0,0,0,0,0,0,0,0,0,0,0,0,0,0,0,0,0,0,0,0,0,0,0,0,0,0,0,0,0,0,0,0,1,0,21,0,0,46,0,0,4,0,0,0,0,0,206,0,3,0,0,0,0,0,0,0,0,0,0,0,0,0,0,0,0,0,0,0,0,0,0,0,0,0,0,0,0,8,0,0,0,3,2,0,0,0,0,0,0,0,0,0,0,0,0,16,0,0,0,0,0,0,0,0,0,0,0,0,0,0,0,0,0,0,0,0,20,1,0,0,0,0,0,0,0,0,0,0,0,3,0,0,0,0
SRR7146806,0,0,0,0,0,0,0,0,0,0,0,0,8,0,0,0,0,0,0,0,0,5,0,0,0,0,0,75,4249,0,0,0,0,0,0,0,0,0,0,0,0,0,0,0,0,0,0,0,0,0,0,0,0,0,0,0,36,0,0,2,0,0,5,5,0,0,0,0,0,0,0,0,0,0,0,0,0,0,0,0,0,0,0,0,0,0,0,0,0,0,0,0,0,0,0,0,0,0,0,0,0,0,0,0,0,0,0,0,0,0,182,0,0,112,0,59,0,0,2,0,0,0,0,0,0,0,0,0,0,0,0,0,0,0,0,0,0,0,0,0,0,0,0,0,0,0,0,0,0,0,0,0,0,3,0,0,0,0,0,0,0,0,18,0,0,0,0,0,0,0,0,187,0,0,0,0,0,0,10,0,0,0,0,0,0,0,0,0,0,0,0,0,5,3,4,0,0,0,0,0,0,0,0,0,0,0,30,0,0,0
SRR7146807,0,0,0,0,0,0,0,0,0,0,0,0,0,0,0,0,265,0,0,0,0,0,0,0,0,0,0,87,2687,0,211,0,0,0,0,0,0,0,0,0,0,0,0,0,0,0,0,0,0,0,0,0,0,0,0,9,0,0,0,0,638,0,0,100,1,0,56,0,0,0,0,0,0,3,0,0,0,0,0,0,0,0,0,0,0,0,0,0,0,0,0,0,0,0,0,0,0,0,0,0,0,0,0,0,0,0,0,0,0,22,136,0,0,428,0,4,0,0,0,0,0,0,25,0,0,0,0,0,4,0,0,0,0,0,0,0,0,0,18,0,0,0,0,0,0,0,0,0,0,0,0,0,20,0,0,0,17,0,0,0,7,0,35,0,65,0,0,0,0,0,0,113,0,0,0,0,0,0,0,0,0,0,0,0,0,0,0,0,0,0,0,0,0,0,0,0,0,0,9,0,0,0,0,31,0,0,9,0,0,0
SRR7146809,0,0,0,0,0,0,0,0,0,0,0,0,0,0,0,0,4,0,0,0,0,0,0,0,0,0,0,84,4445,0,0,0,0,0,0,0,0,1,0,0,0,0,0,0,0,0,0,0,0,0,0,0,0,0,0,0,0,0,0,1,18,0,0,0,0,0,2,0,3,0,0,0,12,0,26,0,0,0,0,0,0,0,0,0,0,0,0,0,0,0,0,0,0,0,0,0,0,0,0,0,0,0,0,0,0,0,0,0,0,0,10,0,0,156,0,10,0,0,0,0,0,0,10,0,1,0,0,0,0,0,0,0,0,0,0,0,0,0,0,0,0,0,0,0,0,0,0,0,0,0,0,0,0,1,0,0,0,0,0,0,0,0,18,0,0,0,0,0,0,0,0,197,0,0,0,0,0,0,0,0,0,0,0,0,0,0,0,0,0,0,0,0,1,0,0,0,0,0,0,0,0,0,0,0,0,0,0,0,0,0
SRR7146810,0,0,0,0,0,0,0,0,0,0,0,0,12,0,0,0,1144,0,0,0,0,10,0,0,0,0,0,0,915,0,0,0,0,0,11,0,0,0,25,0,0,0,0,0,0,0,0,0,0,0,0,0,0,0,0,97,161,0,122,0,16,0,0,18,2,0,346,0,3,0,0,0,0,5,17,0,0,0,0,0,0,0,0,0,0,0,0,0,0,0,0,0,0,0,0,0,0,0,0,0,0,0,0,0,0,0,0,0,0,92,113,0,0,24,0,18,0,0,0,0,0,0,0,0,707,0,0,0,13,0,0,0,0,0,14,0,0,0,0,0,0,4,0,0,0,0,0,0,9,0,0,0,101,8,0,0,10,6,0,0,2,0,385,0,380,0,0,0,0,0,4,149,0,0,0,0,0,0,15,0,0,0,0,0,0,0,0,0,0,0,10,0,0,4,8,0,0,0,5,0,0,0,0,15,0,0,0,0,0,0
SRR7146811,0,0,0,0,0,0,0,0,0,0,0,0,0,0,41,0,4,0,0,0,0,0,0,0,0,0,0,5,2193,0,0,0,0,0,0,0,0,0,0,0,0,0,0,0,0,0,0,0,0,0,0,0,0,0,0,0,0,0,0,0,643,0,0,0,2,0,0,0,0,0,0,0,0,13,0,0,3,0,0,0,0,0,0,0,0,0,0,0,0,0,0,0,0,0,0,0,0,0,0,0,0,0,0,0,0,0,0,0,0,0,92,0,0,210,0,7,0,0,0,0,0,0,9,0,1019,0,0,0,0,0,0,0,0,0,0,0,0,0,0,0,0,0,0,0,0,0,0,0,106,0,0,0,0,9,0,0,0,0,0,0,0,0,360,0,0,0,0,0,0,0,0,279,0,0,0,0,0,0,0,0,0,0,0,0,0,0,0,0,0,0,0,0,0,0,0,0,0,0,0,0,0,0,0,0,0,5,0,0,0,0
SRR7146814,0,0,0,0,0,0,0,0,0,0,0,0,18,0,0,0,0,0,0,0,0,0,0,0,0,0,0,36,2692,0,0,0,0,0,0,0,0,0,0,0,0,0,0,0,0,0,0,0,0,0,0,0,0,0,0,0,74,0,0,0,96,0,8,0,9,0,0,0,0,0,0,0,16,657,0,5,0,0,0,0,0,0,0,0,0,0,0,0,0,0,0,0,0,0,0,0,0,0,0,0,0,0,0,0,0,0,0,0,0,0,347,0,0,171,0,0,241,0,0,0,0,0,5,0,10,0,0,0,0,0,0,0,0,0,10,0,0,0,0,0,0,4,0,0,0,0,0,0,0,0,0,0,0,0,0,0,0,21,0,0,0,0,228,41,0,0,0,0,0,0,6,17,0,0,0,0,0,0,98,0,0,0,0,0,0,0,0,0,0,0,0,0,0,0,111,0,0,0,0,0,0,0,0,0,0,0,79,0,0,0
SRR7146815,0,0,0,0,0,0,0,0,0,0,0,0,0,0,0,0,0,0,0,0,0,16,0,0,0,0,0,57,433,0,0,0,1756,0,1329,0,0,0,0,0,0,0,0,0,0,0,0,0,0,0,0,0,0,0,0,0,434,0,0,0,35,0,0,0,13,0,0,0,4,0,0,0,0,0,0,15,160,0,0,0,0,0,0,0,0,0,0,0,0,0,0,0,0,0,0,0,0,0,0,0,0,0,0,0,0,0,0,0,0,0,192,0,0,8,0,0,328,0,39,0,0,0,0,0,11,0,0,0,0,0,8,0,0,0,0,0,0,0,0,0,0,0,0,0,0,0,0,0,0,0,0,0,0,0,0,15,0,26,11,0,0,0,0,0,0,0,0,0,0,0,12,12,0,0,0,0,0,0,0,0,0,0,0,0,0,0,0,0,0,0,0,0,0,0,24,0,0,0,0,0,7,0,0,3,0,39,13,0,0,0
SRR7146816,0,0,0,0,0,0,0,0,0,0,0,0,0,0,0,0,13,0,0,0,0,6,0,0,0,0,0,187,3775,0,0,0,0,0,25,0,0,0,3,0,0,0,0,0,0,0,0,0,0,0,0,0,0,0,0,0,102,0,0,36,0,0,0,0,0,0,0,0,0,0,0,0,21,0,0,0,0,0,0,0,0,0,0,0,0,0,0,0,0,0,0,0,0,0,0,0,0,0,0,0,0,0,0,0,0,0,0,0,0,0,825,0,0,0,0,0,0,0,0,0,0,0,0,0,0,0,0,0,0,0,0,0,0,0,0,0,0,0,0,0,0,0,0,0,0,0,0,0,0,0,0,0,0,0,0,0,0,0,0,0,0,0,0,0,0,0,0,0,0,0,0,1,0,0,0,0,0,0,0,0,0,0,0,0,0,0,0,0,0,0,0,0,6,0,0,0,0,0,0,0,0,0,0,0,0,0,0,0,0,0
SRR7146817,0,0,0,0,0,0,0,0,0,0,0,0,0,0,0,0,22,0,0,0,0,117,0,0,0,0,0,63,2207,0,0,0,0,0,0,0,0,0,0,0,0,0,0,0,0,0,0,0,0,0,0,0,0,0,0,0,1281,0,0,0,21,0,0,10,0,0,0,0,0,0,37,0,60,0,0,0,0,0,0,0,0,0,0,0,0,0,0,0,0,0,0,0,0,0,0,0,0,0,0,0,0,0,0,0,0,0,0,0,18,0,91,0,0,283,0,36,0,0,6,0,0,56,0,0,41,0,0,0,0,0,14,0,0,0,0,0,0,0,87,0,0,26,0,0,0,0,0,0,0,0,0,0,0,10,0,0,0,0,0,0,28,0,118,0,0,0,0,0,0,0,37,155,0,0,0,0,0,0,0,0,0,0,0,0,0,0,0,0,0,0,53,0,8,41,19,0,0,0,0,0,0,0,0,0,0,7,0,0,0,0
SRR7146819,0,0,0,0,0,0,0,0,0,0,0,0,0,0,0,0,0,0,0,0,0,0,0,0,0,0,0,0,0,0,0,0,0,0,0,0,0,0,0,0,0,0,0,0,0,0,0,0,0,0,0,0,0,0,0,0,0,0,0,0,0,0,790,0,0,0,0,0,1679,0,0,0,0,0,0,0,0,0,0,0,0,0,0,0,0,0,0,0,0,0,0,0,0,0,0,0,0,0,0,0,0,0,0,0,0,0,0,0,0,0,0,0,0,0,0,0,0,0,0,0,0,0,0,0,197,0,0,0,0,0,0,0,0,0,0,0,0,0,0,0,0,0,0,0,317,0,0,0,0,0,0,0,0,0,0,0,0,0,0,0,0,0,1238,73,0,0,0,0,0,0,0,0,0,0,0,0,0,0,0,0,0,0,0,0,0,0,0,0,0,0,0,0,0,0,21,0,0,0,0,0,0,0,0,0,0,0,685,0,0,0
SRR7146820,0,0,0,0,0,0,0,0,0,0,0,0,0,0,0,0,0,0,0,0,0,3,0,0,0,0,0,0,48,0,0,0,0,0,0,0,0,0,0,0,0,0,0,0,0,0,0,0,0,0,0,0,0,0,0,0,7,0,0,0,0,0,788,0,0,0,0,0,1599,0,0,0,42,0,0,0,0,0,0,0,0,0,0,0,0,0,0,0,0,0,0,0,0,0,0,0,0,0,0,0,0,0,0,0,0,0,0,0,0,0,9,0,0,0,0,0,0,0,0,0,0,0,0,0,200,0,0,0,0,0,0,0,0,0,0,0,0,0,0,0,0,0,0,0,249,0,0,0,0,0,0,0,0,0,0,0,0,0,0,0,0,0,1324,57,0,0,0,0,0,0,2,0,0,0,0,0,0,0,0,0,0,0,0,0,0,0,0,0,0,0,0,0,0,0,0,0,0,0,0,0,0,0,0,0,0,0,672,0,0,0
SRR7146821,0,0,0,0,0,0,0,0,0,0,0,0,57,0,0,0,0,0,0,0,0,103,0,0,0,0,0,0,45,0,0,0,0,0,0,0,0,0,0,0,0,0,0,0,0,0,0,0,0,0,0,0,0,6,0,0,2231,0,0,0,0,0,0,0,18,0,0,0,0,0,20,0,0,0,0,13,0,0,0,0,0,0,0,0,0,0,0,0,0,0,0,0,0,0,0,0,0,0,0,0,0,0,0,0,0,0,0,0,18,0,297,0,0,0,0,216,0,0,0,0,0,7,0,0,499,0,0,0,0,0,0,0,0,0,74,0,0,0,0,0,0,38,0,0,0,0,0,0,0,0,0,0,0,0,0,0,0,31,0,0,0,0,0,0,0,0,0,0,0,0,83,1110,0,0,0,0,0,0,0,0,0,0,0,0,0,0,0,0,0,0,55,0,0,19,5,0,0,0,0,0,0,0,0,0,0,0,0,0,0,0
SRR7146822,0,0,0,0,0,0,0,0,0,0,0,0,0,0,0,0,0,0,0,0,0,151,0,0,0,0,0,0,89,0,0,0,0,0,0,0,0,0,0,0,0,0,0,0,0,0,0,0,0,0,0,0,0,0,0,0,2087,0,0,0,467,0,0,0,14,0,0,0,0,0,20,0,155,0,0,0,71,0,0,0,0,0,0,0,0,0,0,0,0,0,0,0,0,0,0,0,0,0,0,0,0,0,0,0,0,0,0,0,11,0,212,0,0,0,0,0,343,0,0,0,0,23,0,0,21,0,0,0,0,0,0,0,0,0,0,0,0,0,0,0,0,27,0,0,0,0,0,0,0,0,0,0,0,298,0,52,0,32,0,0,0,0,608,0,0,0,0,0,0,0,92,27,0,0,0,0,0,0,0,0,0,0,0,0,0,0,0,0,0,0,16,0,11,17,65,0,0,0,0,0,9,0,0,0,0,0,0,0,0,0
SRR7146823,0,0,0,0,0,0,0,0,0,0,0,0,0,0,0,0,0,0,0,0,0,157,0,0,0,0,0,53,305,0,0,0,0,0,0,0,0,0,0,0,0,0,0,0,0,0,0,0,0,0,0,0,0,33,0,0,2600,0,0,0,0,0,0,0,1,0,0,0,0,0,180,0,0,0,0,0,0,0,0,0,0,0,0,0,0,0,0,0,0,0,0,0,0,0,0,0,0,0,0,0,0,0,0,0,0,0,0,0,65,36,0,0,0,0,0,0,0,0,40,0,0,34,0,0,0,0,0,0,0,0,0,0,0,0,0,0,0,0,0,0,0,20,0,0,0,0,0,0,0,0,0,0,0,146,0,24,0,8,0,0,0,0,552,0,0,0,0,0,0,0,343,123,0,0,0,0,0,0,0,0,0,0,0,0,0,0,0,0,0,0,53,0,0,117,0,0,0,0,0,0,16,0,0,0,0,0,0,0,0,0
SRR7146826,0,0,0,0,0,0,0,0,0,0,0,0,9,0,0,0,339,0,0,0,0,18,0,0,0,0,0,0,11,0,0,0,0,0,0,0,0,0,0,0,0,0,0,0,0,0,0,0,16,5,0,0,0,0,0,0,277,0,0,0,0,0,0,18,677,0,45,0,0,0,17,0,0,0,3,0,403,0,0,0,0,0,0,0,0,0,0,0,0,0,0,0,0,0,0,0,0,0,0,0,0,0,0,0,0,0,0,0,5,0,0,0,0,0,0,723,0,0,2,0,0,3,0,0,347,0,0,0,0,0,0,0,0,0,16,0,0,0,2,0,0,0,0,0,0,0,0,0,0,0,0,0,15,847,0,0,7,24,28,0,0,0,1100,0,21,0,0,0,0,0,6,0,0,0,0,0,0,0,0,0,0,0,0,0,0,0,0,0,0,0,3,0,0,0,0,0,0,0,0,0,0,0,0,0,0,9,0,0,0,0
SRR7146827,0,0,0,0,0,0,0,0,0,0,0,0,79,0,0,0,8,0,0,0,0,13,0,0,0,0,0,141,231,0,60,0,0,0,0,0,0,0,0,0,0,0,0,0,0,0,0,0,8,0,0,0,0,0,0,0,275,0,0,0,0,0,0,0,16,0,10,0,0,0,6,0,22,0,0,7,258,0,0,0,0,0,0,0,0,0,0,0,0,0,0,0,0,0,0,0,0,0,0,0,0,0,0,0,0,0,0,0,0,0,260,0,0,0,0,222,457,0,0,0,0,0,0,0,276,0,0,0,0,0,0,0,0,0,33,0,0,0,0,0,0,0,0,0,0,0,0,0,0,0,0,0,0,203,0,2,0,55,10,0,0,0,1723,0,0,0,0,0,0,0,9,34,0,0,0,0,0,0,0,0,0,0,0,0,0,0,0,0,0,0,0,0,0,6,449,0,0,0,0,0,0,0,0,0,0,122,0,0,0,0
SRR7146828,0,0,0,0,0,0,0,0,0,0,0,0,5,0,0,0,87,0,0,0,0,9,0,0,0,0,0,52,3214,0,57,0,0,0,0,0,0,0,14,0,0,0,0,0,0,0,0,0,0,0,0,0,0,0,0,0,102,0,0,0,34,0,5,20,3,0,415,0,16,0,4,0,26,22,3,0,0,0,0,0,0,0,0,0,0,0,0,0,0,0,0,0,0,0,0,0,0,0,0,0,0,0,0,0,0,0,0,0,0,33,158,0,0,11,0,0,0,0,0,0,0,3,59,0,5,0,0,0,0,0,7,0,0,0,0,0,0,0,46,0,0,0,0,0,0,0,0,0,0,0,0,0,0,0,0,0,0,0,0,0,12,0,7,35,293,0,0,0,0,0,17,0,0,0,0,0,0,0,31,0,0,0,0,0,0,0,0,0,0,0,0,0,5,0,52,0,0,0,0,0,0,0,0,7,0,2,129,0,0,0
SRR7146829,0,0,0,0,0,0,0,0,0,0,0,0,0,0,0,0,0,0,0,0,0,0,0,0,0,0,0,0,70,0,0,0,0,0,0,0,0,0,0,0,0,0,0,0,0,0,0,0,0,0,0,0,0,14,0,0,55,0,0,0,735,0,0,0,0,0,9,0,0,0,0,0,1507,18,0,20,0,0,0,0,0,0,0,0,0,0,0,0,0,0,0,0,0,0,0,0,0,0,0,0,0,0,0,0,0,0,0,0,0,0,153,0,0,936,0,78,0,0,0,0,0,9,273,0,0,0,0,0,0,0,0,0,0,0,0,0,0,0,0,0,0,0,0,0,0,0,0,0,0,0,0,0,0,0,0,0,0,0,0,0,0,0,79,61,0,0,0,0,0,0,0,582,0,0,0,0,0,0,104,0,0,0,0,0,0,0,0,0,0,0,0,0,0,0,89,0,0,0,0,0,0,0,0,0,0,8,200,0,0,0
SRR7146831,0,0,0,0,0,0,0,0,0,0,0,0,0,0,9,0,341,0,0,0,0,0,0,0,0,0,0,5,1510,0,0,0,0,0,0,0,0,0,0,0,0,0,0,0,0,0,0,0,0,0,0,0,0,0,0,30,7,0,0,0,1326,0,0,0,0,0,399,0,0,0,0,0,5,9,26,0,0,0,0,0,0,0,0,0,0,0,0,0,0,0,0,0,0,0,0,0,0,0,0,0,0,0,0,0,0,0,0,0,0,30,33,0,0,749,0,121,0,0,0,0,0,0,0,0,3,0,0,0,0,0,0,0,0,0,2,0,0,0,9,0,0,0,0,0,2,0,0,0,41,0,0,0,3,64,0,0,0,4,0,0,0,0,26,0,147,0,0,0,0,0,2,12,0,0,0,0,0,0,15,0,0,0,1,0,0,0,0,0,0,0,0,0,0,0,1,0,0,0,0,0,0,0,0,0,0,0,68,0,0,0
SRR7146832,0,0,0,0,0,0,0,0,0,0,0,0,0,0,0,0,0,0,0,0,0,0,0,0,0,0,0,2556,2300,0,0,0,0,0,2,0,0,0,0,0,0,0,0,0,0,0,0,0,0,0,0,0,0,0,0,0,0,0,0,19,27,0,0,0,0,0,5,0,0,0,0,0,15,1,0,0,0,0,0,0,0,0,0,0,0,0,0,0,0,0,0,0,0,0,0,0,0,0,0,0,0,0,0,0,0,0,0,0,0,0,35,0,0,4,0,3,0,0,0,0,0,0,5,0,0,0,0,0,0,0,0,0,0,0,0,0,0,0,0,0,0,0,0,0,0,0,0,0,0,0,0,0,0,0,0,0,0,0,0,0,0,0,20,0,0,0,0,0,0,0,2,6,0,0,0,0,0,0,0,0,0,0,0,0,0,0,0,0,0,0,0,0,0,0,0,0,0,0,0,0,0,0,0,0,0,0,0,0,0,0
SRR7146833,0,0,0,0,0,0,0,0,0,0,0,0,0,0,0,0,0,0,0,0,0,3,0,0,0,0,0,8,3504,0,0,0,0,0,0,0,0,0,0,0,0,0,0,0,0,0,0,0,0,0,0,0,0,0,0,0,43,0,0,0,16,0,59,0,0,0,0,0,239,0,0,0,0,0,0,0,0,0,0,0,0,0,0,0,0,0,0,0,0,0,0,0,0,0,0,0,0,0,0,0,0,0,0,0,0,0,0,0,0,0,87,0,0,96,0,0,10,0,0,0,0,0,9,0,40,0,0,0,0,0,0,0,0,0,0,0,0,0,0,0,0,0,0,0,35,0,0,0,0,0,0,0,0,0,0,0,0,0,0,0,0,0,120,56,0,0,0,0,0,0,0,167,0,0,0,0,0,0,47,0,0,0,0,0,0,0,0,0,0,0,0,0,0,0,81,0,0,0,0,0,0,0,0,0,0,0,380,0,0,0
SRR7146834,0,0,0,0,0,0,0,0,0,0,0,0,0,0,0,0,0,0,0,0,0,0,0,0,0,0,0,0,41,0,0,0,0,0,0,0,0,0,0,0,0,0,0,0,0,0,0,0,0,0,0,0,0,0,0,0,0,0,0,0,0,0,603,0,0,0,0,0,1856,0,0,0,0,0,0,0,0,0,0,0,0,0,0,0,0,0,0,0,0,0,0,0,0,0,0,0,0,0,0,0,0,0,0,0,0,0,0,0,0,0,0,0,0,0,0,0,0,0,0,0,0,0,0,0,298,0,0,0,0,0,0,0,0,0,0,0,0,0,0,0,0,0,0,0,260,0,0,0,0,0,0,0,0,0,0,0,0,0,0,0,0,0,1198,23,0,0,0,0,0,0,0,0,0,0,0,0,0,0,0,0,0,0,0,0,0,0,0,0,0,0,0,0,0,0,0,0,0,0,0,0,0,0,0,0,0,0,721,0,0,0
SRR7146835,0,0,0,0,0,0,0,0,0,0,0,0,0,0,0,0,0,0,0,0,0,79,0,0,0,0,0,0,93,0,0,0,0,0,0,0,0,0,0,0,0,0,0,0,0,0,0,0,0,0,0,0,0,0,0,0,413,0,0,0,62,0,8,78,0,0,0,0,331,0,0,0,131,341,0,0,0,0,0,0,0,0,0,0,0,0,0,0,0,0,0,0,0,0,0,0,0,0,0,0,0,0,0,0,0,0,0,0,0,0,4,0,0,151,0,0,0,0,0,0,0,9,0,0,45,0,0,0,0,0,0,0,0,0,0,0,0,0,0,0,0,0,0,0,4,0,0,0,0,0,0,0,0,24,0,2,0,0,0,0,0,0,2,355,0,0,0,0,0,0,81,0,0,0,0,0,0,0,355,0,0,0,10,0,0,0,0,0,0,0,29,0,0,18,994,0,0,0,0,0,0,0,0,0,0,23,1358,0,0,0
SRR7146836,0,0,0,0,0,0,0,0,0,0,0,0,0,0,0,0,0,0,0,0,0,30,0,0,0,0,0,0,28,0,0,0,0,0,0,0,0,0,0,0,0,0,0,0,0,0,0,0,0,0,0,0,0,0,0,0,420,0,0,0,53,0,127,0,0,0,0,0,261,0,3,0,157,226,25,0,0,0,0,0,0,0,0,0,0,0,0,0,0,0,0,0,0,0,0,0,0,0,0,0,0,0,0,0,0,0,0,0,0,4,24,0,0,104,0,0,0,0,0,0,0,3,0,0,46,0,0,0,0,0,0,0,0,0,0,0,0,0,0,0,0,0,0,0,7,0,0,0,0,0,0,0,0,0,0,0,0,0,0,0,0,0,61,334,0,0,0,0,0,0,58,0,0,0,0,0,0,0,403,0,0,0,0,0,0,0,0,0,0,0,4,0,20,0,837,0,0,0,0,0,0,0,0,0,0,1,1764,0,0,0
SRR7146837,0,0,0,0,0,0,0,0,0,0,0,0,0,0,0,0,0,0,0,0,0,7,0,0,0,0,0,0,75,0,0,0,0,0,0,0,0,0,0,0,0,0,0,0,0,0,0,0,0,33,0,0,0,0,0,0,175,0,0,0,0,0,160,0,0,0,0,0,194,0,0,0,237,374,0,0,0,0,0,0,0,0,0,0,0,0,0,0,0,0,0,0,0,0,0,0,0,0,0,0,0,0,0,0,0,0,0,0,0,0,22,0,0,338,0,0,17,0,0,0,0,0,0,0,0,0,0,0,0,0,0,0,0,0,0,0,0,0,0,0,0,8,0,0,19,0,0,0,0,0,0,0,0,92,0,0,0,0,0,0,0,0,392,333,0,0,0,0,0,0,20,0,0,0,0,0,0,0,269,0,0,0,0,0,0,0,0,0,0,0,31,0,58,0,1010,0,0,0,0,0,0,0,0,0,0,62,1074,0,0,0
SRR7146838,0,0,0,0,0,0,0,0,0,0,0,0,0,0,0,0,1357,0,0,0,0,0,0,0,0,0,0,0,266,0,0,0,0,0,0,0,0,0,103,0,0,0,0,0,0,0,0,0,189,0,0,0,0,0,0,72,33,0,0,0,308,0,0,555,0,0,0,0,0,0,0,0,0,0,80,0,0,0,0,0,0,0,0,0,0,0,0,0,0,0,0,0,0,0,0,0,0,0,0,0,0,0,0,0,0,0,0,0,0,27,27,0,0,7,0,0,0,0,0,0,0,0,0,0,28,0,0,0,0,0,3,0,0,0,0,0,0,0,1268,0,0,0,0,0,0,0,0,0,0,0,0,0,155,0,0,0,0,0,0,0,68,0,0,0,188,0,0,0,0,0,0,19,0,0,0,0,0,0,0,0,0,0,0,0,0,0,0,0,0,0,0,0,20,0,0,0,0,0,100,0,0,0,0,127,0,0,0,0,0,0
SRR7146839,0,0,0,0,0,0,0,0,0,0,0,0,0,0,0,0,0,0,0,0,0,9,0,0,0,0,0,139,817,0,55,0,138,0,2293,0,0,15,0,0,0,0,0,0,0,0,0,0,0,10,0,0,0,0,0,0,310,0,0,0,0,0,0,4,30,0,3,0,5,0,0,0,59,0,0,0,0,0,0,0,0,0,0,0,0,0,0,0,0,0,0,0,0,0,0,0,0,0,0,0,0,0,0,0,0,0,0,0,2,0,510,0,0,76,0,0,258,0,0,0,0,0,0,0,18,0,0,0,0,0,0,0,0,0,0,0,0,0,0,0,0,0,0,0,0,0,0,0,0,0,0,0,0,0,0,9,0,3,0,0,0,0,0,0,0,0,0,0,0,0,23,45,0,0,0,0,0,0,0,0,0,0,0,0,0,0,0,0,0,0,0,0,20,3,111,0,0,0,9,0,0,0,0,0,0,0,0,0,0,0
SRR7146840,0,0,0,0,0,0,0,0,0,0,0,0,0,0,0,0,0,0,0,0,0,4,0,0,0,0,0,0,4023,0,2,0,0,0,0,0,0,0,0,0,0,0,0,0,0,0,0,0,0,0,0,0,0,0,0,0,50,0,0,0,0,0,0,0,0,0,0,0,0,0,0,0,0,0,0,0,29,0,0,0,0,0,0,0,0,0,0,0,0,0,0,0,0,0,0,0,0,0,0,0,0,0,0,0,0,0,0,0,0,0,0,0,0,5,0,423,0,0,0,0,0,0,5,0,102,0,0,0,0,0,0,0,0,0,0,0,0,0,0,0,0,0,0,0,0,0,0,0,0,0,0,0,0,0,0,0,0,0,0,0,0,0,264,0,0,0,0,0,0,0,3,0,0,0,0,0,0,0,0,0,0,0,0,0,0,0,0,0,0,0,0,0,0,0,1,0,0,0,0,0,0,0,0,0,0,89,0,0,0,0
SRR7146841,0,0,0,0,0,0,0,0,0,0,0,0,0,0,0,0,0,0,0,0,0,0,0,0,0,0,0,22,4815,0,0,0,0,0,0,0,0,0,0,0,0,0,0,0,0,0,0,0,0,0,0,0,0,0,0,0,2,0,0,53,22,0,0,0,0,0,0,0,0,0,0,0,0,0,0,0,0,0,0,0,0,0,0,0,0,0,0,0,0,0,0,0,0,0,0,0,0,0,0,0,0,0,0,0,0,0,0,0,0,0,9,0,0,2,0,0,0,0,0,0,0,0,0,0,5,0,0,0,0,0,0,0,0,0,0,0,0,0,0,0,0,0,0,0,0,0,0,0,0,0,0,0,0,0,0,0,0,0,0,0,0,0,3,0,0,0,0,0,0,0,0,64,0,0,0,0,0,0,0,0,0,0,0,0,0,0,0,0,0,0,0,0,0,0,0,0,0,0,0,0,0,0,0,0,0,0,3,0,0,0
SRR7146843,0,0,0,0,0,0,0,0,0,0,0,0,14,0,0,0,21,0,0,0,0,0,0,0,0,0,0,0,53,0,0,0,0,0,0,0,0,11,9,0,0,0,0,0,0,0,0,0,0,0,0,0,0,0,0,0,57,0,0,0,0,0,0,6,0,0,0,0,0,0,0,0,2,0,0,0,0,0,0,0,0,0,0,0,0,0,0,0,0,0,0,0,0,0,0,0,0,0,0,0,0,0,0,0,0,0,0,0,0,0,373,0,0,4,0,107,0,0,0,0,0,0,3360,0,79,0,0,0,0,0,0,0,0,0,0,0,0,0,0,0,0,0,0,0,0,0,0,0,0,0,0,0,0,72,0,0,0,0,0,0,0,0,66,0,0,0,0,0,0,0,3,754,0,0,0,0,0,0,0,0,0,0,0,0,0,0,0,0,0,0,2,0,3,1,3,0,0,0,0,0,0,0,0,0,0,0,0,0,0,0
SRR7146844,0,0,0,0,0,0,0,0,0,0,0,0,0,0,0,0,7,0,0,0,0,23,0,0,0,0,0,0,239,0,4,0,0,0,20,0,0,0,0,0,0,0,0,0,0,0,0,0,0,8,0,0,0,0,0,0,1103,0,2,0,36,0,0,2,0,0,0,0,0,0,0,0,3,0,0,6,22,0,0,0,0,0,0,0,0,0,0,0,0,0,0,0,0,0,0,0,0,0,0,0,0,0,0,0,0,0,0,0,8,0,35,0,0,0,0,0,0,0,0,0,0,0,0,0,0,0,0,0,0,0,0,0,0,0,0,0,0,0,0,0,0,0,0,0,0,0,0,0,0,0,0,0,2,0,0,23,0,0,0,0,0,0,33,0,0,0,0,0,0,0,54,3299,0,0,0,0,0,0,0,0,0,0,0,0,0,0,0,0,0,0,12,0,0,9,0,0,0,0,0,0,0,0,0,0,0,7,0,0,0,0
SRR7146846,0,0,0,0,0,0,0,0,0,0,0,0,0,0,0,0,634,0,0,0,0,0,0,0,0,0,0,0,32,0,101,0,0,0,62,0,0,0,63,0,0,0,0,0,0,0,0,0,51,0,0,0,0,0,0,76,140,0,111,0,0,0,0,119,8,0,0,0,2,0,6,0,0,0,1129,0,48,0,0,0,0,0,0,0,0,0,0,0,0,0,0,0,0,0,0,0,0,0,0,0,0,0,0,0,0,0,0,0,0,417,638,0,0,0,0,51,0,0,0,0,0,0,0,0,246,0,0,0,67,0,0,0,0,0,0,0,0,0,0,0,0,0,0,0,0,0,0,0,0,0,0,0,0,0,0,0,0,16,0,0,0,0,0,0,71,0,0,0,0,0,4,491,0,0,0,0,0,0,0,0,0,0,0,0,0,0,0,0,0,0,0,0,0,7,243,0,0,0,137,0,0,0,0,20,0,10,0,0,0,0
SRR7146848,0,0,0,0,0,0,0,0,0,0,0,0,0,0,0,0,0,0,0,0,0,103,0,0,0,0,0,0,87,0,0,0,0,0,0,0,0,0,0,0,0,0,0,0,0,0,0,0,0,0,0,0,0,0,0,0,2343,0,0,0,34,0,0,0,647,0,0,0,0,0,17,0,1,0,33,0,0,0,0,0,0,0,0,0,0,0,0,0,0,0,0,0,0,0,0,0,0,0,0,0,0,0,0,0,0,0,0,0,0,0,93,0,0,0,0,103,0,0,0,0,0,52,0,0,112,0,0,0,0,0,0,0,0,0,0,0,0,0,0,0,0,6,0,0,0,0,0,0,0,0,0,0,0,5,0,19,0,0,26,0,0,0,274,0,0,0,0,0,0,0,68,654,0,0,0,0,0,0,0,0,0,0,0,0,0,0,0,0,0,0,58,0,0,66,111,0,0,0,0,0,0,0,0,0,0,0,0,0,0,0
SRR7146849,0,0,0,0,0,0,0,0,0,0,0,0,0,0,0,0,0,0,0,0,0,69,0,0,0,0,0,0,404,0,0,0,0,0,0,0,0,0,0,0,0,0,0,0,0,0,0,0,0,0,0,0,0,0,0,0,791,0,0,0,0,0,0,0,0,0,0,0,5,0,5,0,5,0,48,0,8,0,0,0,0,0,0,0,0,0,0,0,0,0,0,0,0,0,0,0,0,0,0,0,0,0,0,0,0,0,0,0,3,0,0,0,0,559,0,115,0,0,0,0,0,4,0,0,128,0,0,0,0,0,0,0,0,0,19,0,0,0,7,0,0,0,0,0,0,0,0,0,47,0,0,0,0,90,0,14,0,3,0,0,0,0,869,0,0,0,0,0,0,0,41,1706,0,0,0,0,0,0,0,0,0,0,0,0,0,0,0,0,0,0,13,0,0,28,0,0,0,0,0,0,4,0,0,0,0,1,0,0,0,0
SRR7146850,0,0,0,0,0,0,0,0,0,0,0,0,0,0,0,0,0,0,0,0,0,124,0,0,0,0,0,0,20,0,0,0,0,0,0,0,0,0,0,0,0,0,0,0,0,0,0,0,0,31,0,0,0,0,0,0,1330,0,0,0,263,0,0,0,627,0,0,0,0,0,0,0,4,0,0,0,0,0,0,0,0,0,0,0,0,0,0,0,0,0,0,0,0,0,0,0,0,0,0,0,0,0,0,0,0,0,0,0,0,0,0,0,0,0,0,268,0,0,0,0,0,0,0,0,51,0,0,0,0,0,0,0,0,0,0,0,0,0,0,0,0,11,0,0,0,0,0,0,30,0,0,0,0,0,0,14,0,0,0,0,0,0,1385,0,0,0,0,0,0,0,155,509,0,0,0,0,0,0,0,0,0,0,0,0,0,0,0,0,0,0,57,0,9,59,0,0,0,0,0,0,0,0,0,0,0,0,0,0,0,0
SRR7146851,0,0,0,0,0,0,0,0,0,0,0,0,0,0,0,0,0,0,0,0,0,25,0,0,0,0,0,45,324,0,0,0,0,0,0,0,0,0,0,0,0,0,0,0,0,0,0,0,0,0,0,0,0,0,0,0,816,0,0,0,0,0,0,0,18,0,0,0,3,0,0,0,765,0,0,0,17,0,0,0,0,0,0,0,0,0,0,0,0,0,0,0,0,0,0,0,0,0,0,0,0,0,0,0,0,0,0,0,8,0,183,0,0,0,0,0,0,0,0,0,0,0,0,0,89,0,0,0,0,0,0,0,0,0,9,0,0,0,0,0,0,4,0,0,0,0,0,0,0,0,0,0,0,101,0,0,0,0,0,0,0,0,0,0,0,0,0,0,0,0,38,2405,0,0,0,0,0,0,0,0,0,0,0,0,0,0,0,0,0,0,26,0,0,71,32,0,0,0,0,0,0,0,0,0,0,4,0,0,0,0
SRR7146852,0,0,0,0,0,0,0,0,0,0,0,0,45,0,0,0,0,0,0,0,0,16,0,0,0,0,0,28,0,0,0,0,0,0,0,0,0,0,0,0,0,0,0,0,0,0,0,0,0,0,0,0,0,0,0,0,667,0,0,0,0,0,120,0,0,0,0,0,1085,0,0,0,50,153,0,0,0,0,0,0,0,0,0,0,0,0,0,0,0,0,0,0,0,0,0,0,0,0,0,0,0,0,0,0,0,0,0,0,0,0,0,0,0,0,0,0,0,0,0,0,0,0,0,0,0,0,0,0,0,0,7,0,0,0,0,0,0,0,0,0,0,6,0,0,0,0,0,0,0,0,0,0,0,0,0,0,0,0,0,0,0,0,90,223,0,0,0,0,0,0,13,0,0,0,0,0,0,0,292,0,0,0,0,0,0,0,0,0,0,0,46,0,71,0,835,0,0,0,0,0,0,0,0,0,0,0,1253,0,0,0
SRR7146853,0,0,0,0,0,0,0,0,0,0,0,0,0,0,0,0,0,0,0,0,0,0,0,0,0,0,0,0,94,0,0,0,0,0,0,0,0,0,0,0,0,0,0,0,0,0,0,0,0,0,0,0,0,0,0,0,64,0,0,0,0,0,21,0,0,0,0,0,55,0,19,0,9,107,0,6,104,0,0,0,0,0,0,0,0,0,0,0,0,0,0,0,0,0,0,0,0,0,0,0,0,0,0,0,0,0,0,0,0,0,13,0,0,172,0,2642,0,0,0,0,0,59,0,0,71,0,0,0,0,0,0,0,0,0,0,0,0,0,0,0,0,0,0,0,0,0,0,0,0,0,0,0,0,0,0,0,0,12,43,0,0,0,219,265,0,0,0,0,0,0,8,108,0,0,0,0,0,0,195,0,0,0,0,0,0,0,0,0,0,0,0,0,4,0,304,0,0,0,0,0,5,0,0,0,0,0,401,0,0,0
SRR7146854,0,0,0,0,0,0,0,0,0,0,0,0,0,0,11,0,1,0,0,0,0,0,0,0,0,0,0,11,2905,0,11,0,2,0,0,0,0,0,0,0,0,0,0,0,0,0,0,0,0,0,0,0,0,0,0,0,7,0,0,0,24,0,0,22,0,0,0,0,0,0,0,0,0,0,0,0,0,0,0,0,0,0,0,0,0,0,0,0,0,0,0,0,0,0,0,0,0,0,0,0,0,0,0,0,0,0,0,0,0,0,45,0,0,1315,0,145,0,0,0,0,0,0,0,0,0,0,0,0,0,0,0,0,0,0,0,0,0,0,13,0,0,0,0,0,0,0,0,0,0,0,0,0,0,5,0,0,0,0,0,0,0,0,404,10,0,0,0,0,0,0,0,51,0,0,0,0,0,0,1,0,0,0,0,0,0,0,0,0,0,0,0,0,0,0,0,0,0,0,0,0,0,0,0,0,0,0,17,0,0,0
SRR7146855,0,0,0,0,0,0,0,0,0,0,0,0,0,0,0,0,0,0,0,0,0,77,0,0,0,0,0,0,144,0,0,0,118,0,3590,0,0,0,0,0,0,0,0,0,0,0,0,0,15,0,0,0,0,0,0,0,355,0,0,0,0,0,0,0,0,0,0,0,0,0,41,0,0,0,0,10,0,0,0,0,0,0,0,0,0,0,0,0,0,0,0,0,0,0,0,0,0,0,0,0,0,0,0,0,0,0,0,0,0,0,64,0,0,0,0,21,0,0,0,0,0,0,0,0,23,0,0,0,0,0,0,0,0,0,0,0,0,0,0,0,0,0,0,0,0,0,0,0,0,0,0,0,0,14,0,0,0,21,0,0,0,0,149,0,0,0,0,0,0,0,57,0,0,0,0,0,0,0,0,0,0,0,0,0,0,0,0,0,0,0,13,0,274,0,0,0,0,0,10,0,0,0,0,0,0,4,0,0,0,0
SRR7146856,0,0,0,0,0,0,0,0,0,0,0,0,0,0,0,0,4,0,0,0,0,2,0,0,0,0,0,36,40,0,0,0,126,0,3997,0,0,0,0,0,0,0,0,0,0,0,0,0,0,0,0,0,0,0,0,0,64,0,0,48,0,0,0,0,0,0,0,0,0,0,2,0,0,0,0,2,3,0,0,0,0,0,0,0,0,0,0,0,0,0,0,0,0,0,0,0,0,0,0,0,0,0,0,0,0,0,0,0,0,0,192,0,0,51,0,46,0,0,0,0,0,2,0,0,218,0,0,0,0,0,3,0,0,0,0,0,0,0,0,0,0,0,0,0,0,0,0,0,0,0,0,0,0,14,0,0,0,0,6,0,0,0,48,0,2,0,0,0,0,0,10,0,0,0,0,0,0,0,0,0,0,0,0,0,0,0,0,0,0,0,0,0,76,8,0,0,0,0,0,0,0,0,0,0,0,0,0,0,0,0
SRR7146857,0,0,0,0,0,0,0,0,0,0,0,0,0,0,0,0,299,0,0,0,0,4,0,0,0,0,0,40,3338,0,0,0,21,0,85,0,0,0,0,0,0,0,0,0,0,0,0,0,0,0,0,0,0,0,0,0,126,0,0,110,10,0,0,0,0,0,0,0,0,0,0,0,0,0,0,0,2,0,0,0,0,0,0,0,0,0,0,0,0,0,0,0,0,0,0,0,0,0,0,0,0,0,0,0,0,0,0,0,2,6,411,0,0,0,0,0,0,0,0,0,0,4,0,0,6,0,0,0,9,0,1,0,0,0,0,0,0,0,3,0,0,0,0,0,0,0,0,0,0,0,0,0,0,264,0,0,17,0,0,0,0,0,0,0,0,0,0,0,0,0,0,186,0,0,0,0,0,0,0,0,0,0,0,0,0,0,0,0,0,0,2,0,45,0,0,0,0,0,5,0,0,0,0,0,0,4,0,0,0,0
SRR7146858,0,0,0,0,0,0,0,0,0,0,0,0,0,0,20,0,45,0,0,0,0,0,0,0,0,0,0,57,4005,0,0,0,0,0,0,0,0,0,0,0,0,0,0,0,0,0,0,0,0,0,0,0,0,0,0,0,1,0,0,220,56,0,0,0,0,0,0,0,0,0,0,0,0,0,0,2,0,0,0,0,0,0,0,0,0,0,0,0,0,0,0,0,0,0,0,0,0,0,0,0,0,0,0,0,0,0,0,0,0,0,104,0,0,65,0,3,0,0,0,0,0,0,0,0,214,0,0,0,3,0,0,0,0,0,0,0,0,0,0,0,0,0,0,0,0,0,0,0,13,0,0,0,0,17,0,0,0,0,0,0,0,0,170,0,0,0,0,0,0,0,0,4,0,0,0,0,0,0,0,0,0,0,0,0,0,0,0,0,0,0,0,0,0,0,0,0,0,0,0,0,0,0,0,0,0,1,0,0,0,0
SRR7146859,0,0,0,0,0,0,0,0,0,0,0,0,0,0,0,0,56,0,0,0,0,1,0,0,0,0,0,0,2631,0,0,0,8,0,990,0,0,0,0,0,0,0,0,0,0,0,0,0,0,0,0,0,0,0,0,0,25,0,0,0,34,0,0,0,1,0,0,0,0,0,0,0,0,0,0,1,0,0,0,0,0,0,0,0,0,0,0,0,0,0,0,0,0,0,0,0,0,0,0,0,0,0,0,0,0,0,0,0,0,0,257,0,0,18,0,29,0,0,0,0,0,0,0,0,265,0,0,0,12,0,0,0,0,0,0,0,0,0,0,0,0,0,0,0,0,0,0,0,19,0,0,0,0,0,0,0,0,0,0,0,0,0,372,0,0,0,0,0,0,0,3,278,0,0,0,0,0,0,0,0,0,0,0,0,0,0,0,0,0,0,0,0,0,0,0,0,0,0,0,0,0,0,0,0,0,0,0,0,0,0
SRR7146860,0,0,0,0,0,0,0,0,0,0,0,0,0,0,13,0,1424,0,0,0,0,0,0,0,0,0,0,20,110,0,0,0,19,0,2135,0,0,0,218,0,0,0,0,0,0,0,0,0,0,0,0,0,0,0,0,0,11,0,0,9,10,0,0,60,0,0,0,0,0,0,0,0,0,0,61,0,0,0,0,0,0,0,0,0,0,0,0,0,0,0,0,0,0,0,0,0,0,0,0,0,0,0,0,0,0,0,0,0,0,106,28,0,0,9,0,0,0,0,0,0,0,0,0,0,113,0,0,0,41,0,0,0,0,0,0,0,0,0,0,0,0,0,0,0,0,0,0,0,0,0,0,0,124,0,0,0,116,0,0,0,10,0,49,0,194,0,0,0,0,0,0,0,0,0,0,0,0,0,0,0,0,0,0,0,0,0,0,0,0,0,0,0,7,0,0,0,0,0,31,0,0,0,0,82,0,0,0,0,0,0
SRR7146861,0,0,0,0,0,0,0,0,0,0,0,0,2,0,3,0,11,0,0,0,0,9,0,0,0,0,0,25,3992,0,0,0,4,0,38,0,0,0,0,0,0,0,0,0,0,0,0,0,0,0,0,0,0,1,0,0,48,0,0,13,16,0,0,0,0,0,74,0,0,0,0,0,0,0,0,0,0,0,0,0,0,0,0,0,0,0,0,0,0,0,0,0,0,0,0,0,0,0,0,0,0,0,0,0,0,0,0,0,0,0,519,0,0,28,0,9,0,0,0,0,0,1,0,0,90,0,0,0,0,0,0,0,0,0,0,0,0,0,0,0,0,0,0,0,0,0,0,0,2,0,0,0,0,44,0,0,0,0,0,0,0,0,6,0,0,0,0,0,0,0,7,37,0,0,0,0,0,0,0,0,0,0,0,0,0,0,0,0,0,0,0,0,21,0,0,0,0,0,0,0,0,0,0,0,0,0,0,0,0,0
SRR7146862,0,0,0,0,0,0,0,0,0,0,0,0,0,0,0,0,10,0,0,0,0,0,0,0,0,0,0,6,2353,0,0,0,34,0,1495,0,0,0,0,0,0,0,0,0,0,0,0,0,0,0,0,0,0,0,0,0,3,0,0,883,12,0,0,0,0,0,0,0,0,0,0,0,0,0,0,0,0,0,0,0,0,0,0,0,0,0,0,0,0,0,0,0,0,0,0,0,0,0,0,0,0,0,0,0,0,0,0,0,0,0,6,0,0,78,0,8,0,0,0,0,0,0,0,0,0,0,0,0,0,0,0,0,0,0,0,0,0,0,0,0,0,0,0,0,0,0,0,0,1,0,0,0,0,0,0,0,0,0,0,0,0,0,40,0,0,0,0,0,0,0,0,70,0,0,0,0,0,0,0,0,0,0,0,0,0,0,0,0,0,0,0,0,1,0,0,0,0,0,0,0,0,0,0,0,0,0,0,0,0,0
SRR7146863,0,0,0,0,0,0,0,0,0,0,0,0,0,0,0,0,3,0,0,0,0,15,0,0,0,0,0,3,44,0,2,0,0,0,0,0,0,0,0,0,0,0,0,0,0,0,0,0,0,0,0,0,0,0,0,0,85,0,3,0,466,0,0,7,39,0,6,0,0,0,2,0,0,2,0,3,133,0,0,0,0,0,0,0,0,0,0,0,0,0,0,0,0,0,0,0,0,0,0,0,0,0,0,0,0,0,0,0,2,7,43,0,0,0,0,1261,0,0,0,0,0,9,0,0,270,0,0,0,0,0,0,0,0,0,0,0,0,0,0,0,0,0,0,0,0,0,0,0,1,0,0,0,0,680,0,0,0,0,0,0,0,0,1647,15,0,0,0,0,0,0,8,6,0,0,0,0,0,0,23,0,0,0,0,0,0,0,0,0,0,0,0,0,5,10,23,0,0,0,7,0,0,0,0,0,0,111,59,0,0,0
SRR7146865,0,0,0,0,0,0,0,0,0,0,0,0,0,0,24,0,15,0,0,0,0,3,0,0,0,0,0,10,1403,0,0,0,0,0,0,0,0,0,3,0,0,0,0,0,0,0,0,0,0,0,0,0,0,7,0,3,21,0,0,4,16,0,0,27,0,0,11,0,7,0,0,0,6,18,0,0,0,0,0,0,0,0,0,0,0,0,0,0,0,0,0,0,0,0,0,0,0,0,0,0,0,0,0,0,0,0,0,0,0,11,2589,0,0,302,0,0,0,0,6,0,0,0,0,0,16,0,0,0,0,0,0,0,0,0,0,0,0,0,0,0,0,0,0,0,0,0,0,0,0,0,0,0,3,8,0,0,0,0,2,0,0,0,379,13,1,0,0,0,0,0,0,8,0,0,0,0,0,0,7,0,0,0,0,0,0,0,0,0,0,0,0,0,10,0,23,0,0,0,0,0,0,0,0,0,0,4,40,0,0,0
SRR7146866,0,0,0,0,0,0,0,0,0,0,0,0,0,0,0,0,210,0,0,0,0,0,0,0,0,0,0,7,296,0,0,0,0,0,0,0,0,0,0,0,0,0,0,0,0,0,0,0,0,0,0,0,0,0,0,0,0,0,0,6,3606,0,0,13,0,0,248,0,0,0,0,0,0,0,0,0,0,0,0,0,0,0,0,0,0,0,0,0,0,0,0,0,0,0,0,0,0,0,0,0,0,0,0,0,0,0,0,0,0,0,14,0,0,54,0,1,0,0,0,0,0,0,27,0,1,0,0,0,0,0,0,0,0,0,0,0,0,0,205,0,0,0,0,0,0,0,0,0,0,0,0,0,0,0,0,0,0,0,0,0,1,0,49,0,11,0,0,0,0,0,0,251,0,0,0,0,0,0,0,0,0,0,0,0,0,0,0,0,0,0,0,0,0,0,0,0,0,0,0,0,0,0,0,0,0,0,0,0,0,0
SRR7146868,0,0,0,0,0,0,0,0,0,0,0,0,0,0,0,0,0,0,0,0,0,1,0,0,0,0,0,30,3251,0,53,0,0,0,0,0,0,0,0,0,0,0,0,0,0,0,0,0,0,0,0,0,0,0,0,0,10,0,0,0,951,0,1,1,2,0,0,0,2,0,0,0,123,2,0,0,5,0,0,0,0,0,0,0,0,0,0,0,0,0,0,0,0,0,0,0,0,0,0,0,0,0,0,0,0,0,0,0,0,0,4,0,0,2,0,8,0,0,0,0,0,0,0,0,3,0,0,0,0,0,0,0,0,0,0,0,0,0,0,0,0,0,0,0,4,0,0,0,0,0,0,0,0,3,0,0,0,0,6,0,0,0,23,0,0,0,0,0,0,0,4,464,0,0,0,0,0,0,6,0,0,0,0,0,0,0,0,0,0,0,0,0,2,0,14,0,0,0,0,0,0,0,0,0,0,2,23,0,0,0
SRR7146869,0,0,0,0,0,0,0,0,0,0,0,0,0,0,3,0,46,0,0,0,0,15,0,0,0,0,0,243,2660,0,0,0,3,0,27,0,0,0,0,0,0,0,0,0,0,0,0,0,0,0,0,0,0,0,0,0,169,0,0,15,231,0,20,3,6,0,0,0,23,0,0,0,40,9,9,0,0,0,0,0,0,0,0,0,0,0,0,0,0,0,0,0,0,0,0,0,0,0,0,0,0,0,0,0,0,0,0,0,0,4,90,0,0,160,0,54,0,0,0,0,0,0,16,0,67,0,0,0,0,0,0,0,0,0,0,0,0,0,0,0,0,0,0,0,0,0,0,0,0,0,0,0,1,21,0,7,0,0,0,0,0,0,421,15,8,0,0,0,0,0,9,334,0,0,0,0,0,0,17,0,0,0,4,0,0,0,0,0,0,0,0,0,0,17,37,0,0,0,0,0,0,0,0,0,0,4,186,0,0,0
SRR7146871,0,0,0,0,0,0,0,0,0,0,0,0,35,0,0,0,158,0,0,0,0,6,0,0,0,0,0,45,147,0,0,0,0,0,0,0,0,26,0,0,0,0,0,0,0,0,0,0,0,0,0,0,0,0,0,34,31,0,0,0,0,0,0,1491,15,0,0,0,0,0,0,0,1889,0,35,6,0,0,0,0,0,0,0,0,0,0,0,0,0,0,0,0,0,0,0,0,0,0,0,0,0,0,0,0,0,0,0,0,0,132,66,0,0,0,0,408,0,0,0,0,0,0,0,0,20,0,0,0,11,0,0,0,0,0,0,0,0,0,24,0,0,0,0,0,0,0,0,0,0,0,0,0,0,0,0,0,62,22,0,0,0,0,300,0,0,0,0,0,0,0,6,0,0,0,0,0,0,0,0,0,0,0,0,0,0,0,0,0,0,0,0,0,0,1,10,0,0,0,20,0,0,0,0,0,0,0,0,0,0,0
SRR7146872,0,0,0,0,0,0,0,0,0,0,0,0,0,0,0,0,0,0,0,0,0,2,0,0,0,0,0,0,3637,0,0,0,0,0,106,0,0,6,0,0,0,0,0,0,0,0,0,0,0,0,0,0,0,0,0,0,4,0,0,160,1,0,28,0,0,0,0,0,63,0,0,0,46,0,0,0,0,0,0,0,0,0,0,0,0,0,0,0,0,0,0,0,0,0,0,0,0,0,0,0,0,0,0,0,0,0,0,0,0,0,25,0,0,0,0,0,0,0,0,0,0,0,0,0,0,0,0,0,0,0,1,0,0,0,0,0,0,0,0,0,0,0,0,0,0,0,0,0,0,0,0,0,0,0,0,0,0,0,0,0,0,0,24,158,0,0,0,0,0,0,0,0,0,0,0,0,0,0,169,0,0,0,9,0,0,0,0,0,0,0,0,0,6,0,237,0,0,0,0,0,0,0,0,0,0,0,318,0,0,0
SRR7146874,0,0,0,0,0,0,0,0,0,0,0,0,1,0,0,0,3,0,0,0,0,0,0,0,0,0,0,16,3387,0,10,0,0,0,0,0,0,0,0,0,0,0,0,0,0,0,0,0,0,0,0,0,0,0,0,0,9,0,0,0,881,0,0,2,0,0,8,0,0,0,0,0,15,0,0,0,0,0,0,0,0,0,0,0,0,0,0,0,0,0,0,0,0,0,0,0,0,0,0,0,0,0,0,0,0,0,0,0,0,0,104,0,0,0,0,8,0,0,0,0,0,0,10,0,0,0,0,0,0,0,0,0,0,0,0,0,0,0,0,0,0,0,0,0,0,0,0,0,0,0,0,0,0,9,0,0,0,2,0,0,0,0,0,0,0,0,0,0,0,0,2,529,0,0,0,0,0,0,0,0,0,0,0,0,0,0,0,0,0,0,0,0,0,0,0,0,0,0,0,0,0,0,0,0,0,4,0,0,0,0
SRR7146875,0,0,0,0,0,0,0,0,0,0,0,0,0,0,0,0,0,0,0,0,0,27,0,0,0,0,0,38,378,0,0,0,1818,0,1332,0,0,0,0,0,0,0,0,0,0,0,0,0,0,0,0,0,0,0,0,0,409,0,0,0,23,0,0,0,7,0,0,0,6,0,8,0,0,0,0,14,142,0,0,0,0,0,0,0,0,0,0,0,0,0,0,0,0,0,0,0,0,0,0,0,0,0,0,0,0,0,0,0,4,0,173,0,0,8,0,0,305,0,45,0,0,6,4,0,8,0,0,0,0,0,12,0,0,0,0,0,0,0,0,0,0,0,0,0,0,0,0,0,0,0,0,0,0,0,0,11,0,45,14,0,0,0,9,4,0,0,0,0,0,0,28,0,0,0,0,0,0,0,0,0,0,0,2,0,0,0,0,0,0,0,1,0,28,3,32,0,0,0,2,0,5,0,0,5,0,33,11,0,0,0
SRR7146877,0,0,0,0,0,0,0,0,0,0,0,0,0,0,0,0,42,0,0,0,0,0,0,0,0,0,0,779,1932,0,0,0,30,0,345,0,0,0,0,0,0,0,0,0,0,0,0,0,0,0,0,0,0,0,0,9,138,0,0,99,58,0,12,6,0,0,0,0,31,0,0,0,23,56,1,2,0,0,0,0,0,0,0,0,0,0,0,0,0,0,0,0,0,0,0,0,0,0,0,0,0,0,0,0,0,0,0,0,0,21,183,0,0,21,0,244,0,0,8,0,0,11,11,0,42,0,0,0,14,0,0,0,0,0,0,0,0,0,0,0,0,0,0,0,0,0,0,0,10,0,0,0,4,146,0,0,0,0,0,0,0,0,127,27,22,0,0,0,0,0,3,0,0,0,0,0,0,0,83,0,0,0,0,0,0,0,0,0,0,0,0,0,11,2,190,0,0,0,6,0,0,0,0,0,0,10,241,0,0,0
SRR7146878,0,0,0,0,0,0,0,0,0,0,0,0,0,0,0,0,174,0,0,0,0,76,0,0,0,0,0,133,1390,0,143,0,0,0,14,0,0,0,0,0,0,0,0,0,0,0,0,0,0,0,0,0,0,0,0,0,1418,0,175,0,37,0,4,245,0,0,51,0,0,0,23,0,0,0,0,0,0,0,0,0,0,0,0,0,0,0,0,0,0,0,0,0,0,0,0,0,0,0,0,0,0,0,0,0,0,0,0,0,9,129,36,0,0,0,0,0,0,0,94,0,0,0,0,0,11,0,0,0,15,0,0,0,0,0,0,0,0,0,317,0,0,11,0,0,0,0,0,0,0,0,0,0,0,0,0,23,0,0,0,0,7,0,201,0,10,0,0,0,0,0,53,7,0,0,0,0,0,0,0,0,0,0,0,0,0,0,0,0,0,0,28,0,7,34,27,0,0,0,46,0,0,0,0,17,0,0,4,0,0,0
SRR7146880,0,0,0,0,0,0,0,0,0,0,0,0,0,0,44,0,19,0,0,0,0,8,0,0,0,0,0,40,1128,0,0,0,0,0,0,0,0,0,0,0,0,0,0,0,0,0,0,0,0,0,0,0,0,0,0,0,144,0,0,10,1017,0,5,0,41,0,0,0,104,0,0,0,93,59,802,0,0,0,0,0,0,0,0,0,0,0,0,0,0,0,0,0,0,0,0,0,0,0,0,0,0,0,0,0,0,0,0,0,0,0,198,0,0,105,0,52,71,0,3,0,0,5,0,0,152,0,0,0,56,0,0,0,0,0,0,0,0,0,0,0,0,0,0,0,0,0,0,0,360,0,0,0,0,27,0,0,0,0,0,0,0,0,154,0,0,0,0,0,0,0,5,88,0,0,0,0,0,0,27,0,0,0,0,0,0,0,0,0,0,0,0,0,0,3,48,0,0,0,0,0,0,0,0,0,0,7,125,0,0,0
SRR7146881,0,0,0,0,0,0,0,0,0,0,0,0,0,0,0,0,83,0,0,0,0,22,0,0,0,0,0,9,63,0,0,0,0,0,0,0,0,0,0,0,0,0,0,0,0,0,0,0,0,0,0,0,0,0,0,0,265,0,286,0,0,0,18,11,0,0,0,0,258,0,5,0,40,22,0,0,0,0,0,0,0,0,0,0,0,0,0,0,0,0,0,0,0,0,0,0,0,0,0,0,0,0,0,0,0,0,0,0,0,875,369,0,0,0,0,0,10,0,0,0,0,11,0,0,0,0,0,0,0,0,0,0,0,0,0,0,0,0,0,0,0,0,0,0,0,0,0,0,0,0,0,0,0,0,0,0,24,0,0,0,0,0,13,42,4,0,0,0,0,0,19,0,0,0,0,0,0,0,66,0,0,0,8,0,0,0,0,0,0,0,8,0,55,19,130,0,0,0,2088,0,0,0,0,26,0,0,151,0,0,0
SRR7146882,0,0,0,0,0,0,0,0,0,0,0,0,5,0,0,0,16,0,0,0,0,6,0,0,0,0,0,0,215,0,0,0,0,0,0,0,0,0,0,0,0,0,0,0,0,0,0,0,0,0,0,0,0,0,0,0,74,0,0,0,0,0,91,0,0,0,0,0,196,0,0,0,341,110,0,0,0,0,0,0,0,0,0,0,0,0,0,0,0,0,0,0,0,0,0,0,0,0,0,0,0,0,0,0,0,0,0,0,0,0,1037,0,0,0,0,62,0,0,0,0,0,13,0,0,0,0,0,0,0,0,0,0,0,0,0,0,0,0,0,0,0,0,0,0,0,0,0,0,0,0,0,0,0,0,0,0,0,0,0,0,0,0,19,537,0,0,0,0,0,0,12,0,0,0,0,0,0,0,226,0,0,0,2,0,0,0,0,0,0,0,5,0,10,0,438,0,0,0,0,0,0,0,0,0,0,5,1580,0,0,0
SRR7146883,0,0,0,0,0,0,0,0,0,0,0,0,0,0,0,0,21,0,0,0,0,4,0,0,0,0,0,0,22,0,0,0,0,0,0,0,0,0,0,0,0,0,0,0,0,0,0,0,0,0,0,0,0,0,0,0,146,0,0,0,0,0,11,5,0,0,0,0,52,0,7,0,12,56,0,0,0,0,0,0,0,0,0,0,0,0,0,0,0,0,0,0,0,0,0,0,0,0,0,0,0,0,0,0,0,0,0,0,0,5,4090,0,0,16,0,0,27,0,2,0,0,2,0,0,0,0,0,0,0,0,8,0,0,0,0,0,0,0,7,0,0,0,0,0,0,0,0,0,0,0,0,0,0,0,0,0,0,0,0,0,0,0,40,61,0,0,0,0,0,0,20,0,0,0,0,0,0,0,115,0,0,0,0,0,0,0,0,0,0,0,1,0,60,3,89,0,0,0,5,0,2,0,0,0,0,0,111,0,0,0
SRR7146884,0,0,0,0,0,0,0,0,0,0,0,0,0,0,0,0,1,0,0,0,0,269,0,0,0,0,0,0,73,0,0,0,0,0,0,0,0,0,0,0,0,0,0,0,0,0,0,0,0,0,0,0,0,0,0,0,602,0,0,0,0,0,35,0,0,0,0,0,145,0,6,0,108,60,26,0,0,0,0,0,0,0,0,0,0,0,0,0,0,0,0,0,0,0,0,0,0,0,0,0,0,0,0,0,0,0,0,0,0,0,186,0,0,206,0,0,0,0,0,0,0,20,0,0,39,0,0,0,0,0,0,0,0,0,0,0,0,0,0,0,0,0,0,0,20,0,0,0,0,0,0,0,0,0,0,0,0,0,0,0,0,0,226,382,0,0,0,0,0,0,79,0,0,0,0,0,0,0,405,0,0,0,13,0,0,0,0,0,0,0,0,0,451,197,1012,0,0,0,0,0,5,0,0,0,0,0,434,0,0,0
SRR7146886,0,0,0,0,0,0,0,0,0,0,0,0,68,0,0,0,7,0,0,0,0,5,0,0,0,0,0,139,3034,0,46,0,0,0,0,0,0,0,0,0,0,0,0,0,0,0,0,0,0,8,0,0,0,0,0,0,84,0,0,0,17,0,12,0,0,0,0,0,45,0,0,0,14,37,0,0,0,0,0,0,0,0,0,0,0,0,0,0,0,0,0,0,0,0,0,0,0,0,0,0,0,0,0,0,0,0,0,0,0,0,103,0,0,37,0,0,0,0,0,0,0,0,7,0,117,0,0,0,0,0,0,0,0,0,0,0,0,0,0,0,0,0,0,0,5,0,0,0,0,0,0,0,0,267,0,4,0,0,0,0,0,0,18,0,0,0,0,0,0,0,38,0,0,0,0,0,0,0,178,0,0,0,9,0,0,0,0,0,0,0,0,0,20,26,186,0,0,0,0,0,0,0,0,0,0,0,469,0,0,0
SRR7146887,0,0,0,0,0,0,0,0,0,0,0,0,0,0,0,0,0,0,0,0,0,22,0,0,0,0,0,0,86,0,0,0,0,0,0,0,0,0,0,0,0,0,0,0,0,0,0,0,9,20,0,0,0,35,0,0,492,0,31,0,0,0,32,26,0,0,0,0,198,0,44,0,195,272,0,0,0,0,0,0,0,0,0,0,0,0,0,0,0,0,0,0,0,0,0,0,0,0,0,0,0,0,0,0,0,0,0,0,0,13,11,0,0,0,0,0,0,0,0,0,0,0,0,0,17,0,0,0,21,0,0,0,0,0,0,0,0,0,0,0,0,11,0,0,0,0,0,0,0,0,0,0,0,0,0,0,0,0,0,0,0,0,129,283,0,0,0,0,0,0,78,0,0,0,0,0,0,0,290,0,0,0,24,0,0,0,0,0,0,0,0,0,64,22,1991,0,0,0,0,0,0,0,0,0,0,0,584,0,0,0
SRR7146888,0,0,0,0,0,0,0,0,0,0,0,0,183,0,0,0,0,0,0,0,0,120,0,0,0,0,0,0,128,0,0,0,0,0,0,0,0,0,0,0,0,0,0,0,0,0,0,0,0,0,0,0,0,11,0,0,2258,0,0,0,0,0,0,85,0,0,0,0,19,0,43,0,0,0,0,0,0,0,0,0,0,0,0,0,0,0,0,0,0,0,0,0,0,0,0,0,0,0,0,0,0,0,0,0,0,0,0,0,27,45,637,0,0,0,0,0,0,0,27,0,0,0,0,0,263,0,0,0,0,0,19,0,0,0,0,0,0,0,0,0,0,38,0,0,0,0,0,0,0,0,0,0,0,0,0,19,0,21,0,0,12,0,735,0,0,0,0,0,0,0,119,0,0,0,0,0,0,0,0,0,0,0,0,0,0,0,0,0,0,0,16,0,57,50,0,0,0,0,64,0,0,0,0,0,0,0,0,0,0,0
